{
"type": "FeatureCollection",
"name": "ANP",
"crs": { "type": "name", "properties": { "name": "urn:ogc:def:crs:OGC:1.3:CRS84" } },
"features": [
{ "type": "Feature", "properties": { "Nombre": "Bosque El Hiloche", "Jurisdiccion": "Estatal", "Area_h": 99.1902 }, "geometry": { "type": "MultiPolygon", "coordinates": [ [ [ [ -98.673151046210947, 20.143672382831763 ], [ -98.673162297743033, 20.143655306783593 ], [ -98.673984601128851, 20.143942130404053 ], [ -98.673979628945048, 20.144278983003122 ], [ -98.673899181132995, 20.144221228676926 ], [ -98.673790656769299, 20.144166763997447 ], [ -98.673652551124064, 20.144110352226175 ], [ -98.673577131571108, 20.144067856946013 ], [ -98.6735336001409, 20.144030623906946 ], [ -98.673494482561082, 20.143990194720356 ], [ -98.67344720202064, 20.143935595732092 ], [ -98.673416262699419, 20.143890036345354 ], [ -98.673383708912255, 20.143847844547793 ], [ -98.673341381363073, 20.143808734116448 ], [ -98.673290879401748, 20.143765574653621 ], [ -98.673151046210947, 20.143672382831763 ] ] ], [ [ [ -98.674423719614268, 20.14450381195936 ], [ -98.67481545492997, 20.144229446734336 ], [ -98.676053093104869, 20.144652253505694 ], [ -98.677274079851472, 20.145080430342439 ], [ -98.677410196081553, 20.145143099704118 ], [ -98.677766029004275, 20.145356766739233 ], [ -98.677832914571894, 20.145533988649216 ], [ -98.677917720786255, 20.145648342518221 ], [ -98.678018562386384, 20.145751289151814 ], [ -98.678084937284524, 20.145845467047426 ], [ -98.678098832762103, 20.145896772372733 ], [ -98.677994298535197, 20.145968896247005 ], [ -98.67782913073215, 20.145987762315386 ], [ -98.677165177814047, 20.145691317547875 ], [ -98.676951322941349, 20.14553196927324 ], [ -98.676319799283917, 20.145458401085008 ], [ -98.676109750789536, 20.145390574323709 ], [ -98.675536757728267, 20.145096746787289 ], [ -98.67519058081767, 20.144992446529688 ], [ -98.674997908060007, 20.144908760833399 ], [ -98.674928273983852, 20.144835180641874 ], [ -98.674682778759262, 20.144554359599312 ], [ -98.674423719614268, 20.14450381195936 ] ] ], [ [ [ -98.678638296206444, 20.146259742295939 ], [ -98.678560320742591, 20.146152084580162 ], [ -98.678487288226506, 20.146041739381154 ], [ -98.678414727377955, 20.145930070272168 ], [ -98.678372143885142, 20.145868329734668 ], [ -98.678326754274053, 20.145806918410511 ], [ -98.678257058252484, 20.145721508911723 ], [ -98.678176949282701, 20.145630795857457 ], [ -98.678098215030971, 20.145549132552979 ], [ -98.67802458227915, 20.145477042695841 ], [ -98.67795603784721, 20.145417211895396 ], [ -98.677840395420333, 20.145327626532513 ], [ -98.677753612174158, 20.145268524971929 ], [ -98.677682714106183, 20.1452226835763 ], [ -98.677605238997316, 20.145174849329955 ], [ -98.67751723532993, 20.145125839112932 ], [ -98.677442065872356, 20.145086608083282 ], [ -98.677361362430872, 20.145049998294688 ], [ -98.677269303066879, 20.145011598332083 ], [ -98.677164096702228, 20.144972281429109 ], [ -98.677049534529587, 20.144931964148416 ], [ -98.676824206204131, 20.144857352784264 ], [ -98.67657438862777, 20.144775338712435 ], [ -98.676336049431384, 20.144695253872563 ], [ -98.676034519600776, 20.144597163997684 ], [ -98.676175392364996, 20.144381258955868 ], [ -98.67625010688154, 20.144490503945164 ], [ -98.676334574506342, 20.144415382082411 ], [ -98.676432691787753, 20.144326575177132 ], [ -98.676250912719368, 20.144151429649842 ], [ -98.676101748901232, 20.144220372705803 ], [ -98.675762649649528, 20.143970789833826 ], [ -98.675837029846107, 20.143886591520513 ], [ -98.675704123994805, 20.143769495022873 ], [ -98.676201263023302, 20.143433319882686 ], [ -98.676225671778937, 20.14322717507266 ], [ -98.676279192231519, 20.143259190102079 ], [ -98.676393805026436, 20.143237071648851 ], [ -98.676392614434363, 20.143148011815718 ], [ -98.676441887826812, 20.143042800781856 ], [ -98.676634760759796, 20.143207964962237 ], [ -98.677560610355286, 20.142253930872108 ], [ -98.677881792777143, 20.142354360149948 ], [ -98.677652599304992, 20.142751289169968 ], [ -98.677536033094071, 20.142757600153573 ], [ -98.677291832633443, 20.143183650921888 ], [ -98.676991561396292, 20.144784878513761 ], [ -98.677652497647117, 20.144884701935766 ], [ -98.678453302968663, 20.143228029021621 ], [ -98.678492633035333, 20.142929462958655 ], [ -98.678409040793198, 20.142913435181242 ], [ -98.678386632179112, 20.141742659232065 ], [ -98.678332789959896, 20.141782798370876 ], [ -98.678025947865734, 20.141889455167433 ], [ -98.677897501372968, 20.141612445254438 ], [ -98.678149300322886, 20.141491117782177 ], [ -98.678685258894149, 20.14164421900842 ], [ -98.678928923494368, 20.141512055353385 ], [ -98.679057347324459, 20.141667031060368 ], [ -98.679367025644993, 20.141236155737293 ], [ -98.679188040735539, 20.141085364232509 ], [ -98.679283277366608, 20.140918162952303 ], [ -98.679147889261159, 20.140787077899031 ], [ -98.679179875545671, 20.140744952255965 ], [ -98.679160802708651, 20.140731657459511 ], [ -98.679239312129667, 20.140655381076233 ], [ -98.67926103798122, 20.140643944354114 ], [ -98.679336623898394, 20.140754931896058 ], [ -98.679478528819473, 20.140666098075616 ], [ -98.679358170987413, 20.140445635830545 ], [ -98.679362624281708, 20.140431431427896 ], [ -98.679556817902608, 20.140313947781401 ], [ -98.679719093894718, 20.140239632597964 ], [ -98.679861199279756, 20.140187329520138 ], [ -98.680669723316527, 20.139935277675523 ], [ -98.680719094688428, 20.13990520171162 ], [ -98.680855643565621, 20.139858864453302 ], [ -98.680893756907594, 20.139841102785095 ], [ -98.680921108711019, 20.13973723328305 ], [ -98.681168282683302, 20.139857476784936 ], [ -98.681452812881673, 20.139977733265688 ], [ -98.681581509232515, 20.140025284297813 ], [ -98.681751141353018, 20.140120379398574 ], [ -98.681954222615474, 20.140223671128702 ], [ -98.682126101638659, 20.139970675475912 ], [ -98.682228952434073, 20.139811129294184 ], [ -98.68235010377137, 20.139758175536681 ], [ -98.683269250177545, 20.140817295980156 ], [ -98.683414875307363, 20.140841345228839 ], [ -98.683544415924231, 20.140841859884343 ], [ -98.683585696106135, 20.140832736736517 ], [ -98.683913796160965, 20.140632199831888 ], [ -98.684295339858465, 20.140387548194976 ], [ -98.684264123435057, 20.140552967538135 ], [ -98.684294492146506, 20.140661874905728 ], [ -98.684416768899482, 20.141072886877208 ], [ -98.68446392403817, 20.141114238944361 ], [ -98.684921430517889, 20.141554544924219 ], [ -98.684594060356872, 20.142045136579441 ], [ -98.684455744113166, 20.142279321212619 ], [ -98.68436252369527, 20.142520662056384 ], [ -98.684325231926309, 20.142652290471627 ], [ -98.684293564688701, 20.142786601933739 ], [ -98.68427615947904, 20.142919223831644 ], [ -98.684266024729396, 20.143023984962468 ], [ -98.684260853988874, 20.14315732639383 ], [ -98.684264638896124, 20.143287958484308 ], [ -98.684275102174738, 20.143382565232859 ], [ -98.684301553868792, 20.143547798695487 ], [ -98.684374008088142, 20.143799853521127 ], [ -98.684422861779936, 20.143928699413689 ], [ -98.684477308531314, 20.144041689135054 ], [ -98.684538170743267, 20.144162888182187 ], [ -98.684679549124695, 20.144390886589694 ], [ -98.684724189514029, 20.144463368218492 ], [ -98.684755178129279, 20.144515628972432 ], [ -98.684812484313781, 20.144615285925838 ], [ -98.684867642131053, 20.144729896125288 ], [ -98.684889992885161, 20.144801990836843 ], [ -98.684898866665648, 20.144863046024234 ], [ -98.684900304241893, 20.144989755685359 ], [ -98.68487693854803, 20.145115492030936 ], [ -98.684823087509628, 20.145231804853928 ], [ -98.68474462528755, 20.145336237692131 ], [ -98.684627321487866, 20.145432679619898 ], [ -98.68449882707263, 20.145497273294531 ], [ -98.684386976475992, 20.145534928360238 ], [ -98.684252881052458, 20.145569727729839 ], [ -98.684110164546027, 20.145604444667264 ], [ -98.683973023369944, 20.145635909337972 ], [ -98.683839954731795, 20.145665348012976 ], [ -98.683713657175574, 20.145689796174779 ], [ -98.683592402097645, 20.145702876432878 ], [ -98.683448250258337, 20.145705201866885 ], [ -98.683313387725008, 20.145696018816047 ], [ -98.683048118435366, 20.145654566913304 ], [ -98.682913970404798, 20.145629903625402 ], [ -98.682794127292425, 20.145608076326472 ], [ -98.682670430726276, 20.14559443443498 ], [ -98.682560288862803, 20.145594057065615 ], [ -98.682383430754143, 20.145617872772888 ], [ -98.682301993763872, 20.145639518179351 ], [ -98.682216959997476, 20.145671080869771 ], [ -98.681989686529661, 20.145795534336646 ], [ -98.681874081793438, 20.145874117864611 ], [ -98.681761040043099, 20.145949541386432 ], [ -98.681649804462992, 20.146019423343304 ], [ -98.68153369724098, 20.146080446139273 ], [ -98.681428016005853, 20.146119644850241 ], [ -98.681329579152703, 20.146143216346836 ], [ -98.681270215724979, 20.146152873711195 ], [ -98.681143053827114, 20.146162478827307 ], [ -98.681026491269705, 20.146161084020552 ], [ -98.680893340438786, 20.146159848851763 ], [ -98.680796917200894, 20.146159625351494 ], [ -98.680731552661584, 20.146159723765695 ], [ -98.680614313353217, 20.146165520458919 ], [ -98.68048007011339, 20.146182010667637 ], [ -98.68035505348702, 20.146213210753633 ], [ -98.680267177463847, 20.146240874440405 ], [ -98.680222480340518, 20.146256272709866 ], [ -98.680142277939808, 20.146286890718635 ], [ -98.680078939657022, 20.146313451238598 ], [ -98.67994441638119, 20.146373376842675 ], [ -98.679817050540692, 20.14643316173327 ], [ -98.679688949070382, 20.146493275925891 ], [ -98.679555046945154, 20.146545004507903 ], [ -98.679435256788153, 20.146572156085028 ], [ -98.67931153600837, 20.146583287870307 ], [ -98.679188020437309, 20.146577326631512 ], [ -98.679089334217963, 20.146558728817475 ], [ -98.678998089030898, 20.146530508060003 ], [ -98.678934251037816, 20.146501795027412 ], [ -98.678860675548634, 20.146460266827599 ], [ -98.678803336653417, 20.146423076774433 ], [ -98.67873097537138, 20.146364289346831 ], [ -98.678679152227204, 20.146310999166431 ], [ -98.678638296206444, 20.146259742295939 ] ], [ [ -98.680327384077088, 20.142408189721191 ], [ -98.680398410712201, 20.142336957857722 ], [ -98.6806100868599, 20.142399449149078 ], [ -98.680661143059339, 20.14240420450173 ], [ -98.680815093655795, 20.142325550224118 ], [ -98.681060710185605, 20.142175131751227 ], [ -98.681130912990909, 20.142099443131197 ], [ -98.681148959964531, 20.142079966128957 ], [ -98.681175958798079, 20.142038890170287 ], [ -98.681262287645765, 20.142018000515417 ], [ -98.681488975867424, 20.141646416550692 ], [ -98.681469019803501, 20.141564564576104 ], [ -98.681229916791494, 20.141414976705992 ], [ -98.680290152125096, 20.141863550432415 ], [ -98.680097532952459, 20.142127227349125 ], [ -98.680129390028114, 20.142331906224566 ], [ -98.680327384077088, 20.142408189721191 ] ] ], [ [ [ -98.679360634075152, 20.150031616806789 ], [ -98.679180457050336, 20.149922761211101 ], [ -98.678217459378558, 20.149755041410504 ], [ -98.677778367421055, 20.149854289934083 ], [ -98.67749863569459, 20.149961320432293 ], [ -98.677391381378499, 20.150202812228109 ], [ -98.677395087722331, 20.150303728773839 ], [ -98.677185918914162, 20.150636961263835 ], [ -98.676637631939684, 20.150746778129822 ], [ -98.676524269245078, 20.150687056063902 ], [ -98.675759361443809, 20.150301962944624 ], [ -98.675640533969258, 20.150233790234022 ], [ -98.675558086611858, 20.150175046200644 ], [ -98.675486635490202, 20.150115482003176 ], [ -98.675437162535857, 20.150051900926247 ], [ -98.675384350154729, 20.149955900028324 ], [ -98.675351741951516, 20.149862331010286 ], [ -98.675335694130197, 20.149742487483529 ], [ -98.675337197950995, 20.149626010749564 ], [ -98.675408797207155, 20.149197011961494 ], [ -98.67543650343579, 20.149027928258757 ], [ -98.675446643483454, 20.148908846864462 ], [ -98.675428180929245, 20.148790670622525 ], [ -98.675396420480553, 20.148685175084097 ], [ -98.675467447667131, 20.148625403507744 ], [ -98.675518545657738, 20.148559866094359 ], [ -98.67555696795543, 20.148372521410224 ], [ -98.675513372790547, 20.148307902949966 ], [ -98.675436700642038, 20.148325816460495 ], [ -98.675271405915709, 20.148333463847219 ], [ -98.675230199845899, 20.148344439421116 ], [ -98.674969885907529, 20.147849314348914 ], [ -98.674906821459686, 20.147718793304016 ], [ -98.674858191009591, 20.147586112065646 ], [ -98.674829276863278, 20.147501884382365 ], [ -98.674798662680061, 20.147393029294289 ], [ -98.674771968829447, 20.147276292638633 ], [ -98.674750895068826, 20.147157957871649 ], [ -98.674688428900481, 20.146720253566695 ], [ -98.674659294111834, 20.146557869387841 ], [ -98.674634096115923, 20.146421237253968 ], [ -98.674603499383053, 20.146313358089163 ], [ -98.674567659333718, 20.146219249782668 ], [ -98.674511463313863, 20.146099277747137 ], [ -98.674443711558155, 20.145982519377458 ], [ -98.674384899869608, 20.145887392641352 ], [ -98.674103003171496, 20.145481343583306 ], [ -98.674018106077753, 20.145387279943208 ], [ -98.674246996699878, 20.145417767560581 ], [ -98.674295593776847, 20.145395212133828 ], [ -98.674370285961402, 20.14540402519188 ], [ -98.674524804306941, 20.145456062379981 ], [ -98.674644474473837, 20.145489600759742 ], [ -98.67472787249018, 20.145540747338057 ], [ -98.675436402093695, 20.145700733909212 ], [ -98.675334657541939, 20.145739240399433 ], [ -98.675214123991992, 20.145803809392273 ], [ -98.675155993341576, 20.145976081099366 ], [ -98.675147019549655, 20.146054048921176 ], [ -98.675059745144566, 20.146160553940174 ], [ -98.674994039970926, 20.146252242824698 ], [ -98.67500512413713, 20.146361396207631 ], [ -98.675081771662079, 20.146493740536489 ], [ -98.675121933228141, 20.146501784742096 ], [ -98.675221145373996, 20.146489741410818 ], [ -98.675259443139453, 20.146524566119027 ], [ -98.675344740815888, 20.146573610422877 ], [ -98.675523645386718, 20.146609742395878 ], [ -98.675598495060015, 20.146607476569795 ], [ -98.675617610189519, 20.147021253627276 ], [ -98.675709788541937, 20.14712567661531 ], [ -98.675773265832802, 20.147107377231684 ], [ -98.675812134380465, 20.14706048646163 ], [ -98.675851142310279, 20.147038780461372 ], [ -98.675922400628039, 20.146843327149057 ], [ -98.675950147127409, 20.146700620715063 ], [ -98.676049338497876, 20.146573398573061 ], [ -98.676127514994874, 20.146665415690698 ], [ -98.676201831270518, 20.146703758333853 ], [ -98.676371963852091, 20.14659957374478 ], [ -98.676402803174796, 20.146576361600214 ], [ -98.676462916580903, 20.1465837373119 ], [ -98.676596418279885, 20.146578280484572 ], [ -98.676669546716582, 20.146621961279781 ], [ -98.67673900630399, 20.146639754981777 ], [ -98.67689191767856, 20.146697163835601 ], [ -98.676949514025438, 20.146718794248514 ], [ -98.677041383855737, 20.146750228755394 ], [ -98.677143168054201, 20.146771705170256 ], [ -98.677530337493266, 20.14677277584601 ], [ -98.67767338186934, 20.146775323876444 ], [ -98.677572169609363, 20.14693202911096 ], [ -98.677689820941339, 20.147022346657948 ], [ -98.677780485172974, 20.147072583383586 ], [ -98.677858166307146, 20.14698216238277 ], [ -98.678025973019032, 20.147018009471616 ], [ -98.678514879064579, 20.147068982358377 ], [ -98.678759392537557, 20.147130478574027 ], [ -98.678749788804112, 20.147330166137472 ], [ -98.679099370360319, 20.147356602370596 ], [ -98.679310197951025, 20.147415949038777 ], [ -98.679419514292974, 20.14739477687651 ], [ -98.679461435073165, 20.147694483083079 ], [ -98.679493085847966, 20.147878432005349 ], [ -98.679617161115388, 20.147911676845425 ], [ -98.679831618179605, 20.147923082206873 ], [ -98.680106073091963, 20.147660656931794 ], [ -98.680028163403094, 20.147563093673963 ], [ -98.680050558274601, 20.147481074538604 ], [ -98.679830612019089, 20.147336941433117 ], [ -98.679763807431854, 20.147241503731962 ], [ -98.679733982809651, 20.147105098819928 ], [ -98.679954382302554, 20.14696549800809 ], [ -98.679762831011601, 20.146791090149822 ], [ -98.679605185852679, 20.146830337856141 ], [ -98.679412903048586, 20.146691134221534 ], [ -98.679403716130025, 20.146654176575542 ], [ -98.679511915180129, 20.146631646849663 ], [ -98.679571503760272, 20.146614947497788 ], [ -98.6796403883951, 20.146591090107119 ], [ -98.680109467022689, 20.146374544154774 ], [ -98.680326329061316, 20.146289281521611 ], [ -98.680546138377792, 20.146241461897105 ], [ -98.680669521541134, 20.146228673153768 ], [ -98.681019685622275, 20.146226379794332 ], [ -98.68114242487313, 20.146224388088793 ], [ -98.681234080235654, 20.146220333962042 ], [ -98.681332902303012, 20.146206894863859 ], [ -98.681409448976851, 20.146188689369446 ], [ -98.681481028861484, 20.146166119300354 ], [ -98.681562234971238, 20.146133942804141 ], [ -98.681631917057359, 20.146098781492501 ], [ -98.681716702023891, 20.146047562593463 ], [ -98.682024904521683, 20.145843633780867 ], [ -98.682165242855305, 20.145755049882926 ], [ -98.682228075127824, 20.14572387007432 ], [ -98.682284185902617, 20.145699600027481 ], [ -98.682346107089685, 20.145678891758525 ], [ -98.682408687036329, 20.145663633624356 ], [ -98.682469055035483, 20.145653910814019 ], [ -98.68252147003254, 20.145649712982959 ], [ -98.682592282298657, 20.14564694893409 ], [ -98.682690746214774, 20.145649530018328 ], [ -98.682777587091451, 20.145660277125312 ], [ -98.682956692967736, 20.145696609760797 ], [ -98.68306367229853, 20.145718444529617 ], [ -98.683183672906139, 20.145740998458809 ], [ -98.683315839940605, 20.145761143379033 ], [ -98.683435216357566, 20.145765849059167 ], [ -98.683581101695083, 20.145758954314907 ], [ -98.683707232062488, 20.145745346054973 ], [ -98.68400945059841, 20.145684404550881 ], [ -98.684336729365981, 20.145608859374295 ], [ -98.684485426231689, 20.145564558078402 ], [ -98.684597668041818, 20.145519820893337 ], [ -98.68471265206712, 20.145448403952191 ], [ -98.684780370309511, 20.145394821611436 ], [ -98.684828816948553, 20.145341584295043 ], [ -98.68488445462522, 20.145257147981855 ], [ -98.684947104934679, 20.145125481708522 ], [ -98.684968335928872, 20.145030727472349 ], [ -98.684980423386875, 20.144929251846314 ], [ -98.684977735376975, 20.14484299426276 ], [ -98.684961252228803, 20.144769796766813 ], [ -98.684931722989816, 20.144694000551869 ], [ -98.684905179256077, 20.144637222332481 ], [ -98.684855615934893, 20.144541293235598 ], [ -98.68457965089209, 20.144070769122322 ], [ -98.684529932086562, 20.143971450990076 ], [ -98.684479662718971, 20.143855676507048 ], [ -98.684456172852578, 20.143798271137179 ], [ -98.684436572155676, 20.143743439078506 ], [ -98.684412621228049, 20.143663116474038 ], [ -98.684380392615708, 20.143526174798048 ], [ -98.68435942994401, 20.143396789688207 ], [ -98.684348456478659, 20.143277010132046 ], [ -98.684342076444167, 20.1431664469333 ], [ -98.684345379202611, 20.143041768095021 ], [ -98.684355817052676, 20.142918511722911 ], [ -98.684378107743498, 20.142786854623985 ], [ -98.684409677315955, 20.142656352732882 ], [ -98.684445791920169, 20.142530539849044 ], [ -98.684488894516193, 20.142407893186871 ], [ -98.684536602598001, 20.142297941917036 ], [ -98.6845983011371, 20.142187130108056 ], [ -98.68470801132672, 20.142019971647215 ], [ -98.684788609375076, 20.142065343241008 ], [ -98.685261631720664, 20.142186481984002 ], [ -98.68549709404202, 20.142307511819336 ], [ -98.685639696547582, 20.143074237013099 ], [ -98.685896464133663, 20.143657274135599 ], [ -98.68622473156411, 20.14350573973287 ], [ -98.686557072454093, 20.143476572556207 ], [ -98.686636563366775, 20.14397984926984 ], [ -98.686710899605544, 20.144159544532506 ], [ -98.686744545078497, 20.144313515675467 ], [ -98.686737486865582, 20.144448174954647 ], [ -98.686764303391286, 20.144621372520206 ], [ -98.686852464288236, 20.144679246789366 ], [ -98.686886135565373, 20.144820391626592 ], [ -98.686974219959566, 20.144916742847201 ], [ -98.687082663773339, 20.145019542445997 ], [ -98.687129992392812, 20.145122234346946 ], [ -98.687217987736574, 20.145263475593975 ], [ -98.687238130059768, 20.14537894460501 ], [ -98.687339502877165, 20.145622817372267 ], [ -98.687352828124901, 20.145751100584516 ], [ -98.687503849258931, 20.145944054297807 ], [ -98.687486022439387, 20.146049759816723 ], [ -98.687570305583094, 20.14625473821858 ], [ -98.687688219906306, 20.146716022412129 ], [ -98.687784634008253, 20.146898223285259 ], [ -98.687693192740539, 20.147006227310992 ], [ -98.687531585027315, 20.147176792577341 ], [ -98.687387957982224, 20.147346522103049 ], [ -98.68727184068166, 20.148174559382277 ], [ -98.687266302065154, 20.148423674983754 ], [ -98.687026612086655, 20.148719165312443 ], [ -98.686873312038827, 20.148815438089301 ], [ -98.686739168514009, 20.148834826687892 ], [ -98.686470955142354, 20.148774320425204 ], [ -98.686149556885368, 20.148767738785569 ], [ -98.685790925037153, 20.148776488220879 ], [ -98.68549339975678, 20.148125153352478 ], [ -98.685326814751221, 20.148022482076907 ], [ -98.684311921549508, 20.14755956399236 ], [ -98.683570184714128, 20.148048369091274 ], [ -98.68332547602563, 20.148058294086287 ], [ -98.682657392349043, 20.14816388420904 ], [ -98.682642205210911, 20.148202632169202 ], [ -98.682629416080545, 20.148513173164041 ], [ -98.682718160670291, 20.149235515489821 ], [ -98.682709540140053, 20.149263512891739 ], [ -98.682734335443783, 20.149404236691826 ], [ -98.682756781665816, 20.149580496531527 ], [ -98.682843191862361, 20.150080475116734 ], [ -98.682394612478916, 20.14997479899661 ], [ -98.682045773150378, 20.149951939966176 ], [ -98.68176242931996, 20.150147600032529 ], [ -98.681524715517952, 20.150377608282188 ], [ -98.681428400384121, 20.150729475224722 ], [ -98.681210082524956, 20.150812658093781 ], [ -98.680997351538636, 20.150853966970743 ], [ -98.680626867728009, 20.150641978678816 ], [ -98.680104297690747, 20.150524623023163 ], [ -98.679786953517649, 20.150499223259239 ], [ -98.679360634075152, 20.150031616806789 ] ] ] ] } },
{ "type": "Feature", "properties": { "Nombre": "Parque Ecológico Cubitos", "Jurisdiccion": "Estatal", "Area_h": 90.4547 }, "geometry": { "type": "MultiPolygon", "coordinates": [ [ [ [ -98.729001421753168, 20.103501281627189 ], [ -98.728384474947163, 20.10298513571724 ], [ -98.72740863965096, 20.104035663515297 ], [ -98.726975329194303, 20.102326862971552 ], [ -98.726844086012619, 20.101809287411083 ], [ -98.729028637434851, 20.101511284175604 ], [ -98.729129141380895, 20.101252265114098 ], [ -98.729653381759519, 20.10134863818714 ], [ -98.733917754640203, 20.095104168275249 ], [ -98.734194466692799, 20.095380582968691 ], [ -98.735246142021239, 20.09321174547431 ], [ -98.735646437939067, 20.093419908779651 ], [ -98.739740787660324, 20.095548982852868 ], [ -98.740047818778478, 20.09569279603938 ], [ -98.739585445468563, 20.098322907747168 ], [ -98.739585218543397, 20.098324197826873 ], [ -98.738981352826599, 20.098294178412292 ], [ -98.738979230386889, 20.098294074064469 ], [ -98.738753775402955, 20.099406480722411 ], [ -98.739311822679838, 20.099522669646849 ], [ -98.738881399924708, 20.102344881943278 ], [ -98.738489305159362, 20.104915693634865 ], [ -98.738465973633964, 20.105041232188739 ], [ -98.734865003792635, 20.104836913923076 ], [ -98.734663146605939, 20.104801017502105 ], [ -98.734574219986953, 20.104729481797023 ], [ -98.734561600394187, 20.104719330178327 ], [ -98.734581612302009, 20.104451018492345 ], [ -98.734596320494191, 20.104253804384502 ], [ -98.733985969214814, 20.103939673635967 ], [ -98.73348401200326, 20.103600753835387 ], [ -98.734055095104523, 20.102337674495757 ], [ -98.734239935672079, 20.101928853011309 ], [ -98.731945795623915, 20.101003217412121 ], [ -98.731344270712398, 20.102333568347387 ], [ -98.730370177364563, 20.104487847811182 ], [ -98.730094924838056, 20.104275514632022 ], [ -98.729905951174487, 20.104116866150086 ], [ -98.729813175568239, 20.103999789032365 ], [ -98.729627874807264, 20.103908600676586 ], [ -98.729001421753168, 20.103501281627189 ] ] ] ] } },
{ "type": "Feature", "properties": { "Nombre": "Cerro El Tecajete", "Jurisdiccion": "Estatal", "Area_h": 158.062 }, "geometry": { "type": "MultiPolygon", "coordinates": [ [ [ [ -98.605651978575835, 19.940665942242251 ], [ -98.609035337464178, 19.93472963983092 ], [ -98.605139036182166, 19.93265441969745 ], [ -98.604127415890957, 19.932115594421312 ], [ -98.603596888331623, 19.931770899419906 ], [ -98.602778001795429, 19.931238846360344 ], [ -98.60327265752116, 19.930665865650838 ], [ -98.604489194734285, 19.929681867857184 ], [ -98.605192819540491, 19.928941201598608 ], [ -98.606552004923429, 19.927838608693307 ], [ -98.607834296641514, 19.9270969243025 ], [ -98.611652379628566, 19.926602272633005 ], [ -98.614788398918762, 19.92880047725248 ], [ -98.615781232013632, 19.930620735585251 ], [ -98.616095025589459, 19.931268078333193 ], [ -98.616708721308882, 19.932141366315598 ], [ -98.616256372943582, 19.932699265022702 ], [ -98.61639363056463, 19.937330383191863 ], [ -98.616428896862601, 19.938540220847813 ], [ -98.61478546591529, 19.939347325321165 ], [ -98.614558195621782, 19.940359869568095 ], [ -98.614232472829258, 19.940512236104134 ], [ -98.611326648745532, 19.941824504201229 ], [ -98.608897648746904, 19.942088276301916 ], [ -98.606763129793961, 19.941666437206344 ], [ -98.605427104419533, 19.941060478064845 ], [ -98.605651978575835, 19.940665942242251 ] ] ] ] } },
{ "type": "Feature", "properties": { "Nombre": "El Chico", "Jurisdiccion": "Federal", "Area_h": 2739.7 }, "geometry": { "type": "MultiPolygon", "coordinates": [ [ [ [ -98.710706876893951, 20.222351414477917 ], [ -98.709601394561716, 20.222039487688065 ], [ -98.708941231891913, 20.221830562684151 ], [ -98.707015787573241, 20.221414380533329 ], [ -98.704917257754573, 20.220960758869978 ], [ -98.698998837186153, 20.219681276344236 ], [ -98.698437995494203, 20.217620054658543 ], [ -98.696997698078931, 20.21492478081797 ], [ -98.696856834132348, 20.213514885383795 ], [ -98.697729505152068, 20.210125753217667 ], [ -98.697840611200775, 20.209694248582277 ], [ -98.698234725931215, 20.209445265286845 ], [ -98.699067369574422, 20.208919234581852 ], [ -98.698132148059912, 20.202456716640238 ], [ -98.697710677301458, 20.200260364554655 ], [ -98.697697791140811, 20.200193213781972 ], [ -98.697355061000962, 20.198407143055526 ], [ -98.699035590522797, 20.192333056988552 ], [ -98.700188728576819, 20.188164875434463 ], [ -98.701083903091714, 20.186526905913261 ], [ -98.701629408509561, 20.185528733108399 ], [ -98.697788370193038, 20.182160693678306 ], [ -98.697284399199489, 20.180461009771523 ], [ -98.697764143833354, 20.174119923574871 ], [ -98.697824280139514, 20.173325038370198 ], [ -98.697873626458687, 20.172672755383243 ], [ -98.70462156250565, 20.172160092854572 ], [ -98.71043471062309, 20.175142678378005 ], [ -98.714352976309868, 20.172944221260209 ], [ -98.715414692523666, 20.173262209322065 ], [ -98.719896734374217, 20.171480206489782 ], [ -98.72403549097487, 20.168938502215585 ], [ -98.724477804493588, 20.170324114738598 ], [ -98.724482820293886, 20.17033982701053 ], [ -98.72998542879705, 20.170438707910275 ], [ -98.729523494262324, 20.171281717032301 ], [ -98.729179005506566, 20.171910386062965 ], [ -98.729204645147178, 20.172032143592887 ], [ -98.729900442386224, 20.17533624823637 ], [ -98.73109673299949, 20.175338077988243 ], [ -98.733736815700908, 20.175342087827996 ], [ -98.733919980514813, 20.175342364930977 ], [ -98.734000126505947, 20.173227992744728 ], [ -98.733235723748848, 20.172512969661131 ], [ -98.732780791606686, 20.171292136238289 ], [ -98.732683177292174, 20.171030179778931 ], [ -98.733384968757761, 20.169780738651081 ], [ -98.733758273776431, 20.169116112477496 ], [ -98.734472954654436, 20.169117191344505 ], [ -98.737729805196025, 20.169122067955893 ], [ -98.738188425102308, 20.16956552931503 ], [ -98.738028542867113, 20.170583313448891 ], [ -98.737820857470609, 20.171905384233323 ], [ -98.734929965416853, 20.17799152113842 ], [ -98.734702100335383, 20.179174904995453 ], [ -98.734263740688476, 20.181451415440087 ], [ -98.738869536798191, 20.180084787565356 ], [ -98.741778144731626, 20.180613180931765 ], [ -98.746031745080742, 20.178007875106143 ], [ -98.748423083892945, 20.179926470425869 ], [ -98.749033039151328, 20.180415831652581 ], [ -98.74998748387226, 20.182061794342399 ], [ -98.749496475294237, 20.182459155248541 ], [ -98.748415838091361, 20.183333674408672 ], [ -98.749103135592733, 20.184185708449377 ], [ -98.749163210468438, 20.184260182060839 ], [ -98.751415194434145, 20.187051849293411 ], [ -98.750820642634309, 20.187630966001787 ], [ -98.742595705295884, 20.195641720815416 ], [ -98.743443246167857, 20.196263438229398 ], [ -98.746199918687907, 20.198285546865105 ], [ -98.75099497453084, 20.198536374829963 ], [ -98.753117118999342, 20.199805425936663 ], [ -98.753251790158842, 20.199885958760294 ], [ -98.757747871073221, 20.206908419164247 ], [ -98.758666017115999, 20.208342386248045 ], [ -98.758374889924283, 20.208595261440294 ], [ -98.755684969444516, 20.210931682869177 ], [ -98.74745194519349, 20.212376622307847 ], [ -98.735969294901409, 20.214391197354047 ], [ -98.736312254832896, 20.215376664233982 ], [ -98.736173442497005, 20.215637691632349 ], [ -98.735983623933109, 20.215994628631869 ], [ -98.735966538768466, 20.216026756246698 ], [ -98.736204839666954, 20.216632542735695 ], [ -98.73558173467022, 20.217146673854117 ], [ -98.735475487388868, 20.217706762048028 ], [ -98.7353228411543, 20.218587810658235 ], [ -98.735320763640715, 20.218599804239805 ], [ -98.735146799840706, 20.219603880728474 ], [ -98.735190364724801, 20.219614635568607 ], [ -98.736362072625312, 20.219903902922951 ], [ -98.736159714744119, 20.220689753170838 ], [ -98.736432288070517, 20.22149290917584 ], [ -98.736978950001131, 20.223103659817006 ], [ -98.736625156271728, 20.223609509652487 ], [ -98.736499131886362, 20.223789696789517 ], [ -98.736383157521772, 20.224440132548157 ], [ -98.729056572186181, 20.220624736632114 ], [ -98.724079251172284, 20.220228439598202 ], [ -98.719265430151864, 20.224766052246476 ], [ -98.710706876893951, 20.222351414477917 ] ] ] ] } },
{ "type": "Feature", "properties": { "Nombre": "San Ignacio - El Coyuco", "Jurisdiccion": "Municipal", "Area_h": 39.596 }, "geometry": { "type": "MultiPolygon", "coordinates": [ [ [ [ -98.318262427739597, 19.876163696450011 ], [ -98.318064057925199, 19.876145691314481 ], [ -98.318010901744429, 19.876101828831402 ], [ -98.31768233748744, 19.875821379053448 ], [ -98.315665517427519, 19.875227663421427 ], [ -98.314422855535625, 19.87483614808205 ], [ -98.312632745173246, 19.874274460759263 ], [ -98.310516044847006, 19.873615284231111 ], [ -98.309931561281431, 19.873432366325005 ], [ -98.308300683988961, 19.870926264250247 ], [ -98.309668452511872, 19.871219583485033 ], [ -98.310647300667881, 19.871379999946345 ], [ -98.311055001053262, 19.871442754614158 ], [ -98.312109263765933, 19.871605026134723 ], [ -98.313232366303168, 19.871722772860682 ], [ -98.313995916403215, 19.871531225876662 ], [ -98.314802126040604, 19.871994403445022 ], [ -98.315594792927399, 19.871864200715475 ], [ -98.316484892590168, 19.871141495215689 ], [ -98.319353567436394, 19.870465039062758 ], [ -98.32008315324569, 19.870290541933915 ], [ -98.320064385748964, 19.870348536851797 ], [ -98.319977462030764, 19.870627834259391 ], [ -98.319898166280822, 19.870773314653437 ], [ -98.319849419786081, 19.871049803724731 ], [ -98.319831614689377, 19.871112101766851 ], [ -98.319788101067275, 19.87126435316544 ], [ -98.319731389982067, 19.871513792254188 ], [ -98.319542342287406, 19.872143770585122 ], [ -98.319521697726103, 19.872218493527679 ], [ -98.31940776386962, 19.872561584132853 ], [ -98.319291235404762, 19.872955212113961 ], [ -98.319215350065122, 19.873198577571895 ], [ -98.319059402421999, 19.873735020174987 ], [ -98.318985089375815, 19.874005915239412 ], [ -98.318925167493788, 19.874183584231123 ], [ -98.318893560784417, 19.87428649643573 ], [ -98.318866863863406, 19.874378166341309 ], [ -98.318798584717555, 19.874604843437751 ], [ -98.318755843228274, 19.874724790772643 ], [ -98.318738703504266, 19.874772888817329 ], [ -98.318511324967389, 19.875486695359751 ], [ -98.318445193908133, 19.875703995364123 ], [ -98.318391918452377, 19.875879054550801 ], [ -98.318315520791515, 19.876130087543217 ], [ -98.318304140414241, 19.876167482364785 ], [ -98.318262427739597, 19.876163696450011 ] ] ] ] } },
{ "type": "Feature", "properties": { "Nombre": "Z.P.F.V. la Cuenca Hidrográfica del Río Necaxa", "Jurisdiccion": "Federal", "Area_h": 9635.07 }, "geometry": { "type": "MultiPolygon", "coordinates": [ [ [ [ -98.165579461498695, 20.066585972148768 ], [ -98.170670680382116, 20.06621845660797 ], [ -98.174674274265925, 20.065929348426124 ], [ -98.175564206038445, 20.065865072546682 ], [ -98.176680444224004, 20.065784444378153 ], [ -98.182334747349273, 20.070335345335458 ], [ -98.185073857811219, 20.072539778642469 ], [ -98.192988764906289, 20.078909112119479 ], [ -98.197016325253372, 20.082149868093222 ], [ -98.197435206375232, 20.082486905482273 ], [ -98.199150597414601, 20.083867109561684 ], [ -98.19932550543389, 20.084007837522194 ], [ -98.20111576576376, 20.085448233856855 ], [ -98.204452365276126, 20.088132656845655 ], [ -98.206579941791389, 20.089844294436521 ], [ -98.214139393102386, 20.095925055487058 ], [ -98.22048468374166, 20.101029155587781 ], [ -98.224336283789924, 20.104126883722696 ], [ -98.227241601455916, 20.106463410349072 ], [ -98.225488441525812, 20.110025834762524 ], [ -98.220005883843484, 20.121165188597502 ], [ -98.219167406101377, 20.122868630874311 ], [ -98.218356815976136, 20.124515374130887 ], [ -98.216754098711291, 20.127771236736589 ], [ -98.215617922287691, 20.130079243768268 ], [ -98.210270956758592, 20.140939906377827 ], [ -98.210159581910133, 20.141166109314923 ], [ -98.204241380489378, 20.153184979666751 ], [ -98.201446773900599, 20.15885961045019 ], [ -98.200531874214136, 20.159395016731455 ], [ -98.199773009114452, 20.159839102703703 ], [ -98.171828444626655, 20.176188108293108 ], [ -98.159118097564473, 20.18362166205506 ], [ -98.15257820661499, 20.187445823405806 ], [ -98.148623785420554, 20.189757933614981 ], [ -98.145223576854306, 20.191745872863624 ], [ -98.137641618304485, 20.196178252912986 ], [ -98.137621152063303, 20.196141559715269 ], [ -98.137406685948321, 20.195757048435752 ], [ -98.137425505167272, 20.195575881872116 ], [ -98.137411212969951, 20.195083416507536 ], [ -98.137338165358514, 20.19484643284477 ], [ -98.137248151581019, 20.1945544098309 ], [ -98.13708615481228, 20.19415621179391 ], [ -98.137069040218478, 20.194087961528162 ], [ -98.13701122531171, 20.193857402800361 ], [ -98.136586775254855, 20.193792353319424 ], [ -98.136386846895505, 20.193617939067721 ], [ -98.136077234613921, 20.193347836948401 ], [ -98.13587923823907, 20.192996667090913 ], [ -98.135709662639485, 20.192672571277875 ], [ -98.135425538835875, 20.192401790109159 ], [ -98.135142010682983, 20.192023259779084 ], [ -98.134944018004518, 20.191672088050208 ], [ -98.134925417594616, 20.191447406007853 ], [ -98.134917244681063, 20.191348698630016 ], [ -98.134891363681106, 20.190863680220222 ], [ -98.134465041284727, 20.190484444380225 ], [ -98.13420888576438, 20.190321549807205 ], [ -98.13400079083226, 20.190106682411614 ], [ -98.133868099495587, 20.18996967372296 ], [ -98.133527166772566, 20.189644736236382 ], [ -98.133013529436354, 20.189561385317635 ], [ -98.132557008314336, 20.189478319227955 ], [ -98.132015261403851, 20.189314016867559 ], [ -98.131616314480539, 20.189150419099278 ], [ -98.131210794395642, 20.188937810870868 ], [ -98.130941236777119, 20.189019147253738 ], [ -98.130793401253953, 20.189048982448529 ], [ -98.130576615584587, 20.188997257418805 ], [ -98.130403012257958, 20.188947658555513 ], [ -98.130161695124897, 20.188960256089626 ], [ -98.129899434595202, 20.188844341569119 ], [ -98.129655995324441, 20.188803435689518 ], [ -98.129558574015675, 20.188723776344855 ], [ -98.129482339341777, 20.188591447959062 ], [ -98.129448399083032, 20.188406555968132 ], [ -98.129470352951401, 20.188241744237292 ], [ -98.129500187409832, 20.187898847219884 ], [ -98.129501615395213, 20.187641553797697 ], [ -98.129481054340829, 20.187568876389232 ], [ -98.129346929756395, 20.18730574974488 ], [ -98.129209730923947, 20.187099945600803 ], [ -98.129022768529026, 20.186959168748285 ], [ -98.128826303540151, 20.186753071661904 ], [ -98.128482392448632, 20.186397053483912 ], [ -98.128145250733652, 20.18619369829775 ], [ -98.127958547274559, 20.185941371470786 ], [ -98.127966458466929, 20.185581389735106 ], [ -98.12796910439404, 20.185461004015618 ], [ -98.127965716898373, 20.185120134557337 ], [ -98.127977307843821, 20.184782486493326 ], [ -98.128001637807728, 20.184406409511219 ], [ -98.127906420403988, 20.184050248044503 ], [ -98.12799196291634, 20.183849215924692 ], [ -98.128081950662377, 20.183714057053422 ], [ -98.128119886094254, 20.183546323907802 ], [ -98.128093089813092, 20.183442761231259 ], [ -98.128066183018319, 20.183338770614153 ], [ -98.127923206547919, 20.183101555011909 ], [ -98.12775048824183, 20.182953380462227 ], [ -98.127577315816367, 20.182887046138426 ], [ -98.127543339853545, 20.182755925938356 ], [ -98.127509448319245, 20.182608439790812 ], [ -98.127527626609734, 20.182461211045567 ], [ -98.127649555132024, 20.182379969599904 ], [ -98.127912779862953, 20.182403580532849 ], [ -98.128131722314279, 20.182413972802166 ], [ -98.128396082844958, 20.182262049394705 ], [ -98.128233320321556, 20.182070378007147 ], [ -98.128119671375742, 20.181860937285578 ], [ -98.128126424474061, 20.181783910699529 ], [ -98.128153405559459, 20.181724777484789 ], [ -98.128154680215133, 20.181495715251394 ], [ -98.128289443359122, 20.181332269595799 ], [ -98.128499981421186, 20.181242727320665 ], [ -98.128722845956389, 20.181191468671692 ], [ -98.129019688248931, 20.1812200288242 ], [ -98.129324089977203, 20.181208598641177 ], [ -98.129350993327208, 20.181085292371446 ], [ -98.129378737173141, 20.1809581392383 ], [ -98.129422709275744, 20.180798635476123 ], [ -98.129557437087101, 20.180691202733961 ], [ -98.129775895899556, 20.180616942208712 ], [ -98.130102962534934, 20.180512733016702 ], [ -98.130265704206892, 20.180360828974361 ], [ -98.130402027787696, 20.180106979829212 ], [ -98.130349898965903, 20.179775848106352 ], [ -98.130189557044119, 20.179495082125722 ], [ -98.13019125016379, 20.179189668269608 ], [ -98.130300450381924, 20.178961139507159 ], [ -98.130624943949357, 20.178835484687493 ], [ -98.131029536303586, 20.178862932949777 ], [ -98.131542348024723, 20.178840015565509 ], [ -98.131758910891747, 20.178713825708197 ], [ -98.131786597600396, 20.178586699814769 ], [ -98.131733478841767, 20.178433727805466 ], [ -98.131604417139812, 20.177966496588667 ], [ -98.131267144766369, 20.177602056561199 ], [ -98.130363589622434, 20.17730707142562 ], [ -98.12998738856021, 20.177025238931698 ], [ -98.129800632027838, 20.176642533949373 ], [ -98.129847075428685, 20.176384310798007 ], [ -98.130054220045523, 20.176202318802126 ], [ -98.130127912697134, 20.176107932047032 ], [ -98.130316430920118, 20.175866475770853 ], [ -98.130671386777053, 20.175422747928906 ], [ -98.130785444074775, 20.175231127341988 ], [ -98.130931419069611, 20.174942139191817 ], [ -98.131019856233962, 20.174738936384518 ], [ -98.131019120032818, 20.174440339498595 ], [ -98.130940809046209, 20.174066057604641 ], [ -98.130935034552536, 20.174043826527132 ], [ -98.130925286840608, 20.173901725223523 ], [ -98.130959921609033, 20.173713968833091 ], [ -98.131065470165424, 20.173560668878135 ], [ -98.131200558782922, 20.173485392637289 ], [ -98.131312928602512, 20.173448283920898 ], [ -98.131398867643725, 20.173441237486159 ], [ -98.13150051363715, 20.173401062293703 ], [ -98.131610796172637, 20.173333023766631 ], [ -98.131658560480687, 20.173219717619133 ], [ -98.13167737517405, 20.17306546781202 ], [ -98.131623572372277, 20.172960838860586 ], [ -98.131572814812046, 20.172830765893334 ], [ -98.131493161065805, 20.172676074331399 ], [ -98.131516099906818, 20.172514105802549 ], [ -98.131555327552334, 20.172294251741924 ], [ -98.131643192940857, 20.172091042955355 ], [ -98.131722556575667, 20.171842384069766 ], [ -98.131753829783847, 20.171664703742479 ], [ -98.131731721772823, 20.171514974022017 ], [ -98.131646666380618, 20.171345282781953 ], [ -98.131542278315933, 20.171233328287325 ], [ -98.131471685668103, 20.171113703875044 ], [ -98.131461241239109, 20.171012851671573 ], [ -98.1315004777355, 20.170922700821272 ], [ -98.131626655760499, 20.170822189494721 ], [ -98.131877092752575, 20.170688945750175 ], [ -98.132102042889727, 20.170577957400667 ], [ -98.13233369776961, 20.170620465366515 ], [ -98.132558643333411, 20.170583959637703 ], [ -98.132702659465863, 20.17036919563693 ], [ -98.132709340924748, 20.170178397779665 ], [ -98.132584372607027, 20.170019652177746 ], [ -98.132432880595019, 20.169924760366662 ], [ -98.132315094504776, 20.169802859709183 ], [ -98.132222436108052, 20.169681353063044 ], [ -98.132225085273348, 20.169564668904748 ], [ -98.132298359885226, 20.169414929762208 ], [ -98.132369628861625, 20.169248540510928 ], [ -98.132400145521757, 20.169026936320911 ], [ -98.132324230895208, 20.168827171680448 ], [ -98.132231967891087, 20.168651572845423 ], [ -98.132140895208067, 20.168427064058154 ], [ -98.132084207505599, 20.168230402131041 ], [ -98.132069936756267, 20.168102272994719 ], [ -98.13217515640882, 20.167883991919325 ], [ -98.132301631520491, 20.167659488757543 ], [ -98.132272112465969, 20.167295131331532 ], [ -98.132172994198541, 20.167122980128859 ], [ -98.132054042805507, 20.167027739808297 ], [ -98.131866528274429, 20.16697110155329 ], [ -98.131645519840731, 20.166900548183573 ], [ -98.131439451108932, 20.166884911486974 ], [ -98.131193837901577, 20.166904622244079 ], [ -98.130972999205966, 20.16692496460929 ], [ -98.130725755559197, 20.166908878883305 ], [ -98.130568940366317, 20.166814025233283 ], [ -98.130487440200611, 20.166680500231806 ], [ -98.130484482083858, 20.166551215192751 ], [ -98.13051316980021, 20.166422242819444 ], [ -98.130582971919381, 20.166276634584133 ], [ -98.130675821882903, 20.166199406835339 ], [ -98.130818384965224, 20.166132296988426 ], [ -98.131283622998197, 20.166073592995716 ], [ -98.131460438817854, 20.166097945907985 ], [ -98.131572869641232, 20.1661679700665 ], [ -98.131641896984206, 20.166233768145116 ], [ -98.131817580270479, 20.166302537438767 ], [ -98.132111591301125, 20.166399998451098 ], [ -98.132368103494187, 20.166439340675932 ], [ -98.132551080452785, 20.166495545797943 ], [ -98.132795413236281, 20.166558482900399 ], [ -98.13297823318436, 20.166555181148723 ], [ -98.133087576785357, 20.166467817562651 ], [ -98.133141990660476, 20.166333972849802 ], [ -98.133155199706948, 20.166201802791051 ], [ -98.133092493576243, 20.16602625507813 ], [ -98.132807325307127, 20.165662292630675 ], [ -98.131401599541093, 20.163936104630409 ], [ -98.13056781070712, 20.162893340637833 ], [ -98.130177642534377, 20.162414873468624 ], [ -98.129891183853218, 20.162030942092247 ], [ -98.129736233819784, 20.161745092701839 ], [ -98.129726816356424, 20.161483102337304 ], [ -98.129839735813931, 20.161241422764366 ], [ -98.130094797617545, 20.160986950742458 ], [ -98.130421701192603, 20.160858882491294 ], [ -98.130681053353129, 20.160717511957053 ], [ -98.130914451640876, 20.160595910462636 ], [ -98.131039442539446, 20.160462566533717 ], [ -98.131175697065672, 20.160375963893653 ], [ -98.131314167739362, 20.160249556146088 ], [ -98.131529409753938, 20.160102977090133 ], [ -98.131737843730406, 20.159991611649858 ], [ -98.132018638557994, 20.159931558841777 ], [ -98.132267413953997, 20.159882548440745 ], [ -98.132535266094308, 20.159803589692977 ], [ -98.132829053296959, 20.159721926488288 ], [ -98.133088588948283, 20.15964433458262 ], [ -98.133426398581364, 20.159581771822907 ], [ -98.133554268502479, 20.159475667543195 ], [ -98.133597948121704, 20.159249074794648 ], [ -98.133590616725584, 20.159067720473551 ], [ -98.133438140501099, 20.158858368357748 ], [ -98.133402246404103, 20.158693626582192 ], [ -98.13345036155512, 20.158536617275129 ], [ -98.133583550395613, 20.158337461121885 ], [ -98.13361424871546, 20.158055602434704 ], [ -98.133650842293662, 20.157801615451195 ], [ -98.133683029086797, 20.157502784100558 ], [ -98.13371582808486, 20.157288063072418 ], [ -98.133707161152074, 20.157057915500392 ], [ -98.133653119737744, 20.156785296266516 ], [ -98.13354987617123, 20.156593587532413 ], [ -98.133343876582117, 20.156361714220925 ], [ -98.133120919851336, 20.156176752048637 ], [ -98.132869290090184, 20.155994391643041 ], [ -98.13258973918272, 20.155769652185821 ], [ -98.132440033441867, 20.155572962046193 ], [ -98.132408652178171, 20.155387667934626 ], [ -98.132451552540658, 20.155169679888846 ], [ -98.132608294499661, 20.155032423139133 ], [ -98.132792603378107, 20.154999643072362 ], [ -98.133223432316626, 20.155096984879552 ], [ -98.133506867335342, 20.155144078189291 ], [ -98.133679742996705, 20.155099507118614 ], [ -98.133800892198892, 20.154831889950323 ], [ -98.133981846437408, 20.15456933228144 ], [ -98.134232667515917, 20.154436246780495 ], [ -98.134279598686845, 20.15449235454016 ], [ -98.13478674547892, 20.154639608880288 ], [ -98.135353606524404, 20.155245872445647 ], [ -98.13543454364347, 20.15555683097524 ], [ -98.135639534312133, 20.156157995779747 ], [ -98.136397682558481, 20.15660909191206 ], [ -98.136509468041751, 20.156634220120068 ], [ -98.136748877811058, 20.156635212516203 ], [ -98.136976767515137, 20.156576617943177 ], [ -98.137320088482795, 20.156402216475225 ], [ -98.137480431688218, 20.156290277551861 ], [ -98.137686438372839, 20.156137312150836 ], [ -98.137759102299782, 20.156001993623857 ], [ -98.137780600619763, 20.155953017650123 ], [ -98.137786577269281, 20.155706768690397 ], [ -98.137723303664913, 20.155472238795223 ], [ -98.137668935745864, 20.155320417804578 ], [ -98.137651775556336, 20.155242601061939 ], [ -98.137600828471037, 20.155174572609006 ], [ -98.137573077229092, 20.155117297348202 ], [ -98.13779686664985, 20.154797961456683 ], [ -98.138113940898933, 20.1545883249537 ], [ -98.138724089700133, 20.154651557282634 ], [ -98.13958546582613, 20.154961110905276 ], [ -98.13980868735635, 20.154790950648657 ], [ -98.139991343056053, 20.153966451609982 ], [ -98.139951768308919, 20.153769467824066 ], [ -98.139916908568281, 20.153654646541327 ], [ -98.139902851932689, 20.153484135630215 ], [ -98.139938812728275, 20.153288030393046 ], [ -98.139987114508912, 20.153044576640141 ], [ -98.140009405124843, 20.152925848218793 ], [ -98.140016445214712, 20.152844638553187 ], [ -98.140011787904271, 20.152697960152043 ], [ -98.139986225074537, 20.152594439210414 ], [ -98.139892873179264, 20.15238112627511 ], [ -98.139705697823132, 20.152184464145904 ], [ -98.139506178601351, 20.151982125791211 ], [ -98.139454512602185, 20.151895684003438 ], [ -98.139382545467157, 20.151716269928496 ], [ -98.139385707197846, 20.151673939334842 ], [ -98.139404366264628, 20.15153210959976 ], [ -98.139430905104874, 20.151376223498506 ], [ -98.139481674926543, 20.151275023600775 ], [ -98.139610845228788, 20.151038714748232 ], [ -98.13966253653723, 20.150942173605387 ], [ -98.139733709472111, 20.150649965329691 ], [ -98.1396943713696, 20.15034742694505 ], [ -98.139582646730844, 20.15014160870443 ], [ -98.139470934859332, 20.150026766030749 ], [ -98.1393934867735, 20.149946045281794 ], [ -98.13927059590678, 20.149871186180352 ], [ -98.139116699209737, 20.149792637033144 ], [ -98.139024449927959, 20.149749580690926 ], [ -98.138812178584715, 20.149718768202757 ], [ -98.138531224769082, 20.14965108254502 ], [ -98.138474986496988, 20.149629013210522 ], [ -98.138346585787886, 20.149478522594169 ], [ -98.138340487868035, 20.149180676209141 ], [ -98.138329980544611, 20.149039016506084 ], [ -98.138242717582926, 20.148922578627214 ], [ -98.138050640600568, 20.14872963348294 ], [ -98.137869464467897, 20.148590095803943 ], [ -98.137557016871781, 20.14839076986339 ], [ -98.137409422056379, 20.148288693038147 ], [ -98.137349430725877, 20.148118926481441 ], [ -98.137335990636302, 20.147959877523409 ], [ -98.137295247126772, 20.147868867758319 ], [ -98.13725243709078, 20.147799616792177 ], [ -98.137141231042094, 20.147717143060603 ], [ -98.136948960052621, 20.147668684704286 ], [ -98.136737548788659, 20.147751648572029 ], [ -98.136604861380746, 20.147793789672928 ], [ -98.136378378375326, 20.147830998079581 ], [ -98.136217958843702, 20.147747417736504 ], [ -98.136137818143354, 20.147630535808606 ], [ -98.136137284525887, 20.147582990695216 ], [ -98.136113517796929, 20.147428006808848 ], [ -98.136099010379382, 20.147283550706984 ], [ -98.136200919420304, 20.146986718354636 ], [ -98.136012198372654, 20.147062809825357 ], [ -98.135256335990405, 20.14749796577993 ], [ -98.134829233931839, 20.147739521721586 ], [ -98.134459569041937, 20.147943997855375 ], [ -98.134259288730462, 20.148061106161972 ], [ -98.134040864951459, 20.148201218578802 ], [ -98.133998815395842, 20.148221970234054 ], [ -98.133527404284195, 20.148107441279855 ], [ -98.132982800184365, 20.148554250486136 ], [ -98.133342776884334, 20.148783149181174 ], [ -98.132967832714314, 20.149504688931742 ], [ -98.132941146221896, 20.149487957988281 ], [ -98.131757006199138, 20.148945472613104 ], [ -98.131491652953756, 20.148270414342768 ], [ -98.131104839789643, 20.148829994465498 ], [ -98.130884554493278, 20.149095752748806 ], [ -98.129629734860046, 20.148667657503395 ], [ -98.12975639334374, 20.148595421026421 ], [ -98.129816284534854, 20.148496311200876 ], [ -98.12970062935203, 20.148357683619285 ], [ -98.129453796353246, 20.148256055921582 ], [ -98.127992826183473, 20.1483360016503 ], [ -98.127671603541856, 20.148673789427917 ], [ -98.126835882578135, 20.148464312899968 ], [ -98.125563627460167, 20.148266138823118 ], [ -98.125557393791794, 20.14862829420986 ], [ -98.125553882499418, 20.14867587699305 ], [ -98.125465524706954, 20.148601990447187 ], [ -98.125139539729261, 20.148582867434051 ], [ -98.124741763845634, 20.148542309417266 ], [ -98.124739722883007, 20.14851898077378 ], [ -98.124574778397061, 20.148445608609141 ], [ -98.124024184337145, 20.148159942514216 ], [ -98.123310033974491, 20.148028667348214 ], [ -98.122825223342645, 20.147962376297333 ], [ -98.122309570033963, 20.147876426618918 ], [ -98.121812808082737, 20.14779852469356 ], [ -98.121599092566811, 20.147744862010239 ], [ -98.121359873644096, 20.147660494963283 ], [ -98.120870671135663, 20.147422818753746 ], [ -98.120503382990037, 20.147251995426842 ], [ -98.120098482567883, 20.147036274717777 ], [ -98.119674493971132, 20.146790444659864 ], [ -98.118922002876459, 20.146370144471849 ], [ -98.118863720801045, 20.146345765502044 ], [ -98.117962585817892, 20.14585256567014 ], [ -98.117934206049156, 20.145829899317715 ], [ -98.117542048823168, 20.14561089081689 ], [ -98.117232407235434, 20.145485727047785 ], [ -98.117156700754236, 20.145480472846213 ], [ -98.116768437005618, 20.145434654386925 ], [ -98.116247867381645, 20.145388198423962 ], [ -98.115966708954076, 20.145396070850111 ], [ -98.115085423920959, 20.145144702305021 ], [ -98.114624953813163, 20.145129742011953 ], [ -98.114127431430987, 20.145187006361663 ], [ -98.113635105398942, 20.145191281126454 ], [ -98.113278579760902, 20.145250708158922 ], [ -98.112852877513092, 20.145336585975272 ], [ -98.112236172366153, 20.145114459638513 ], [ -98.111996795481815, 20.144961702535934 ], [ -98.111608320245949, 20.144912734523356 ], [ -98.111277594348223, 20.144576634853667 ], [ -98.110918838157886, 20.144334965333307 ], [ -98.110648977313986, 20.144009174263818 ], [ -98.110510116084299, 20.143741315344172 ], [ -98.110476019078249, 20.143427342158688 ], [ -98.110200062979644, 20.143289801177868 ], [ -98.10952984500581, 20.14324969071788 ], [ -98.10868208261931, 20.143194553059288 ], [ -98.108279000972061, 20.143221534874666 ], [ -98.107969352504938, 20.143083288616044 ], [ -98.107639121539862, 20.142925409610552 ], [ -98.107411920144386, 20.142846156666437 ], [ -98.107081696953912, 20.142688279396328 ], [ -98.106604762407301, 20.142669586195833 ], [ -98.105933418077427, 20.142425777364323 ], [ -98.105079425437424, 20.14227951381568 ], [ -98.104201351251803, 20.142630831471628 ], [ -98.103663395458483, 20.143016920862511 ], [ -98.102837847133401, 20.143246013590812 ], [ -98.102319262527402, 20.143846048609802 ], [ -98.102086856302719, 20.144426005286178 ], [ -98.10233055877103, 20.145042339243552 ], [ -98.102460090471709, 20.145381602707999 ], [ -98.10245333629922, 20.145616282040272 ], [ -98.102337043287989, 20.145809972065003 ], [ -98.102026806238058, 20.145899836394051 ], [ -98.101776418776296, 20.145892289851499 ], [ -98.101490781385053, 20.145946586801568 ], [ -98.101199139637217, 20.14613240047386 ], [ -98.100956049457992, 20.146525698501428 ], [ -98.100643688417989, 20.146826752250863 ], [ -98.100265294837399, 20.146922569531363 ], [ -98.099852556641892, 20.14678508806098 ], [ -98.09929761140252, 20.146800231164395 ], [ -98.098831077711893, 20.146579232833652 ], [ -98.09902859312902, 20.146391538518706 ], [ -98.098485767206796, 20.146271737200216 ], [ -98.097879443381501, 20.145389660012427 ], [ -98.098088278391273, 20.143735747812684 ], [ -98.0990399966377, 20.142163386950919 ], [ -98.100738286216185, 20.140112832499604 ], [ -98.102533328276792, 20.138483956957742 ], [ -98.103143364981975, 20.137151036906644 ], [ -98.103295101402466, 20.135793857480454 ], [ -98.103305583230267, 20.135312360427569 ], [ -98.103631053881699, 20.133864252496672 ], [ -98.103299672859663, 20.133273967455562 ], [ -98.101814402337226, 20.130895507376529 ], [ -98.101556566469213, 20.129729543668923 ], [ -98.10209196502484, 20.128609213510813 ], [ -98.103198979582217, 20.127741357558975 ], [ -98.104394854380629, 20.126749165206121 ], [ -98.104787382951116, 20.125200981447531 ], [ -98.105918806093456, 20.12313596577112 ], [ -98.108462466772508, 20.120803397338523 ], [ -98.109476294159691, 20.120567568580025 ], [ -98.109751573785914, 20.120791930596443 ], [ -98.110970640963018, 20.121570292923327 ], [ -98.112028375049732, 20.121422958144443 ], [ -98.112468203769211, 20.12147035766014 ], [ -98.112928184233567, 20.121737743816592 ], [ -98.113700748881101, 20.121597971736438 ], [ -98.115573782466271, 20.120322405810388 ], [ -98.115924886185155, 20.120577128391467 ], [ -98.116135983039968, 20.120321072934985 ], [ -98.116382821785621, 20.120263156720597 ], [ -98.116587228232589, 20.120086078373326 ], [ -98.117068348441862, 20.120425929734004 ], [ -98.117283477688019, 20.12050344379977 ], [ -98.117448658797954, 20.120562960510203 ], [ -98.117950463795268, 20.120811663839124 ], [ -98.118166877174119, 20.121085197443676 ], [ -98.118507209489024, 20.121249806449804 ], [ -98.118612531448775, 20.121369372557236 ], [ -98.118683369987835, 20.121765738862184 ], [ -98.119733862216165, 20.122807958473146 ], [ -98.119781788659765, 20.122802981419802 ], [ -98.119887405825466, 20.122792012509684 ], [ -98.120281149419171, 20.122514686364223 ], [ -98.120331399682385, 20.122560465495635 ], [ -98.120161831072153, 20.122721226371539 ], [ -98.120181945868694, 20.122886661895368 ], [ -98.120640528802625, 20.122916302768115 ], [ -98.120761341070889, 20.122521830886917 ], [ -98.120884252374481, 20.122486485139721 ], [ -98.120993377522083, 20.12281492289387 ], [ -98.121025224838775, 20.123167558879732 ], [ -98.121142328492198, 20.123510306472042 ], [ -98.121165441686728, 20.123577954849772 ], [ -98.121284189895448, 20.123857776584593 ], [ -98.121679868378848, 20.124261879643651 ], [ -98.121734771273324, 20.124376270114738 ], [ -98.121913320504206, 20.124634569843874 ], [ -98.122294421110951, 20.124542106424844 ], [ -98.123302121832978, 20.124248808005156 ], [ -98.123958163161092, 20.12428382533448 ], [ -98.124607064893524, 20.124069890619769 ], [ -98.124771690755139, 20.123740271445996 ], [ -98.124679314796921, 20.123499617245571 ], [ -98.124666995896092, 20.123467522535382 ], [ -98.124313423244473, 20.123006406267031 ], [ -98.12440127082958, 20.122769287231815 ], [ -98.124688477574907, 20.121994047919969 ], [ -98.124339847742789, 20.121797965875377 ], [ -98.123782287820106, 20.121770362022758 ], [ -98.123895505973366, 20.121551471516597 ], [ -98.123899655503237, 20.121221229053866 ], [ -98.124010533167777, 20.121159695295852 ], [ -98.124269104654999, 20.121101783813746 ], [ -98.12430335412877, 20.121026949934805 ], [ -98.12436839579793, 20.120884834233756 ], [ -98.124534074795449, 20.120724330774713 ], [ -98.124587994554815, 20.12078487148689 ], [ -98.124709324378387, 20.120921100508014 ], [ -98.124860201226966, 20.120608425290833 ], [ -98.12470225207116, 20.120363889133273 ], [ -98.124784626757389, 20.120209952874912 ], [ -98.124883162179387, 20.12019035455279 ], [ -98.125096858755171, 20.119906083907377 ], [ -98.12555229779818, 20.119593049402408 ], [ -98.125951513770843, 20.119340661284618 ], [ -98.126046326525852, 20.119224597051165 ], [ -98.126293723766707, 20.118921749866768 ], [ -98.126296935563559, 20.118599033746587 ], [ -98.126298000916407, 20.118491945392215 ], [ -98.125814832912965, 20.118016063440404 ], [ -98.126015747769614, 20.117988139476427 ], [ -98.126393311836907, 20.118110988344252 ], [ -98.126495200304475, 20.1180933348138 ], [ -98.126696354516028, 20.118058481734106 ], [ -98.126833776084538, 20.118006169307126 ], [ -98.126979386173801, 20.117950740213903 ], [ -98.12711581885182, 20.117755757017171 ], [ -98.127215386610288, 20.117300033285087 ], [ -98.127079416177764, 20.116744690944422 ], [ -98.127171357297982, 20.116623860776741 ], [ -98.12769525515705, 20.116199794999886 ], [ -98.127689747440257, 20.116120703007741 ], [ -98.127669432739438, 20.115829009352705 ], [ -98.127661128589025, 20.115709773884713 ], [ -98.128007002403962, 20.115674009440433 ], [ -98.128104022714354, 20.11549809018657 ], [ -98.127722282114746, 20.115340210856761 ], [ -98.127711587402644, 20.114945219995519 ], [ -98.127403162266688, 20.11488513889319 ], [ -98.127530860631481, 20.114727119778834 ], [ -98.127592725680117, 20.114645709052681 ], [ -98.127646401874372, 20.114575074513962 ], [ -98.12784309145259, 20.11431624549196 ], [ -98.12790286705885, 20.114089140635929 ], [ -98.127916931949557, 20.113986557539913 ], [ -98.12794792970783, 20.11376046512807 ], [ -98.127993945164249, 20.113424834952824 ], [ -98.127994855268867, 20.113418202680748 ], [ -98.127973633413362, 20.113311206427984 ], [ -98.127990470441929, 20.113163198851083 ], [ -98.128028920794279, 20.112825188259546 ], [ -98.128064871084803, 20.112509167380647 ], [ -98.128031863845692, 20.112197838518632 ], [ -98.127895352517228, 20.11178771946911 ], [ -98.12775847876101, 20.111443118699093 ], [ -98.127734589934121, 20.111401272480038 ], [ -98.127655356892689, 20.111262483378287 ], [ -98.127613857048459, 20.11119505562333 ], [ -98.12748346292274, 20.110983193241626 ], [ -98.127474185902798, 20.110962019916663 ], [ -98.127392105052309, 20.110774677366962 ], [ -98.127369426077934, 20.110664923338305 ], [ -98.127326527533896, 20.110457318511639 ], [ -98.127196998847666, 20.110253264408787 ], [ -98.127157135322776, 20.110190465542718 ], [ -98.127007182038213, 20.109892532508081 ], [ -98.127021112250219, 20.109844604341127 ], [ -98.127057215712, 20.10972038304379 ], [ -98.127119713777191, 20.109505343700906 ], [ -98.127216821774056, 20.10914139528505 ], [ -98.127317501058116, 20.108657183876883 ], [ -98.127465199970302, 20.108559982061433 ], [ -98.127522021453245, 20.10852258663542 ], [ -98.127554011242594, 20.108501534273525 ], [ -98.127640172125439, 20.108212953891282 ], [ -98.12780073978216, 20.107974012499799 ], [ -98.12785361246722, 20.107895333765995 ], [ -98.127949381240327, 20.108022829386577 ], [ -98.128053884050075, 20.108051260149235 ], [ -98.12809734133171, 20.108063084098404 ], [ -98.128196810248738, 20.107867607817361 ], [ -98.128133208775921, 20.107776754143678 ], [ -98.128085387900626, 20.107708443183931 ], [ -98.128138767378545, 20.107386747903103 ], [ -98.128272666544248, 20.10720264877023 ], [ -98.128444148225341, 20.107196600812095 ], [ -98.128669350322028, 20.107217646138576 ], [ -98.128739285013992, 20.107224181938854 ], [ -98.128844678830404, 20.107233966781919 ], [ -98.129180974685113, 20.107265188524241 ], [ -98.129248442376962, 20.107276936432655 ], [ -98.129323919127231, 20.107290079209022 ], [ -98.129609951503312, 20.107339885339684 ], [ -98.129759428180506, 20.107468273879135 ], [ -98.129815657382821, 20.107491137068191 ], [ -98.129975026355439, 20.107555937955752 ], [ -98.129979196119422, 20.107557632848991 ], [ -98.130206901626337, 20.107409827958925 ], [ -98.13030162319744, 20.107348343833149 ], [ -98.130418820780449, 20.10744075758565 ], [ -98.130445356806277, 20.107620742842428 ], [ -98.130475904916921, 20.107612781088495 ], [ -98.130609484123539, 20.107577968569057 ], [ -98.130704887276991, 20.107505294965431 ], [ -98.130766752602142, 20.107458168278757 ], [ -98.130984852929444, 20.107458116890594 ], [ -98.131004649540657, 20.107458111397236 ], [ -98.131059148959963, 20.107412103094138 ], [ -98.131064041881885, 20.107393695106726 ], [ -98.13129533202391, 20.107498488106842 ], [ -98.131573116373801, 20.107542904902147 ], [ -98.131711362142511, 20.107442215655848 ], [ -98.131606544325379, 20.107181764718305 ], [ -98.132351660847263, 20.106944055260058 ], [ -98.132675310067327, 20.10648472142551 ], [ -98.13263419121327, 20.106257849413932 ], [ -98.132886812820999, 20.106084371651495 ], [ -98.132724854229608, 20.10582239985041 ], [ -98.133443923339698, 20.105392087968838 ], [ -98.133368225246969, 20.105047371384163 ], [ -98.133421154215227, 20.104746804720225 ], [ -98.133424187478923, 20.104729577529778 ], [ -98.133647638703152, 20.104674606904396 ], [ -98.133889166732246, 20.104615189665751 ], [ -98.134226511354754, 20.104820734260382 ], [ -98.135078681142076, 20.104912368467048 ], [ -98.135902764644001, 20.104513897964605 ], [ -98.136446173332004, 20.105004924015823 ], [ -98.137595113585547, 20.104654902938524 ], [ -98.137595504500752, 20.104654783769611 ], [ -98.137595779192097, 20.104655102268644 ], [ -98.13765597225219, 20.104724635958561 ], [ -98.137746138841351, 20.104828795801176 ], [ -98.138080791500514, 20.105013952452929 ], [ -98.138351467298918, 20.105126614513768 ], [ -98.138537668586991, 20.105061657322938 ], [ -98.13861072890306, 20.104755048158349 ], [ -98.138903108007938, 20.104731691052837 ], [ -98.139151587952796, 20.104522590867212 ], [ -98.139473949516571, 20.104172885871545 ], [ -98.139975985401833, 20.104256428122216 ], [ -98.140314952242448, 20.103776291148513 ], [ -98.14041207251104, 20.103428334805344 ], [ -98.14047300122526, 20.103331014243821 ], [ -98.14040599148224, 20.10307571105708 ], [ -98.140414066482833, 20.103014193999019 ], [ -98.140282673414347, 20.102902821026461 ], [ -98.140107954647988, 20.10266666114557 ], [ -98.1400313054789, 20.102231230946003 ], [ -98.140022602472825, 20.102181787094551 ], [ -98.139907310646649, 20.101807499910663 ], [ -98.140050327155009, 20.10168099001524 ], [ -98.140393985935404, 20.101621805598946 ], [ -98.140462979192577, 20.101411278566783 ], [ -98.140499465666863, 20.101257137419122 ], [ -98.140695971840486, 20.101117476543923 ], [ -98.140793614307441, 20.100955388843001 ], [ -98.140915809220573, 20.100915653354409 ], [ -98.141077244773939, 20.100914997980318 ], [ -98.14129020791205, 20.100857725464113 ], [ -98.141342497523496, 20.100773790596943 ], [ -98.1417229783831, 20.100644565424446 ], [ -98.141999064617991, 20.100260692575272 ], [ -98.142297983673132, 20.09992604614963 ], [ -98.142397076809857, 20.099697709451451 ], [ -98.142526903569333, 20.099596947698693 ], [ -98.142704971982553, 20.099348229318405 ], [ -98.142505577971178, 20.098921218581701 ], [ -98.142509451422015, 20.098770371916704 ], [ -98.142441243128332, 20.098507568303688 ], [ -98.14244705107842, 20.098441313441011 ], [ -98.142709389418712, 20.098290499022813 ], [ -98.142870647282322, 20.09831445189576 ], [ -98.142927410863294, 20.098462831730252 ], [ -98.142938125894602, 20.098677542089845 ], [ -98.143246523498107, 20.098805153221054 ], [ -98.143425073510045, 20.098960993117164 ], [ -98.14350322014964, 20.099121875504405 ], [ -98.143617231309364, 20.09916953789492 ], [ -98.1442072214018, 20.098952318234577 ], [ -98.144564026944963, 20.098837771645645 ], [ -98.144624395375644, 20.098432098713953 ], [ -98.144791903216088, 20.098210182207616 ], [ -98.1447435517955, 20.097956004480078 ], [ -98.144792718097307, 20.097863691596626 ], [ -98.145039734715127, 20.097787859872593 ], [ -98.145282736688486, 20.097716972629222 ], [ -98.145511171657233, 20.097469515213071 ], [ -98.145761862904607, 20.097342046085785 ], [ -98.145869707086248, 20.097335029445631 ], [ -98.145985308202583, 20.097327508124756 ], [ -98.146649066836233, 20.097587252786433 ], [ -98.147291385571535, 20.097489518456896 ], [ -98.147418532410796, 20.09753820237 ], [ -98.147757956533027, 20.097376918645654 ], [ -98.147806587280357, 20.097413818114003 ], [ -98.148102517268399, 20.097500883758066 ], [ -98.148367433207142, 20.097522034750387 ], [ -98.148643137210414, 20.09773079845268 ], [ -98.148723454937439, 20.097841105739175 ], [ -98.148990984829098, 20.097970924181478 ], [ -98.149141994632757, 20.097979674275308 ], [ -98.149332649497467, 20.09769416227175 ], [ -98.149340337932756, 20.097423689381664 ], [ -98.149424258089297, 20.097224042521816 ], [ -98.149363997921299, 20.097024940492322 ], [ -98.149376718066463, 20.096995735669243 ], [ -98.149383872280708, 20.096979313203647 ], [ -98.149464687400624, 20.09678869800786 ], [ -98.149716207483152, 20.096848012058775 ], [ -98.149853332663028, 20.096749069818749 ], [ -98.150696802817677, 20.096931934249589 ], [ -98.151010285899403, 20.096742733210327 ], [ -98.150882469120546, 20.096457146437089 ], [ -98.151284484539005, 20.096015322400504 ], [ -98.151608015206804, 20.096092777864577 ], [ -98.151933805881697, 20.096202123815367 ], [ -98.152260947506633, 20.0960738649757 ], [ -98.152548614246939, 20.095815047926401 ], [ -98.152643400652209, 20.095647954304006 ], [ -98.153277378247864, 20.095582661448255 ], [ -98.153744979067639, 20.095406574588125 ], [ -98.154116633929519, 20.095195993207 ], [ -98.154367219413771, 20.095144227659951 ], [ -98.154614708891444, 20.095183135079093 ], [ -98.15478305754084, 20.09539328352637 ], [ -98.155022750017835, 20.095437961285633 ], [ -98.155008464342075, 20.095116608409896 ], [ -98.155366198532477, 20.094951126916634 ], [ -98.155663210678398, 20.095111294022914 ], [ -98.156060790925949, 20.094894006778567 ], [ -98.156709412429123, 20.094942601345231 ], [ -98.157060861909798, 20.094664253080207 ], [ -98.157120050172026, 20.0944772543914 ], [ -98.157640936776147, 20.094064212425256 ], [ -98.157931308901226, 20.094067824308876 ], [ -98.158284564935258, 20.093733074918209 ], [ -98.158641204443285, 20.093509711275367 ], [ -98.159237031769777, 20.093052638334129 ], [ -98.159704740908353, 20.092569968417866 ], [ -98.159289997156023, 20.092398497492411 ], [ -98.159043676442522, 20.092170027535893 ], [ -98.158845865750976, 20.091942641386744 ], [ -98.158872135093105, 20.091746392328208 ], [ -98.159111149213757, 20.091452700364364 ], [ -98.159303773097847, 20.091343227742591 ], [ -98.159372140323612, 20.091251214176623 ], [ -98.159504816855588, 20.091072646069769 ], [ -98.159769531971861, 20.090811474420136 ], [ -98.160022279280625, 20.090691303131219 ], [ -98.160038590437338, 20.090653277467098 ], [ -98.160262319559351, 20.09032244420354 ], [ -98.160272886966354, 20.090176954939004 ], [ -98.159775586599139, 20.089651637276098 ], [ -98.159744831128194, 20.089610964214888 ], [ -98.158570002450375, 20.088680454107241 ], [ -98.158520772837875, 20.08841968796321 ], [ -98.158359244520227, 20.088125554767728 ], [ -98.158112046371784, 20.087714757735935 ], [ -98.158136198004954, 20.087237627375476 ], [ -98.157824591872398, 20.086940423348135 ], [ -98.157622820811284, 20.086765512635033 ], [ -98.157349894880525, 20.08656423257591 ], [ -98.157079133222226, 20.086126159069718 ], [ -98.157035582341038, 20.085845675415356 ], [ -98.157071933585684, 20.085479110057506 ], [ -98.15719080216607, 20.084867443543171 ], [ -98.15774480803772, 20.084197861119325 ], [ -98.158832733278373, 20.082882949132323 ], [ -98.159034774799267, 20.082694057218006 ], [ -98.15945867260271, 20.08245264121344 ], [ -98.159672201132636, 20.082111767673752 ], [ -98.15989070863094, 20.0818351443944 ], [ -98.159885742082892, 20.081346109184025 ], [ -98.16001819366258, 20.080882577085188 ], [ -98.160132032402501, 20.080484183487432 ], [ -98.16026477106027, 20.08008227794798 ], [ -98.160551612456942, 20.079937533448458 ], [ -98.160968498878717, 20.079731871166697 ], [ -98.161117779956626, 20.079291872352396 ], [ -98.16133722934687, 20.078731036530741 ], [ -98.161346550239244, 20.078702072956055 ], [ -98.161582148181353, 20.077970003368055 ], [ -98.161630779631409, 20.077818889791399 ], [ -98.16207502220206, 20.077444306976648 ], [ -98.162381015775281, 20.076915404402882 ], [ -98.162677365526562, 20.076177882357825 ], [ -98.16299644473952, 20.075787600161672 ], [ -98.163035410965847, 20.075739938052866 ], [ -98.163118838837647, 20.075637893660936 ], [ -98.163866237970822, 20.075010461605665 ], [ -98.164204970596259, 20.074709670951695 ], [ -98.164520786278857, 20.074430117565118 ], [ -98.16489689450917, 20.074190676916654 ], [ -98.165374227145293, 20.074103156749945 ], [ -98.165546991853319, 20.074028518800187 ], [ -98.165313818743527, 20.07342136124192 ], [ -98.164765234153535, 20.071486602875765 ], [ -98.164547785645269, 20.070579714608073 ], [ -98.164547277217409, 20.070516816174663 ], [ -98.164617876223147, 20.070129234342094 ], [ -98.164640213546875, 20.070012115701232 ], [ -98.164992491918653, 20.06872712136596 ], [ -98.165090200754918, 20.068370706465366 ], [ -98.165579461498695, 20.066585972148768 ] ] ] ] } },
{ "type": "Feature", "properties": { "Nombre": "Mixquiapan", "Jurisdiccion": "Municipal", "Area_h": 49.9531 }, "geometry": { "type": "MultiPolygon", "coordinates": [ [ [ [ -98.46654658271521, 20.148383841144106 ], [ -98.466367270342658, 20.147510667721779 ], [ -98.466932424107725, 20.146820564678819 ], [ -98.468684509712986, 20.146784201342061 ], [ -98.469705885542268, 20.146768935698407 ], [ -98.470950673039852, 20.146756323268281 ], [ -98.472093736399202, 20.146746919521462 ], [ -98.472887477962274, 20.146875806751858 ], [ -98.474074485728607, 20.146716702512318 ], [ -98.474581300411955, 20.146808578400044 ], [ -98.475030887372682, 20.146846062998595 ], [ -98.475326959977011, 20.147009597611721 ], [ -98.475898674151154, 20.147725163215295 ], [ -98.476223484412031, 20.147879745616081 ], [ -98.47631467477801, 20.147885614724188 ], [ -98.476529627207682, 20.14789366883933 ], [ -98.476553162567441, 20.147894550239954 ], [ -98.476526550241729, 20.14838631409641 ], [ -98.475559806607166, 20.149193026177244 ], [ -98.475337994501942, 20.149378120027222 ], [ -98.475352536460477, 20.149470725216489 ], [ -98.475434404047647, 20.149992058573321 ], [ -98.475099022097112, 20.15048019119774 ], [ -98.474880473063024, 20.15047104652426 ], [ -98.474608414554979, 20.150459661814153 ], [ -98.47381051031212, 20.150425562468271 ], [ -98.473332748532641, 20.14985584513699 ], [ -98.472098335638123, 20.150162182842944 ], [ -98.472658335131129, 20.151430289613778 ], [ -98.473109173781154, 20.152096706295922 ], [ -98.474356836397504, 20.152500542381606 ], [ -98.474382532075339, 20.152508859226696 ], [ -98.474341244802531, 20.152560972688484 ], [ -98.473843160466714, 20.153189665324462 ], [ -98.47335587662478, 20.153944632206532 ], [ -98.471087736362108, 20.155153569158315 ], [ -98.471521791690932, 20.15435381019336 ], [ -98.471916841207417, 20.153627759084944 ], [ -98.471354206692595, 20.153369442696359 ], [ -98.471668033521524, 20.153178634696413 ], [ -98.471669220321886, 20.15234233449317 ], [ -98.47164721791431, 20.151800275829967 ], [ -98.471345646817468, 20.151364184663034 ], [ -98.470093707055071, 20.152067779565247 ], [ -98.469346716346053, 20.150613225460077 ], [ -98.468028821023807, 20.150928770826976 ], [ -98.467777721324907, 20.151019369401833 ], [ -98.467202046510039, 20.150576388498997 ], [ -98.466567457982265, 20.150097806190232 ], [ -98.466100694049089, 20.14931276959032 ], [ -98.46654658271521, 20.148383841144106 ] ] ] ] } },
{ "type": "Feature", "properties": { "Nombre": "Mixquiapan", "Jurisdiccion": "Municipal", "Area_h": 10.1502 }, "geometry": { "type": "MultiPolygon", "coordinates": [ [ [ [ -98.485597287597585, 20.142554767029129 ], [ -98.485399434184828, 20.142087441824884 ], [ -98.485819791985676, 20.141579837138547 ], [ -98.486076010514083, 20.141905798977263 ], [ -98.487450823894477, 20.142352309978357 ], [ -98.489269226528293, 20.14029285423382 ], [ -98.489501252731188, 20.140030069708924 ], [ -98.489474885194198, 20.140531405967064 ], [ -98.489416760414812, 20.141339837206257 ], [ -98.489210183273414, 20.14421301792559 ], [ -98.487988857466689, 20.144254472066798 ], [ -98.487627770486768, 20.143750734841628 ], [ -98.486291937960402, 20.144195495844642 ], [ -98.485597287597585, 20.142554767029129 ] ] ] ] } },
{ "type": "Feature", "properties": { "Nombre": "Mixquiapan", "Jurisdiccion": "Municipal", "Area_h": 15.0588 }, "geometry": { "type": "MultiPolygon", "coordinates": [ [ [ [ -98.48762792659106, 20.133930764214046 ], [ -98.487643064896588, 20.132601920112677 ], [ -98.487705680289466, 20.133048220326014 ], [ -98.487757794564772, 20.133419675047673 ], [ -98.488272862292789, 20.133787411578162 ], [ -98.488764487542227, 20.133434195303941 ], [ -98.48977867220448, 20.13270552661751 ], [ -98.491346341358707, 20.132783884401093 ], [ -98.491704869249929, 20.13303992258388 ], [ -98.491524982283124, 20.133247069122845 ], [ -98.491389771440353, 20.133402769841695 ], [ -98.491223006616281, 20.133594804597102 ], [ -98.490602980868999, 20.13430877889169 ], [ -98.490034541004817, 20.134908048162149 ], [ -98.490060015016894, 20.135165473196015 ], [ -98.489986573478646, 20.135802499681031 ], [ -98.489980550309056, 20.135859211077403 ], [ -98.489917686222725, 20.136451103885012 ], [ -98.489832768597267, 20.137202551310587 ], [ -98.489828242201668, 20.137242603233148 ], [ -98.489759475007517, 20.137883256577716 ], [ -98.489646629052629, 20.138838877860291 ], [ -98.489561534186606, 20.139144689864235 ], [ -98.489140511060597, 20.138831898159598 ], [ -98.489135664684454, 20.138836095010461 ], [ -98.488772930139845, 20.139150264189546 ], [ -98.488082767960478, 20.138777592599649 ], [ -98.488837164144627, 20.13775732869151 ], [ -98.488638168416188, 20.137491366863419 ], [ -98.48808763154986, 20.136755560454699 ], [ -98.487638183719, 20.135479597713093 ], [ -98.48745780439063, 20.135635129597976 ], [ -98.48764911770661, 20.13517781799737 ], [ -98.487626802102568, 20.13456843812822 ], [ -98.48762792659106, 20.133930764214046 ] ] ] ] } },
{ "type": "Feature", "properties": { "Nombre": "San Mateo Tlajomulco", "Jurisdiccion": "Municipal", "Area_h": 365.747 }, "geometry": { "type": "MultiPolygon", "coordinates": [ [ [ [ -98.423958281888673, 19.911107523925814 ], [ -98.423489534541844, 19.907911319359343 ], [ -98.425665682616653, 19.908120901900325 ], [ -98.428866028361057, 19.908429054636073 ], [ -98.429335936844552, 19.905049011558408 ], [ -98.429473376992036, 19.904060368015202 ], [ -98.430092858031443, 19.899604153095524 ], [ -98.430110159422426, 19.899479694426635 ], [ -98.430320234637307, 19.899497524549442 ], [ -98.430358953064783, 19.899500811247986 ], [ -98.431189880841103, 19.899154669527974 ], [ -98.431200885243101, 19.89894154938408 ], [ -98.431758071542248, 19.898546366390104 ], [ -98.432207249835372, 19.898227785084622 ], [ -98.432505641372018, 19.897850870490153 ], [ -98.432823584453473, 19.897735617465383 ], [ -98.433049720845744, 19.897513493718517 ], [ -98.433299143510141, 19.897564369930329 ], [ -98.433387493530532, 19.89758239159621 ], [ -98.433787895013253, 19.897322066078683 ], [ -98.434218852499356, 19.897110281185551 ], [ -98.434946024344185, 19.897131969158341 ], [ -98.435212818953048, 19.896997171617183 ], [ -98.435838214490261, 19.896834444088476 ], [ -98.436811659393683, 19.896730949361391 ], [ -98.437026415774028, 19.896828517685531 ], [ -98.437305821526181, 19.896808541526752 ], [ -98.437415746269835, 19.896800682124137 ], [ -98.437287200713811, 19.896527305182381 ], [ -98.437282246192837, 19.896452488441692 ], [ -98.440729897205543, 19.896394452515775 ], [ -98.440663433803351, 19.896607451710246 ], [ -98.440458033033394, 19.896761828352155 ], [ -98.440374966904415, 19.897081300621601 ], [ -98.440291525817855, 19.897507349460952 ], [ -98.43994340486303, 19.897467498736496 ], [ -98.439614610519016, 19.897757131369186 ], [ -98.439439287853347, 19.898095690376294 ], [ -98.439110149047508, 19.89848220891049 ], [ -98.43884308189196, 19.898694522537092 ], [ -98.43869834876827, 19.899071932728305 ], [ -98.439075768153103, 19.899518812495291 ], [ -98.43914559196017, 19.900051921381195 ], [ -98.439657505380794, 19.900121356265444 ], [ -98.440118680155877, 19.900054985618404 ], [ -98.440765488102329, 19.899630708322864 ], [ -98.441042118048415, 19.899612199653092 ], [ -98.441258173014191, 19.899341588312168 ], [ -98.441421992726987, 19.89936148037151 ], [ -98.441504514328344, 19.89919702822592 ], [ -98.441515165107774, 19.899080794956795 ], [ -98.441301116757046, 19.898779767459772 ], [ -98.440963268725781, 19.898730262032373 ], [ -98.44077777285969, 19.89904941262056 ], [ -98.440613953563414, 19.899029519977134 ], [ -98.440337087166327, 19.89911584948748 ], [ -98.440265897312457, 19.898970292242559 ], [ -98.440779474267757, 19.898564973435114 ], [ -98.441199639375839, 19.89850815989131 ], [ -98.441477455847505, 19.898150543004196 ], [ -98.441356104602306, 19.897704473071848 ], [ -98.441490757216044, 19.897278583499382 ], [ -98.441604175997398, 19.897065783735002 ], [ -98.441789328182992, 19.896843519994789 ], [ -98.442086403942, 19.896834762612055 ], [ -98.442333215609054, 19.8965545581861 ], [ -98.442855769044002, 19.896507750279838 ], [ -98.442825709992945, 19.896344195598093 ], [ -98.44605527217314, 19.896127330244283 ], [ -98.446206689703743, 19.896117161007375 ], [ -98.446132087224498, 19.896917268865735 ], [ -98.445836333235306, 19.900089139515263 ], [ -98.445494957650553, 19.900449686414632 ], [ -98.445362371667358, 19.900284562004625 ], [ -98.444848293597758, 19.90083522593277 ], [ -98.444550093949417, 19.901163718636827 ], [ -98.44377002714171, 19.901616659865542 ], [ -98.444199223914708, 19.901908667742067 ], [ -98.443788245404576, 19.902265872516931 ], [ -98.443470165110583, 19.902419900184942 ], [ -98.443131801179831, 19.902515730451732 ], [ -98.442835053920717, 19.902427601489389 ], [ -98.442599697253897, 19.902359042139395 ], [ -98.441749921328224, 19.902240111439056 ], [ -98.44189264634413, 19.902434336927712 ], [ -98.441360068972301, 19.902413287878566 ], [ -98.441134548985346, 19.902461024133274 ], [ -98.440960482001614, 19.902441099555126 ], [ -98.44065342492199, 19.902372312362662 ], [ -98.440377131689189, 19.902293932516681 ], [ -98.440038255124833, 19.902535088541896 ], [ -98.439791941382339, 19.902669957609643 ], [ -98.439504586197515, 19.902824075720286 ], [ -98.439370742149151, 19.9030174317408 ], [ -98.439472389628378, 19.903240596326029 ], [ -98.439758688551578, 19.903386831290263 ], [ -98.440086301792377, 19.903436306971585 ], [ -98.440322134815716, 19.90336922675656 ], [ -98.440628614865929, 19.903602723787703 ], [ -98.44061721400918, 19.903932110037754 ], [ -98.440995943952259, 19.904010811427714 ], [ -98.441129684878945, 19.903846520515053 ], [ -98.441323626927527, 19.904040907309749 ], [ -98.441630789485572, 19.904080627079164 ], [ -98.442173479963671, 19.904140462685483 ], [ -98.442460936894165, 19.90395727484297 ], [ -98.442635072652195, 19.903957820428875 ], [ -98.442954649586682, 19.903377487963724 ], [ -98.443200453541678, 19.903387946232261 ], [ -98.443445647797134, 19.903572802256598 ], [ -98.443620189531359, 19.903457081469234 ], [ -98.444010075988075, 19.903274211315821 ], [ -98.444256928452432, 19.902984315796786 ], [ -98.444400976028476, 19.902800676726883 ], [ -98.444463483426929, 19.902500515367386 ], [ -98.44431024142682, 19.902383770162292 ], [ -98.444126236300207, 19.902276617617726 ], [ -98.444301418687999, 19.901976809166218 ], [ -98.444649788337031, 19.901948830104523 ], [ -98.444824597715126, 19.901755597754047 ], [ -98.44507093971751, 19.901611032781325 ], [ -98.444826354633193, 19.901251780805801 ], [ -98.445339826587286, 19.900875514300701 ], [ -98.445575350100682, 19.900895626063619 ], [ -98.445771676233804, 19.900782543590296 ], [ -98.445733328116489, 19.901193795527245 ], [ -98.445717752423434, 19.901360829380618 ], [ -98.445646952209771, 19.902120101701072 ], [ -98.445633784876989, 19.90226131140296 ], [ -98.445274483711088, 19.904576499940017 ], [ -98.44510734062014, 19.905653475038058 ], [ -98.445054594862015, 19.908046209074055 ], [ -98.44499704092145, 19.910034891393785 ], [ -98.44497660608269, 19.910740988379271 ], [ -98.439233508133299, 19.913426644699626 ], [ -98.438838979469168, 19.913611129007236 ], [ -98.436963348057844, 19.914488166839043 ], [ -98.429256232962246, 19.918091671158354 ], [ -98.425535432154419, 19.91983117177282 ], [ -98.424696436862561, 19.916140473949838 ], [ -98.423958281888673, 19.911107523925814 ] ] ] ] } },
{ "type": "Feature", "properties": { "Nombre": "San Mateo Tlajomulco", "Jurisdiccion": "Municipal", "Area_h": 118.597 }, "geometry": { "type": "MultiPolygon", "coordinates": [ [ [ [ -98.450988193531316, 19.894721823761355 ], [ -98.452094977813147, 19.894368320477192 ], [ -98.456268350289335, 19.893035269675376 ], [ -98.457021638056162, 19.892884870573937 ], [ -98.459892617299047, 19.89210888538771 ], [ -98.461795544668092, 19.890196888733112 ], [ -98.461793616102923, 19.89051521861434 ], [ -98.46194267889237, 19.890609874625689 ], [ -98.461742628772356, 19.890868335232433 ], [ -98.46201633495761, 19.890916265299733 ], [ -98.462071776729118, 19.891087180047517 ], [ -98.462133064520387, 19.89136998148599 ], [ -98.462162615089028, 19.89183521056578 ], [ -98.462024210569709, 19.89227049213196 ], [ -98.462024952533298, 19.892322624076137 ], [ -98.462029241099216, 19.892623778050709 ], [ -98.461758870704969, 19.893429594767394 ], [ -98.461683642034103, 19.89358833898136 ], [ -98.461726475729122, 19.893806318359967 ], [ -98.461402371757131, 19.893934870591558 ], [ -98.461482452896888, 19.894182401785386 ], [ -98.460878012945301, 19.894380759150593 ], [ -98.460740458837648, 19.89456286502449 ], [ -98.460764717899636, 19.894751349250427 ], [ -98.46100740922887, 19.894769747949422 ], [ -98.461144046854741, 19.894858479758863 ], [ -98.461311009810615, 19.895182815763512 ], [ -98.461210722411153, 19.895388586559172 ], [ -98.460917517451023, 19.895581997641074 ], [ -98.461110036280061, 19.895712113231841 ], [ -98.461328667441165, 19.895483148918242 ], [ -98.461440547136348, 19.895530590166199 ], [ -98.461246255520379, 19.895924487220757 ], [ -98.461319515063181, 19.896348633066221 ], [ -98.461087577234437, 19.896830734015889 ], [ -98.461536136084206, 19.896714334543411 ], [ -98.461398600542921, 19.8968905536398 ], [ -98.461491649414683, 19.896985040555574 ], [ -98.461678899994396, 19.896832523557581 ], [ -98.461965961168417, 19.896615541815212 ], [ -98.461902722189947, 19.896909742144981 ], [ -98.461516268039759, 19.897067544950399 ], [ -98.461596250313193, 19.89734451570477 ], [ -98.461776282333545, 19.897486368270332 ], [ -98.461489698137328, 19.897562043077649 ], [ -98.461501688913089, 19.897697499201129 ], [ -98.461799747932417, 19.897910363290404 ], [ -98.461891582949093, 19.898364004085462 ], [ -98.461654792392991, 19.89843982967372 ], [ -98.46158682125548, 19.898292428773761 ], [ -98.461525232481904, 19.898097943586457 ], [ -98.461176261823539, 19.898214644483097 ], [ -98.461126047326189, 19.898338136827892 ], [ -98.461343805799956, 19.898368235115164 ], [ -98.461380615381699, 19.898527318137365 ], [ -98.461455209578531, 19.898556982939585 ], [ -98.46175969402951, 19.89871098753941 ], [ -98.461964029466031, 19.899029548659836 ], [ -98.46218274365178, 19.898777032816696 ], [ -98.46247497822614, 19.898872121078135 ], [ -98.462406090767999, 19.898995557389082 ], [ -98.462630015703752, 19.899043337269294 ], [ -98.462841391665293, 19.899120517145704 ], [ -98.462928078756306, 19.899256198626503 ], [ -98.4631580892259, 19.899345210716781 ], [ -98.463162984082572, 19.899739710469156 ], [ -98.463417953683788, 19.899811133009838 ], [ -98.463592756970101, 19.899658576543398 ], [ -98.463810339336149, 19.899741662170239 ], [ -98.463828616622436, 19.899859473473242 ], [ -98.46404647686208, 19.899860129747864 ], [ -98.4642703045009, 19.899937345456504 ], [ -98.463995986518867, 19.900066051988791 ], [ -98.464169661055323, 19.900249098449976 ], [ -98.464649525393909, 19.900228756666202 ], [ -98.464349302480699, 19.900508703535152 ], [ -98.464237022151949, 19.900579019981706 ], [ -98.464330113508709, 19.900661730137475 ], [ -98.464480477764852, 19.900826854557831 ], [ -98.464160602438568, 19.901091031086779 ], [ -98.46438580629875, 19.901161804192302 ], [ -98.464328355608771, 19.901365067797741 ], [ -98.463834939646503, 19.901678833905308 ], [ -98.464164618370717, 19.90194437542802 ], [ -98.464120269116037, 19.902101287801308 ], [ -98.461662277308946, 19.902390919047292 ], [ -98.459336632558134, 19.902608209949339 ], [ -98.458405690266574, 19.902685272967894 ], [ -98.455759117113558, 19.902813088078368 ], [ -98.455734476927503, 19.902975605946875 ], [ -98.455360424225333, 19.902992787341425 ], [ -98.455319005029367, 19.90283772121678 ], [ -98.455478164520642, 19.902619061272322 ], [ -98.455627818435403, 19.90254297756023 ], [ -98.455795864551661, 19.902549379767695 ], [ -98.455802672308138, 19.902378653733425 ], [ -98.455585292158602, 19.902236680026341 ], [ -98.455411203592647, 19.90217726926079 ], [ -98.455311407638888, 19.902235841836525 ], [ -98.455131053866253, 19.902188187046598 ], [ -98.455119168086682, 19.902023291967947 ], [ -98.455082283468073, 19.901887758446733 ], [ -98.454777457943635, 19.90183383482087 ], [ -98.454534514733766, 19.90188608012237 ], [ -98.454608686507683, 19.902039391629803 ], [ -98.454639265060976, 19.902198456763308 ], [ -98.454134926215218, 19.902238124729639 ], [ -98.453885172396497, 19.902461095950368 ], [ -98.45394211723395, 19.90297858421933 ], [ -98.45325794878066, 19.903048573470961 ], [ -98.452654673161689, 19.901687467535446 ], [ -98.452992177834972, 19.901480973813694 ], [ -98.452936399573616, 19.90141014798613 ], [ -98.452750854686386, 19.90106219566497 ], [ -98.452442682056656, 19.900172185484003 ], [ -98.45241350229719, 19.899606864436276 ], [ -98.45205357263545, 19.899287813724399 ], [ -98.4517488536424, 19.89920444542695 ], [ -98.451613312787714, 19.898797767951272 ], [ -98.451658669310305, 19.898279779029554 ], [ -98.451604047593577, 19.897873349924968 ], [ -98.451424714116698, 19.897531303533448 ], [ -98.4512299309458, 19.89737277622304 ], [ -98.451073027100037, 19.896187331571785 ], [ -98.451078370932407, 19.896067108740798 ], [ -98.450988193531316, 19.894721823761355 ] ] ] ] } },
{ "type": "Feature", "properties": { "Nombre": "San Ignacio - El Coyuco", "Jurisdiccion": "Municipal", "Area_h": 143.664 }, "geometry": { "type": "MultiPolygon", "coordinates": [ [ [ [ -98.27412518900708, 19.908595107113687 ], [ -98.274481200460713, 19.908191673527462 ], [ -98.274081213567953, 19.906590684700706 ], [ -98.272786931415737, 19.906926651536367 ], [ -98.272827804603054, 19.906410973318213 ], [ -98.272806847300032, 19.906406734606669 ], [ -98.272775983313579, 19.906394899308662 ], [ -98.272747760290173, 19.906378175362757 ], [ -98.272723034781038, 19.906357068685757 ], [ -98.272702560487758, 19.906332222124817 ], [ -98.272686958762364, 19.906304390035167 ], [ -98.272676703413097, 19.906274418338128 ], [ -98.272672107445615, 19.906243219165258 ], [ -98.272673307930788, 19.906211737362341 ], [ -98.272680271824015, 19.90618093153709 ], [ -98.272692783719819, 19.906151736056987 ], [ -98.272710466005094, 19.906125041252029 ], [ -98.27273278094772, 19.906101654567834 ], [ -98.272759049857086, 19.906082288896943 ], [ -98.272858695711136, 19.906021239058656 ], [ -98.272860775989614, 19.90599499462791 ], [ -98.272641449949219, 19.905112306528203 ], [ -98.27297008356588, 19.90501507364166 ], [ -98.273053435281156, 19.90478542429971 ], [ -98.27276780731664, 19.9041536551752 ], [ -98.272414170665158, 19.90413063988326 ], [ -98.272292035733017, 19.903613160018896 ], [ -98.272523624984942, 19.903532952759729 ], [ -98.272523914682765, 19.90353248406063 ], [ -98.272545463127315, 19.903508463521682 ], [ -98.272571093057323, 19.903488348857387 ], [ -98.272600027875384, 19.903472747739762 ], [ -98.272631386495135, 19.903462137292362 ], [ -98.272787742585109, 19.903423383911992 ], [ -98.273089246486009, 19.902784173565372 ], [ -98.272748329204788, 19.902350876027146 ], [ -98.271992669027256, 19.902477609259403 ], [ -98.272168281170266, 19.903210207563394 ], [ -98.271037531401802, 19.901207100441923 ], [ -98.269962797881391, 19.900708702179752 ], [ -98.270225485499012, 19.895572398465884 ], [ -98.270205660433504, 19.895551344092357 ], [ -98.270188837018878, 19.895526091142965 ], [ -98.270176638061841, 19.895498564663999 ], [ -98.270169396390131, 19.895469513317146 ], [ -98.270167307065194, 19.895439730379938 ], [ -98.270170427498428, 19.895410028444786 ], [ -98.270178675632224, 19.8953812195317 ], [ -98.270191824349396, 19.895354084342319 ], [ -98.270209512953471, 19.895329368692593 ], [ -98.270231262635292, 19.895307743816861 ], [ -98.270239154185191, 19.895302128531302 ], [ -98.27024419545188, 19.895123211105556 ], [ -98.271208382913883, 19.894674809909883 ], [ -98.271708269941868, 19.894399984129134 ], [ -98.271825929749326, 19.894399383888157 ], [ -98.272480797517318, 19.894036689884295 ], [ -98.274032634380234, 19.893177212801731 ], [ -98.276245744597517, 19.893160380628888 ], [ -98.277130491891896, 19.892925101022584 ], [ -98.278237746678585, 19.892710332462141 ], [ -98.278270828803429, 19.892706718366203 ], [ -98.278304073287572, 19.892708593536248 ], [ -98.278336465900992, 19.892715899642909 ], [ -98.27836702753109, 19.892728417654773 ], [ -98.278394827572228, 19.89274576427804 ], [ -98.278419018216255, 19.892767413782369 ], [ -98.278438868792279, 19.89279270898334 ], [ -98.278453773326873, 19.892820879345322 ], [ -98.278463280026074, 19.892851070016793 ], [ -98.278467101685251, 19.892882363559309 ], [ -98.278465119371404, 19.892913810685538 ], [ -98.278457395690751, 19.892944453807189 ], [ -98.278444162215479, 19.892973361321943 ], [ -98.278425824129314, 19.892999656548234 ], [ -98.278402939105959, 19.893022541134094 ], [ -98.278376198097746, 19.893041318473781 ], [ -98.27834641663172, 19.893055417166899 ], [ -98.27831450128572, 19.893064410762491 ], [ -98.277058330016416, 19.893308061122006 ], [ -98.27808698667377, 19.893352535875756 ], [ -98.279461383098166, 19.89453826525062 ], [ -98.280032516779571, 19.894198238306185 ], [ -98.280269450321853, 19.894600884694214 ], [ -98.280818469812189, 19.893957906968307 ], [ -98.281315840585407, 19.893893328699143 ], [ -98.281330659162904, 19.894187101772982 ], [ -98.281121021346536, 19.894475270483397 ], [ -98.281228202227126, 19.894941106121468 ], [ -98.281650082349799, 19.895954136853945 ], [ -98.281287611973696, 19.896276830681099 ], [ -98.281552777380369, 19.897044382601575 ], [ -98.281462987379655, 19.897031821178594 ], [ -98.281021357171738, 19.897020621834105 ], [ -98.281084154283576, 19.898062564490175 ], [ -98.280971341857182, 19.898087880088301 ], [ -98.280788119628127, 19.89806160329826 ], [ -98.280745556251219, 19.898425107452312 ], [ -98.280757934553861, 19.898431150315659 ], [ -98.280784428764775, 19.898450237112748 ], [ -98.280807014623903, 19.898473387070336 ], [ -98.280825009405106, 19.898499895314927 ], [ -98.280837863623091, 19.898528956305483 ], [ -98.280845188631019, 19.898559687438961 ], [ -98.280846760335791, 19.898591152559455 ], [ -98.280842530486581, 19.898622400859487 ], [ -98.280832629488103, 19.898652478638514 ], [ -98.280817357607631, 19.898680472641406 ], [ -98.280797177226944, 19.898705533521571 ], [ -98.280772703183686, 19.898726899296253 ], [ -98.28075526109015, 19.898737493373428 ], [ -98.280757173448023, 19.898745566850852 ], [ -98.280816987419058, 19.899157508739776 ], [ -98.280950444612955, 19.899157424539776 ], [ -98.28108146901441, 19.899148158627195 ], [ -98.280764606499901, 19.900301656366292 ], [ -98.28053034723078, 19.901049850573081 ], [ -98.280555175794632, 19.90103087726969 ], [ -98.28058432273852, 19.901015635315741 ], [ -98.280615825738181, 19.901005414379608 ], [ -98.280648726177517, 19.901000521431389 ], [ -98.280682024105829, 19.901001108755111 ], [ -98.280714708892859, 19.901007155096533 ], [ -98.280745787826064, 19.901018479333175 ], [ -98.280774316708587, 19.9010347342725 ], [ -98.280799426513326, 19.901055427542836 ], [ -98.280820355810107, 19.901079933471351 ], [ -98.280836466956686, 19.901107503992709 ], [ -98.280847275566458, 19.901137301298441 ], [ -98.280852446581378, 19.901168421315077 ], [ -98.280851826646526, 19.901199917329063 ], [ -98.280845435361911, 19.901230833385458 ], [ -98.280833464209252, 19.901260230488688 ], [ -98.280517895576082, 19.901870444208985 ], [ -98.2807626309895, 19.902193980315779 ], [ -98.281082704473476, 19.901925252969821 ], [ -98.281582328801122, 19.901648376450659 ], [ -98.281977385579637, 19.90111222441983 ], [ -98.281643012729077, 19.901671293375095 ], [ -98.281227052943805, 19.90188959177836 ], [ -98.281283021900862, 19.902076605937026 ], [ -98.282468038050553, 19.902780504346598 ], [ -98.281084195391827, 19.902602055115729 ], [ -98.280919910788555, 19.902751410860457 ], [ -98.280828978195714, 19.903067401983172 ], [ -98.279655019886803, 19.902327790235642 ], [ -98.279182748202615, 19.902170627903374 ], [ -98.278949515051053, 19.902279753277142 ], [ -98.278379388171501, 19.903196126870515 ], [ -98.277944165719973, 19.903592298749157 ], [ -98.276824696368564, 19.904393212679924 ], [ -98.276821196747008, 19.904406926293923 ], [ -98.276812584673905, 19.904432297549093 ], [ -98.276800123538322, 19.904456194710551 ], [ -98.276784083186229, 19.904478100194829 ], [ -98.276764809717534, 19.904497534680502 ], [ -98.276742726343244, 19.904514078798716 ], [ -98.276320480337077, 19.904785008279578 ], [ -98.27689226374072, 19.905043446972886 ], [ -98.277223731904641, 19.905318663914755 ], [ -98.277558890760034, 19.905652395794103 ], [ -98.277572257924959, 19.905685667251849 ], [ -98.277661091603193, 19.90598971753435 ], [ -98.277728178553758, 19.906403948576774 ], [ -98.277972238949332, 19.906606917066878 ], [ -98.279774378158876, 19.907033855682148 ], [ -98.280248089893234, 19.906236003126157 ], [ -98.280007896406758, 19.904894659701398 ], [ -98.280148549227064, 19.904783260882564 ], [ -98.28101930748133, 19.904343202163894 ], [ -98.281411400152578, 19.903983110870179 ], [ -98.281490702505693, 19.904050913756599 ], [ -98.282944994088126, 19.904102440960461 ], [ -98.282957242387241, 19.904118372416697 ], [ -98.282316930508387, 19.905022887935868 ], [ -98.281975124405307, 19.905408684387464 ], [ -98.281868347044409, 19.906772056207274 ], [ -98.281844137663413, 19.906842070619533 ], [ -98.281584992734366, 19.907410270853465 ], [ -98.281115284452071, 19.908116237426384 ], [ -98.281465625235896, 19.908221345455424 ], [ -98.281807231096565, 19.908287400894462 ], [ -98.283442051333992, 19.90856166146526 ], [ -98.283448601604746, 19.908562873404993 ], [ -98.284776238881122, 19.908831131129791 ], [ -98.284766246429655, 19.908657945813214 ], [ -98.284097509555608, 19.908449518695104 ], [ -98.283482277628096, 19.908374173429085 ], [ -98.283565862041598, 19.908221499510109 ], [ -98.284161617608362, 19.907730971185039 ], [ -98.283045581320948, 19.907122468550227 ], [ -98.283047936477885, 19.907040988364184 ], [ -98.282930701101662, 19.906197606712556 ], [ -98.28366051672181, 19.906375332101852 ], [ -98.285161912907071, 19.90674094134582 ], [ -98.286116584760961, 19.906973409837573 ], [ -98.286723956573724, 19.907121305213582 ], [ -98.287109081122082, 19.907215081879368 ], [ -98.286823357518543, 19.907994179916198 ], [ -98.286864793592457, 19.908089687407532 ], [ -98.286373820537619, 19.908562807808707 ], [ -98.286263892266874, 19.909091899409908 ], [ -98.286215506022685, 19.909276686095051 ], [ -98.285414301404316, 19.909116994171381 ], [ -98.285410747850648, 19.909144131981865 ], [ -98.285400978651836, 19.909174248467473 ], [ -98.285385828505241, 19.909202302952703 ], [ -98.285365757906732, 19.909227442458185 ], [ -98.285341375990953, 19.909248903156602 ], [ -98.285313425140245, 19.909266033805384 ], [ -98.285282754153656, 19.909278313711638 ], [ -98.285250293334315, 19.909285368897425 ], [ -98.285217030540366, 19.909286986461748 ], [ -98.285183977747053, 19.909283114446218 ], [ -98.283372008679322, 19.908917000318112 ], [ -98.281738058455943, 19.908642885304719 ], [ -98.281733158552996, 19.908641999848783 ], [ -98.281379197454925, 19.908573553954032 ], [ -98.281359700015358, 19.908568758274139 ], [ -98.280935152689111, 19.908441388417078 ], [ -98.28091179863911, 19.90843274935175 ], [ -98.28088984261062, 19.90842129120913 ], [ -98.280869662032188, 19.908407212505374 ], [ -98.280851605475533, 19.90839075501404 ], [ -98.280710452248229, 19.908244039541497 ], [ -98.280672102852208, 19.908261183431755 ], [ -98.280168257416477, 19.907901166001832 ], [ -98.279988174740282, 19.90785296085209 ], [ -98.27982368267439, 19.907843401536002 ], [ -98.279801415138522, 19.90784085895325 ], [ -98.279782844206082, 19.907836770777138 ], [ -98.279739655510312, 19.907825082855116 ], [ -98.27999546465648, 19.908721778681052 ], [ -98.280191970313027, 19.910044791137757 ], [ -98.276576453887898, 19.909180875613519 ], [ -98.276563042807709, 19.909188353667428 ], [ -98.27635636291302, 19.909360001835129 ], [ -98.276299652921466, 19.909392596103817 ], [ -98.276267684254464, 19.90940142996957 ], [ -98.276234576433836, 19.90940487902725 ], [ -98.27620134072788, 19.909402837149287 ], [ -98.276168985713412, 19.909395369886152 ], [ -98.276138490591009, 19.90938269989978 ], [ -98.276110786044654, 19.909365214114501 ], [ -98.276086714207068, 19.909343443674242 ], [ -98.276067001967078, 19.909318051183057 ], [ -98.276052253433775, 19.909289807179899 ], [ -98.276042913731828, 19.909259568304265 ], [ -98.276039267189887, 19.909228255601583 ], [ -98.276041426032904, 19.90919682013952 ], [ -98.276049322863216, 19.909166215868591 ], [ -98.276062716508221, 19.909137374344635 ], [ -98.276081203641283, 19.909111170438617 ], [ -98.276104220791439, 19.909088400657954 ], [ -98.276141626757905, 19.909076969345005 ], [ -98.27412518900708, 19.908595107113687 ] ], [ [ -98.277329918160589, 19.902433396847805 ], [ -98.276929547879547, 19.902528353133011 ], [ -98.276326765242132, 19.902726364961641 ], [ -98.27582334209194, 19.903014104060418 ], [ -98.275628723634242, 19.903135673213942 ], [ -98.276094019341784, 19.903752917833977 ], [ -98.276217241348633, 19.903945628761569 ], [ -98.276391089701761, 19.904302939813551 ], [ -98.276467067865681, 19.904254189318316 ], [ -98.276530886226098, 19.904004117288324 ], [ -98.276541428766734, 19.903974395722713 ], [ -98.276557242544584, 19.903946845308745 ], [ -98.276577851855379, 19.903922294540209 ], [ -98.276602636202242, 19.90390148005611 ], [ -98.276881646247773, 19.903705315410921 ], [ -98.277318876318063, 19.903350921637035 ], [ -98.27745602490684, 19.903135866945668 ], [ -98.277469406817175, 19.903125641671711 ], [ -98.277524579777719, 19.903022379177578 ], [ -98.277541067582504, 19.902996971182578 ], [ -98.277754871734899, 19.90272139736539 ], [ -98.277774772630451, 19.902699621307693 ], [ -98.277798078791591, 19.9026811103057 ], [ -98.277824195792917, 19.902666331829483 ], [ -98.278049441069584, 19.902560943670338 ], [ -98.278178090122921, 19.902397973056271 ], [ -98.2778353371218, 19.902357130069895 ], [ -98.277329918160589, 19.902433396847805 ] ], [ [ -98.279347678441823, 19.899103329206053 ], [ -98.279210302859354, 19.900184419477213 ], [ -98.278528392863237, 19.901421183520224 ], [ -98.278541283965879, 19.901437000403021 ], [ -98.279722311666049, 19.90158068462306 ], [ -98.279941658311117, 19.901292512215157 ], [ -98.28024120784255, 19.901136258665204 ], [ -98.280516257018647, 19.900729845712544 ], [ -98.280565783134989, 19.900471618572901 ], [ -98.280628818274408, 19.899026798010002 ], [ -98.279347678441823, 19.899103329206053 ] ], [ [ -98.277801481259388, 19.900573222123207 ], [ -98.278096304631248, 19.900891608342413 ], [ -98.278103896121792, 19.900900342841584 ], [ -98.278219595225139, 19.901042301545225 ], [ -98.278305082706012, 19.900039234025385 ], [ -98.277324479165159, 19.899707031211975 ], [ -98.277801481259388, 19.900573222123207 ] ], [ [ -98.274521269517706, 19.897641778259381 ], [ -98.274502718073506, 19.897660543177324 ], [ -98.274481540288761, 19.897676629890618 ], [ -98.274458167531378, 19.897689713045395 ], [ -98.274265577030036, 19.897780696130077 ], [ -98.274460986958303, 19.898042489992338 ], [ -98.274535436155233, 19.898570319655441 ], [ -98.274672196672086, 19.899606483394987 ], [ -98.277141157500566, 19.89957173710409 ], [ -98.277259293869406, 19.89867885862585 ], [ -98.276774504236954, 19.897858648984016 ], [ -98.275979661969842, 19.897674367081617 ], [ -98.275917211926128, 19.897638266263357 ], [ -98.275719438705707, 19.897612080508747 ], [ -98.275690946015203, 19.897606181358309 ], [ -98.275663734583546, 19.897596248221632 ], [ -98.275638437675724, 19.897582513197193 ], [ -98.275615648039647, 19.897565294966718 ], [ -98.275595893076826, 19.897544996886666 ], [ -98.275447116781478, 19.897366512978302 ], [ -98.275116871799497, 19.897175600636459 ], [ -98.27495269500433, 19.897137917638094 ], [ -98.274521269517706, 19.897641778259381 ] ], [ [ -98.277530080176845, 19.897534579068523 ], [ -98.277591841683673, 19.89740372302041 ], [ -98.278908327263565, 19.897537186866707 ], [ -98.279890601530312, 19.897009851279535 ], [ -98.279672513736585, 19.895958812909495 ], [ -98.27900519646812, 19.895912176645709 ], [ -98.278369470949414, 19.895930925707091 ], [ -98.27762582006217, 19.896003677819344 ], [ -98.277467293332961, 19.89652921446411 ], [ -98.277428141511891, 19.896092162446294 ], [ -98.275491769399167, 19.894604932112454 ], [ -98.273831904231841, 19.894405090629753 ], [ -98.273998505133861, 19.894864015767027 ], [ -98.274232255252812, 19.895827834015709 ], [ -98.27427350637339, 19.895835836639783 ], [ -98.274937175977598, 19.896762420600933 ], [ -98.275261433026046, 19.896836846273608 ], [ -98.275471855606384, 19.896875964256058 ], [ -98.275487943326382, 19.896889282290157 ], [ -98.275512804644592, 19.896897105863228 ], [ -98.275540839744934, 19.89691116560687 ], [ -98.275566030014176, 19.896929417422591 ], [ -98.275587678446328, 19.896951362385234 ], [ -98.275642733566414, 19.897017413633453 ], [ -98.275913783650353, 19.897241778492123 ], [ -98.276467587746552, 19.89734210471871 ], [ -98.27668836042028, 19.897366216224981 ], [ -98.276716752227529, 19.897371400943065 ], [ -98.276743992908081, 19.897380580416485 ], [ -98.276769457706735, 19.897393542466254 ], [ -98.276777109618976, 19.897398176620626 ], [ -98.277530080176845, 19.897534579068523 ] ] ] ] } },
{ "type": "Feature", "properties": { "Nombre": "San Ignacio - El Coyuco", "Jurisdiccion": "Municipal", "Area_h": 398.157 }, "geometry": { "type": "MultiPolygon", "coordinates": [ [ [ [ -98.38672699022834, 19.991038814828457 ], [ -98.387023315168264, 19.990418556185833 ], [ -98.387356382514085, 19.989721384043634 ], [ -98.387684575550523, 19.989034406244475 ], [ -98.387809412966973, 19.988773094547071 ], [ -98.387903251074889, 19.988576669329241 ], [ -98.388240822290371, 19.987870049744668 ], [ -98.388580253134975, 19.987159530314962 ], [ -98.389035209330885, 19.986207172865925 ], [ -98.389547530631987, 19.985134719289409 ], [ -98.389859948287196, 19.984480720923742 ], [ -98.390653982523673, 19.982818503767991 ], [ -98.393377408503738, 19.977153990932226 ], [ -98.397183103046444, 19.969324271508988 ], [ -98.384711915842033, 19.963666141279756 ], [ -98.383874287758957, 19.963270314421575 ], [ -98.382847687355522, 19.962785178571362 ], [ -98.382935674852718, 19.962739652275701 ], [ -98.385611469567266, 19.963656570590384 ], [ -98.386432667957337, 19.962848283762732 ], [ -98.387505016655894, 19.961797195131147 ], [ -98.388924658917645, 19.960709855293562 ], [ -98.390846479664688, 19.959237841077016 ], [ -98.392800805628397, 19.957740880100108 ], [ -98.393993251859783, 19.959208145170319 ], [ -98.394766009003632, 19.95864498014279 ], [ -98.395474509914877, 19.958132078832655 ], [ -98.396178364115045, 19.9576135110417 ], [ -98.397439553267063, 19.956677058455469 ], [ -98.398402027010988, 19.956607733607516 ], [ -98.399091945147546, 19.956577774268229 ], [ -98.400068576711462, 19.956537106394684 ], [ -98.403572518433592, 19.956464504036074 ], [ -98.404922135594717, 19.953747580247313 ], [ -98.405526510548853, 19.952553832271331 ], [ -98.405552735511748, 19.952479297799975 ], [ -98.405559961988544, 19.952483419078931 ], [ -98.406057712545334, 19.9527672686289 ], [ -98.40673554454365, 19.953153842142314 ], [ -98.407939722384398, 19.953892526881614 ], [ -98.409054612177457, 19.954629252821636 ], [ -98.410413878415241, 19.955512106442299 ], [ -98.407320845227957, 19.962300970745371 ], [ -98.406686368246383, 19.963780396996039 ], [ -98.406147887209158, 19.964993596533159 ], [ -98.405627474062641, 19.966777264983239 ], [ -98.404119205183576, 19.972209952226667 ], [ -98.402381498153446, 19.97488743827952 ], [ -98.402272407061943, 19.975249472922975 ], [ -98.401891129858171, 19.975909520889822 ], [ -98.400496562772915, 19.977768285320067 ], [ -98.400229231884111, 19.978185953362182 ], [ -98.398291227419321, 19.979940939829049 ], [ -98.397811126893075, 19.980329733783904 ], [ -98.397174602122448, 19.980769393351512 ], [ -98.395336974073174, 19.981914653929415 ], [ -98.394642534324007, 19.982493889345719 ], [ -98.389483217672094, 19.989018134015019 ], [ -98.388697600430959, 19.990011528374435 ], [ -98.385788397011254, 19.993003412202189 ], [ -98.38672699022834, 19.991038814828457 ] ] ] ] } },
{ "type": "Feature", "properties": { "Nombre": "San Ignacio - El Coyuco", "Jurisdiccion": "Municipal", "Area_h": 42.435 }, "geometry": { "type": "MultiPolygon", "coordinates": [ [ [ [ -98.353660535214672, 19.954367150128608 ], [ -98.353664670569984, 19.954333056799427 ], [ -98.354231738948869, 19.952741848370586 ], [ -98.354819043548446, 19.951196716689914 ], [ -98.355198709014104, 19.950229672231 ], [ -98.355263093017385, 19.950073294321442 ], [ -98.355714522433502, 19.948976844472782 ], [ -98.355776294705649, 19.948826808470347 ], [ -98.35688915186185, 19.945671590757744 ], [ -98.357277522633467, 19.944570461637262 ], [ -98.358357192371585, 19.944701361431726 ], [ -98.358916600486111, 19.94476918017406 ], [ -98.359282379556618, 19.944813523685337 ], [ -98.361779120355209, 19.946130437240861 ], [ -98.362045863996869, 19.946381181772132 ], [ -98.362415351837384, 19.946728506192883 ], [ -98.362496534048816, 19.946804818285312 ], [ -98.362052712473002, 19.947009053706484 ], [ -98.361485263031099, 19.947101416835331 ], [ -98.361263146513693, 19.947157049885629 ], [ -98.360900148858136, 19.947268490015635 ], [ -98.360870930016887, 19.947308159080425 ], [ -98.359102868038363, 19.94970855654698 ], [ -98.358981591154517, 19.950368580352404 ], [ -98.358606603989244, 19.951071633116083 ], [ -98.353443393570188, 19.956157330432415 ], [ -98.353660535214672, 19.954367150128608 ] ] ] ] } },
{ "type": "Feature", "properties": { "Nombre": "El Campanario", "Jurisdiccion": "Municipal", "Area_h": 41.2004 }, "geometry": { "type": "MultiPolygon", "coordinates": [ [ [ [ -98.270734171535878, 19.943130343713946 ], [ -98.271685794209915, 19.943178004026464 ], [ -98.272933608120454, 19.943240491210187 ], [ -98.272963930494868, 19.943381174973783 ], [ -98.27300122087162, 19.943427932624434 ], [ -98.27303624995551, 19.943471859916244 ], [ -98.27306463580193, 19.943507456664516 ], [ -98.273114547668982, 19.94357004221936 ], [ -98.273173917025147, 19.943659540975379 ], [ -98.273236745244745, 19.943680625553529 ], [ -98.273255527967322, 19.943701529000684 ], [ -98.273277023506708, 19.943737693913015 ], [ -98.273276804762929, 19.943785502564502 ], [ -98.273305443252454, 19.943840257019932 ], [ -98.273312446632346, 19.943888096121967 ], [ -98.273319451935379, 19.943935933424211 ], [ -98.273319201960234, 19.943990570591488 ], [ -98.273318951984251, 19.94404520775841 ], [ -98.273318608260766, 19.944120334991897 ], [ -98.27331838952081, 19.944168144545365 ], [ -98.273318108291633, 19.944229612034604 ], [ -98.273324611736072, 19.944386724561245 ], [ -98.273331521401673, 19.944455051919501 ], [ -98.273331302665753, 19.944502860567731 ], [ -98.273338274833819, 19.944557528182333 ], [ -98.273337962364337, 19.944625824185078 ], [ -98.273323205566811, 19.944694063803212 ], [ -98.27331573342714, 19.944748670514283 ], [ -98.273322705593529, 19.944803339031786 ], [ -98.273329584023202, 19.944878495806801 ], [ -98.273329271532134, 19.944946794517762 ], [ -98.273313113638324, 19.945005464503431 ], [ -98.273295679665367, 19.945027248085605 ], [ -98.273289802307346, 19.945049079853874 ], [ -98.27327812068134, 19.945076351149464 ], [ -98.273272191407187, 19.945109110160303 ], [ -98.27331241365404, 19.945158449636637 ], [ -98.273323845286811, 19.945185816402642 ], [ -98.273341004293812, 19.945224133152319 ], [ -98.273375472309553, 19.94526798579686 ], [ -98.273404186069115, 19.94530634981162 ], [ -98.273415542738633, 19.945350107900815 ], [ -98.273449985804945, 19.94539942460921 ], [ -98.273461267512275, 19.945459573120687 ], [ -98.273501762925321, 19.945448810407814 ], [ -98.273536455960325, 19.945443489939798 ], [ -98.273571099024764, 19.945449094005678 ], [ -98.273594110462398, 19.945471043032803 ], [ -98.273643771314184, 19.945482547686279 ], [ -98.27366995278372, 19.9455376462545 ], [ -98.273711926231357, 19.945607808556765 ], [ -98.273753922582145, 19.945672970319599 ], [ -98.273795943726981, 19.94573313516517 ], [ -98.273800795617603, 19.945828141550702 ], [ -98.273789741202876, 19.945933082337366 ], [ -98.273773219578246, 19.946077993103454 ], [ -98.273767108436488, 19.946257944471832 ], [ -98.273766056827213, 19.946487906491793 ], [ -98.273765645315677, 19.946577893435599 ], [ -98.273765393842424, 19.946632883900179 ], [ -98.273770567697582, 19.946657900943109 ], [ -98.273791891165914, 19.946697949746358 ], [ -98.273805478668422, 19.946759200136054 ], [ -98.273842197755144, 19.946816176110293 ], [ -98.273897427295097, 19.946868854244361 ], [ -98.27396652612849, 19.946921589964035 ], [ -98.27407786851505, 19.947035694968751 ], [ -98.274118307751095, 19.947088313485821 ], [ -98.274147682787827, 19.947133893673364 ], [ -98.274173361667039, 19.947179456943243 ], [ -98.274206386883122, 19.947235543046769 ], [ -98.274231889993487, 19.947319572617172 ], [ -98.274257263370487, 19.947431576769446 ], [ -98.274238519081607, 19.9474874504015 ], [ -98.274219884740532, 19.947518846367348 ], [ -98.274205187216808, 19.94757454948363 ], [ -98.274215531284398, 19.947624586239893 ], [ -98.274228970247663, 19.947654825622212 ], [ -98.274265631684159, 19.947724910969761 ], [ -98.274288403823093, 19.947799313969526 ], [ -98.274320194662323, 19.947859979063438 ], [ -98.274367615183465, 19.94789516815063 ], [ -98.274409726584523, 19.947935336157173 ], [ -98.274435910609654, 19.947990434626114 ], [ -98.274451541077212, 19.948040491159652 ], [ -98.274490555873982, 19.948071149469904 ], [ -98.274527395327794, 19.948101896476249 ], [ -98.274568917815643, 19.948119551105027 ], [ -98.274624327740554, 19.948132890743629 ], [ -98.274684280935077, 19.948163733932748 ], [ -98.274711856142957, 19.948198814769668 ], [ -98.274788497254661, 19.948244478548578 ], [ -98.274788247722242, 19.948299116610823 ], [ -98.274782195759784, 19.948359194253136 ], [ -98.274776168742932, 19.948413808721096 ], [ -98.27477016476962, 19.94846295819983 ], [ -98.274758358343732, 19.94851754996812 ], [ -98.274752331310822, 19.948572164433859 ], [ -98.274728820158685, 19.94865949166434 ], [ -98.274711186307059, 19.948724985274904 ], [ -98.274719662105014, 19.948878226537477 ], [ -98.274737657542573, 19.948938188226506 ], [ -98.274732638713971, 19.949082124034142 ], [ -98.274739203076123, 19.949167632211928 ], [ -98.274822407020977, 19.949220577033191 ], [ -98.275023587199215, 19.949326606715552 ], [ -98.275134186487861, 19.9494717202342 ], [ -98.275231030230657, 19.949583900304376 ], [ -98.275300358753313, 19.949630213552869 ], [ -98.275369475357536, 19.949722552603923 ], [ -98.275468992980365, 19.949839393479838 ], [ -98.275542804329547, 19.949884690284616 ], [ -98.275627188458543, 19.949930026573735 ], [ -98.275695667928957, 19.949985299198396 ], [ -98.275753641227354, 19.9500255288871 ], [ -98.275848888775442, 19.95019535838497 ], [ -98.275867070320885, 19.950222179625616 ], [ -98.2759722032729, 19.950377281539954 ], [ -98.276028047510565, 19.950505568184859 ], [ -98.276094934200827, 19.950687259385184 ], [ -98.276143596374681, 19.950758075517207 ], [ -98.276212056389639, 19.950995076325867 ], [ -98.276239332550674, 19.951113546117718 ], [ -98.276266337063532, 19.951291197266542 ], [ -98.276279555547092, 19.95144248970557 ], [ -98.276327574733969, 19.951587347443517 ], [ -98.276368187624968, 19.951830808514103 ], [ -98.27633718519094, 19.952011532285958 ], [ -98.276392884338222, 19.952171833412621 ], [ -98.276437150002508, 19.952364103117731 ], [ -98.276426528630935, 19.952515598385453 ], [ -98.276426217346426, 19.952583896181107 ], [ -98.276418683540683, 19.952652163639648 ], [ -98.276382257707652, 19.952720313352934 ], [ -98.276367501340232, 19.952788552276139 ], [ -98.276345551649541, 19.952849931431814 ], [ -98.276323601937037, 19.952911311487426 ], [ -98.276294338184073, 19.952993149457871 ], [ -98.276272357295966, 19.953061358922433 ], [ -98.276278537140485, 19.953191586420271 ], [ -98.276253471976474, 19.953330105565339 ], [ -98.276239012018436, 19.953410020421757 ], [ -98.276221465977315, 19.953506983001475 ], [ -98.27618612713016, 19.953631774052635 ], [ -98.276185617451333, 19.953743556733773 ], [ -98.276226832064026, 19.953855509506212 ], [ -98.276268014842785, 19.953974037766567 ], [ -98.276378260611608, 19.954198055734178 ], [ -98.276405387490001, 19.954349404810447 ], [ -98.276425739218126, 19.954461272508325 ], [ -98.276473877329508, 19.954579828163759 ], [ -98.276555618152017, 19.954954970177621 ], [ -98.276609244436798, 19.955069405072209 ], [ -98.27664515150245, 19.955146027257445 ], [ -98.276672278767336, 19.955297376289884 ], [ -98.27672743229445, 19.955402809206507 ], [ -98.276724383655193, 19.955471207881001 ], [ -98.276717653603512, 19.95576071133863 ], [ -98.276920228643405, 19.955824431026901 ], [ -98.277065545797214, 19.955982836963578 ], [ -98.277189311130371, 19.956292392642837 ], [ -98.277172665674428, 19.956377987833662 ], [ -98.277097799972822, 19.956535316398956 ], [ -98.277020616201028, 19.956686240583213 ], [ -98.277016969940789, 19.956769626935742 ], [ -98.277012854291812, 19.956863747257305 ], [ -98.276998107247223, 19.957047803815634 ], [ -98.276981802834001, 19.957113034630972 ], [ -98.276997208658827, 19.957245066213083 ], [ -98.276976198506688, 19.957313664619587 ], [ -98.276940916036793, 19.957389500699961 ], [ -98.27690135516599, 19.957434894540143 ], [ -98.276852179446379, 19.957508169180461 ], [ -98.276845867586587, 19.957637939097534 ], [ -98.276793875321871, 19.957751297562176 ], [ -98.276587553234037, 19.957842396367091 ], [ -98.276415424848338, 19.957960674154375 ], [ -98.276306655984158, 19.957981863369763 ], [ -98.276197689783544, 19.958046316915773 ], [ -98.276164255100369, 19.958136385100627 ], [ -98.276145571674689, 19.958186716310777 ], [ -98.276007513180929, 19.958359212294432 ], [ -98.275835892060087, 19.958377412320317 ], [ -98.275761746254844, 19.958320353626739 ], [ -98.275674681232715, 19.958231597510174 ], [ -98.275636799112831, 19.958192979559644 ], [ -98.275487416348867, 19.958012743464092 ], [ -98.275374131134271, 19.957843402224853 ], [ -98.275216311627176, 19.957664176054418 ], [ -98.275055085060728, 19.957481081004961 ], [ -98.27491184415473, 19.957318949102948 ], [ -98.274829809686707, 19.95692085974801 ], [ -98.275025306520291, 19.956009022706713 ], [ -98.275033118077701, 19.955829903407263 ], [ -98.275041053224228, 19.955647990622811 ], [ -98.275047368075548, 19.955503211704485 ], [ -98.274999878853421, 19.95539466862019 ], [ -98.274939262360562, 19.955256124221123 ], [ -98.274872176900587, 19.955102793692319 ], [ -98.274837905967857, 19.955024465499029 ], [ -98.274786968992515, 19.954767004758388 ], [ -98.274730740764568, 19.954705112211371 ], [ -98.274695043550537, 19.954665819864292 ], [ -98.274602981968997, 19.954591524218962 ], [ -98.274463649057111, 19.954428079635633 ], [ -98.274312411829655, 19.954250670581569 ], [ -98.274271067204509, 19.954126463818223 ], [ -98.274214762685318, 19.954005268192052 ], [ -98.274016255954223, 19.953896929751018 ], [ -98.273853481244402, 19.953847821168811 ], [ -98.273725266056104, 19.953808376131583 ], [ -98.27344965898638, 19.953526350013341 ], [ -98.274210302918348, 19.949475555114191 ], [ -98.274116322790491, 19.949222109154817 ], [ -98.271879038508047, 19.949596260993918 ], [ -98.271816838924138, 19.949182168959304 ], [ -98.271511807387441, 19.94870291322783 ], [ -98.270894288689291, 19.947768899262723 ], [ -98.270513712243599, 19.947405885757256 ], [ -98.27086799602796, 19.947307340887004 ], [ -98.271422771704295, 19.947165394852401 ], [ -98.271833991534024, 19.947158384940593 ], [ -98.27138721234526, 19.946244729879599 ], [ -98.271134960625744, 19.945803822721455 ], [ -98.270905199691938, 19.945438125301795 ], [ -98.270807924438998, 19.945194278654309 ], [ -98.270684621699971, 19.945012354837328 ], [ -98.270697573018978, 19.944649571091375 ], [ -98.270723965367836, 19.943817290079753 ], [ -98.270734171535878, 19.943130343713946 ] ] ] ] } },
{ "type": "Feature", "properties": { "Nombre": "Chicamole", "Jurisdiccion": "Municipal", "Area_h": 174.946 }, "geometry": { "type": "MultiPolygon", "coordinates": [ [ [ [ -98.229818964367126, 20.429836572126064 ], [ -98.22948956579647, 20.430011115196248 ], [ -98.229048398541252, 20.429924480512572 ], [ -98.228856132367326, 20.429090316897721 ], [ -98.228853167508149, 20.428775504423676 ], [ -98.227859947204152, 20.42834328247552 ], [ -98.228079130426721, 20.428142237588467 ], [ -98.228455655729306, 20.427368206953815 ], [ -98.229150298472248, 20.426127594309893 ], [ -98.229149460955654, 20.426127549038767 ], [ -98.229151696921491, 20.426125097631239 ], [ -98.22915291547956, 20.426122923631752 ], [ -98.229298563204836, 20.425962903966294 ], [ -98.229394480119026, 20.425841954641719 ], [ -98.229400225990659, 20.425812587168199 ], [ -98.229428428879473, 20.425664059610487 ], [ -98.227420338867049, 20.425150212136401 ], [ -98.226344436188128, 20.425369907864084 ], [ -98.225668231222031, 20.42470043498275 ], [ -98.225201159555994, 20.423718545519044 ], [ -98.224991384825998, 20.42336776908445 ], [ -98.224313211990108, 20.422965700742076 ], [ -98.225822672108052, 20.420676870738095 ], [ -98.226150090003188, 20.420544399590277 ], [ -98.227251264026279, 20.420113284794109 ], [ -98.227957891471064, 20.419836638866602 ], [ -98.228134941737181, 20.419767314219136 ], [ -98.228161668416988, 20.419724142932036 ], [ -98.228296963413982, 20.4195056282751 ], [ -98.228497847153804, 20.419181163022056 ], [ -98.229008814299576, 20.419222341813551 ], [ -98.22935484688152, 20.419250229975894 ], [ -98.229651038864048, 20.419253112299298 ], [ -98.230592405157154, 20.419262260499131 ], [ -98.231645984339721, 20.419272494963984 ], [ -98.232948700358094, 20.419127865136559 ], [ -98.233699184493133, 20.419044545320038 ], [ -98.233993233805705, 20.419052351513269 ], [ -98.235536391758885, 20.419475747892111 ], [ -98.238444353521743, 20.419757086497903 ], [ -98.239875486926891, 20.420404668127468 ], [ -98.240053899225529, 20.420485379586736 ], [ -98.240110066065839, 20.420505531068436 ], [ -98.240151871400201, 20.420520529197915 ], [ -98.240153041017891, 20.42052125534509 ], [ -98.246857929240107, 20.424639209742967 ], [ -98.246856896867712, 20.424642176202617 ], [ -98.246856801203535, 20.424642137839154 ], [ -98.246609143970588, 20.425354039610557 ], [ -98.24619938923459, 20.42574169421539 ], [ -98.245457062951147, 20.426145517616316 ], [ -98.244739230904841, 20.426451497492739 ], [ -98.244447115137888, 20.426544790243558 ], [ -98.243580012676347, 20.426821723884778 ], [ -98.241831417973842, 20.426132716206371 ], [ -98.241511101041368, 20.426200704294605 ], [ -98.241041123437881, 20.426300609488784 ], [ -98.240574811641864, 20.426845238552524 ], [ -98.240406779471684, 20.427041585749588 ], [ -98.240018340670289, 20.426432151697938 ], [ -98.237547483727468, 20.426719951892441 ], [ -98.236031000092041, 20.426533875886552 ], [ -98.235868407669713, 20.427317078170063 ], [ -98.23676517167263, 20.428153082999479 ], [ -98.236788065253606, 20.428208257362481 ], [ -98.23761880060249, 20.430175953255134 ], [ -98.237637914519311, 20.430220573600788 ], [ -98.237637683948904, 20.430220679211768 ], [ -98.237637865874618, 20.43022110829752 ], [ -98.237453669771412, 20.430304508419894 ], [ -98.237422340636172, 20.430315427215433 ], [ -98.237360384938881, 20.430337853375754 ], [ -98.237192041533888, 20.430414522427839 ], [ -98.237104693692828, 20.430454886835332 ], [ -98.23704859285786, 20.430481164223096 ], [ -98.236664808545257, 20.430599455460285 ], [ -98.236598495310375, 20.430619894277299 ], [ -98.236504826415299, 20.430650965520702 ], [ -98.236162775133792, 20.430754746681252 ], [ -98.235302543034081, 20.431246448650867 ], [ -98.234962043502094, 20.431680527194047 ], [ -98.234812462718097, 20.431871214707115 ], [ -98.234595912624712, 20.431689848403696 ], [ -98.234420370618494, 20.430983377569039 ], [ -98.234472170916206, 20.430853490432433 ], [ -98.233794402123436, 20.430445243035905 ], [ -98.233525660294333, 20.430471374922405 ], [ -98.232576610540278, 20.429854262612427 ], [ -98.232463936397281, 20.429281900979795 ], [ -98.232462634230373, 20.429246829767763 ], [ -98.23247039943972, 20.428554843153332 ], [ -98.232499626564632, 20.428523616534033 ], [ -98.23150884485473, 20.428569492008975 ], [ -98.231259904188576, 20.428581017745984 ], [ -98.230828350551761, 20.42864758036426 ], [ -98.230438911285006, 20.428707646186652 ], [ -98.229605187676839, 20.428836234757853 ], [ -98.229794815973634, 20.429699656007664 ], [ -98.229824269490251, 20.429833761116555 ], [ -98.229818964367126, 20.429836572126064 ] ] ] ] } },
{ "type": "Feature", "properties": { "Nombre": "Cerro La Paila", "Jurisdiccion": "Municipal", "Area_h": 61.7024 }, "geometry": { "type": "MultiPolygon", "coordinates": [ [ [ [ -98.537803812145867, 20.034322351267505 ], [ -98.53628580102837, 20.034007999526416 ], [ -98.535740823063904, 20.033100831622662 ], [ -98.535362124134153, 20.032470444353496 ], [ -98.535243426649174, 20.030836044848858 ], [ -98.535213445462659, 20.030423210999505 ], [ -98.535471099726678, 20.030258612048986 ], [ -98.537150768446608, 20.029185560887733 ], [ -98.539318609455535, 20.028460199668871 ], [ -98.541329193149338, 20.028611625197982 ], [ -98.542097516757323, 20.028573278544268 ], [ -98.542721643380887, 20.02854212590907 ], [ -98.543469203589083, 20.028544055596686 ], [ -98.543671241657862, 20.028544576578433 ], [ -98.544191227905458, 20.028545916370859 ], [ -98.545019171211507, 20.02863501770458 ], [ -98.545583045530464, 20.02869569827811 ], [ -98.546245480217067, 20.029430141860924 ], [ -98.546508269588983, 20.029721494140613 ], [ -98.546387538622668, 20.030135449501202 ], [ -98.546364775724129, 20.030213495817851 ], [ -98.546296314996852, 20.030448227093245 ], [ -98.546039568730052, 20.031328529325251 ], [ -98.545184746005091, 20.032715265659824 ], [ -98.543093586070981, 20.033660200136058 ], [ -98.541390422977827, 20.034167505077381 ], [ -98.539146015551211, 20.034600284498197 ], [ -98.537803812145867, 20.034322351267505 ] ] ] ] } },
{ "type": "Feature", "properties": { "Nombre": "La Lagunilla", "Jurisdiccion": "Municipal", "Area_h": 26.7569 }, "geometry": { "type": "MultiPolygon", "coordinates": [ [ [ [ -98.485496873484095, 20.067461780926216 ], [ -98.486735240862998, 20.066946041807988 ], [ -98.486606771236637, 20.066531684938333 ], [ -98.487255753266751, 20.066564233885863 ], [ -98.487597699263461, 20.066434130022962 ], [ -98.487775665856546, 20.066366416122481 ], [ -98.488132660224906, 20.066367450473013 ], [ -98.488862230461351, 20.066568887556059 ], [ -98.489381744207577, 20.066493725925866 ], [ -98.489886071323042, 20.066096530451659 ], [ -98.489455972379346, 20.065380266883949 ], [ -98.489369586834258, 20.065236404482466 ], [ -98.489174913017365, 20.065220509044661 ], [ -98.489127026180782, 20.064975046499679 ], [ -98.489322195905132, 20.064837616508004 ], [ -98.490052206713372, 20.064901054927802 ], [ -98.490100950643608, 20.064600271657678 ], [ -98.490101878629659, 20.064594543483633 ], [ -98.49049191714802, 20.064411674731709 ], [ -98.490290591737036, 20.063943445172377 ], [ -98.49342147610156, 20.064228436568087 ], [ -98.493944815466648, 20.062957315580885 ], [ -98.494042224539569, 20.0629422615606 ], [ -98.4939107883622, 20.063447866797759 ], [ -98.495354968744806, 20.063451996067911 ], [ -98.495746076441478, 20.062931797788757 ], [ -98.496330041234231, 20.062994794361909 ], [ -98.495396133302847, 20.064657754694657 ], [ -98.495367174986214, 20.064709318384004 ], [ -98.495368955126779, 20.064657460224446 ], [ -98.495385069053853, 20.064188055048128 ], [ -98.495060139638838, 20.064309789213151 ], [ -98.493892004413212, 20.064245116545077 ], [ -98.493437112400116, 20.064412474139807 ], [ -98.493383414946621, 20.064635923821353 ], [ -98.49319041044869, 20.065439062536125 ], [ -98.492931173506278, 20.065315656829892 ], [ -98.492861051440698, 20.065763251003506 ], [ -98.492765502972915, 20.066373141766547 ], [ -98.492262563541544, 20.066341031784702 ], [ -98.491661027433807, 20.066691955919477 ], [ -98.491838438197988, 20.067029787541305 ], [ -98.492683135640902, 20.066756224504388 ], [ -98.490954556174131, 20.069388487499875 ], [ -98.490371660041191, 20.068988155537959 ], [ -98.489771546784155, 20.06889442749123 ], [ -98.48975705500537, 20.068357739851034 ], [ -98.489366410280255, 20.06872459752551 ], [ -98.489204138262991, 20.068724128537429 ], [ -98.488764858752972, 20.069075511369658 ], [ -98.487225656916053, 20.068335079644683 ], [ -98.485272802387314, 20.067555098209841 ], [ -98.485496873484095, 20.067461780926216 ] ] ] ] } },
{ "type": "Feature", "properties": { "Nombre": "Los Mármoles", "Jurisdiccion": "Federal", "Area_h": 23482.1 }, "geometry": { "type": "MultiPolygon", "coordinates": [ [ [ [ -99.206305501856875, 20.969246964626176 ], [ -99.205207753778481, 20.967337438225165 ], [ -99.203860547009853, 20.96499390354564 ], [ -99.20128653999754, 20.960516050378541 ], [ -99.200545919708929, 20.960571136942285 ], [ -99.200315090497838, 20.960598515217558 ], [ -99.200093820504208, 20.960580703717948 ], [ -99.19990131267501, 20.960490572116182 ], [ -99.199756781991638, 20.960310028504804 ], [ -99.199217163965685, 20.959605879093107 ], [ -99.198851187693137, 20.9592719871847 ], [ -99.198649015259704, 20.959145723707206 ], [ -99.19786961448122, 20.958965916845621 ], [ -99.197474879817719, 20.958704340512512 ], [ -99.197026875123697, 20.957599515553206 ], [ -99.196760749781873, 20.956943213584101 ], [ -99.196461163876251, 20.95587735167749 ], [ -99.196446945866484, 20.955836816032999 ], [ -99.196055655322994, 20.954721254308293 ], [ -99.194870831513626, 20.953421477410291 ], [ -99.194687873068759, 20.953268080144081 ], [ -99.194384172495319, 20.95332549756241 ], [ -99.194351292397343, 20.953331713615423 ], [ -99.194024470150708, 20.953503763233311 ], [ -99.193697484346885, 20.953549313184592 ], [ -99.193197136935822, 20.953423381439556 ], [ -99.192706351430715, 20.953252259116883 ], [ -99.19229243752919, 20.953017799101943 ], [ -99.191580293166353, 20.952747530659298 ], [ -99.191512880436704, 20.95268435673777 ], [ -99.191416473212499, 20.952512787396458 ], [ -99.191349072144348, 20.952458649055497 ], [ -99.190386910377299, 20.952242869847961 ], [ -99.190135929682071, 20.951538368141588 ], [ -99.189933546883125, 20.951231381073868 ], [ -99.18953901692484, 20.951105320633893 ], [ -99.188643835395595, 20.950600315795132 ], [ -99.188114284320591, 20.950185260024902 ], [ -99.187671203118271, 20.949688786472652 ], [ -99.187574340587844, 20.949146753051519 ], [ -99.187304613242588, 20.948821765426224 ], [ -99.187159917936071, 20.948487604559702 ], [ -99.187072912430509, 20.948135308966343 ], [ -99.18678438804794, 20.948162732115915 ], [ -99.186514944040383, 20.948063634570069 ], [ -99.186013939710634, 20.94738650646055 ], [ -99.185282440370983, 20.946989733032918 ], [ -99.184040346858595, 20.945924868360628 ], [ -99.183600374956001, 20.945437540831936 ], [ -99.183600321984116, 20.945437483060637 ], [ -99.183510615668084, 20.945338120317768 ], [ -99.183318038173837, 20.945166649574517 ], [ -99.183202540261433, 20.945103523926822 ], [ -99.183058231172268, 20.945076571803561 ], [ -99.18230806103638, 20.945131589063216 ], [ -99.18217337048354, 20.945104625912844 ], [ -99.182048265611655, 20.945050545410076 ], [ -99.181961558003266, 20.94493317415904 ], [ -99.181893869006856, 20.944635069125368 ], [ -99.181807172670077, 20.94452673344923 ], [ -99.181585841129021, 20.944436612414492 ], [ -99.181326166977513, 20.94445495992623 ], [ -99.181181902323218, 20.944464148855264 ], [ -99.180835641032999, 20.944464516198369 ], [ -99.180546764925055, 20.944193751904571 ], [ -99.180373147522332, 20.943787330182811 ], [ -99.179882191911076, 20.943435457155346 ], [ -99.179759166060151, 20.943374313184897 ], [ -99.178303859162753, 20.942651010870083 ], [ -99.177255373636271, 20.942570782177771 ], [ -99.176322318702105, 20.942499463472981 ], [ -99.175591479482236, 20.942626716599499 ], [ -99.174860544573846, 20.942672645599139 ], [ -99.174629653990252, 20.942627703664787 ], [ -99.173975330773445, 20.942384408744651 ], [ -99.173744472161999, 20.94236657260991 ], [ -99.173504057828112, 20.942402959951004 ], [ -99.173273313603019, 20.942484515527681 ], [ -99.173081114831149, 20.942629281448912 ], [ -99.172494328748641, 20.942566625893807 ], [ -99.170983739830561, 20.94210732661292 ], [ -99.170935669224008, 20.942125446134277 ], [ -99.170704811337558, 20.942107605881272 ], [ -99.170464376192484, 20.942125917603459 ], [ -99.169493260847347, 20.942416026742862 ], [ -99.169243227113867, 20.942452417641729 ], [ -99.16901229792127, 20.942371325410583 ], [ -99.168790946701108, 20.942254080668832 ], [ -99.168483102545892, 20.942200170824265 ], [ -99.168175309060501, 20.942191438776455 ], [ -99.167973880479394, 20.942236702639423 ], [ -99.167973376609922, 20.942236816081433 ], [ -99.167857988021566, 20.942264036673084 ], [ -99.167579250238674, 20.942435988580677 ], [ -99.16703148122771, 20.942861202653038 ], [ -99.166743103095101, 20.943015091270581 ], [ -99.166569983978746, 20.943024296038303 ], [ -99.166011904315639, 20.9428260549501 ], [ -99.165848373784783, 20.942808142613078 ], [ -99.165704159373973, 20.942862496809063 ], [ -99.165550455717167, 20.943034323940665 ], [ -99.165137493693976, 20.943603971984633 ], [ -99.164954894042964, 20.9437396838163 ], [ -99.164589535728311, 20.9438665361643 ], [ -99.16436831392204, 20.943866749417808 ], [ -99.163925742425732, 20.943749711341187 ], [ -99.16367924311416, 20.943197154965127 ], [ -99.161764649665955, 20.93890521922906 ], [ -99.159049818788731, 20.932818929100122 ], [ -99.158836317936476, 20.93234026593268 ], [ -99.158573438740092, 20.931750891502674 ], [ -99.150182918085576, 20.91293673192872 ], [ -99.14958953886503, 20.911605993055705 ], [ -99.150812114707989, 20.909566390203999 ], [ -99.153026477200015, 20.905872042038268 ], [ -99.153060639585078, 20.905815043911289 ], [ -99.163511535465673, 20.888376369802618 ], [ -99.164659056779612, 20.886461298365024 ], [ -99.165687560747244, 20.884744802586205 ], [ -99.154122662502758, 20.861571455063615 ], [ -99.152297818397329, 20.857914162370214 ], [ -99.149559020539456, 20.852424780621636 ], [ -99.154820545412093, 20.847044781260539 ], [ -99.183445224718625, 20.817766009264677 ], [ -99.187252405560614, 20.813870619046149 ], [ -99.18792824713249, 20.813179088541478 ], [ -99.193251018901719, 20.807732442568881 ], [ -99.196133313335096, 20.804782837225972 ], [ -99.196294978760349, 20.804617391781427 ], [ -99.196378759465858, 20.804531652634619 ], [ -99.201075323628487, 20.799725035986857 ], [ -99.204971997220355, 20.795736726271283 ], [ -99.205902100260587, 20.79478470564634 ], [ -99.207333379384181, 20.794547953565903 ], [ -99.222794131604957, 20.791989738345691 ], [ -99.231954199516423, 20.790473369488836 ], [ -99.235297076097652, 20.789919856946785 ], [ -99.239735013161763, 20.789184918362508 ], [ -99.243618840884494, 20.788541641409822 ], [ -99.258092040189439, 20.786143631121025 ], [ -99.262990854796044, 20.785331671284194 ], [ -99.275824127825672, 20.783203903610829 ], [ -99.279821439440553, 20.78254093798294 ], [ -99.280191422028807, 20.782479569797513 ], [ -99.280202458280925, 20.782477739206904 ], [ -99.281315100310309, 20.782293184449788 ], [ -99.282996555700748, 20.782014264864049 ], [ -99.288085207398908, 20.781170054996437 ], [ -99.289513657761077, 20.780933045370464 ], [ -99.29711792398524, 20.779671128299256 ], [ -99.30151787699532, 20.778940799312629 ], [ -99.302641675902649, 20.778754245730994 ], [ -99.303888443230392, 20.778547269567362 ], [ -99.30730469800281, 20.777980087891631 ], [ -99.307715588116864, 20.777911865669154 ], [ -99.307814192659961, 20.777895494121861 ], [ -99.307822862635959, 20.777894054541918 ], [ -99.308183028101638, 20.777834253112232 ], [ -99.309481932942703, 20.77761857698415 ], [ -99.309619076884658, 20.777595804478128 ], [ -99.309906498722199, 20.77754807769303 ], [ -99.31028842614748, 20.777484658035021 ], [ -99.310612761225926, 20.777430800363309 ], [ -99.31067657499247, 20.777420204328834 ], [ -99.310554768930061, 20.777681148556038 ], [ -99.310464853055137, 20.777873775123524 ], [ -99.310411817150836, 20.777987392961371 ], [ -99.310319782076107, 20.778184558340016 ], [ -99.31028070832636, 20.778268265053143 ], [ -99.308206808533242, 20.782710993767125 ], [ -99.304353366711908, 20.790965120068346 ], [ -99.303806534055141, 20.792136364203802 ], [ -99.303580893673228, 20.792619652296409 ], [ -99.302774593009474, 20.7943465945249 ], [ -99.298258441196381, 20.804018547021059 ], [ -99.294818387504662, 20.811384988582066 ], [ -99.291310289061713, 20.818896338677906 ], [ -99.289802162730751, 20.819260324499847 ], [ -99.28948526359504, 20.819387360385051 ], [ -99.288795333962781, 20.82044570693531 ], [ -99.288257529551146, 20.820645398549281 ], [ -99.287641931368427, 20.820366324136195 ], [ -99.287305738740784, 20.820457245374353 ], [ -99.28727798657232, 20.821026544294632 ], [ -99.287086359742744, 20.82133408086376 ], [ -99.286250437482906, 20.821434871894358 ], [ -99.285423835229579, 20.821382035541802 ], [ -99.285193235108238, 20.821409526561244 ], [ -99.284742035548163, 20.821672313387459 ], [ -99.284271342223136, 20.821790559306709 ], [ -99.283979597736447, 20.822114775786133 ], [ -99.283839767097049, 20.82227016930813 ], [ -99.283716319014204, 20.823065519892477 ], [ -99.284036990832988, 20.82494442511544 ], [ -99.283922644573451, 20.825468688044459 ], [ -99.283855894270744, 20.825748906830082 ], [ -99.283885217465681, 20.826010894996895 ], [ -99.283856791473227, 20.826227800049342 ], [ -99.284147283776207, 20.827383894500191 ], [ -99.285091731171647, 20.828755759626013 ], [ -99.285669290134621, 20.82923369242533 ], [ -99.285719168513666, 20.830200433903443 ], [ -99.285268573520995, 20.830797543596727 ], [ -99.285115646937243, 20.831249585239828 ], [ -99.285455168425059, 20.832911596535293 ], [ -99.285234536354608, 20.833137857442765 ], [ -99.284841207475054, 20.833527048549286 ], [ -99.284640356501555, 20.83405145524333 ], [ -99.284997095668388, 20.83464722111038 ], [ -99.286372298256893, 20.835060572283219 ], [ -99.286642664026971, 20.835719729059981 ], [ -99.286721231617122, 20.836605099809429 ], [ -99.286539400984239, 20.837021047856101 ], [ -99.286589219723083, 20.837951645284608 ], [ -99.287060920506846, 20.838339392187947 ], [ -99.287331346744395, 20.839025654637336 ], [ -99.28715037182991, 20.839893388433769 ], [ -99.287352970781555, 20.840290620949897 ], [ -99.288305333981924, 20.840713700229944 ], [ -99.288268022757961, 20.841310121247567 ], [ -99.287346789135981, 20.842097777539692 ], [ -99.287347972576541, 20.842721240912638 ], [ -99.287752682233645, 20.843253669553651 ], [ -99.288793933936162, 20.844914491023594 ], [ -99.288679521081505, 20.845402613104262 ], [ -99.28718329163587, 20.847112880544035 ], [ -99.287443744924587, 20.84760037274399 ], [ -99.28776213056554, 20.848223303025733 ], [ -99.287590347922929, 20.848874163650656 ], [ -99.286667319283751, 20.848740175347945 ], [ -99.286408302937687, 20.849011680426141 ], [ -99.286582144196345, 20.849445104314892 ], [ -99.287044868801118, 20.850149115680239 ], [ -99.286958975074384, 20.850474545616137 ], [ -99.286670913929711, 20.850637671071588 ], [ -99.286643779140576, 20.850641684983131 ], [ -99.286238479187617, 20.850701644491881 ], [ -99.285979236747707, 20.850855684895929 ], [ -99.28577819686987, 20.85128973515695 ], [ -99.285779579213056, 20.852021626253777 ], [ -99.28632943581907, 20.85305077975589 ], [ -99.286186120398142, 20.853511841021966 ], [ -99.285667915366147, 20.853973528028924 ], [ -99.2856495945082, 20.854452451670827 ], [ -99.28590071645695, 20.855084532771585 ], [ -99.286623099695859, 20.855842325176091 ], [ -99.287720024478787, 20.856409735353719 ], [ -99.289305443498151, 20.856054670790801 ], [ -99.289651603113668, 20.856108299790282 ], [ -99.289480183245971, 20.856948911088931 ], [ -99.289597404175026, 20.857924569813733 ], [ -99.289772147951794, 20.858818809573396 ], [ -99.290291293149437, 20.858845037165203 ], [ -99.291155874545467, 20.858545390443759 ], [ -99.291617481439118, 20.85864399755258 ], [ -99.291905133759471, 20.858264007477047 ], [ -99.292308330021356, 20.857983212485724 ], [ -99.292779496221797, 20.858054693024677 ], [ -99.29442727516215, 20.860102972771941 ], [ -99.295082822072629, 20.861059628836049 ], [ -99.295459793500612, 20.862116156030257 ], [ -99.295376188272144, 20.863607191397968 ], [ -99.295463553964254, 20.864040754319905 ], [ -99.296848434827893, 20.864336536147583 ], [ -99.297022643554655, 20.864932590150563 ], [ -99.297427091938602, 20.865284280062433 ], [ -99.297657489540086, 20.865121236918096 ], [ -99.297886765168144, 20.864388946316463 ], [ -99.298347609646342, 20.864089965501588 ], [ -99.298895881499391, 20.864251651504407 ], [ -99.299012418894748, 20.864847804113221 ], [ -99.298552804540151, 20.86577024777311 ], [ -99.298467355325926, 20.866312538708495 ], [ -99.298957848300319, 20.866420110958373 ], [ -99.299880941273912, 20.866526924307866 ], [ -99.30089201201362, 20.867365469358091 ], [ -99.300575417506138, 20.867691310746597 ], [ -99.29971074963251, 20.867963898140687 ], [ -99.299309508883169, 20.869238633391266 ], [ -99.299281723861839, 20.869771787939353 ], [ -99.298927560121101, 20.870549476653242 ], [ -99.298342219929879, 20.871101675516726 ], [ -99.297411050892549, 20.871790009244783 ], [ -99.297758958115182, 20.872711044757953 ], [ -99.298683642341942, 20.873603966408968 ], [ -99.298743093200017, 20.874498395885702 ], [ -99.298629066410854, 20.875176271623264 ], [ -99.298496078535393, 20.875989715643783 ], [ -99.297566321668569, 20.877409938328125 ], [ -99.297077215043643, 20.878025215125302 ], [ -99.297300258357552, 20.879000681697107 ], [ -99.297051623762329, 20.879678790036028 ], [ -99.296475944569423, 20.880276144005535 ], [ -99.296101681589647, 20.880629184004359 ], [ -99.296164692894962, 20.880696611229741 ], [ -99.296304005488309, 20.880845690051835 ], [ -99.296815573001666, 20.88076651249364 ], [ -99.297543867624171, 20.880653788347349 ], [ -99.298034139289285, 20.88062582773123 ], [ -99.298113899974325, 20.880905936766336 ], [ -99.298198722403086, 20.881203824571774 ], [ -99.29814066916137, 20.881266538535805 ], [ -99.297603902487069, 20.881846394025949 ], [ -99.29690294688821, 20.882299396372982 ], [ -99.295874497327631, 20.882445749528479 ], [ -99.295751350677961, 20.882620045786933 ], [ -99.29565908451039, 20.882884884844167 ], [ -99.295601934513812, 20.883048927951148 ], [ -99.295992259499855, 20.883665362816398 ], [ -99.296045488559017, 20.883803522930055 ], [ -99.296081624616974, 20.883846266008852 ], [ -99.296236291577415, 20.884029214672083 ], [ -99.296268301509954, 20.884167695181063 ], [ -99.296282439385962, 20.884228857606082 ], [ -99.296284165406092, 20.884236322605727 ], [ -99.296325012110728, 20.884413032210421 ], [ -99.296333599592501, 20.884450184697535 ], [ -99.296301054739047, 20.884513517051278 ], [ -99.296225001063874, 20.884661514996619 ], [ -99.296207321116142, 20.884695920960759 ], [ -99.296129105508683, 20.884848125101446 ], [ -99.296125722566416, 20.884854708030652 ], [ -99.295982554854902, 20.884888655347101 ], [ -99.29541825761396, 20.885130135568861 ], [ -99.295284457236633, 20.885118506416088 ], [ -99.295094002992158, 20.885183037282808 ], [ -99.29501406194963, 20.885210123219473 ], [ -99.294726300185246, 20.885133543231557 ], [ -99.294667965414547, 20.885118019257224 ], [ -99.294604779526722, 20.885101204288997 ], [ -99.294588548495241, 20.885096885183358 ], [ -99.294449369331815, 20.885059846368296 ], [ -99.294201012962233, 20.88504233707252 ], [ -99.294147193032373, 20.885038543405447 ], [ -99.293967091963935, 20.88502584622341 ], [ -99.293898120819605, 20.884998002949235 ], [ -99.293889287417159, 20.884997234736108 ], [ -99.293178757062051, 20.884899554253117 ], [ -99.293108530602183, 20.884938669921816 ], [ -99.293088808486246, 20.88494965496912 ], [ -99.292708647750715, 20.886002220209722 ], [ -99.293316400792932, 20.887049317721402 ], [ -99.293048032735868, 20.887483490440701 ], [ -99.292921516507633, 20.887535345212623 ], [ -99.292913264759491, 20.887543556515727 ], [ -99.292833761401738, 20.887622676264321 ], [ -99.292816617824059, 20.887639737876714 ], [ -99.292711169132545, 20.887744677173139 ], [ -99.292685964786912, 20.887749455011665 ], [ -99.292589853021184, 20.887767674587707 ], [ -99.292456648802812, 20.887792925869078 ], [ -99.292378980841676, 20.887807649502101 ], [ -99.292340368873894, 20.887814969361745 ], [ -99.292205401859192, 20.887838557282606 ], [ -99.292164127354368, 20.887845770513575 ], [ -99.292029682731226, 20.887900873852573 ], [ -99.291147361464411, 20.889058945342043 ], [ -99.291063474923007, 20.889138065409302 ], [ -99.291054173402983, 20.889154940011359 ], [ -99.29100667698404, 20.889241108278984 ], [ -99.290958360352121, 20.889328765201455 ], [ -99.290956824463834, 20.889331549900341 ], [ -99.290924446311038, 20.88939029172364 ], [ -99.290901608122041, 20.889398711171818 ], [ -99.290862374854626, 20.889413174461861 ], [ -99.290842270130824, 20.88942058538839 ], [ -99.290838138694468, 20.889422108602623 ], [ -99.290723094482118, 20.889464518937547 ], [ -99.29067021493789, 20.889484012958622 ], [ -99.290631389005611, 20.889498326414813 ], [ -99.290052875558914, 20.889892087897543 ], [ -99.28989036043852, 20.89038029012579 ], [ -99.290276569626755, 20.891219952858552 ], [ -99.290210116312835, 20.89166281381852 ], [ -99.289107348250795, 20.892332312008389 ], [ -99.289105680064921, 20.892333325017919 ], [ -99.288847942819828, 20.893309613654996 ], [ -99.288917876373318, 20.894682918022596 ], [ -99.28816955284195, 20.895551605792356 ], [ -99.287738833366362, 20.896582398069228 ], [ -99.287750584462813, 20.897702801613971 ], [ -99.28817555582269, 20.898696009441171 ], [ -99.288243743497219, 20.899156713624215 ], [ -99.28762959737719, 20.899808316437618 ], [ -99.286601396533868, 20.900153399117201 ], [ -99.285496454998167, 20.900597996217879 ], [ -99.284833650628428, 20.900951493230973 ], [ -99.284777338579289, 20.901683476286934 ], [ -99.285095983812056, 20.902387727166275 ], [ -99.284721690911027, 20.902767849213525 ], [ -99.283596389524263, 20.902625149613815 ], [ -99.283058117631342, 20.902734470028758 ], [ -99.282212617461539, 20.903097295112254 ], [ -99.281924721595104, 20.903404983041405 ], [ -99.280521134459875, 20.903569934853397 ], [ -99.279896617240354, 20.903842028957428 ], [ -99.279034110711237, 20.905415645901957 ], [ -99.279064378688787, 20.906183628248943 ], [ -99.278930358015927, 20.906509131101288 ], [ -99.27866134698607, 20.906636069364609 ], [ -99.278604402504229, 20.907042767241823 ], [ -99.278297143231981, 20.907287230965608 ], [ -99.277047387366565, 20.907460939600934 ], [ -99.276759091397111, 20.907560799152776 ], [ -99.276029717499483, 20.908348082066574 ], [ -99.275339377435643, 20.909451547290342 ], [ -99.274513299619372, 20.909949838223355 ], [ -99.274100447470531, 20.910302892060876 ], [ -99.273832590184242, 20.911071353182724 ], [ -99.273920382855849, 20.911757922979231 ], [ -99.274066399348115, 20.912733540506068 ], [ -99.274673903567603, 20.913654202387765 ], [ -99.274909340608417, 20.916201879975365 ], [ -99.275190775096888, 20.917601953843992 ], [ -99.274539479190025, 20.919048707144434 ], [ -99.273503335922513, 20.920405718046766 ], [ -99.272552157585139, 20.920895164132602 ], [ -99.271370168970421, 20.921384971879807 ], [ -99.270477748615249, 20.92247066636202 ], [ -99.269756480663375, 20.922471807262042 ], [ -99.269439752604754, 20.922824697868588 ], [ -99.269325657097838, 20.923556765920907 ], [ -99.268836013175758, 20.924018355892482 ], [ -99.268318544569539, 20.925058270045202 ], [ -99.267812227389612, 20.926965587711873 ], [ -99.267477036778885, 20.927761250507281 ], [ -99.267515810506012, 20.927932867130586 ], [ -99.267957523408484, 20.928467656008589 ], [ -99.268074816850017, 20.92860966409382 ], [ -99.268383761240955, 20.929277816774071 ], [ -99.268962640266608, 20.930306969670568 ], [ -99.269772249526838, 20.93128154205699 ], [ -99.270464317984818, 20.931063591459331 ], [ -99.271378610751981, 20.931414530615477 ], [ -99.271956605182467, 20.931937678169575 ], [ -99.272065302136014, 20.932197353827355 ], [ -99.27221740432428, 20.93256072190864 ], [ -99.271920369237705, 20.933175619093845 ], [ -99.272074887011044, 20.933527762945427 ], [ -99.27268167954017, 20.93401471934342 ], [ -99.273041423288731, 20.934356288764029 ], [ -99.273365712476917, 20.93466419136622 ], [ -99.273538978399216, 20.934745234544359 ], [ -99.274068247032986, 20.934907027040531 ], [ -99.274664675989825, 20.934978353423041 ], [ -99.275338327868624, 20.935203159025207 ], [ -99.275618183878862, 20.935717738741925 ], [ -99.27559904756879, 20.93577198347306 ], [ -99.275965515252338, 20.936313529600547 ], [ -99.277354053152763, 20.938253940481928 ], [ -99.27810510076192, 20.93871353558082 ], [ -99.278894792104026, 20.939263420484124 ], [ -99.280050460620345, 20.940074734748613 ], [ -99.280685384741247, 20.940145976645852 ], [ -99.281127763310863, 20.940118141549476 ], [ -99.281752934816424, 20.940117110492633 ], [ -99.282114475122739, 20.940160047749931 ], [ -99.282128122332324, 20.940161668769022 ], [ -99.282417222230507, 20.940459366340214 ], [ -99.282562289666927, 20.940883800763345 ], [ -99.282421102594398, 20.942528518809542 ], [ -99.281931878181368, 20.943225071135622 ], [ -99.281595781139117, 20.943514766202959 ], [ -99.280269439367032, 20.944041016375241 ], [ -99.279779562108985, 20.944394209810763 ], [ -99.279607238132598, 20.944828202377852 ], [ -99.280186758909153, 20.946128381740309 ], [ -99.279928523465273, 20.946914904968807 ], [ -99.280034881128259, 20.947212906009788 ], [ -99.278977233643701, 20.947422458168035 ], [ -99.278735842478454, 20.947339361761234 ], [ -99.278512690269224, 20.947262543907797 ], [ -99.278428628676707, 20.947233606287803 ], [ -99.277918682417251, 20.947144081529242 ], [ -99.277188526741114, 20.947606086306738 ], [ -99.277132778447566, 20.948672380554385 ], [ -99.276758335161105, 20.949043449017157 ], [ -99.275921136261246, 20.9488369858467 ], [ -99.275257040864531, 20.948612168069701 ], [ -99.274399736340484, 20.947926841646424 ], [ -99.273821474261851, 20.947295276904651 ], [ -99.273349905856549, 20.947151463098422 ], [ -99.272861148458787, 20.948137128896207 ], [ -99.271535191127938, 20.94891630849526 ], [ -99.271132691161128, 20.949739190707994 ], [ -99.270952327738158, 20.951067714233826 ], [ -99.270597344332671, 20.951574272722979 ], [ -99.269838531078463, 20.952171826039503 ], [ -99.268945354779333, 20.952941264765954 ], [ -99.269178291939355, 20.954106492701211 ], [ -99.269555420721161, 20.955217278562326 ], [ -99.269719721020351, 20.955650728604855 ], [ -99.269499357257843, 20.956139000476327 ], [ -99.269009173030469, 20.956356629273007 ], [ -99.267825930769632, 20.956304277871094 ], [ -99.267495874741982, 20.956395266849711 ], [ -99.266441456781479, 20.956685942594824 ], [ -99.265979836093777, 20.956740876911887 ], [ -99.265517210628687, 20.95622656735787 ], [ -99.265083779678889, 20.955901959197192 ], [ -99.264420970561474, 20.956418018651551 ], [ -99.264018855840405, 20.957493880714477 ], [ -99.264054970220542, 20.957647996901411 ], [ -99.264202999930575, 20.958279694578415 ], [ -99.265493614510916, 20.959208358950423 ], [ -99.265755345399825, 20.960346439175527 ], [ -99.266073885858418, 20.960969400015365 ], [ -99.26601698448377, 20.961430305255256 ], [ -99.265382247683164, 20.961512614908152 ], [ -99.264747462456299, 20.96156781542749 ], [ -99.263162488851265, 20.962844291104215 ], [ -99.262759464590715, 20.96341415653443 ], [ -99.262961995908583, 20.963712019608376 ], [ -99.263569119714575, 20.964334539566899 ], [ -99.263608120615729, 20.964632654552183 ], [ -99.262992971482646, 20.964922744262484 ], [ -99.261867396856388, 20.96487929880497 ], [ -99.261116831083314, 20.964744915798249 ], [ -99.260800198519433, 20.965215252473989 ], [ -99.260896912164952, 20.965513279797833 ], [ -99.261773575238848, 20.96624382068207 ], [ -99.261995914595957, 20.966866936445442 ], [ -99.261713545338395, 20.967424147357157 ], [ -99.261267309529487, 20.968304717083093 ], [ -99.260710705897026, 20.969082631892686 ], [ -99.260643413642171, 20.969109841635692 ], [ -99.260306618101637, 20.969591507111858 ], [ -99.26008683508357, 20.969905825573651 ], [ -99.259655794292854, 20.970981720388487 ], [ -99.259642456494603, 20.97098918604939 ], [ -99.258733159199252, 20.971498153214412 ], [ -99.25786763385814, 20.971662105886058 ], [ -99.257232570875431, 20.971581745027631 ], [ -99.255152615219899, 20.97039217062445 ], [ -99.254402577857377, 20.970583039619065 ], [ -99.253307405674718, 20.97147919641888 ], [ -99.25270308890363, 20.972519188913644 ], [ -99.252820930967971, 20.973946640710665 ], [ -99.252677311223422, 20.974353456167702 ], [ -99.251551743750753, 20.974355121277128 ], [ -99.250078720410428, 20.973679618284756 ], [ -99.249241044575598, 20.973247135991368 ], [ -99.248521145192058, 20.974224033458263 ], [ -99.247769352649129, 20.973366744857245 ], [ -99.246989836431936, 20.973196199666138 ], [ -99.247047201089657, 20.972979261780022 ], [ -99.247306112860869, 20.972472891866776 ], [ -99.247506737191387, 20.971623252813043 ], [ -99.24750432778643, 20.970159486459949 ], [ -99.24686682875155, 20.968588213372563 ], [ -99.246568005385612, 20.968218185478403 ], [ -99.24604752843058, 20.967604515355543 ], [ -99.245545793702505, 20.96668360543223 ], [ -99.245359551421629, 20.96650455805694 ], [ -99.244823179980955, 20.965988901801786 ], [ -99.244226332770225, 20.965727724812474 ], [ -99.243831647213156, 20.965556612924441 ], [ -99.24210011958445, 20.965568116291305 ], [ -99.240994860454236, 20.965660231002726 ], [ -99.240719659982929, 20.965683165503389 ], [ -99.240445751178214, 20.965705992021839 ], [ -99.240378341144648, 20.965660908956828 ], [ -99.240311133264001, 20.965742324336603 ], [ -99.240108715837323, 20.96548961202944 ], [ -99.239559804229415, 20.965119923566245 ], [ -99.238673233320782, 20.964136283663109 ], [ -99.236930279784474, 20.962991189824542 ], [ -99.235919408365547, 20.962468524990317 ], [ -99.233552186891799, 20.961938681724899 ], [ -99.232916337645804, 20.961316092803056 ], [ -99.232654727082362, 20.96009663930867 ], [ -99.23216347163735, 20.959663598365935 ], [ -99.231874725247707, 20.959555563619023 ], [ -99.231411956409289, 20.958878519517878 ], [ -99.230947569155703, 20.957144306560153 ], [ -99.230714299076908, 20.955572420942879 ], [ -99.230884946700613, 20.953945774514995 ], [ -99.230478335839052, 20.952238587826567 ], [ -99.230454770322964, 20.95170441427728 ], [ -99.2304465325427, 20.951517677596353 ], [ -99.230441478487165, 20.951403114248851 ], [ -99.230432002158011, 20.951188309096992 ], [ -99.230418547993892, 20.950883321820047 ], [ -99.230370436966595, 20.950601217127655 ], [ -99.230321489484751, 20.950314207184245 ], [ -99.23029068822818, 20.950138067212656 ], [ -99.230253564181297, 20.94992576607094 ], [ -99.229867961185391, 20.94936607597451 ], [ -99.228924673622856, 20.948933633324145 ], [ -99.227277637702059, 20.947444953323274 ], [ -99.227161629076832, 20.947056574826387 ], [ -99.226035246284127, 20.946380396979613 ], [ -99.224965855067865, 20.945216211097083 ], [ -99.224528422650039, 20.944048320767099 ], [ -99.224367131704, 20.943617688453568 ], [ -99.224453628964326, 20.943572396408612 ], [ -99.224265897894213, 20.943354093314202 ], [ -99.224123506570209, 20.943188514052981 ], [ -99.224027610883411, 20.943077001731972 ], [ -99.22389480105025, 20.942922563305803 ], [ -99.223730005696822, 20.942781525029645 ], [ -99.223529596171744, 20.942610006277931 ], [ -99.223290401409344, 20.942405292241592 ], [ -99.223114732501344, 20.942254946397313 ], [ -99.222797010965493, 20.942038505730398 ], [ -99.222431132731998, 20.941776948943421 ], [ -99.221344119780483, 20.941669934511374 ], [ -99.219478893235149, 20.942151233800359 ], [ -99.21826642391062, 20.941755219937992 ], [ -99.217486490543962, 20.941159862097866 ], [ -99.217177719885811, 20.940473544987487 ], [ -99.217472840859671, 20.938367859420239 ], [ -99.217645076291433, 20.937753214607348 ], [ -99.217639655905231, 20.937334713869735 ], [ -99.217635756593978, 20.937033682065181 ], [ -99.217633901094942, 20.936890414902344 ], [ -99.217632043452696, 20.936746992326338 ], [ -99.217629256998492, 20.936531858457698 ], [ -99.217623425440479, 20.93608164389417 ], [ -99.2171025920848, 20.935061276683331 ], [ -99.215821451124086, 20.93368044391633 ], [ -99.214979529590565, 20.932039422951028 ], [ -99.214760559046539, 20.931612613023525 ], [ -99.214762058541226, 20.931385302503195 ], [ -99.214762815385569, 20.931270553915297 ], [ -99.214763478227468, 20.931170150480117 ], [ -99.214764235879755, 20.93105529436383 ], [ -99.214764708787072, 20.930983576719857 ], [ -99.214765750530745, 20.930825798983609 ], [ -99.21476669634454, 20.93068236369125 ], [ -99.214767643120894, 20.930538929298852 ], [ -99.214769251773674, 20.930295090556271 ], [ -99.214770481522379, 20.93010862520611 ], [ -99.21477218287049, 20.929850875912528 ], [ -99.214773791518198, 20.929607036246846 ], [ -99.214775307622858, 20.929377216445324 ], [ -99.214777011235057, 20.929119034318042 ], [ -99.214778240978845, 20.928932568942336 ], [ -99.214779848815596, 20.928688838583277 ], [ -99.214781645773684, 20.928416529037122 ], [ -99.214784285743789, 20.92801638437129 ], [ -99.214694752890239, 20.927803421252701 ], [ -99.214646837767333, 20.927689449440649 ], [ -99.214552685871553, 20.927465499237769 ], [ -99.21441227816355, 20.927348408786713 ], [ -99.214219768923186, 20.927187869576429 ], [ -99.21392772198007, 20.926944321224234 ], [ -99.213589819711686, 20.926662531098824 ], [ -99.213548682704428, 20.926524558939299 ], [ -99.213528847178694, 20.926458031450068 ], [ -99.213492038393227, 20.926334574197 ], [ -99.213425546569226, 20.926111560066044 ], [ -99.213420379358212, 20.925922826530549 ], [ -99.213416082268012, 20.925765839669275 ], [ -99.213412138182036, 20.925621788747396 ], [ -99.213409381660824, 20.92552109314817 ], [ -99.213405035958601, 20.925362357032068 ], [ -99.21340071868164, 20.925204670823433 ], [ -99.213395121510615, 20.925000209394028 ], [ -99.212913627941901, 20.924549026387758 ], [ -99.212787815065028, 20.923988970927951 ], [ -99.212316796281897, 20.924143163841066 ], [ -99.211994061723786, 20.924098651156015 ], [ -99.211797373801161, 20.924071523438212 ], [ -99.211444663306153, 20.924082650675796 ], [ -99.211201142039926, 20.924090333300967 ], [ -99.210999693321952, 20.924141860751309 ], [ -99.210739687805855, 20.924208367313369 ], [ -99.210564611693854, 20.924272982417151 ], [ -99.210297530003018, 20.924371554733874 ], [ -99.21000913121452, 20.924453230826089 ], [ -99.209181611324212, 20.924128961974382 ], [ -99.208633539242328, 20.92420191797541 ], [ -99.20810437639966, 20.924039921385166 ], [ -99.208075949333733, 20.924347169291778 ], [ -99.208083123349027, 20.924609564039692 ], [ -99.208087816915594, 20.924781237213935 ], [ -99.208096206388007, 20.925088070667687 ], [ -99.208183097401047, 20.925331928193611 ], [ -99.208375000719172, 20.925559992380546 ], [ -99.208578050023235, 20.925801301686445 ], [ -99.208702787543757, 20.925913696817968 ], [ -99.208788020445695, 20.925990495305225 ], [ -99.208920604170288, 20.926109959231322 ], [ -99.209078769148348, 20.926252473376859 ], [ -99.209271414060851, 20.926469093722194 ], [ -99.209281420218431, 20.92674918757395 ], [ -99.209217069529629, 20.92688787288207 ], [ -99.209058840064486, 20.927190312933231 ], [ -99.208984075683688, 20.927318799677554 ], [ -99.208830725406798, 20.927698485891767 ], [ -99.208690829866143, 20.927860028774688 ], [ -99.208533064745978, 20.928042205562534 ], [ -99.208244945141445, 20.928331698994182 ], [ -99.20812016950407, 20.928512564738874 ], [ -99.208159000791426, 20.928774552103732 ], [ -99.208092066118056, 20.929054739758655 ], [ -99.207986524468453, 20.929235581950635 ], [ -99.207794251596397, 20.929290030158541 ], [ -99.20755387919553, 20.929335500955315 ], [ -99.207306803336422, 20.929440410830075 ], [ -99.207239356653332, 20.929518894401053 ], [ -99.207179148893587, 20.929588955136186 ], [ -99.207093346013224, 20.929745637617959 ], [ -99.207040387382008, 20.929965248966443 ], [ -99.207055176794327, 20.930061624551776 ], [ -99.207093585683396, 20.9303119132381 ], [ -99.207144394604484, 20.930561560689203 ], [ -99.207175382773912, 20.930713817627623 ], [ -99.207212540003127, 20.930896387188795 ], [ -99.207238829178806, 20.93102555552468 ], [ -99.207204128669474, 20.931197921566834 ], [ -99.207162410969104, 20.931405146721232 ], [ -99.207067404607486, 20.931547556734902 ], [ -99.206951259883837, 20.931721651526946 ], [ -99.20670151371398, 20.9319478460387 ], [ -99.206490187540837, 20.932137851007827 ], [ -99.206230599788242, 20.932201414557337 ], [ -99.206047853567256, 20.932192599564694 ], [ -99.205913133477196, 20.932138548066625 ], [ -99.205711238567972, 20.932193005548147 ], [ -99.205686105386675, 20.932338471376113 ], [ -99.205674035460561, 20.9324083371211 ], [ -99.205652307832693, 20.932534093834363 ], [ -99.205625358653748, 20.932690071231363 ], [ -99.205625839592315, 20.933042462021028 ], [ -99.205654939143329, 20.933223140481044 ], [ -99.205703286400549, 20.933412831412973 ], [ -99.205838155699695, 20.933575310985297 ], [ -99.206030805449942, 20.933791934762699 ], [ -99.206204269849692, 20.934044724190088 ], [ -99.206291237347585, 20.934342796362099 ], [ -99.20628292468767, 20.934582270748717 ], [ -99.206278465805113, 20.934710739928551 ], [ -99.206272731859471, 20.934875923493337 ], [ -99.206276228337487, 20.935024440442717 ], [ -99.206279604293016, 20.935167815333315 ], [ -99.206282943486826, 20.935309623480073 ], [ -99.206321662069982, 20.935490290144056 ], [ -99.206523883230645, 20.935670759032561 ], [ -99.206794098398277, 20.935810139616841 ], [ -99.207015144618978, 20.935924157547905 ], [ -99.207187983175189, 20.936013309717982 ], [ -99.207476704280339, 20.936148494068053 ], [ -99.207678778217499, 20.936220533677304 ], [ -99.207832650989388, 20.936211310702781 ], [ -99.207996041758619, 20.936129790617617 ], [ -99.208072847043155, 20.936030304612085 ], [ -99.208168850385022, 20.93590368814198 ], [ -99.208255185801832, 20.935740940726088 ], [ -99.208389722457269, 20.93565945546899 ], [ -99.208562780148881, 20.935614065727385 ], [ -99.208755110868623, 20.935595759255168 ], [ -99.208966764848284, 20.935640678612302 ], [ -99.209120762370389, 20.935721811044555 ], [ -99.209236351609405, 20.935848168782734 ], [ -99.20926550626713, 20.936064989150424 ], [ -99.209188827234286, 20.936254832242707 ], [ -99.209064021184801, 20.936417627244268 ], [ -99.208948719914829, 20.936499089479863 ], [ -99.208967671399307, 20.936685221876989 ], [ -99.20899747357106, 20.936977920327219 ], [ -99.209027038716584, 20.937218935922587 ], [ -99.209058894894966, 20.937478622717741 ], [ -99.209085025273524, 20.937691631015856 ], [ -99.209078364247034, 20.937836705042571 ], [ -99.20906635379481, 20.93809825901003 ], [ -99.208976754333463, 20.938262928160675 ], [ -99.208874483538736, 20.938450885040336 ], [ -99.208782965167941, 20.938623401201607 ], [ -99.208673031953552, 20.93883062956834 ], [ -99.20865409638283, 20.939047508762922 ], [ -99.208713083227735, 20.939213036033735 ], [ -99.208769963351443, 20.939372651109071 ], [ -99.208991554133434, 20.939643449912147 ], [ -99.20931879370562, 20.939805690851973 ], [ -99.20961745866002, 20.939930616425166 ], [ -99.209771106584824, 20.939994884456656 ], [ -99.21000835133205, 20.940056480651222 ], [ -99.210290671445748, 20.940129779990119 ], [ -99.210512038734976, 20.94023793505168 ], [ -99.210656562735451, 20.940418470027303 ], [ -99.210754779359121, 20.940665448011575 ], [ -99.210810996090217, 20.940806812942057 ], [ -99.210834525472194, 20.941059338851833 ], [ -99.210859820443616, 20.941330821200815 ], [ -99.210915687014833, 20.941566664329784 ], [ -99.210966413212347, 20.941780804700731 ], [ -99.211014616205873, 20.941984296025968 ], [ -99.211043389061558, 20.942105760306649 ], [ -99.211082355080933, 20.942270255163375 ], [ -99.211191242509798, 20.942518143976812 ], [ -99.21127330296811, 20.942704960449767 ], [ -99.211357578099694, 20.942896817841575 ], [ -99.211439370727817, 20.943083022840774 ], [ -99.211404193642906, 20.943344628984551 ], [ -99.211382257290254, 20.94350776974828 ], [ -99.211219025185201, 20.943706756463705 ], [ -99.2110268870494, 20.943869636126056 ], [ -99.210969569613823, 20.94414981252995 ], [ -99.211104530287031, 20.944366501483501 ], [ -99.21129718882672, 20.944574083216793 ], [ -99.211409993218894, 20.944723484577693 ], [ -99.211576641783282, 20.944944199011662 ], [ -99.211904188146107, 20.945314254597402 ], [ -99.211979628793884, 20.945445080370508 ], [ -99.212164521710463, 20.945765714059579 ], [ -99.212265412338681, 20.945951150292771 ], [ -99.212336911845881, 20.946082567211189 ], [ -99.212424895090564, 20.946244280016941 ], [ -99.21255024127521, 20.94646097971571 ], [ -99.212681514585782, 20.94654002451005 ], [ -99.212819788570741, 20.946623285542817 ], [ -99.213041035396884, 20.946696724116663 ], [ -99.213187222742391, 20.946745248220637 ], [ -99.213416416634985, 20.946821324724539 ], [ -99.213671955535887, 20.946895795720163 ], [ -99.213893821670482, 20.946960453359114 ], [ -99.21415734965413, 20.947037252034651 ], [ -99.214321180396496, 20.947096865966277 ], [ -99.214424395562091, 20.947134423093168 ], [ -99.214677019981352, 20.947226347704106 ], [ -99.214994650692773, 20.94737955388392 ], [ -99.215104604559727, 20.947490196950618 ], [ -99.215254725805153, 20.947641259972031 ], [ -99.215366322579555, 20.94777520645879 ], [ -99.215452997306556, 20.947879239278127 ], [ -99.215563049920732, 20.948011332559886 ], [ -99.215755861718321, 20.948318301106628 ], [ -99.215915238660941, 20.948417821473395 ], [ -99.216102442431335, 20.948534718147915 ], [ -99.21639118252169, 20.948660851304151 ], [ -99.216575091910428, 20.948771267644766 ], [ -99.216766633830076, 20.948886266004898 ], [ -99.216894043731585, 20.948991303471729 ], [ -99.217013975071254, 20.94909017629233 ], [ -99.217127359049513, 20.949183650424686 ], [ -99.217248139109458, 20.949283222259055 ], [ -99.217387577484985, 20.949433304832436 ], [ -99.217536805883455, 20.949593925735218 ], [ -99.217700921556983, 20.949770570305461 ], [ -99.21803781116428, 20.949932781783883 ], [ -99.218196066346508, 20.949979505189468 ], [ -99.218343019598436, 20.950022891590354 ], [ -99.218439525165834, 20.950051383949262 ], [ -99.218769147262108, 20.950148701088271 ], [ -99.218952126181904, 20.950302072406263 ], [ -99.219109395686957, 20.950452912229931 ], [ -99.21916983195446, 20.950510877808018 ], [ -99.219356678602622, 20.950690085672331 ], [ -99.219448927043189, 20.95084954384809 ], [ -99.219519983056372, 20.950972368897578 ], [ -99.219607398720882, 20.951123474318688 ], [ -99.219706811676943, 20.951344147782695 ], [ -99.219741164984569, 20.95142040508043 ], [ -99.219770894968619, 20.951486399310646 ], [ -99.219802937140585, 20.951557524611896 ], [ -99.219851429889019, 20.951665167969146 ], [ -99.219902234875889, 20.951777942386055 ], [ -99.219936588383334, 20.951854199638809 ], [ -99.2200223531228, 20.952044575886354 ], [ -99.22012398502838, 20.95229260706143 ], [ -99.220170849998723, 20.952406980360099 ], [ -99.22024437953381, 20.9525864282942 ], [ -99.220238710259025, 20.952823793975014 ], [ -99.220235315978428, 20.952965937241476 ], [ -99.220216122443574, 20.953139513336257 ], [ -99.220197342767406, 20.953309340904553 ], [ -99.220236096077059, 20.953499039477308 ], [ -99.220361446364507, 20.953706697470878 ], [ -99.220486513344781, 20.953856648665322 ], [ -99.220602343595743, 20.953995526778762 ], [ -99.220766628244021, 20.954086867904604 ], [ -99.220910402143332, 20.954166805343892 ], [ -99.221079625796122, 20.954228191115195 ], [ -99.221188045341876, 20.954267520055783 ], [ -99.221381983983818, 20.954337871167468 ], [ -99.221586634086066, 20.95446737535962 ], [ -99.221738218922255, 20.954563299554565 ], [ -99.221892282635395, 20.954671526936927 ], [ -99.221940430922402, 20.954707606871818 ], [ -99.222034210865004, 20.954883182037364 ], [ -99.22212369869635, 20.955050722818864 ], [ -99.222180909196581, 20.955211200872743 ], [ -99.222216176353172, 20.955310129574986 ], [ -99.222248377761659, 20.955400455811734 ], [ -99.222307220922673, 20.955565515469633 ], [ -99.222334838549756, 20.955833959190851 ], [ -99.22234667555027, 20.955949019015446 ], [ -99.222365776403024, 20.956134684733037 ], [ -99.222318737109291, 20.9563964707175 ], [ -99.222289451010695, 20.956559459500305 ], [ -99.222154983458296, 20.956695169373877 ], [ -99.222020528995188, 20.956839914767638 ], [ -99.221799568561167, 20.9570299508032 ], [ -99.221540144230673, 20.957229072167959 ], [ -99.221309563444052, 20.957419120066387 ], [ -99.221069323063546, 20.957582073246048 ], [ -99.22080005221143, 20.95762760031641 ], [ -99.220482579323686, 20.957600904142602 ], [ -99.220285564797095, 20.957520242753322 ], [ -99.220020580968225, 20.957411752315164 ], [ -99.219788072308745, 20.957386528247781 ], [ -99.219575371808077, 20.957363453239061 ], [ -99.219279786080293, 20.957331385667448 ], [ -99.219106654196963, 20.95734064384261 ], [ -99.21890487509954, 20.957494508926935 ], [ -99.218683673364097, 20.957521899660566 ], [ -99.218492350113706, 20.957474023764274 ], [ -99.218299419994807, 20.957425745815772 ], [ -99.218144802703549, 20.95738705515824 ], [ -99.217888297827812, 20.957338223751755 ], [ -99.217673332501647, 20.957297301151883 ], [ -99.217423129691809, 20.957225335168399 ], [ -99.21726269728029, 20.957232092284666 ], [ -99.217095048980752, 20.95723915299827 ], [ -99.216929388828035, 20.957246129697324 ], [ -99.216548535192942, 20.957235174608122 ], [ -99.216365425880639, 20.957219450073953 ], [ -99.216044633769798, 20.95719190229212 ], [ -99.215826270735178, 20.957173149716226 ], [ -99.215519199605168, 20.957029413178873 ], [ -99.215325738181193, 20.956938855637517 ], [ -99.215120105894002, 20.956801888977861 ], [ -99.214892463674971, 20.956650261453145 ], [ -99.214545994700899, 20.956524198616577 ], [ -99.21422847368332, 20.956461348241465 ], [ -99.213882249700319, 20.956506961044159 ], [ -99.213593817189917, 20.956606714659671 ], [ -99.213382362980212, 20.956724442784679 ], [ -99.213209436214228, 20.956878265075119 ], [ -99.21301743707312, 20.957149574429682 ], [ -99.212892924900984, 20.957529227091946 ], [ -99.212885537514452, 20.957693875738812 ], [ -99.212874274550288, 20.957944890122704 ], [ -99.212879769251202, 20.958182314750278 ], [ -99.212884520176161, 20.958387623999311 ], [ -99.212807847403042, 20.958586503909938 ], [ -99.212641755379863, 20.958758073932614 ], [ -99.212510084453612, 20.958894087198701 ], [ -99.212346811855113, 20.959075003505234 ], [ -99.212298944921699, 20.959237704723801 ], [ -99.212328045082188, 20.959409345752164 ], [ -99.212385977752135, 20.959562879572719 ], [ -99.212520750278557, 20.959634996817343 ], [ -99.212732477532811, 20.959707017966007 ], [ -99.212876716267289, 20.959670695380666 ], [ -99.213030587044798, 20.959643396285266 ], [ -99.213165155118674, 20.959570942959392 ], [ -99.213309342373449, 20.959498477495018 ], [ -99.213491993893001, 20.959416928111722 ], [ -99.213742057334272, 20.95938950791648 ], [ -99.214059635770312, 20.959488501637168 ], [ -99.214502355904003, 20.959650586896831 ], [ -99.214694755199659, 20.959659380407022 ], [ -99.214838980496324, 20.959614020538485 ], [ -99.215040714962896, 20.959424017731745 ], [ -99.215165610870486, 20.959315432454844 ], [ -99.215300151748465, 20.959224906197218 ], [ -99.215502079237154, 20.959170437262102 ], [ -99.215608020896198, 20.959260659782643 ], [ -99.215701350563648, 20.959412449898085 ], [ -99.215791215149707, 20.959558604294713 ], [ -99.215877692380118, 20.959707048946381 ], [ -99.216034481618522, 20.959976190249797 ], [ -99.216138367142364, 20.960154517065465 ], [ -99.216340776300768, 20.960434365298223 ], [ -99.216686139085795, 20.960650002402442 ], [ -99.21688957532163, 20.960777022517757 ], [ -99.217043798425436, 20.960993681675127 ], [ -99.217053927365654, 20.961241490218832 ], [ -99.217063741232693, 20.96148158091113 ], [ -99.217114715896685, 20.961752343980915 ], [ -99.217160679049144, 20.961996488990732 ], [ -99.217324758252246, 20.962375776815922 ], [ -99.217470936733804, 20.962691460127871 ], [ -99.217546695308698, 20.962855066676941 ], [ -99.21770109532865, 20.963188504245821 ], [ -99.217769537266761, 20.963414229197284 ], [ -99.217865412781947, 20.963730432662121 ], [ -99.217752623945117, 20.96397694697847 ], [ -99.217654448836043, 20.964191519651781 ], [ -99.21753315275059, 20.964390866900867 ], [ -99.217425399422083, 20.964567954665466 ], [ -99.217241784408287, 20.964869718796535 ], [ -99.217136372596457, 20.965149957836616 ], [ -99.21717516439179, 20.965366763709515 ], [ -99.21726188511694, 20.96546604521804 ], [ -99.217495899410167, 20.965610061303206 ], [ -99.217727293327712, 20.965752465739826 ], [ -99.217935865671464, 20.965880824222875 ], [ -99.218274842014324, 20.966048526557636 ], [ -99.218501464266652, 20.966160643164169 ], [ -99.218679395089637, 20.966248670582569 ], [ -99.218896693523007, 20.966356173275027 ], [ -99.219119946386868, 20.966466622685925 ], [ -99.219361074286638, 20.966546210179882 ], [ -99.219610791271108, 20.966628632490355 ], [ -99.21993778393356, 20.966573997127067 ], [ -99.220043521968861, 20.96651964687074 ], [ -99.220216518813615, 20.96641099587309 ], [ -99.220341469648162, 20.96633854934424 ], [ -99.220466592545691, 20.966383565746717 ], [ -99.220582135523458, 20.966455701354725 ], [ -99.220697784683409, 20.966600121816573 ], [ -99.22076663334019, 20.966877266693128 ], [ -99.220852616378195, 20.967223380006757 ], [ -99.220891557434626, 20.967619651385398 ], [ -99.220911211161109, 20.967819655847073 ], [ -99.220856960145269, 20.968116505101769 ], [ -99.22082532253242, 20.968289620007724 ], [ -99.220845225727942, 20.968741375810637 ], [ -99.22091289684704, 20.968967178907526 ], [ -99.221124920211764, 20.969228937293845 ], [ -99.221339096286712, 20.969407027186495 ], [ -99.221502441221062, 20.969542850032596 ], [ -99.221591093946458, 20.969616566749117 ], [ -99.221738035433546, 20.969738748813924 ], [ -99.221876017657578, 20.969853482594871 ], [ -99.222068834048471, 20.970013809999017 ], [ -99.222245877933375, 20.970155943723327 ], [ -99.22247335437504, 20.970338565151437 ], [ -99.222790722651098, 20.97052625253507 ], [ -99.223022176732002, 20.970663130566543 ], [ -99.223195605312, 20.970843616121076 ], [ -99.223272941224451, 20.971096512418846 ], [ -99.223196316159886, 20.97132250347212 ], [ -99.223081103320723, 20.971476259976054 ], [ -99.222956203174888, 20.971584850935965 ], [ -99.222658141316742, 20.971693668105747 ], [ -99.222456239840724, 20.971775252392902 ], [ -99.222302478700129, 20.971883880542102 ], [ -99.222216231671169, 20.972109883697836 ], [ -99.222303507371237, 20.972579622491356 ], [ -99.222409190923187, 20.9730032012816 ], [ -99.222468025775612, 20.973239008549328 ], [ -99.222574155458815, 20.97344668937631 ], [ -99.222805415127553, 20.973699384716088 ], [ -99.223059271523852, 20.973856055674233 ], [ -99.223229093578041, 20.973960863425201 ], [ -99.2235180363121, 20.97418637532888 ], [ -99.223922248054805, 20.974294272199906 ], [ -99.224076158598251, 20.974285034280062 ], [ -99.224364739126869, 20.974266583355352 ], [ -99.22466292632437, 20.974239083654691 ], [ -99.224951479642812, 20.97420256052575 ], [ -99.22524972074693, 20.974211202223689 ], [ -99.225365299129123, 20.974301405659936 ], [ -99.225423223856112, 20.974436863402939 ], [ -99.225413874555798, 20.974617588235166 ], [ -99.225337088456556, 20.974735152883234 ], [ -99.22508716415318, 20.974871017508374 ], [ -99.224894758414322, 20.974871271526428 ], [ -99.224442308142784, 20.974673084288039 ], [ -99.22422108225345, 20.974700482368029 ], [ -99.22376212258493, 20.974705396496866 ], [ -99.22325906798315, 20.974710780993728 ], [ -99.22282606172628, 20.974648098333198 ], [ -99.222335227293897, 20.974513205025485 ], [ -99.221901875213305, 20.974215594206139 ], [ -99.221726250008814, 20.974094565601298 ], [ -99.221391483182458, 20.973863868602773 ], [ -99.221176601894328, 20.973728719838689 ], [ -99.22095124257649, 20.973586981147456 ], [ -99.220746331094347, 20.973458102279601 ], [ -99.220438232998987, 20.973286824153703 ], [ -99.220135352150322, 20.973225597179869 ], [ -99.219860849900513, 20.973170106824327 ], [ -99.219543159608747, 20.973016910691534 ], [ -99.219322499492293, 20.972879152087835 ], [ -99.219063814168067, 20.972717654877975 ], [ -99.21887876264978, 20.972602126354008 ], [ -99.218614139764597, 20.972469085654549 ], [ -99.218358894216138, 20.972340759965832 ], [ -99.218111978177177, 20.972193174629762 ], [ -99.217906355274252, 20.972070270272891 ], [ -99.217675027820448, 20.971763354464393 ], [ -99.217523715873028, 20.97144475435335 ], [ -99.217448754903145, 20.971286917126644 ], [ -99.217327646626529, 20.971031911710281 ], [ -99.217182562891054, 20.970489958777623 ], [ -99.216826387931107, 20.970327770870206 ], [ -99.216489804951308, 20.970409519386678 ], [ -99.216238170944237, 20.970505086110734 ], [ -99.21601028995731, 20.970591631910171 ], [ -99.21579754048031, 20.970672430562178 ], [ -99.215403235973213, 20.970754250009382 ], [ -99.215175461462323, 20.970811607663901 ], [ -99.214970489640891, 20.970863223930635 ], [ -99.214739505520029, 20.970791230040756 ], [ -99.214594831073512, 20.970529378913483 ], [ -99.214469371357993, 20.970249432210171 ], [ -99.214305715493637, 20.970168317356414 ], [ -99.213988127139785, 20.970078360030332 ], [ -99.213622477760026, 20.970015569249412 ], [ -99.213381760198473, 20.969862264993829 ], [ -99.21290988253169, 20.969510465334981 ], [ -99.212723401558563, 20.969383436671695 ], [ -99.212486196087468, 20.969221853715766 ], [ -99.212004638913399, 20.96882488538354 ], [ -99.211775568858457, 20.968659293932532 ], [ -99.211626993973198, 20.968551891138343 ], [ -99.21138205599388, 20.96837482732429 ], [ -99.211118706685852, 20.968184454775837 ], [ -99.210858906901635, 20.968139598156569 ], [ -99.210733886636049, 20.968166859667178 ], [ -99.210580196501169, 20.968329691054546 ], [ -99.210551526627498, 20.96846526101616 ], [ -99.210561399540225, 20.96864596154666 ], [ -99.210686648096697, 20.968781341328175 ], [ -99.210879210942991, 20.968898566479218 ], [ -99.211129468244138, 20.968997648687175 ], [ -99.211339020387769, 20.969093551660603 ], [ -99.211562644299946, 20.969195895580807 ], [ -99.211889951169013, 20.969358130458215 ], [ -99.212092199352796, 20.969520520351988 ], [ -99.212182135938917, 20.969701510547583 ], [ -99.212285146902389, 20.969908812438387 ], [ -99.212430568651214, 20.970186745365002 ], [ -99.212516652085213, 20.970351270013477 ], [ -99.212661297197798, 20.970595051708155 ], [ -99.212815460512715, 20.970766536322355 ], [ -99.213104420033261, 20.971019173004802 ], [ -99.213220065614593, 20.971163598494705 ], [ -99.213278170449826, 20.971434594763203 ], [ -99.213326847701595, 20.971841137276858 ], [ -99.213384799122835, 20.972003706100068 ], [ -99.213596903662364, 20.972328723138915 ], [ -99.213914779375628, 20.97261746465017 ], [ -99.214253298861166, 20.97279113072819 ], [ -99.214617566214571, 20.972978006322375 ], [ -99.214993063032978, 20.973194388170494 ], [ -99.21514729633148, 20.973411048641733 ], [ -99.215263178594284, 20.973718113697331 ], [ -99.215475367328239, 20.974097341948855 ], [ -99.215744967544566, 20.974259642172704 ], [ -99.216014503425896, 20.974376763905688 ], [ -99.216361092898239, 20.974557036792618 ], [ -99.216649961494255, 20.974737382353275 ], [ -99.217266599863194, 20.975387162427896 ], [ -99.217459411546685, 20.975667019997555 ], [ -99.217498428914368, 20.976037430850003 ], [ -99.217450758406954, 20.976335667316441 ], [ -99.217345221579436, 20.976534585702794 ], [ -99.217162708131397, 20.976724566511137 ], [ -99.216989710299572, 20.976842250009405 ], [ -99.216672431854647, 20.976978188097288 ], [ -99.216287770774827, 20.977087104261845 ], [ -99.215345343562703, 20.977350330966413 ], [ -99.213633609330628, 20.977849444955318 ], [ -99.211585259923297, 20.978430280747521 ], [ -99.211165169471599, 20.977699646243728 ], [ -99.209865689016354, 20.975439498391935 ], [ -99.209479227446053, 20.974767321837898 ], [ -99.206305501856875, 20.969246964626176 ] ] ] ] } },
{ "type": "Feature", "properties": { "Nombre": "El Aguacatillo", "Jurisdiccion": "Municipal", "Area_h": 48.3221 }, "geometry": { "type": "MultiPolygon", "coordinates": [ [ [ [ -98.894794107688668, 21.15354739473527 ], [ -98.894591821858839, 21.152867939449074 ], [ -98.894354850199832, 21.150133524724346 ], [ -98.896313935550708, 21.150067500370284 ], [ -98.896481186782879, 21.150045190231552 ], [ -98.897077392590475, 21.14931329420757 ], [ -98.897174605496403, 21.149193955754662 ], [ -98.897509335052575, 21.148813154266939 ], [ -98.898633088662095, 21.147491520855528 ], [ -98.901357266820511, 21.146462176148709 ], [ -98.901404156310406, 21.147806926269869 ], [ -98.900350312979526, 21.151795650357307 ], [ -98.899824484463991, 21.152131520242506 ], [ -98.899872146083865, 21.152310844824914 ], [ -98.899489723062658, 21.152557150228329 ], [ -98.899561139084042, 21.152938196953563 ], [ -98.899752102772638, 21.153184843117341 ], [ -98.900157742597131, 21.153947091488771 ], [ -98.900539778966717, 21.154283496618934 ], [ -98.900563266850227, 21.154888635094675 ], [ -98.900395696958824, 21.155381600537922 ], [ -98.900538686329625, 21.155919573565797 ], [ -98.90072980484041, 21.155942097366317 ], [ -98.900203993495097, 21.156233144155639 ], [ -98.898890527972128, 21.155380707990478 ], [ -98.898794565602799, 21.155963362714719 ], [ -98.894948466114187, 21.155311071295031 ], [ -98.895092352356116, 21.154549152160861 ], [ -98.894794107688668, 21.15354739473527 ] ] ] ] } },
{ "type": "Feature", "properties": { "Nombre": "Barranca de Metztitlán", "Jurisdiccion": "Federal", "Area_h": 96041.3 }, "geometry": { "type": "MultiPolygon", "coordinates": [ [ [ [ -98.897625008798784, 20.742222565749657 ], [ -98.897386126362591, 20.742183727096961 ], [ -98.895244776012305, 20.742218455923613 ], [ -98.886175429788878, 20.742365250148183 ], [ -98.884816263435468, 20.742387207842697 ], [ -98.873902882917307, 20.732351386167068 ], [ -98.856300425780361, 20.716160108328861 ], [ -98.841774622444262, 20.702794877012277 ], [ -98.840535254982882, 20.701654365751082 ], [ -98.827939022440049, 20.70451027651556 ], [ -98.821717918237667, 20.705920391248913 ], [ -98.816357335170494, 20.707135252501853 ], [ -98.803053755968435, 20.710149418228013 ], [ -98.796420996432275, 20.711651760325459 ], [ -98.778674530363972, 20.715669985904707 ], [ -98.775955078814746, 20.713961382704834 ], [ -98.748334848608238, 20.696603274139481 ], [ -98.747314151259189, 20.695961650599422 ], [ -98.748054992797151, 20.694301649039943 ], [ -98.758199822974717, 20.671566102997563 ], [ -98.759240782114674, 20.671304387787302 ], [ -98.775567098966334, 20.667198729902367 ], [ -98.779510961077378, 20.666206681360695 ], [ -98.789101141495152, 20.663793913658651 ], [ -98.77716480115096, 20.656977016341148 ], [ -98.769936255611697, 20.652848064410456 ], [ -98.762628009554334, 20.654067761182603 ], [ -98.752538609014195, 20.65575107105736 ], [ -98.747088579259128, 20.656660090146097 ], [ -98.74330389453732, 20.657291235452107 ], [ -98.740718870313628, 20.66289973634364 ], [ -98.733559941748524, 20.664920369880949 ], [ -98.73240313749659, 20.665246849045321 ], [ -98.731692458289544, 20.665447416141106 ], [ -98.730577683536779, 20.665762019109142 ], [ -98.729091976414253, 20.659682290795356 ], [ -98.726785112045633, 20.650241305579517 ], [ -98.726407654653784, 20.648696427593279 ], [ -98.724495527885296, 20.64086987821695 ], [ -98.716862481567901, 20.636491084802795 ], [ -98.712209954415357, 20.633821816409011 ], [ -98.711105456491339, 20.633188106726156 ], [ -98.710754612710929, 20.632986806737236 ], [ -98.707267915025, 20.640678417362665 ], [ -98.702980436012581, 20.634197759764913 ], [ -98.701271659697099, 20.63161470867669 ], [ -98.700479894122381, 20.63041781169807 ], [ -98.702046204076254, 20.628215514651462 ], [ -98.706896997968443, 20.621394595111717 ], [ -98.712566983420075, 20.613420813500426 ], [ -98.711718390910093, 20.612144688860667 ], [ -98.709398220878157, 20.608655460192502 ], [ -98.70368070062257, 20.600056254568255 ], [ -98.701409074432576, 20.605905927064487 ], [ -98.699315381856024, 20.611296953221348 ], [ -98.69869895591485, 20.612884122886111 ], [ -98.692788037333401, 20.611980818776988 ], [ -98.683817380213696, 20.610609520567046 ], [ -98.677352484867285, 20.609620961803738 ], [ -98.671132696231695, 20.608669643387621 ], [ -98.6713797993405, 20.606443717743154 ], [ -98.673219980979383, 20.589865484848289 ], [ -98.673570690771086, 20.586705485436198 ], [ -98.674591562372385, 20.577506310646392 ], [ -98.667926990440478, 20.575304993239303 ], [ -98.660309249232938, 20.57278845227135 ], [ -98.653082051086841, 20.580316044113307 ], [ -98.651844702073575, 20.581604717378013 ], [ -98.649688944690666, 20.583849818024742 ], [ -98.643967660806879, 20.589807762187423 ], [ -98.642406891757417, 20.591432976277432 ], [ -98.636612895685886, 20.597465779339004 ], [ -98.62758104135375, 20.606868536060762 ], [ -98.627445080382245, 20.599452531896507 ], [ -98.627322025799486, 20.592740141208296 ], [ -98.627267625048191, 20.589772589912162 ], [ -98.627154461756191, 20.583599387796358 ], [ -98.626830056330945, 20.565901119683485 ], [ -98.626749531724002, 20.561507653285581 ], [ -98.622833266607216, 20.554547642192453 ], [ -98.621546509806478, 20.552260654550558 ], [ -98.609231559855274, 20.530369076511988 ], [ -98.602370234211847, 20.52989584726534 ], [ -98.592778324813068, 20.529233829061756 ], [ -98.587283848540253, 20.528854367558449 ], [ -98.600570073068738, 20.505759824854596 ], [ -98.603651860237548, 20.5004017976234 ], [ -98.607100494296745, 20.494405448350349 ], [ -98.61231460764489, 20.485338311538264 ], [ -98.61405555366278, 20.482310596144796 ], [ -98.61448723216084, 20.482237379404999 ], [ -98.619129243053962, 20.481449973397769 ], [ -98.636451152694477, 20.478510559550362 ], [ -98.639533082046256, 20.4779873831021 ], [ -98.639463641070719, 20.476113237597431 ], [ -98.639311919771288, 20.472018321417202 ], [ -98.638932031847688, 20.461764484756717 ], [ -98.638894880885772, 20.460761652414206 ], [ -98.638184138131805, 20.441574435506134 ], [ -98.637844746167133, 20.432410898342731 ], [ -98.637106376939798, 20.412472087641365 ], [ -98.637067571177639, 20.411424070902886 ], [ -98.623129335253878, 20.397777319811301 ], [ -98.622323864334447, 20.395550258764931 ], [ -98.615884301897111, 20.377743009031605 ], [ -98.612867007759377, 20.369397856258285 ], [ -98.610107028215452, 20.361763562266937 ], [ -98.605611294812235, 20.360180135451014 ], [ -98.600894039969504, 20.358518528653175 ], [ -98.594644106205763, 20.356316801125946 ], [ -98.585700230099533, 20.353165555446068 ], [ -98.585160579784571, 20.352975399277032 ], [ -98.583609758352324, 20.355133159082619 ], [ -98.58278358698756, 20.356282634828066 ], [ -98.582262781262401, 20.357007236726158 ], [ -98.580760718173764, 20.351360938197448 ], [ -98.577665772225657, 20.339725646609317 ], [ -98.5767235526246, 20.336183075361117 ], [ -98.575773470714424, 20.332610779139877 ], [ -98.574876807963236, 20.32923918795602 ], [ -98.574307866363441, 20.327099802672723 ], [ -98.574387391558375, 20.32684309816306 ], [ -98.576215486163292, 20.320941804802441 ], [ -98.578657711380544, 20.313057271722528 ], [ -98.563523484884513, 20.306931407491039 ], [ -98.563523605406857, 20.306931124055804 ], [ -98.5534918072739, 20.302869912522329 ], [ -98.552791089582854, 20.303032808548057 ], [ -98.539951083688578, 20.306017709443662 ], [ -98.532497803870569, 20.307750364629708 ], [ -98.522755888805278, 20.310015056065442 ], [ -98.506408962700263, 20.313815205593961 ], [ -98.505287697219174, 20.314075864821451 ], [ -98.502412673550793, 20.31420301228216 ], [ -98.497666348204831, 20.314412917912811 ], [ -98.492516323756945, 20.314640752693528 ], [ -98.487395298146239, 20.314867153377556 ], [ -98.473400241028997, 20.315486082088171 ], [ -98.467143864818809, 20.315762768659212 ], [ -98.462072337100864, 20.31598705652241 ], [ -98.455926993391842, 20.316258832831359 ], [ -98.446301594509876, 20.315428419945217 ], [ -98.437668857202496, 20.314683645509493 ], [ -98.434007480962279, 20.314367767281379 ], [ -98.432551618076147, 20.312551883007188 ], [ -98.431826150245541, 20.311646993656904 ], [ -98.431179813889088, 20.310840851378281 ], [ -98.427229990442171, 20.305914203912689 ], [ -98.426413646627452, 20.304895977129412 ], [ -98.425812214433378, 20.304450995487759 ], [ -98.424973616924746, 20.303830541914888 ], [ -98.422246741059794, 20.301813111818458 ], [ -98.416080067331194, 20.297250461240552 ], [ -98.40949789804516, 20.292380505710661 ], [ -98.409434994343286, 20.292333966779111 ], [ -98.405864560512498, 20.289692304423053 ], [ -98.404679752816435, 20.288815729122266 ], [ -98.400712477906765, 20.28588042792969 ], [ -98.398909381222381, 20.284546369353063 ], [ -98.39791046376159, 20.28380735700431 ], [ -98.397532800993361, 20.283527953333422 ], [ -98.388805417254488, 20.277070738492313 ], [ -98.398408739980965, 20.274436745061756 ], [ -98.402576381056903, 20.273293707201073 ], [ -98.406050357145787, 20.272340828495558 ], [ -98.40689962169823, 20.272107870630162 ], [ -98.411660600417861, 20.274359905789293 ], [ -98.413574759602923, 20.275265352835131 ], [ -98.418097931360208, 20.277404932573404 ], [ -98.41809789900357, 20.277404878249655 ], [ -98.419156432276452, 20.277905599359176 ], [ -98.419765661467721, 20.278193758152003 ], [ -98.422758755537998, 20.279609545758895 ], [ -98.422757348067989, 20.279606628801989 ], [ -98.422763514051596, 20.279609546076887 ], [ -98.428036332909628, 20.282104007616571 ], [ -98.428036333273354, 20.282106258499041 ], [ -98.428036322652588, 20.282447299050915 ], [ -98.428757304388441, 20.282447316843264 ], [ -98.442161287654528, 20.288787316667662 ], [ -98.444222624564489, 20.289762368189969 ], [ -98.444541450715292, 20.289535978130026 ], [ -98.444541756037665, 20.289535761329279 ], [ -98.450726472646124, 20.285144134594749 ], [ -98.457601833091502, 20.280262097679639 ], [ -98.45765974436209, 20.280258970668378 ], [ -98.459426621942896, 20.280163569075349 ], [ -98.461964977200182, 20.280026480592866 ], [ -98.471507698935355, 20.279511156610823 ], [ -98.472052246904639, 20.279481749536522 ], [ -98.472537376315117, 20.279455551320943 ], [ -98.473485564149414, 20.273797613061895 ], [ -98.473606790436321, 20.27307426114675 ], [ -98.474709807375589, 20.266492416242446 ], [ -98.45853798711228, 20.247436080146436 ], [ -98.454635199603871, 20.242837164866486 ], [ -98.448347985733918, 20.23542852063467 ], [ -98.449424590900946, 20.233620181968433 ], [ -98.449715787782068, 20.233131063126407 ], [ -98.449729409178758, 20.233108183879011 ], [ -98.451168206051307, 20.230691478475087 ], [ -98.453033089284986, 20.227559088172583 ], [ -98.453457278634318, 20.226846592975296 ], [ -98.454377289275953, 20.225301273239442 ], [ -98.455653546009373, 20.226396236257468 ], [ -98.459641274515917, 20.229817505522092 ], [ -98.459796573465439, 20.229950739833491 ], [ -98.463918563329727, 20.233487194790904 ], [ -98.465135280464054, 20.234531074870663 ], [ -98.465165457827439, 20.23452487948251 ], [ -98.465759248890578, 20.234402974055357 ], [ -98.469097319238386, 20.233717623984063 ], [ -98.470132163574462, 20.233505142207417 ], [ -98.472662059663094, 20.234153910161726 ], [ -98.488619867093632, 20.238246135782916 ], [ -98.492607731640433, 20.23926878521171 ], [ -98.496269464228703, 20.24020789597531 ], [ -98.496728363287573, 20.240325581534453 ], [ -98.504206233657669, 20.242243109132875 ], [ -98.507115319704653, 20.242989166739797 ], [ -98.510624716378615, 20.24388910455486 ], [ -98.512431184809458, 20.24435231857613 ], [ -98.515774448892358, 20.245209732070187 ], [ -98.518099828803301, 20.245806056560841 ], [ -98.521875167357408, 20.246774135724124 ], [ -98.521464391945273, 20.248512403386076 ], [ -98.521443800720547, 20.248518988811725 ], [ -98.521277311012071, 20.249223503882238 ], [ -98.521298980034786, 20.249212364468324 ], [ -98.521102023377054, 20.250045798606759 ], [ -98.519335592525167, 20.257521023207392 ], [ -98.519318741028997, 20.257511434805295 ], [ -98.517741603810251, 20.264185296645586 ], [ -98.515120716409839, 20.275275922596592 ], [ -98.515120370957248, 20.275277382787504 ], [ -98.515121803006764, 20.275276329519805 ], [ -98.515143413342699, 20.275260428752652 ], [ -98.515139752072088, 20.275275922862722 ], [ -98.515139406619653, 20.27527738305367 ], [ -98.515140838669055, 20.275276329785797 ], [ -98.523365160290027, 20.26922471787519 ], [ -98.530156096453368, 20.264227817782178 ], [ -98.534369131469049, 20.261127786556617 ], [ -98.537592136378564, 20.258756238611401 ], [ -98.546573561303646, 20.252147535802795 ], [ -98.546890490580466, 20.251914346757655 ], [ -98.551285204087122, 20.248680682792482 ], [ -98.553367486116286, 20.247148436546475 ], [ -98.554037081784031, 20.246655760947675 ], [ -98.560055232068862, 20.242227465701177 ], [ -98.560055239718949, 20.242847169887956 ], [ -98.560055298374166, 20.24797132960121 ], [ -98.56005529849449, 20.248015831229523 ], [ -98.560055356712482, 20.253235777351609 ], [ -98.560055385547969, 20.256145839035415 ], [ -98.560055419506966, 20.259348333507941 ], [ -98.560055474743862, 20.264966778063183 ], [ -98.560840917247944, 20.264584581067005 ], [ -98.56355204858454, 20.263265340540936 ], [ -98.572191106056849, 20.25906156120865 ], [ -98.576614224593598, 20.256909570413704 ], [ -98.58943017579584, 20.250673218240898 ], [ -98.592264271338877, 20.249293926915279 ], [ -98.593665407656971, 20.248612142173403 ], [ -98.595379256784085, 20.247778169526065 ], [ -98.595968319865534, 20.250181927629523 ], [ -98.59941384999901, 20.264241907902736 ], [ -98.599066569683913, 20.264869798280724 ], [ -98.598084737891739, 20.266645174670906 ], [ -98.591533537914671, 20.278490030110337 ], [ -98.589536530075392, 20.282100289665614 ], [ -98.590031275785506, 20.282753189389947 ], [ -98.590469520902616, 20.283331522476988 ], [ -98.593688077671729, 20.287579089805703 ], [ -98.597326544482812, 20.292380470087334 ], [ -98.601957054695774, 20.298491302355391 ], [ -98.601956493675004, 20.298492334822825 ], [ -98.612944313875843, 20.312990636038894 ], [ -98.630769724773828, 20.320507051921375 ], [ -98.647725959648895, 20.343936693233186 ], [ -98.655636567953408, 20.354864387016271 ], [ -98.659434890270589, 20.356343709099097 ], [ -98.662147327993395, 20.35740004674939 ], [ -98.663198517436669, 20.357809409322289 ], [ -98.676538735379566, 20.363003727633327 ], [ -98.67706458482796, 20.361538196914349 ], [ -98.677321572932357, 20.360821967864258 ], [ -98.681382227177266, 20.349503896969306 ], [ -98.688518581816595, 20.362454773270393 ], [ -98.690825949222472, 20.366641605698646 ], [ -98.702042169221258, 20.386990360889886 ], [ -98.705061913747059, 20.375228272962786 ], [ -98.706552693305198, 20.375920689184454 ], [ -98.708807898149303, 20.37696811876863 ], [ -98.720424387768361, 20.382362713191807 ], [ -98.718613024148752, 20.384840329670855 ], [ -98.718241932074704, 20.385347903625849 ], [ -98.714298182842128, 20.390741848255697 ], [ -98.707791512466088, 20.399640117953201 ], [ -98.704821326819811, 20.399427880292397 ], [ -98.701051225372339, 20.399158410325597 ], [ -98.697371041966889, 20.398895287078833 ], [ -98.69639577998413, 20.39882554542843 ], [ -98.696073577892861, 20.398802502935375 ], [ -98.691233006962193, 20.398456259462552 ], [ -98.692184023552144, 20.401578236411467 ], [ -98.69451486292742, 20.409229320771239 ], [ -98.692939035178625, 20.412579420357989 ], [ -98.691607832704008, 20.415409337359591 ], [ -98.691320497753097, 20.416020149243099 ], [ -98.689668806698648, 20.419531178178026 ], [ -98.688619601258608, 20.421761400521085 ], [ -98.687961974712536, 20.423159232387508 ], [ -98.686559670684389, 20.42613983824085 ], [ -98.702278104002971, 20.47555538742002 ], [ -98.706514927653302, 20.488869525810721 ], [ -98.714183327669531, 20.482366374322201 ], [ -98.713239123000577, 20.467062974696265 ], [ -98.713722128892087, 20.466845088355928 ], [ -98.717963022672905, 20.464931917550185 ], [ -98.724959497678796, 20.461775305424453 ], [ -98.729313072935682, 20.459810886632006 ], [ -98.734051787870129, 20.459246942461 ], [ -98.748615195351135, 20.45751294554243 ], [ -98.761095113250008, 20.456026017049748 ], [ -98.768653369480845, 20.455125033260476 ], [ -98.771455318742056, 20.454790939953888 ], [ -98.771922178420667, 20.454735269128236 ], [ -98.77739241832198, 20.454082869499054 ], [ -98.779918010833526, 20.453781598426673 ], [ -98.791211403080354, 20.452433978941681 ], [ -98.791658399960639, 20.452380623963585 ], [ -98.793627811399588, 20.452145534870731 ], [ -98.803112220038983, 20.451013055860571 ], [ -98.808891735444533, 20.45032269556965 ], [ -98.809921373523309, 20.450199685249196 ], [ -98.810555003175551, 20.450123982589016 ], [ -98.812126489109758, 20.449936219405316 ], [ -98.821631212402337, 20.448800270197282 ], [ -98.825071190288099, 20.448389012098904 ], [ -98.825523803504922, 20.44833489605255 ], [ -98.835580016595401, 20.482000601049652 ], [ -98.848291398363074, 20.524533409283421 ], [ -98.852122172504579, 20.524252901552408 ], [ -98.881745131983578, 20.52208087590034 ], [ -98.901904612971279, 20.520599805342716 ], [ -98.904014006727209, 20.520444696051285 ], [ -98.911691342512441, 20.519879941977631 ], [ -98.914975117176212, 20.519638278632435 ], [ -98.917940902127071, 20.519419962942415 ], [ -98.920380141241338, 20.519240368362073 ], [ -98.92250323431243, 20.519084022957003 ], [ -98.932081995088382, 20.518378310609503 ], [ -98.933739787766854, 20.524596196516416 ], [ -98.934444112328848, 20.527237749297804 ], [ -98.938205585748861, 20.541343485480262 ], [ -98.938468909099385, 20.542330860880273 ], [ -98.93912529245074, 20.544792029644508 ], [ -98.940122223424382, 20.548529954390936 ], [ -98.940383877600965, 20.549510975859558 ], [ -98.947660586378291, 20.576788441992512 ], [ -98.94860537738316, 20.580329347646739 ], [ -98.94867380280995, 20.5805857895161 ], [ -98.948673810477203, 20.580585816626641 ], [ -98.945837883289812, 20.588168929494 ], [ -98.945091205170925, 20.590165371854265 ], [ -98.926969604826937, 20.638601153511534 ], [ -98.928224204021049, 20.642935895862088 ], [ -98.928221741890098, 20.642954106935463 ], [ -98.929704735883149, 20.648073043255099 ], [ -98.929712497915645, 20.648077742432438 ], [ -98.941104320516686, 20.687422963182566 ], [ -98.941192226182608, 20.687726491700047 ], [ -98.949985035881525, 20.718080655613853 ], [ -98.950456626387052, 20.719708305306725 ], [ -98.941622719835834, 20.742927026667637 ], [ -98.940095357494855, 20.743178929663515 ], [ -98.921934275014749, 20.746173070688005 ], [ -98.905764093019357, 20.743545656100107 ], [ -98.902618035232138, 20.743034280726523 ], [ -98.897625008798784, 20.742222565749657 ] ] ] ] } },
{ "type": "Feature", "properties": { "Nombre": "Arroyo Nogales", "Jurisdiccion": "Municipal", "Area_h": 164.371 }, "geometry": { "type": "MultiPolygon", "coordinates": [ [ [ [ -98.722754694975976, 20.353951408299409 ], [ -98.724764292513157, 20.352885380005507 ], [ -98.730164157236658, 20.350020732850346 ], [ -98.733428147515411, 20.352029151963929 ], [ -98.736753203582083, 20.351095318724198 ], [ -98.736758029043514, 20.351425339070865 ], [ -98.736770282992495, 20.352095683172422 ], [ -98.73678076145714, 20.352668847771675 ], [ -98.73679210446052, 20.353289364506249 ], [ -98.736805662978554, 20.353984944166207 ], [ -98.736815957829648, 20.354594200962339 ], [ -98.736828229935483, 20.35522800586455 ], [ -98.736838439167357, 20.355823957470289 ], [ -98.736852111738784, 20.356543441596454 ], [ -98.736862304808355, 20.357104885460284 ], [ -98.736875109527688, 20.357810180360179 ], [ -98.736885114295504, 20.358361239403248 ], [ -98.736939712323633, 20.361364210911496 ], [ -98.736971551081069, 20.363105075912408 ], [ -98.73700809509306, 20.365074456122759 ], [ -98.737013036803191, 20.365374106218574 ], [ -98.737028312964853, 20.365748280191585 ], [ -98.736485061570619, 20.365979681563502 ], [ -98.736007124274451, 20.366170622649843 ], [ -98.735489665465252, 20.365700264886836 ], [ -98.734992484022001, 20.365258686076125 ], [ -98.734596645078184, 20.364980172504612 ], [ -98.734039492555226, 20.364699017771454 ], [ -98.73351593334958, 20.364458640688767 ], [ -98.733024079592369, 20.364248257532338 ], [ -98.732611510125182, 20.364102712892272 ], [ -98.73248363927793, 20.364591824848812 ], [ -98.732211649178396, 20.365789302220104 ], [ -98.731924061730311, 20.366822044303838 ], [ -98.731026741050769, 20.366757176367411 ], [ -98.730543523924865, 20.366325787670966 ], [ -98.730020329341713, 20.365875769067959 ], [ -98.729655708838393, 20.365545784303833 ], [ -98.72930450511474, 20.365216072598976 ], [ -98.728074556990009, 20.363987078238612 ], [ -98.727258453569803, 20.363160511265704 ], [ -98.726936612960486, 20.362834233783115 ], [ -98.726707044749915, 20.362421227575851 ], [ -98.728332803617036, 20.361174963603553 ], [ -98.728713241769654, 20.360914935451738 ], [ -98.728955446659995, 20.360687269391462 ], [ -98.729013416914881, 20.360459318071332 ], [ -98.72880660956821, 20.360198377348279 ], [ -98.72863438544239, 20.359915772422827 ], [ -98.728358511322995, 20.35964386497033 ], [ -98.72815187721848, 20.359285191359525 ], [ -98.728152523448884, 20.358915981447552 ], [ -98.728659956058607, 20.358460686158935 ], [ -98.728062442688227, 20.35775391317949 ], [ -98.727510971718814, 20.357058067947786 ], [ -98.726923322039639, 20.35729605117124 ], [ -98.726751275479856, 20.356915712241168 ], [ -98.726462333213092, 20.356271089586865 ], [ -98.725976401338869, 20.355489034264746 ], [ -98.725356119403557, 20.354902089314802 ], [ -98.724821652686856, 20.354534461458261 ], [ -98.724218363380729, 20.354174890280426 ], [ -98.723680565203196, 20.354549306496615 ], [ -98.72350385341349, 20.354826017541654 ], [ -98.72299062123426, 20.3544097178053 ], [ -98.722754694975976, 20.353951408299409 ] ] ] ] } },
{ "type": "Feature", "properties": { "Nombre": "Cruz de Plata", "Jurisdiccion": "Municipal", "Area_h": 474.557 }, "geometry": { "type": "MultiPolygon", "coordinates": [ [ [ [ -98.760652266446101, 20.38528454342141 ], [ -98.76020810058165, 20.384344165204517 ], [ -98.759875187864679, 20.384587685569297 ], [ -98.757735949550565, 20.382922060984296 ], [ -98.756291393012773, 20.380118816364206 ], [ -98.75576330395424, 20.378337939364194 ], [ -98.755374239871699, 20.377731966444703 ], [ -98.753402581662243, 20.376229175801097 ], [ -98.752318716892489, 20.373869182438462 ], [ -98.751819493615926, 20.373254008894289 ], [ -98.750874719217975, 20.371427342168023 ], [ -98.752235576021235, 20.371926272580826 ], [ -98.75290286855315, 20.371701312500253 ], [ -98.752941877110445, 20.371101328652074 ], [ -98.752251350413772, 20.370298853152182 ], [ -98.751047851677157, 20.368917820504851 ], [ -98.750101232993416, 20.36759306645337 ], [ -98.748857459712994, 20.366696587507256 ], [ -98.748386558447748, 20.367175035552137 ], [ -98.74713582592392, 20.36656314357813 ], [ -98.746048622854744, 20.366659196618553 ], [ -98.745167592635113, 20.367292514592577 ], [ -98.745786192155265, 20.36760605156017 ], [ -98.746568579250663, 20.367829526837088 ], [ -98.747717900828732, 20.368587138461582 ], [ -98.748970441376258, 20.369673950330718 ], [ -98.750234492477276, 20.370761965201915 ], [ -98.749719499528283, 20.371432247974106 ], [ -98.749500600329128, 20.372345266559559 ], [ -98.749083947083932, 20.373313919512842 ], [ -98.748615839067426, 20.373168582932642 ], [ -98.748077805912217, 20.373452398047696 ], [ -98.747305181369612, 20.37300660689235 ], [ -98.746683617949117, 20.372463203524038 ], [ -98.746043254210235, 20.371884195825036 ], [ -98.745384018813169, 20.371314051720024 ], [ -98.744245849421958, 20.370510979904282 ], [ -98.744187903992398, 20.369690759542991 ], [ -98.742191632200345, 20.36965054351807 ], [ -98.741877086232208, 20.368624909154004 ], [ -98.740867612995856, 20.36948082790412 ], [ -98.740117017544577, 20.36918148089109 ], [ -98.739386723097326, 20.368565289909942 ], [ -98.739328364833028, 20.368006019519584 ], [ -98.738933557084607, 20.367707198381162 ], [ -98.73830122097506, 20.367613054507501 ], [ -98.737807778471577, 20.367202245929892 ], [ -98.737692147244843, 20.36544996423504 ], [ -98.73700809509306, 20.365074456122759 ], [ -98.736971551081069, 20.363105075912408 ], [ -98.736939712323633, 20.361364210911496 ], [ -98.736885114295504, 20.358361239403248 ], [ -98.736875109527688, 20.357810180360179 ], [ -98.736862304808355, 20.357104885460284 ], [ -98.736852111738784, 20.356543441596454 ], [ -98.736838439167357, 20.355823957470289 ], [ -98.736828229935483, 20.35522800586455 ], [ -98.736815957829648, 20.354594200962339 ], [ -98.736805662978554, 20.353984944166207 ], [ -98.73679210446052, 20.353289364506249 ], [ -98.73678076145714, 20.352668847771675 ], [ -98.736770282992495, 20.352095683172422 ], [ -98.736758029043514, 20.351425339070865 ], [ -98.736753203582083, 20.351095318724198 ], [ -98.733428147515411, 20.352029151963929 ], [ -98.730164157236658, 20.350020732850346 ], [ -98.724764292513157, 20.352885380005507 ], [ -98.722754694975976, 20.353951408299409 ], [ -98.72274069882738, 20.353958833755215 ], [ -98.722740515827155, 20.353958295808187 ], [ -98.722503253620744, 20.353260639007285 ], [ -98.722280324440248, 20.3526051234834 ], [ -98.722150975374419, 20.352033061675201 ], [ -98.724005726644904, 20.351033307513486 ], [ -98.72593659320151, 20.349992508880593 ], [ -98.726041153088076, 20.349939637326468 ], [ -98.728972580186351, 20.348503584521804 ], [ -98.729464177935697, 20.348646053014097 ], [ -98.730271545327312, 20.348286884982393 ], [ -98.731390535419308, 20.347781355217425 ], [ -98.731699984182768, 20.347184521528966 ], [ -98.734069751720753, 20.346024279989198 ], [ -98.73630827243089, 20.345427637959354 ], [ -98.737352183599853, 20.345948289295769 ], [ -98.73889411153489, 20.346404458381585 ], [ -98.739402910041235, 20.346832379261862 ], [ -98.740280230439438, 20.346940475277325 ], [ -98.739854404542172, 20.347674024393275 ], [ -98.739336424320499, 20.348115634193558 ], [ -98.738734566849217, 20.348700208861626 ], [ -98.739371290341268, 20.348807950435866 ], [ -98.739964392394441, 20.349609760367873 ], [ -98.741759420160179, 20.351094137299231 ], [ -98.742707092077723, 20.35146930065304 ], [ -98.744216001993507, 20.353011064632362 ], [ -98.743397379208304, 20.353432585448722 ], [ -98.743749419753328, 20.354527701034236 ], [ -98.744825445742222, 20.354329044714685 ], [ -98.744385329641105, 20.353141096662299 ], [ -98.745691652550363, 20.352608317229929 ], [ -98.746242057207468, 20.353583577871863 ], [ -98.746537719130401, 20.354545118882491 ], [ -98.746154189384526, 20.355385533746524 ], [ -98.745742390909683, 20.356199209785732 ], [ -98.745599472478503, 20.357039974235796 ], [ -98.745544861477924, 20.358188969053767 ], [ -98.74603627328824, 20.358384946068938 ], [ -98.746760890265094, 20.358410406184873 ], [ -98.749401661174119, 20.360019263092209 ], [ -98.751299584716961, 20.361133987773361 ], [ -98.751886091772676, 20.363049953674828 ], [ -98.754045812646424, 20.364350356676603 ], [ -98.755548918233316, 20.366638268600813 ], [ -98.756342365738249, 20.367743491823767 ], [ -98.757263275677303, 20.368978484752237 ], [ -98.758290084888344, 20.369899384862475 ], [ -98.758728004153667, 20.370685387893047 ], [ -98.75904159350624, 20.37153820659816 ], [ -98.759208036943647, 20.372342662168357 ], [ -98.759238653204804, 20.373399280877592 ], [ -98.759283085996358, 20.374041939291235 ], [ -98.75979415359518, 20.374984244410904 ], [ -98.761624099460704, 20.376836880031192 ], [ -98.762091726038605, 20.377407823432204 ], [ -98.762847514351861, 20.378564581163641 ], [ -98.763430189101385, 20.378538263393203 ], [ -98.763998644836491, 20.378558480966671 ], [ -98.764174676439652, 20.378905076281704 ], [ -98.764106382096273, 20.379661027238765 ], [ -98.763869791968673, 20.380604477379379 ], [ -98.763551394846203, 20.381874106637056 ], [ -98.76378790953008, 20.384577416514283 ], [ -98.763374729738771, 20.385369583705387 ], [ -98.763152598695584, 20.385866275094784 ], [ -98.762847506311743, 20.386091766407493 ], [ -98.762152487133903, 20.386867936086599 ], [ -98.761430446901031, 20.387761536909068 ], [ -98.760834507671433, 20.386841253602451 ], [ -98.760652266446101, 20.38528454342141 ] ] ] ] } },
{ "type": "Feature", "properties": { "Nombre": "El Zoológico", "Jurisdiccion": "Estatal", "Area_h": 2.86028 }, "geometry": { "type": "MultiPolygon", "coordinates": [ [ [ [ -99.313918734219413, 19.932566278102705 ], [ -99.313646242607035, 19.932412315608687 ], [ -99.313341555684531, 19.93249522307563 ], [ -99.312895350996314, 19.93258867560699 ], [ -99.312547193930882, 19.932712843699903 ], [ -99.312351198816103, 19.932702891928727 ], [ -99.312448821910252, 19.932517387598928 ], [ -99.31265519802966, 19.932269913742157 ], [ -99.312915727479293, 19.93187819702996 ], [ -99.312893465940988, 19.931631126217916 ], [ -99.312740514816639, 19.931363691787297 ], [ -99.312685409827822, 19.931024012347848 ], [ -99.312565020814588, 19.930705039526199 ], [ -99.312564109732222, 19.930241708318871 ], [ -99.312639733516221, 19.929942983424009 ], [ -99.312737192572101, 19.929675109168581 ], [ -99.31287803867184, 19.929324787556951 ], [ -99.31295386415286, 19.929129024914008 ], [ -99.313072954927378, 19.928789038711514 ], [ -99.313279345601501, 19.928551860435629 ], [ -99.313387527675388, 19.92820159687291 ], [ -99.313682112379723, 19.92852026099229 ], [ -99.313356043889655, 19.928798836223834 ], [ -99.313095966614199, 19.929417071091496 ], [ -99.31298788447387, 19.929818816097526 ], [ -99.312847240837201, 19.930272099266002 ], [ -99.312891439120691, 19.930601502423549 ], [ -99.313044328910493, 19.93083804776823 ], [ -99.312914247764084, 19.931126572326875 ], [ -99.313023466416084, 19.931301416372975 ], [ -99.313110971130953, 19.931507187692748 ], [ -99.31311139707249, 19.931723408763261 ], [ -99.313274829886439, 19.931784898023597 ], [ -99.313721296282012, 19.931825295908535 ], [ -99.31377593723127, 19.931928162165644 ], [ -99.313895983940114, 19.932072097437729 ], [ -99.314114180775562, 19.932298230065001 ], [ -99.314288848254634, 19.932534735759699 ], [ -99.314474261249103, 19.932699147729345 ], [ -99.31484486498087, 19.932914713302694 ], [ -99.314877914436707, 19.93311028378551 ], [ -99.314987177439789, 19.933305719185647 ], [ -99.31517257259587, 19.93345983496911 ], [ -99.315292560455177, 19.933572881174648 ], [ -99.315020473019942, 19.933624844605049 ], [ -99.314911413766907, 19.933532371568003 ], [ -99.314824027953918, 19.933388378267285 ], [ -99.314660428867583, 19.933244520786101 ], [ -99.314344303429309, 19.933049451207914 ], [ -99.314180909614777, 19.933008554709062 ], [ -99.314082515062793, 19.932802803223311 ], [ -99.313918734219413, 19.932566278102705 ] ] ] ] } },
{ "type": "Feature", "properties": { "Nombre": "Cerro Grande", "Jurisdiccion": "Municipal", "Area_h": 138.919 }, "geometry": { "type": "MultiPolygon", "coordinates": [ [ [ [ -99.452186784942015, 20.148376282880612 ], [ -99.452605676050197, 20.144317898217036 ], [ -99.461736488112521, 20.138718793546321 ], [ -99.46201456669165, 20.138925900001919 ], [ -99.461900734985491, 20.139260542311689 ], [ -99.461825599282491, 20.139739664245386 ], [ -99.461636311471736, 20.140444993249329 ], [ -99.461617361366137, 20.140508297137245 ], [ -99.461790221890169, 20.140724715817722 ], [ -99.462967375048848, 20.140821026035049 ], [ -99.462701280975466, 20.141436194671215 ], [ -99.462788936608206, 20.141960070841293 ], [ -99.462971395042914, 20.142185499376815 ], [ -99.464481785864209, 20.141720671684055 ], [ -99.464635034621892, 20.141774485482973 ], [ -99.465163443017488, 20.142505032597121 ], [ -99.465736991821714, 20.142322791012997 ], [ -99.466006773488999, 20.142954619529505 ], [ -99.463716989384423, 20.145183594809584 ], [ -99.462404252146243, 20.144545467304521 ], [ -99.46240598080928, 20.145132823203539 ], [ -99.460029533273371, 20.150470470426054 ], [ -99.459395469973273, 20.152875784068875 ], [ -99.457190234854451, 20.157932819706872 ], [ -99.457113893123449, 20.158005308380215 ], [ -99.456240668352805, 20.157167197704581 ], [ -99.452186784942015, 20.148376282880612 ] ] ] ] } },
{ "type": "Feature", "properties": { "Nombre": "El Sabino", "Jurisdiccion": "Municipal", "Area_h": 8.37045 }, "geometry": { "type": "MultiPolygon", "coordinates": [ [ [ [ -99.36724467446021, 20.208828344806637 ], [ -99.369789161467466, 20.208091065049917 ], [ -99.369270150181251, 20.211254872122399 ], [ -99.367883449262706, 20.21180899751355 ], [ -99.367185467806451, 20.212153838288778 ], [ -99.367193047906184, 20.211304407468663 ], [ -99.36724467446021, 20.208828344806637 ] ] ] ] } },
{ "type": "Feature", "properties": { "Nombre": "Cerro Lobo", "Jurisdiccion": "Municipal", "Area_h": 224.742 }, "geometry": { "type": "MultiPolygon", "coordinates": [ [ [ [ -99.411530196328513, 20.02578190512541 ], [ -99.405094420881269, 20.025034494430002 ], [ -99.405149032377807, 20.023436645802551 ], [ -99.404106440136076, 20.02359176339899 ], [ -99.404137579442931, 20.024923354734046 ], [ -99.402997820097596, 20.024790956828419 ], [ -99.402902836615581, 20.024500487177221 ], [ -99.402974047115521, 20.024023885124926 ], [ -99.402392871416339, 20.023092180136217 ], [ -99.402389101312963, 20.02308721050089 ], [ -99.401960807513532, 20.022522606432506 ], [ -99.401220728428243, 20.022358320844589 ], [ -99.400849953389809, 20.024541437854431 ], [ -99.400179674630195, 20.024463567759646 ], [ -99.399223685997939, 20.024352499770004 ], [ -99.400079968603364, 20.023024162978476 ], [ -99.400655061828246, 20.02206226496833 ], [ -99.399917301494455, 20.022038513251882 ], [ -99.397601296729249, 20.021772309091201 ], [ -99.396970279545414, 20.022447170067252 ], [ -99.396741829526505, 20.022416226083529 ], [ -99.396390078185419, 20.022734773393811 ], [ -99.39664940834848, 20.024053376672271 ], [ -99.393799965895397, 20.023722245355067 ], [ -99.393694118786726, 20.02370994442752 ], [ -99.393758830705252, 20.023443878911444 ], [ -99.394421946356218, 20.020717394493069 ], [ -99.394541576916396, 20.020225507895763 ], [ -99.394613856019788, 20.020128333646447 ], [ -99.394815149425128, 20.019857708859835 ], [ -99.395246368278791, 20.019612873320366 ], [ -99.397884125416752, 20.018115180462672 ], [ -99.404129838998273, 20.017422251372192 ], [ -99.403965589519132, 20.01699244365388 ], [ -99.403524999334891, 20.016389060009359 ], [ -99.403122313999233, 20.016148038386277 ], [ -99.402991710970795, 20.016069867182921 ], [ -99.403255586759215, 20.015304688269616 ], [ -99.403273357443013, 20.015253157826901 ], [ -99.403589493815318, 20.015522126602988 ], [ -99.403840359415412, 20.015735562538424 ], [ -99.40459269059069, 20.016275646734432 ], [ -99.405084654071985, 20.015867328476908 ], [ -99.405394129170489, 20.016009460252349 ], [ -99.405750340291661, 20.015228424231768 ], [ -99.406353842488329, 20.014683558458461 ], [ -99.406957752676291, 20.014930856234525 ], [ -99.407779399416839, 20.015213200290283 ], [ -99.4082109804243, 20.015473234274229 ], [ -99.409183145751697, 20.015183512786592 ], [ -99.409956261094393, 20.014913568704294 ], [ -99.410445773301731, 20.014742646421837 ], [ -99.411148909267141, 20.015096972033945 ], [ -99.411851230339877, 20.015508000678626 ], [ -99.411898221794317, 20.016364270719528 ], [ -99.411989025084125, 20.016656905080502 ], [ -99.411952778572768, 20.016851317338784 ], [ -99.411668279838352, 20.018377240947252 ], [ -99.412036529724787, 20.018451233714934 ], [ -99.412764892829586, 20.018360464757173 ], [ -99.412816282810482, 20.018203453440417 ], [ -99.413219287237666, 20.018186491793163 ], [ -99.413598209682405, 20.01800916973459 ], [ -99.413999840664431, 20.017858523719106 ], [ -99.414081053561461, 20.017728877102378 ], [ -99.415308497868253, 20.018003115605559 ], [ -99.415829349095333, 20.017419943539977 ], [ -99.417443768863492, 20.018487348291256 ], [ -99.419555803607224, 20.020151331782206 ], [ -99.419555429764699, 20.020920526945932 ], [ -99.419555234352643, 20.021321196806312 ], [ -99.419554979794796, 20.021844815321401 ], [ -99.420543255118389, 20.022138367481748 ], [ -99.422191683522712, 20.022627992328196 ], [ -99.421566195456194, 20.022985845260951 ], [ -99.421152997796568, 20.023222241517988 ], [ -99.42109160671987, 20.023257364130949 ], [ -99.421463314589403, 20.024070620943483 ], [ -99.42160379377016, 20.023969585783345 ], [ -99.423141197416811, 20.022863845723588 ], [ -99.4229958882689, 20.022823736652089 ], [ -99.423306359995095, 20.022642857899314 ], [ -99.423720918760438, 20.022401336965537 ], [ -99.423439654981109, 20.022689820702048 ], [ -99.421828572508758, 20.024342228754396 ], [ -99.421679158942396, 20.024495471918573 ], [ -99.421823831374454, 20.024887843410195 ], [ -99.420907132020375, 20.026705538820995 ], [ -99.420817448266902, 20.026883368444775 ], [ -99.417473887955836, 20.026486882299096 ], [ -99.411530196328513, 20.02578190512541 ] ], [ [ -99.414255483476325, 20.024199857513949 ], [ -99.414078779260677, 20.024193538723086 ], [ -99.413471208944102, 20.025196996154335 ], [ -99.413705540007868, 20.025481486417075 ], [ -99.414859172450051, 20.025474141923382 ], [ -99.414862229301932, 20.024602078261207 ], [ -99.414255483476325, 20.024199857513949 ] ], [ [ -99.406679621932838, 20.022180091701955 ], [ -99.406343994998963, 20.022086711104958 ], [ -99.405971449453801, 20.022408803936735 ], [ -99.406714475388185, 20.022876887676592 ], [ -99.406695145377029, 20.023052502036322 ], [ -99.406904864120364, 20.023078171763117 ], [ -99.406933134078088, 20.02330042249331 ], [ -99.407586225777891, 20.023642017552753 ], [ -99.407759808484144, 20.023023847360232 ], [ -99.406679621932838, 20.022180091701955 ] ], [ [ -99.403067870818077, 20.020775531150552 ], [ -99.402318283442114, 20.020734339692051 ], [ -99.402059501199673, 20.021678626781629 ], [ -99.40289434279444, 20.021751795206832 ], [ -99.403067870818077, 20.020775531150552 ] ] ] ] } },
{ "type": "Feature", "properties": { "Nombre": "Vega de Madero", "Jurisdiccion": "Municipal", "Area_h": 446.783 }, "geometry": { "type": "MultiPolygon", "coordinates": [ [ [ [ -99.429606251566014, 19.913082352660069 ], [ -99.41502594401156, 19.90925834681228 ], [ -99.412214623683013, 19.907666445481635 ], [ -99.411227409701127, 19.907107420780637 ], [ -99.411380295653345, 19.907116103916351 ], [ -99.412201346997492, 19.906888288372514 ], [ -99.412734467153371, 19.906155087565736 ], [ -99.413086529107844, 19.905603037711646 ], [ -99.413410443625963, 19.905249857835148 ], [ -99.413711280037802, 19.903369545015988 ], [ -99.413867471680945, 19.902848237791513 ], [ -99.41581309429877, 19.896354191126818 ], [ -99.415984355651929, 19.895782532605658 ], [ -99.416262107828587, 19.896052981527479 ], [ -99.4184224462484, 19.896544929321973 ], [ -99.418575821111517, 19.896743374033353 ], [ -99.418827462554276, 19.897980797061496 ], [ -99.419295814900323, 19.898070060293005 ], [ -99.419562713729846, 19.897843516160609 ], [ -99.4201547827371, 19.89775175334276 ], [ -99.420287575470965, 19.897389975617294 ], [ -99.420563595461886, 19.897000749581899 ], [ -99.420544345686665, 19.896946575439262 ], [ -99.420572743035279, 19.896847105682745 ], [ -99.420219080707838, 19.896775648212124 ], [ -99.420304869435526, 19.896703152796633 ], [ -99.420218460724797, 19.896540697933734 ], [ -99.420609524119541, 19.8963048224511 ], [ -99.419374037088346, 19.895123942335012 ], [ -99.419125582973379, 19.895097417732512 ], [ -99.419029932272494, 19.895052459899702 ], [ -99.419039128805878, 19.894916889125724 ], [ -99.418256172158564, 19.895072353028301 ], [ -99.418275658254061, 19.895216892977277 ], [ -99.418400205833805, 19.895352149375697 ], [ -99.417836709369652, 19.895407692748197 ], [ -99.416785360418999, 19.895220388918773 ], [ -99.416107650387318, 19.895438853215239 ], [ -99.416116920260151, 19.895330392218746 ], [ -99.418616562544614, 19.890435724434543 ], [ -99.418716632992755, 19.888528763532889 ], [ -99.422697377403765, 19.891076717767898 ], [ -99.42377760439112, 19.891354284419723 ], [ -99.423806287288556, 19.891363252744938 ], [ -99.430364407477214, 19.893020139769476 ], [ -99.432132664882857, 19.893466836362009 ], [ -99.437748778043769, 19.893936457561992 ], [ -99.437748745677524, 19.893936499209904 ], [ -99.436034303028691, 19.896146233153861 ], [ -99.437188182581096, 19.899687805687435 ], [ -99.436948590678128, 19.900473961788556 ], [ -99.436269562165478, 19.901388229968926 ], [ -99.436125932741461, 19.901795358546167 ], [ -99.435888167335634, 19.902469314067414 ], [ -99.435933194077933, 19.903129159114101 ], [ -99.437336667487514, 19.90277637249012 ], [ -99.43721419775936, 19.903638662302736 ], [ -99.437204718543953, 19.903665795344082 ], [ -99.437185834557269, 19.90374717099079 ], [ -99.437044390148628, 19.904425262175423 ], [ -99.437034910860078, 19.904452395206764 ], [ -99.436972357074055, 19.904804454141381 ], [ -99.436969051889818, 19.904823056833635 ], [ -99.436187031623092, 19.905331024373677 ], [ -99.436149683172374, 19.905647396306616 ], [ -99.436523768109154, 19.906188673726479 ], [ -99.435714636726544, 19.907266010364538 ], [ -99.435878339810614, 19.907735511520762 ], [ -99.435890953775427, 19.907757429563112 ], [ -99.436195129952708, 19.90828596639545 ], [ -99.436701538987023, 19.908302797113542 ], [ -99.436701662969867, 19.908347979702484 ], [ -99.436176145882044, 19.908331195839342 ], [ -99.435850816447015, 19.908151261628003 ], [ -99.435172189844707, 19.908044484044179 ], [ -99.435095733628145, 19.908035634476938 ], [ -99.434799289960324, 19.907936956883749 ], [ -99.434733498549065, 19.908334727223782 ], [ -99.434839801939219, 19.908777259835887 ], [ -99.435088131383878, 19.908749542897446 ], [ -99.43563236198834, 19.908621698858628 ], [ -99.436788491824075, 19.908655010194202 ], [ -99.437020071173606, 19.909485806568423 ], [ -99.436207358960473, 19.909261886905455 ], [ -99.435949573954019, 19.90932577490149 ], [ -99.435700971635669, 19.909254091356775 ], [ -99.435090132575951, 19.909481500930895 ], [ -99.434077257927399, 19.90942975597526 ], [ -99.433914248175157, 19.909213275754173 ], [ -99.433187626765729, 19.909025278499424 ], [ -99.432510225980508, 19.909370316902315 ], [ -99.432356305935627, 19.908982118058958 ], [ -99.431697079989661, 19.908983719084478 ], [ -99.431065781662866, 19.908714152493705 ], [ -99.430923891118368, 19.90923861810213 ], [ -99.430265103768619, 19.909402871280086 ], [ -99.430104492675497, 19.910071966856925 ], [ -99.430012858058689, 19.910625632106697 ], [ -99.429687337282871, 19.912592438275535 ], [ -99.429606251566014, 19.913082352660069 ] ], [ [ -99.428725895905472, 19.909031909125723 ], [ -99.428572228723283, 19.908734072087306 ], [ -99.42830705340856, 19.908839944503949 ], [ -99.427274269087775, 19.909252279835066 ], [ -99.427170266409675, 19.909659175997163 ], [ -99.427163113831881, 19.910553815151012 ], [ -99.427516542675605, 19.910525856299856 ], [ -99.428726358456061, 19.909203603129871 ], [ -99.428726351887818, 19.909201165075036 ], [ -99.428725895905472, 19.909031909125723 ] ], [ [ -99.431857279672244, 19.908165859265274 ], [ -99.431969989421532, 19.907451695513348 ], [ -99.431320642058665, 19.907570746652205 ], [ -99.431149846648665, 19.908004916717086 ], [ -99.431857279672244, 19.908165859265274 ] ], [ [ -99.433765484381667, 19.907212375542912 ], [ -99.434234930786459, 19.907690169137897 ], [ -99.434569071190879, 19.907598987398568 ], [ -99.434632187265862, 19.907565620156664 ], [ -99.434654933965177, 19.907553594726043 ], [ -99.434826484631969, 19.907399553616703 ], [ -99.43549256707108, 19.906718734883501 ], [ -99.436007454939954, 19.906041176003729 ], [ -99.435756952829919, 19.905273680248921 ], [ -99.434573691320466, 19.905791659656749 ], [ -99.435014450586834, 19.906260484788188 ], [ -99.434129482162987, 19.906767464337136 ], [ -99.434127323480766, 19.906768700387371 ], [ -99.43383196654824, 19.90706762811082 ], [ -99.433639313184173, 19.906489756494935 ], [ -99.432149673418678, 19.906773515312178 ], [ -99.432246880932567, 19.907387766872226 ], [ -99.433765484381667, 19.907212375542912 ] ], [ [ -99.434540483470755, 19.907626166974385 ], [ -99.434083201859011, 19.908106222182234 ], [ -99.434560726318423, 19.908041800259806 ], [ -99.434923331497771, 19.907878255668212 ], [ -99.434875068008509, 19.907697642039068 ], [ -99.434540483470755, 19.907626166974385 ] ], [ [ -99.436421776532768, 19.903835234043676 ], [ -99.436364206711687, 19.903745009407547 ], [ -99.436363119814217, 19.903745822654702 ], [ -99.436112955480965, 19.903932898679386 ], [ -99.435382179660962, 19.904479378425819 ], [ -99.435516179045777, 19.904569416308458 ], [ -99.43615837054594, 19.90404878275039 ], [ -99.436261602685406, 19.903965090367606 ], [ -99.436421776532768, 19.903835234043676 ] ], [ [ -99.435371933895638, 19.904226379148124 ], [ -99.435819028465588, 19.9035204310122 ], [ -99.435579593368118, 19.903304139292739 ], [ -99.434997931657705, 19.90371220860083 ], [ -99.434932413864985, 19.904209380926083 ], [ -99.435371933895638, 19.904226379148124 ] ], [ [ -99.432765144967604, 19.901223554983048 ], [ -99.432028051636436, 19.900683150647367 ], [ -99.431129769294941, 19.902031932184421 ], [ -99.431057532651323, 19.902140395362768 ], [ -99.431239932076153, 19.902465270638299 ], [ -99.432003181291037, 19.901990586018073 ], [ -99.432231839944563, 19.901848375870852 ], [ -99.432765144967604, 19.901223554983048 ] ], [ [ -99.421558650647398, 19.901178163583253 ], [ -99.421385754077065, 19.900826145693649 ], [ -99.421652415090506, 19.900509233031304 ], [ -99.421518067935935, 19.900283636300664 ], [ -99.422136505171565, 19.89932429066878 ], [ -99.422192987133826, 19.899007875638826 ], [ -99.421200985928564, 19.899597605395286 ], [ -99.420733654887385, 19.899896918749594 ], [ -99.42055201965033, 19.899852165080191 ], [ -99.419778593920938, 19.900007613429644 ], [ -99.419120878907322, 19.900569433073446 ], [ -99.419111610850678, 19.900677894131405 ], [ -99.419361335215626, 19.90118335550774 ], [ -99.419982291896048, 19.901172854430172 ], [ -99.421310617204313, 19.90131430000525 ], [ -99.421558650647398, 19.901178163583253 ] ], [ [ -99.420055263265795, 19.89986237494124 ], [ -99.419834246838803, 19.899374919948354 ], [ -99.419633577011126, 19.899357320039758 ], [ -99.419319217914179, 19.899701451956936 ], [ -99.419606536094065, 19.899971872803714 ], [ -99.420055263265795, 19.89986237494124 ] ], [ [ -99.41931912272068, 19.899665305768355 ], [ -99.419757342881411, 19.899194369295397 ], [ -99.419622999530247, 19.898968771031999 ], [ -99.418830494007963, 19.899133296814892 ], [ -99.418927573677792, 19.899720447561307 ], [ -99.41931912272068, 19.899665305768355 ] ], [ [ -99.429668214526515, 19.900643681271191 ], [ -99.430117839406847, 19.900868509873472 ], [ -99.430451259579911, 19.900515276560252 ], [ -99.430001635254115, 19.900290448781774 ], [ -99.429668214526515, 19.900643681271191 ] ], [ [ -99.425009289629415, 19.898269207503478 ], [ -99.424071712098822, 19.897765394450367 ], [ -99.423680626400895, 19.897992240930193 ], [ -99.423777963621419, 19.898669754223299 ], [ -99.42399817285569, 19.89884996171385 ], [ -99.425076862764129, 19.898531107498421 ], [ -99.425009289629415, 19.898269207503478 ] ] ] ] } },
{ "type": "Feature", "properties": { "Nombre": "Tula", "Jurisdiccion": "Federal", "Area_h": 106.461 }, "geometry": { "type": "MultiPolygon", "coordinates": [ [ [ [ -99.332216855972817, 20.071161941862734 ], [ -99.332141037531272, 20.06989582591461 ], [ -99.33217658015343, 20.069377345914145 ], [ -99.333079417951865, 20.06769733507252 ], [ -99.332341733796824, 20.064855536190912 ], [ -99.333149060085347, 20.064717851492393 ], [ -99.335396338418391, 20.064334571388493 ], [ -99.335610922322118, 20.064297971956236 ], [ -99.335505765620525, 20.061906135588565 ], [ -99.335503618083649, 20.061857286505816 ], [ -99.335979081490123, 20.061465366573959 ], [ -99.336011695503075, 20.0614384833275 ], [ -99.336715417191087, 20.061596005093591 ], [ -99.336884324576189, 20.061623100021297 ], [ -99.337547506563666, 20.06172948312512 ], [ -99.337734745823411, 20.061759517949586 ], [ -99.337855164671453, 20.060482658277923 ], [ -99.337855481663922, 20.060479293380965 ], [ -99.338501710808401, 20.0605854107806 ], [ -99.34190316393844, 20.0615878731961 ], [ -99.342076176869284, 20.061638861275199 ], [ -99.342373528967528, 20.06151448009399 ], [ -99.342380018499867, 20.061511765610444 ], [ -99.342996441428767, 20.06154021119902 ], [ -99.343372836397137, 20.061500215937475 ], [ -99.344071405575917, 20.061425985413944 ], [ -99.344548396492485, 20.061276839641028 ], [ -99.344593689034866, 20.061262677003395 ], [ -99.344686573327763, 20.061801512275284 ], [ -99.344605251983921, 20.062138182840574 ], [ -99.344461124772437, 20.062267682091441 ], [ -99.344204937631304, 20.062980061182142 ], [ -99.344000735070011, 20.063278204122231 ], [ -99.343781757340579, 20.063996112770258 ], [ -99.343639658422333, 20.064288249911375 ], [ -99.343337977610332, 20.064908466135034 ], [ -99.342283975855509, 20.066193843152103 ], [ -99.341714193784767, 20.066558836459052 ], [ -99.341121367814637, 20.066527268705165 ], [ -99.340852734901247, 20.066087808077089 ], [ -99.340403651385884, 20.066055509681544 ], [ -99.340206534444945, 20.066140106693098 ], [ -99.34016506109252, 20.066288833306377 ], [ -99.339996856474201, 20.066566028960771 ], [ -99.339597215462192, 20.06715831296161 ], [ -99.339661695981462, 20.067569793369426 ], [ -99.339337548511395, 20.068180366097263 ], [ -99.339008246264868, 20.068572721234375 ], [ -99.338450309752375, 20.068625567120378 ], [ -99.337115227766148, 20.068413863727677 ], [ -99.33629499790959, 20.068576541912424 ], [ -99.335524964857171, 20.068508152605826 ], [ -99.335692471618401, 20.069431887861398 ], [ -99.335896903115298, 20.069907533051243 ], [ -99.337302666749679, 20.071059066085713 ], [ -99.337827575147458, 20.071749523203138 ], [ -99.338340877290236, 20.073183146687775 ], [ -99.338337867464062, 20.073654847407443 ], [ -99.338218242970072, 20.074023757187135 ], [ -99.337853756365462, 20.07474274902615 ], [ -99.337364165418663, 20.075237065303249 ], [ -99.335531420887804, 20.075485434659601 ], [ -99.334664279014177, 20.075462678230085 ], [ -99.334017757525615, 20.074429785325865 ], [ -99.333805966720377, 20.074184036021361 ], [ -99.332702909829706, 20.07308061165331 ], [ -99.332446592921229, 20.072625302258235 ], [ -99.332216855972817, 20.071161941862734 ] ] ] ] } },
{ "type": "Feature", "properties": { "Nombre": "Dothi", "Jurisdiccion": "Municipal", "Area_h": 19.9749 }, "geometry": { "type": "MultiPolygon", "coordinates": [ [ [ [ -99.693450186412036, 20.425470898633257 ], [ -99.693230824215448, 20.424394061138223 ], [ -99.693230816377465, 20.424394023219289 ], [ -99.692705624527676, 20.421815808860817 ], [ -99.692362562977763, 20.42011845397505 ], [ -99.692380393987932, 20.419820195980449 ], [ -99.692992923069497, 20.419618976342015 ], [ -99.693759004115265, 20.419462314640761 ], [ -99.694460287854398, 20.419830158640515 ], [ -99.695027762731371, 20.420252407530462 ], [ -99.69547206679232, 20.421009637979555 ], [ -99.695806949174099, 20.421794610303149 ], [ -99.695967682052327, 20.422516634512306 ], [ -99.696079780377858, 20.4232984499235 ], [ -99.696099068926799, 20.424025069921562 ], [ -99.696098251282592, 20.424588316318726 ], [ -99.696055555931878, 20.425001106924228 ], [ -99.695950348644004, 20.425508586208124 ], [ -99.695791569300596, 20.425915154139673 ], [ -99.693450475536068, 20.425472317901455 ], [ -99.693450186412036, 20.425470898633257 ] ] ] ] } },
{ "type": "Feature", "properties": { "Nombre": "Cerro Nopala", "Jurisdiccion": "Municipal", "Area_h": 1759.78 }, "geometry": { "type": "MultiPolygon", "coordinates": [ [ [ [ -99.591346273856459, 20.271392210158503 ], [ -99.595313428525998, 20.269184457001064 ], [ -99.603494850797205, 20.264630953970752 ], [ -99.609232057669942, 20.266003431388128 ], [ -99.610760893983382, 20.266369130031965 ], [ -99.616549523248878, 20.267753635416668 ], [ -99.619132065982711, 20.267575385774478 ], [ -99.622950703780603, 20.267311748451231 ], [ -99.623308546260844, 20.268179929687182 ], [ -99.623699957167332, 20.268579822575916 ], [ -99.623826353159942, 20.268763829188281 ], [ -99.624020763110366, 20.269046848616288 ], [ -99.624235662231754, 20.269614572561675 ], [ -99.624130953163601, 20.270016230711352 ], [ -99.623813620326388, 20.270418645764948 ], [ -99.623674008586391, 20.270954191419648 ], [ -99.624101266549857, 20.271454276817401 ], [ -99.624633504181034, 20.271619582665092 ], [ -99.624565171711154, 20.272255196103149 ], [ -99.624603019155259, 20.272856990623907 ], [ -99.62471053837389, 20.273157571134053 ], [ -99.624323127287226, 20.273760879422046 ], [ -99.623544017609348, 20.273897417107158 ], [ -99.622905458321839, 20.273732484323876 ], [ -99.622196425791017, 20.273668122526523 ], [ -99.621452619547384, 20.273771083344403 ], [ -99.621419045892239, 20.274239370277787 ], [ -99.621811535888938, 20.274906788281491 ], [ -99.622451164408346, 20.275339242727831 ], [ -99.623124767878053, 20.27540372930892 ], [ -99.62337257130261, 20.275335967025669 ], [ -99.623850993047157, 20.275334264273035 ], [ -99.624171011164066, 20.275600647877354 ], [ -99.62399528893927, 20.275969120126756 ], [ -99.623429203721713, 20.276205218165614 ], [ -99.622790768529939, 20.276073727002483 ], [ -99.622169655564406, 20.275841848903365 ], [ -99.62124757964628, 20.275677918583909 ], [ -99.620859614721738, 20.276147461548824 ], [ -99.620756092523237, 20.276850077308413 ], [ -99.62036652935241, 20.276918337960563 ], [ -99.619727564009636, 20.276653075806088 ], [ -99.619337998896, 20.276721334178401 ], [ -99.619002389995998, 20.276990043673731 ], [ -99.618897797565495, 20.277425140605573 ], [ -99.618579108460793, 20.277493146951404 ], [ -99.617975450225728, 20.277194313309739 ], [ -99.617693791160562, 20.277663472681059 ], [ -99.617979027120967, 20.278097194263076 ], [ -99.618618393524827, 20.278462782559103 ], [ -99.618193915984094, 20.278664923484357 ], [ -99.617486316624607, 20.278968382834407 ], [ -99.617488037613626, 20.279403104194429 ], [ -99.617878935013877, 20.279669249380635 ], [ -99.618552156099653, 20.279633433207771 ], [ -99.618940401880153, 20.279230776851261 ], [ -99.618974381723703, 20.278862810308635 ], [ -99.619363552078781, 20.278694232758568 ], [ -99.619912865274074, 20.278692289888664 ], [ -99.620370519016731, 20.277921540197177 ], [ -99.620865337610255, 20.277585381337037 ], [ -99.621787826321054, 20.2778496331726 ], [ -99.622104778961685, 20.277346901764595 ], [ -99.622492874458999, 20.27691079607553 ], [ -99.622917474945851, 20.276742084904384 ], [ -99.622882169496094, 20.276775650839152 ], [ -99.623720335635966, 20.278110288989911 ], [ -99.624748880081171, 20.278307266627849 ], [ -99.625210263237065, 20.278472822705314 ], [ -99.625423971973959, 20.27873958308388 ], [ -99.625426921839747, 20.279475263029536 ], [ -99.625075874529344, 20.280312527567137 ], [ -99.625008479167988, 20.281182219978248 ], [ -99.625258169621006, 20.281582613559241 ], [ -99.625365964785288, 20.281950072988796 ], [ -99.62508391612036, 20.282318925732046 ], [ -99.624624264672804, 20.282588088487536 ], [ -99.616915668230945, 20.282587378464846 ], [ -99.615427353443579, 20.282587202213268 ], [ -99.610749084345059, 20.282570136044612 ], [ -99.608726109814313, 20.282249489743872 ], [ -99.607858864075453, 20.282112021238142 ], [ -99.6078195728483, 20.282051397638693 ], [ -99.607836317273396, 20.284640212176075 ], [ -99.607884885803017, 20.292147464711292 ], [ -99.618330418330245, 20.292163126280709 ], [ -99.615775887710129, 20.299878431353541 ], [ -99.612107229087485, 20.310982573519702 ], [ -99.611762762067571, 20.310955933037715 ], [ -99.609163436364867, 20.310754881505559 ], [ -99.605236129073901, 20.30986952440648 ], [ -99.602494792635824, 20.3112539068069 ], [ -99.602475114238743, 20.311246792767484 ], [ -99.599379379762027, 20.310127651812184 ], [ -99.59593873158218, 20.308894703870706 ], [ -99.595871126129154, 20.308870476371894 ], [ -99.595474489613736, 20.308662476996748 ], [ -99.592164127813831, 20.306926439015434 ], [ -99.591713291233162, 20.306293385241023 ], [ -99.591094600828413, 20.305740217097114 ], [ -99.590785006558718, 20.305397532790739 ], [ -99.589971540778791, 20.30521519066631 ], [ -99.589466866322724, 20.305164008948019 ], [ -99.58907529875458, 20.305376855009158 ], [ -99.588432989677159, 20.305987155692033 ], [ -99.587818602703791, 20.306570919117835 ], [ -99.586962892684269, 20.307732956222459 ], [ -99.586842653158442, 20.307896237210461 ], [ -99.586760475318599, 20.30768844057091 ], [ -99.585976726933509, 20.305706619304431 ], [ -99.585965466234029, 20.305678144771736 ], [ -99.585513962415661, 20.304859988241361 ], [ -99.584602532823709, 20.304284505149397 ], [ -99.584305954362407, 20.304097241908469 ], [ -99.583691996790208, 20.303618016020049 ], [ -99.583125392428741, 20.303175748269702 ], [ -99.582141320207569, 20.302332914667115 ], [ -99.581942014859578, 20.302125467017675 ], [ -99.581799335545128, 20.30197695721813 ], [ -99.581381662387201, 20.3015422141867 ], [ -99.580426029822632, 20.300805040774815 ], [ -99.579217391552604, 20.299857173097671 ], [ -99.577895979071116, 20.298724580373939 ], [ -99.57713048474902, 20.296347423186631 ], [ -99.576109977599089, 20.293263013376631 ], [ -99.576081839446246, 20.293177966596392 ], [ -99.575791091615955, 20.292230371957071 ], [ -99.575571251668165, 20.291513866249396 ], [ -99.57472156442789, 20.289084091070851 ], [ -99.57423961352346, 20.287578537380483 ], [ -99.573620378640726, 20.28684021983349 ], [ -99.573674039211639, 20.286582419107919 ], [ -99.573730526524272, 20.286311038764431 ], [ -99.573194103382164, 20.285228716811901 ], [ -99.573130881632778, 20.285015367494001 ], [ -99.572967102480106, 20.284462671120615 ], [ -99.572752896559379, 20.283576727177405 ], [ -99.572654095242058, 20.28316808750672 ], [ -99.571979785909605, 20.281329416851545 ], [ -99.571822621093787, 20.281076367380358 ], [ -99.571450146430365, 20.28047664891351 ], [ -99.57167743968914, 20.279283586874037 ], [ -99.575954904995967, 20.279885609299235 ], [ -99.589982188807369, 20.272151299375174 ], [ -99.591346273856459, 20.271392210158503 ] ] ] ] } },
{ "type": "Feature", "properties": { "Nombre": "Mimithi", "Jurisdiccion": "Municipal", "Area_h": 10.0008 }, "geometry": { "type": "MultiPolygon", "coordinates": [ [ [ [ -99.693230816377465, 20.424394023219289 ], [ -99.693230824215448, 20.424394061138223 ], [ -99.693450186412036, 20.425470898633257 ], [ -99.690914850920549, 20.426259472307695 ], [ -99.691153336732, 20.42149488019145 ], [ -99.692701771534033, 20.421812208076233 ], [ -99.692734118727174, 20.421970199663981 ], [ -99.693230816377465, 20.424394023219289 ] ] ] ] } },
{ "type": "Feature", "properties": { "Nombre": "Cerro del Ángel", "Jurisdiccion": "Municipal", "Area_h": 769.307 }, "geometry": { "type": "MultiPolygon", "coordinates": [ [ [ [ -99.124485032068776, 20.212061785590262 ], [ -99.123838183670188, 20.212030660349338 ], [ -99.123409759103993, 20.212063231919387 ], [ -99.122038631551547, 20.212167467418265 ], [ -99.121425805711851, 20.211941979768884 ], [ -99.120161571691384, 20.211102454952051 ], [ -99.118380153852314, 20.209892774430998 ], [ -99.117709731636182, 20.20943236364905 ], [ -99.11621563139586, 20.208367051445382 ], [ -99.115238718325429, 20.207653811717528 ], [ -99.11453946479152, 20.207012678294113 ], [ -99.113984019038725, 20.206669652083637 ], [ -99.113160414159211, 20.206137031248669 ], [ -99.112729081819197, 20.205333059534393 ], [ -99.112469995305432, 20.204447649224825 ], [ -99.112000143691034, 20.203309349997703 ], [ -99.111310706810443, 20.202966400457285 ], [ -99.11207583448639, 20.202071301134939 ], [ -99.112170895443157, 20.201149517046193 ], [ -99.11238991665364, 20.199567988526827 ], [ -99.11246606979897, 20.198980567378872 ], [ -99.114427719248297, 20.198184088170994 ], [ -99.115040082112088, 20.197867411044093 ], [ -99.116542751601429, 20.197730873200069 ], [ -99.116829877812663, 20.197694536711591 ], [ -99.119069803512147, 20.197864727550865 ], [ -99.12018969581419, 20.197854928911273 ], [ -99.121434027632844, 20.197854073684393 ], [ -99.121721131827712, 20.197790619814565 ], [ -99.122859932010826, 20.19748258664702 ], [ -99.123510683804582, 20.1973194732359 ], [ -99.123864780977286, 20.197246932314314 ], [ -99.125108934612612, 20.197029175030615 ], [ -99.125721359142702, 20.19682089836828 ], [ -99.127348543336069, 20.196810690608256 ], [ -99.128927883703156, 20.196818575822974 ], [ -99.129492600759065, 20.19680008779148 ], [ -99.130546392783884, 20.197883688198871 ], [ -99.130747000685929, 20.197404604474997 ], [ -99.134403393508236, 20.197383773866932 ], [ -99.135867549928165, 20.197012152206913 ], [ -99.13604942082776, 20.197021048007894 ], [ -99.136920558009635, 20.197146883067564 ], [ -99.137322587038682, 20.197164642393812 ], [ -99.138164660250709, 20.196892886735153 ], [ -99.13866226161511, 20.196747911453617 ], [ -99.138824548631433, 20.19625981233504 ], [ -99.139254863880453, 20.195798610332726 ], [ -99.139767739500954, 20.195305510686442 ], [ -99.139777729842052, 20.195274924239083 ], [ -99.139777824287634, 20.195275646177787 ], [ -99.141769296672024, 20.192481687681425 ], [ -99.146502116334915, 20.185841234463346 ], [ -99.14808024049492, 20.185995827179934 ], [ -99.148854439918594, 20.184883682594243 ], [ -99.149141148331282, 20.184483307245912 ], [ -99.149255887107387, 20.184323079031408 ], [ -99.150998761473673, 20.184974962830747 ], [ -99.151304810416661, 20.18508943140251 ], [ -99.151559601581624, 20.184936654630263 ], [ -99.152663099735946, 20.184274972133107 ], [ -99.152905097584522, 20.184278121669784 ], [ -99.155266430902813, 20.184308839026983 ], [ -99.155806806650475, 20.182903713390175 ], [ -99.155867846651631, 20.182744990539934 ], [ -99.157073138770301, 20.182111363185331 ], [ -99.158250129380178, 20.181893431854917 ], [ -99.160250785194521, 20.182244043927071 ], [ -99.161246623728729, 20.182703995815562 ], [ -99.161237294530252, 20.182938953596082 ], [ -99.160921669861693, 20.183147082455285 ], [ -99.160242378049048, 20.183382651874535 ], [ -99.159554781236707, 20.183701714190956 ], [ -99.15778380664085, 20.184523474887936 ], [ -99.157209676544994, 20.184650499657 ], [ -99.156606768563705, 20.184714293771698 ], [ -99.155151991401382, 20.184724619644939 ], [ -99.154472790780503, 20.185068604435255 ], [ -99.153583617933648, 20.186018216540006 ], [ -99.153535372623395, 20.186325356880822 ], [ -99.153488500620455, 20.186623745983635 ], [ -99.154005711946184, 20.187002826545339 ], [ -99.154629501308364, 20.188692105570727 ], [ -99.154491104642332, 20.188910340495948 ], [ -99.154285470848251, 20.189234598672741 ], [ -99.153520399868526, 20.189876859451211 ], [ -99.152898575494632, 20.190193679497444 ], [ -99.15295630292897, 20.190500870141207 ], [ -99.153751192221506, 20.190979111496787 ], [ -99.154066993212084, 20.190924616254417 ], [ -99.154479879714387, 20.192261655656907 ], [ -99.156935048291061, 20.193396547866438 ], [ -99.157074940767956, 20.193461211676837 ], [ -99.157512877290486, 20.193714082133837 ], [ -99.157668718896787, 20.193804066710225 ], [ -99.157879602051324, 20.194111118127914 ], [ -99.157975573118392, 20.19436405379486 ], [ -99.158778341779524, 20.195153675883017 ], [ -99.159067821606556, 20.195438412451896 ], [ -99.158484547227744, 20.196026311076412 ], [ -99.157853418344374, 20.19662328809542 ], [ -99.157664466356522, 20.19679292655497 ], [ -99.157289196737622, 20.197129837470367 ], [ -99.156792118208287, 20.197780909415901 ], [ -99.155624829432128, 20.198251844490553 ], [ -99.155845322383499, 20.198595035512263 ], [ -99.155421125388443, 20.199171657091235 ], [ -99.154707802074768, 20.200141281243784 ], [ -99.15462151250955, 20.199996772935933 ], [ -99.153895202107691, 20.201172154472779 ], [ -99.15350324769561, 20.201678540669381 ], [ -99.152881596166466, 20.20222127176763 ], [ -99.152747394288596, 20.202022586403899 ], [ -99.152058778476245, 20.202610555065643 ], [ -99.151159736900922, 20.203370395713513 ], [ -99.152128407115484, 20.205312404892673 ], [ -99.150195129057963, 20.205639382106373 ], [ -99.149984021155632, 20.205097372434871 ], [ -99.14937199364195, 20.205721411828993 ], [ -99.149506411098187, 20.206146012668061 ], [ -99.147430365951976, 20.207358656115204 ], [ -99.14455968632457, 20.208472529647167 ], [ -99.144109990182216, 20.208698810389855 ], [ -99.143991392563777, 20.208469509128687 ], [ -99.143927790628112, 20.208346537157443 ], [ -99.143680780876068, 20.208411129476133 ], [ -99.142367855884956, 20.208754450285543 ], [ -99.141602322175061, 20.209044236340119 ], [ -99.141592831471755, 20.209134608522199 ], [ -99.140587682128157, 20.209090233422135 ], [ -99.140338263545274, 20.208494025050378 ], [ -99.138529658848128, 20.209155123318723 ], [ -99.138184452262209, 20.208477658353406 ], [ -99.136969876556677, 20.209761791370298 ], [ -99.138359701988335, 20.211811984321194 ], [ -99.137833525709212, 20.212173857803709 ], [ -99.136741138702448, 20.210909603655914 ], [ -99.136042607504379, 20.211217386262419 ], [ -99.135898752442017, 20.21091025729568 ], [ -99.135152590809653, 20.211489167700048 ], [ -99.134345324299716, 20.209596934430301 ], [ -99.134289319034295, 20.209465655867483 ], [ -99.134082138392728, 20.209561646610496 ], [ -99.133749600107095, 20.209715716805775 ], [ -99.133351585377071, 20.209900121760246 ], [ -99.13336288856155, 20.209948439237614 ], [ -99.133457267774816, 20.210351866053259 ], [ -99.132730229457536, 20.210912679704965 ], [ -99.132471433484369, 20.210515269239451 ], [ -99.132288081968397, 20.210595247181129 ], [ -99.132277150342603, 20.210600015816304 ], [ -99.130749000240201, 20.211266587988291 ], [ -99.130384684994027, 20.210598158392468 ], [ -99.128681200146019, 20.211123530575307 ], [ -99.129571960107228, 20.211737357475176 ], [ -99.129840368371163, 20.212188983799493 ], [ -99.130156896878574, 20.212947814336133 ], [ -99.128988684353104, 20.212532997349669 ], [ -99.124882467221767, 20.213114300158253 ], [ -99.124948653715919, 20.212084092772759 ], [ -99.124485032068776, 20.212061785590262 ] ] ] ] } },
{ "type": "Feature", "properties": { "Nombre": "Bondojito", "Jurisdiccion": "Municipal", "Area_h": 66.9084 }, "geometry": { "type": "MultiPolygon", "coordinates": [ [ [ [ -99.772036856067331, 20.443566341822951 ], [ -99.771582927789851, 20.443513095968243 ], [ -99.770900229920258, 20.443414592935095 ], [ -99.768848889858774, 20.443118596741801 ], [ -99.767829745069122, 20.442754815502646 ], [ -99.76752364682774, 20.442645552655016 ], [ -99.766882130228709, 20.442369205479256 ], [ -99.765592704733592, 20.441813746255232 ], [ -99.760087798759727, 20.439362112938323 ], [ -99.756316209534631, 20.438484014434739 ], [ -99.751489926023623, 20.437547139117616 ], [ -99.753948117818936, 20.437744167120286 ], [ -99.772064425439211, 20.43919512744888 ], [ -99.773738064526796, 20.439329074782723 ], [ -99.774455012249987, 20.440843869148548 ], [ -99.777106607050811, 20.442006676287377 ], [ -99.776663876915492, 20.443562776948436 ], [ -99.776023022345072, 20.443845745866795 ], [ -99.775955554465597, 20.443773753774607 ], [ -99.775448583011993, 20.443992868957274 ], [ -99.775054740221236, 20.44383198356465 ], [ -99.774700283615729, 20.443878739897976 ], [ -99.772036856067331, 20.443566341822951 ] ] ] ] } },
{ "type": "Feature", "properties": { "Nombre": "La Cañada Huixcazdha", "Jurisdiccion": "Municipal", "Area_h": 205.136 }, "geometry": { "type": "MultiPolygon", "coordinates": [ [ [ [ -99.744885707569267, 20.349303630026014 ], [ -99.744667585748786, 20.349275843475816 ], [ -99.742946602488075, 20.347979363965589 ], [ -99.742688407601349, 20.347695476913376 ], [ -99.742574248187665, 20.347517846734377 ], [ -99.742352998381619, 20.347159549887994 ], [ -99.742041443978252, 20.346799075569262 ], [ -99.740591005667923, 20.345807612098721 ], [ -99.740617401712598, 20.343219990558801 ], [ -99.740607209655906, 20.342063258530931 ], [ -99.740725908243206, 20.340121552074077 ], [ -99.740741561200522, 20.338167036450713 ], [ -99.740749041278548, 20.337183589094643 ], [ -99.74076458677861, 20.335139602025315 ], [ -99.740797973868254, 20.330838077989398 ], [ -99.744137314586894, 20.330600332585139 ], [ -99.754352698223457, 20.329949628992267 ], [ -99.755852215697018, 20.329665422234875 ], [ -99.753075752163639, 20.333929788882699 ], [ -99.753108285389928, 20.335557027754618 ], [ -99.752525113807039, 20.336632875317303 ], [ -99.752424137551657, 20.336819159126247 ], [ -99.752434821616049, 20.33701056345728 ], [ -99.752448476145858, 20.337255171028595 ], [ -99.752464604011934, 20.337544078342368 ], [ -99.752473389639547, 20.337701463107219 ], [ -99.752482935740574, 20.337872468692968 ], [ -99.75249259723202, 20.338045537542026 ], [ -99.752504904148552, 20.338266001038935 ], [ -99.752534509401585, 20.338490049519756 ], [ -99.752555499254655, 20.338648900616953 ], [ -99.752572754169734, 20.338779485907523 ], [ -99.752596787978462, 20.33896136955298 ], [ -99.75237535694211, 20.339134818090248 ], [ -99.752168707564209, 20.339296686678431 ], [ -99.752086368742965, 20.339361183099271 ], [ -99.751902019467678, 20.339505583286332 ], [ -99.751792121424614, 20.339559436572987 ], [ -99.751743172502756, 20.339630007593481 ], [ -99.751635329696356, 20.339714480412525 ], [ -99.75156945809438, 20.339766076818496 ], [ -99.751435686724818, 20.339870859535253 ], [ -99.751410286406426, 20.339875753181552 ], [ -99.751285068625904, 20.340014223124406 ], [ -99.751179099779662, 20.340115089302842 ], [ -99.750921687160996, 20.340360103848873 ], [ -99.750802646454048, 20.340462633438118 ], [ -99.750667301654218, 20.340593354038663 ], [ -99.750569295792616, 20.340709499439189 ], [ -99.750464738124734, 20.340819501509397 ], [ -99.750299201811956, 20.340948874148733 ], [ -99.750290399085486, 20.341002918604293 ], [ -99.750197440934215, 20.341116007928616 ], [ -99.750108425593169, 20.341224299467065 ], [ -99.749952558222176, 20.341403248284713 ], [ -99.749853503939121, 20.341534426055699 ], [ -99.749754598323079, 20.341654750299316 ], [ -99.749687597321952, 20.341736261000062 ], [ -99.749601772812298, 20.341840671302585 ], [ -99.749502865851881, 20.341960995415871 ], [ -99.749409702750441, 20.342074332798482 ], [ -99.749350039744044, 20.342146916211401 ], [ -99.749262618529599, 20.342253266852083 ], [ -99.74906287507504, 20.342476245393758 ], [ -99.748983764947113, 20.342592503209161 ], [ -99.748858694980129, 20.342744654591016 ], [ -99.748799031459171, 20.342817236922841 ], [ -99.748692784839122, 20.342946487744648 ], [ -99.748620040564788, 20.34303498380298 ], [ -99.748566118997218, 20.343100580318008 ], [ -99.748472954541327, 20.343213917229331 ], [ -99.748385532136879, 20.343320267455915 ], [ -99.748311192199225, 20.343410704779362 ], [ -99.748223769575276, 20.343517054929563 ], [ -99.748162510146273, 20.343591578441366 ], [ -99.748082425818339, 20.343689001408549 ], [ -99.74800808456861, 20.343779437710843 ], [ -99.747954163446892, 20.343845034043554 ], [ -99.747926405680772, 20.343878801989657 ], [ -99.747761131272853, 20.344079858116892 ], [ -99.747627126008567, 20.344242877143806 ], [ -99.747507796630472, 20.344388040994485 ], [ -99.747337088945585, 20.344557562633401 ], [ -99.747267541868936, 20.344680309841948 ], [ -99.747168631325223, 20.344800632708271 ], [ -99.747068126236115, 20.344922895989242 ], [ -99.746974958660431, 20.345036233054376 ], [ -99.746894873814355, 20.345133655503744 ], [ -99.746820531194331, 20.345224091329143 ], [ -99.746728958616259, 20.345335486897469 ], [ -99.746630048208004, 20.345455810375487 ], [ -99.746531137643572, 20.345576132897076 ], [ -99.746451051287764, 20.345673555158516 ], [ -99.746344801753679, 20.34580280462869 ], [ -99.746257376465792, 20.345909154753794 ], [ -99.746066103170833, 20.346141831666934 ], [ -99.745999115554326, 20.346323727220351 ], [ -99.7459501235479, 20.346456759197743 ], [ -99.74590610775229, 20.3465762795438 ], [ -99.745863480174123, 20.346692027852516 ], [ -99.745798980270578, 20.346867170234674 ], [ -99.745754693768973, 20.34698742269099 ], [ -99.7457167727718, 20.347090391493801 ], [ -99.74568521730329, 20.347176076647106 ], [ -99.745653660843459, 20.347261761799054 ], [ -99.745618787752235, 20.347356455284153 ], [ -99.745593596818537, 20.347424856786184 ], [ -99.745569795121895, 20.347489487159653 ], [ -99.745528825846833, 20.347600731219419 ], [ -99.745497270179726, 20.347686416340284 ], [ -99.745464054734612, 20.347776605629733 ], [ -99.745434157791834, 20.347857787473316 ], [ -99.74540425985677, 20.347938968412524 ], [ -99.745369656003021, 20.348032929708094 ], [ -99.745335052109183, 20.348126890997115 ], [ -99.745314566838644, 20.348182513003884 ], [ -99.745253719036199, 20.348290194077428 ], [ -99.745219898104438, 20.348439569146816 ], [ -99.745186683304496, 20.348529757478225 ], [ -99.745148761586066, 20.34863272616321 ], [ -99.74511720456367, 20.348718412126104 ], [ -99.745080941565007, 20.348816876630242 ], [ -99.745025852826046, 20.348966459834934 ], [ -99.744977128755181, 20.349098759410104 ], [ -99.744900961290554, 20.349305573628413 ], [ -99.744885707569267, 20.349303630026014 ] ] ] ] } },
{ "type": "Feature", "properties": { "Nombre": "La Cañada Huixcazdha", "Jurisdiccion": "Municipal", "Area_h": 919.613 }, "geometry": { "type": "MultiPolygon", "coordinates": [ [ [ [ -99.752644255145825, 20.370238287583245 ], [ -99.752371553639733, 20.370123463714233 ], [ -99.751739777077859, 20.369816167802497 ], [ -99.748537209584228, 20.36831850756592 ], [ -99.748039971152465, 20.36799208582767 ], [ -99.747779090810084, 20.367900507930106 ], [ -99.746748662129022, 20.367591430970752 ], [ -99.746272163167035, 20.367447970969931 ], [ -99.746271892264502, 20.367447824845737 ], [ -99.745814372159458, 20.367203812370594 ], [ -99.74450824969378, 20.366623181396221 ], [ -99.744021456865482, 20.366408632437434 ], [ -99.742904083526057, 20.366040703387693 ], [ -99.741589322959115, 20.365605400302638 ], [ -99.741380803797568, 20.365530993898002 ], [ -99.740918158403503, 20.365365922526632 ], [ -99.740731181425701, 20.365292840700896 ], [ -99.740599296112336, 20.365241686916427 ], [ -99.740326308987761, 20.36513548306154 ], [ -99.740179147403865, 20.365110476295456 ], [ -99.738451495907626, 20.364824622728129 ], [ -99.738257243567475, 20.364855107729472 ], [ -99.737446146035211, 20.364982395081906 ], [ -99.736824225847158, 20.364931429186992 ], [ -99.736098610217965, 20.364850978261014 ], [ -99.736090554019256, 20.364849331580846 ], [ -99.734064494814049, 20.36444121512525 ], [ -99.735619536263556, 20.361120796523924 ], [ -99.742492335500657, 20.356446981396321 ], [ -99.7436487627687, 20.353005968206975 ], [ -99.744860932355323, 20.349398925456455 ], [ -99.744885707569267, 20.349303630026014 ], [ -99.744900961290554, 20.349305573628413 ], [ -99.744977128755181, 20.349098759410104 ], [ -99.745025852826046, 20.348966459834934 ], [ -99.745080941565007, 20.348816876630242 ], [ -99.74511720456367, 20.348718412126104 ], [ -99.745148761586066, 20.34863272616321 ], [ -99.745186683304496, 20.348529757478225 ], [ -99.745219898104438, 20.348439569146816 ], [ -99.745253719036199, 20.348290194077428 ], [ -99.745314566838644, 20.348182513003884 ], [ -99.745335052109183, 20.348126890997115 ], [ -99.745369656003021, 20.348032929708094 ], [ -99.74540425985677, 20.347938968412524 ], [ -99.745434157791834, 20.347857787473316 ], [ -99.745464054734612, 20.347776605629733 ], [ -99.745497270179726, 20.347686416340284 ], [ -99.745528825846833, 20.347600731219419 ], [ -99.745569795121895, 20.347489487159653 ], [ -99.745593596818537, 20.347424856786184 ], [ -99.745618787752235, 20.347356455284153 ], [ -99.745653660843459, 20.347261761799054 ], [ -99.74568521730329, 20.347176076647106 ], [ -99.7457167727718, 20.347090391493801 ], [ -99.745754693768973, 20.34698742269099 ], [ -99.745798980270578, 20.346867170234674 ], [ -99.745863480174123, 20.346692027852516 ], [ -99.74590610775229, 20.3465762795438 ], [ -99.7459501235479, 20.346456759197743 ], [ -99.745999115554326, 20.346323727220351 ], [ -99.746066103170833, 20.346141831666934 ], [ -99.746257376465792, 20.345909154753794 ], [ -99.746344801753679, 20.34580280462869 ], [ -99.746451051287764, 20.345673555158516 ], [ -99.746531137643572, 20.345576132897076 ], [ -99.746630048208004, 20.345455810375487 ], [ -99.746728958616259, 20.345335486897469 ], [ -99.746820531194331, 20.345224091329143 ], [ -99.746894873814355, 20.345133655503744 ], [ -99.746974958660431, 20.345036233054376 ], [ -99.747068126236115, 20.344922895989242 ], [ -99.747168631325223, 20.344800632708271 ], [ -99.747267541868936, 20.344680309841948 ], [ -99.747337088945585, 20.344557562633401 ], [ -99.747507796630472, 20.344388040994485 ], [ -99.747627126008567, 20.344242877143806 ], [ -99.747761131272853, 20.344079858116892 ], [ -99.747926405680772, 20.343878801989657 ], [ -99.747954163446892, 20.343845034043554 ], [ -99.74800808456861, 20.343779437710843 ], [ -99.748082425818339, 20.343689001408549 ], [ -99.748162510146273, 20.343591578441366 ], [ -99.748223769575276, 20.343517054929563 ], [ -99.748311192199225, 20.343410704779362 ], [ -99.748385532136879, 20.343320267455915 ], [ -99.748472954541327, 20.343213917229331 ], [ -99.748566118997218, 20.343100580318008 ], [ -99.748620040564788, 20.34303498380298 ], [ -99.748692784839122, 20.342946487744648 ], [ -99.748799031459171, 20.342817236922841 ], [ -99.748858694980129, 20.342744654591016 ], [ -99.748983764947113, 20.342592503209161 ], [ -99.74906287507504, 20.342476245393758 ], [ -99.749262618529599, 20.342253266852083 ], [ -99.749350039744044, 20.342146916211401 ], [ -99.749409702750441, 20.342074332798482 ], [ -99.749502865851881, 20.341960995415871 ], [ -99.749601772812298, 20.341840671302585 ], [ -99.749687597321952, 20.341736261000062 ], [ -99.749754598323079, 20.341654750299316 ], [ -99.749853503939121, 20.341534426055699 ], [ -99.749952558222176, 20.341403248284713 ], [ -99.750108425593169, 20.341224299467065 ], [ -99.750197440934215, 20.341116007928616 ], [ -99.750290399085486, 20.341002918604293 ], [ -99.750299201811956, 20.340948874148733 ], [ -99.750464738124734, 20.340819501509397 ], [ -99.750569295792616, 20.340709499439189 ], [ -99.750667301654218, 20.340593354038663 ], [ -99.750802646454048, 20.340462633438118 ], [ -99.750921687160996, 20.340360103848873 ], [ -99.751179099779662, 20.340115089302842 ], [ -99.751285068625904, 20.340014223124406 ], [ -99.751410286406426, 20.339875753181552 ], [ -99.751435686724818, 20.339870859535253 ], [ -99.75156945809438, 20.339766076818496 ], [ -99.751635329696356, 20.339714480412525 ], [ -99.751743172502756, 20.339630007593481 ], [ -99.751792121424614, 20.339559436572987 ], [ -99.751902019467678, 20.339505583286332 ], [ -99.752086368742965, 20.339361183099271 ], [ -99.752168707564209, 20.339296686678431 ], [ -99.75237535694211, 20.339134818090248 ], [ -99.752596787978462, 20.33896136955298 ], [ -99.752572754169734, 20.338779485907523 ], [ -99.752555499254655, 20.338648900616953 ], [ -99.752534509401585, 20.338490049519756 ], [ -99.752504904148552, 20.338266001038935 ], [ -99.75249259723202, 20.338045537542026 ], [ -99.752482935740574, 20.337872468692968 ], [ -99.752473389639547, 20.337701463107219 ], [ -99.752464604011934, 20.337544078342368 ], [ -99.752448476145858, 20.337255171028595 ], [ -99.752434821616049, 20.33701056345728 ], [ -99.752424137551657, 20.336819159126247 ], [ -99.752525113807039, 20.336632875317303 ], [ -99.753108285389928, 20.335557027754618 ], [ -99.755418817371734, 20.336780401597334 ], [ -99.763100409137976, 20.340831535840628 ], [ -99.77058188875786, 20.342364250763243 ], [ -99.769819155103875, 20.34554421245425 ], [ -99.76980514297324, 20.345602589770188 ], [ -99.769793515963869, 20.345651035365115 ], [ -99.769783839464338, 20.345691355585991 ], [ -99.76977128258811, 20.345743746653508 ], [ -99.769758846788605, 20.345795632993941 ], [ -99.769748419178853, 20.345839046735154 ], [ -99.769737422750339, 20.345884832145209 ], [ -99.769727896572434, 20.345924559861377 ], [ -99.769710104017406, 20.345998796136595 ], [ -99.769676139138696, 20.3461403582602 ], [ -99.769645384698791, 20.346268605667493 ], [ -99.769599193151024, 20.346461185756173 ], [ -99.769546985727573, 20.346678849259423 ], [ -99.769505443945704, 20.346852028144404 ], [ -99.767592881982509, 20.354824111270521 ], [ -99.76730036168864, 20.356043346494229 ], [ -99.767234091518759, 20.356320605486651 ], [ -99.767240356109781, 20.356324419945807 ], [ -99.76724743274157, 20.356328732318708 ], [ -99.767258826075576, 20.35633567409112 ], [ -99.7672726122277, 20.356344070941105 ], [ -99.768996840400916, 20.357394451916967 ], [ -99.771275829048236, 20.355807785023277 ], [ -99.772185896595701, 20.355172489898234 ], [ -99.77319419991349, 20.354468607190643 ], [ -99.773357751695855, 20.355261355408395 ], [ -99.773433621914975, 20.355629100218749 ], [ -99.773439013692695, 20.356711939274575 ], [ -99.773586917431516, 20.357591109495907 ], [ -99.774308239167794, 20.35833237948469 ], [ -99.774815294755598, 20.35927763447452 ], [ -99.775321681873436, 20.360087533378177 ], [ -99.775755636342055, 20.360762393324695 ], [ -99.775808120955517, 20.360867168357249 ], [ -99.776263047381178, 20.361775320885823 ], [ -99.775903236791677, 20.36196119669626 ], [ -99.774545125898484, 20.362662774985818 ], [ -99.772970373705917, 20.36348189971272 ], [ -99.771179976894985, 20.364234285104665 ], [ -99.769819813606276, 20.36491707676057 ], [ -99.769034761828451, 20.365800362039181 ], [ -99.767746339609047, 20.366482821993472 ], [ -99.766314040948274, 20.367098225206409 ], [ -99.764735532067192, 20.367172826825744 ], [ -99.763014487145924, 20.36745107399928 ], [ -99.761293767361991, 20.367796981257271 ], [ -99.760147831742117, 20.368275728075151 ], [ -99.758715815229749, 20.368958748097985 ], [ -99.757356873858427, 20.369912155692603 ], [ -99.756209920600242, 20.37018784483843 ], [ -99.754508099383187, 20.370930123027726 ], [ -99.754777557627548, 20.370338204153686 ], [ -99.754847897172965, 20.370183560997994 ], [ -99.754514832257414, 20.37025794550657 ], [ -99.754296358599461, 20.370273749036457 ], [ -99.753853926101144, 20.370515368001982 ], [ -99.753775823136735, 20.370525369920657 ], [ -99.752644255145825, 20.370238287583245 ] ] ] ] } },
{ "type": "Feature", "properties": { "Nombre": "Asthar", "Jurisdiccion": "Municipal", "Area_h": 224.912 }, "geometry": { "type": "MultiPolygon", "coordinates": [ [ [ [ -99.293903172019256, 20.333419865512724 ], [ -99.292897671856565, 20.33745297312187 ], [ -99.286710397914092, 20.342827747608567 ], [ -99.285595841599232, 20.343795879586128 ], [ -99.281226256241823, 20.343623793301543 ], [ -99.271716698995533, 20.337248286029144 ], [ -99.272781615984144, 20.330676895628159 ], [ -99.293903172019256, 20.333419865512724 ] ] ] ] } },
{ "type": "Feature", "properties": { "Nombre": "Boxiza", "Jurisdiccion": "Estatal", "Area_h": 1780.58 }, "geometry": { "type": "MultiPolygon", "coordinates": [ [ [ [ -99.30550375977721, 20.284350718746321 ], [ -99.304745462399339, 20.281805610203616 ], [ -99.304759465707036, 20.281522388136747 ], [ -99.304819162071809, 20.28119625448479 ], [ -99.305140435023745, 20.280496827518551 ], [ -99.30596228779855, 20.279948697753358 ], [ -99.306154350767613, 20.279300039989565 ], [ -99.306506765629678, 20.278109806115047 ], [ -99.306860075193327, 20.276916531857566 ], [ -99.306371527442366, 20.276549609155246 ], [ -99.30629607609103, 20.276490021026152 ], [ -99.304685189170357, 20.275217796665114 ], [ -99.304247009264046, 20.274548877163443 ], [ -99.303978248307459, 20.274278344671757 ], [ -99.30379221189736, 20.274098031456376 ], [ -99.303777556042746, 20.273997573091776 ], [ -99.303360161633307, 20.27352443203257 ], [ -99.303188095422826, 20.273288249551658 ], [ -99.30296689829936, 20.272950764417171 ], [ -99.302494688730249, 20.272405335074165 ], [ -99.301302360002097, 20.27116950445226 ], [ -99.298682862513488, 20.26849905761134 ], [ -99.296408627511227, 20.268835093592251 ], [ -99.29427559345126, 20.267933429182349 ], [ -99.292510351965149, 20.267520080585502 ], [ -99.292301918420861, 20.267436300124206 ], [ -99.291996471094407, 20.267244877699216 ], [ -99.291924154187157, 20.267234877472642 ], [ -99.291777218182816, 20.266905386624643 ], [ -99.29169413630666, 20.266720189868956 ], [ -99.288263659126727, 20.266559054459819 ], [ -99.287738926540015, 20.266521060412614 ], [ -99.287352163863986, 20.266472898704325 ], [ -99.28712011347848, 20.266458278655779 ], [ -99.286730012366661, 20.266417079012328 ], [ -99.286034123327468, 20.266359208729742 ], [ -99.286089738791333, 20.266295863660808 ], [ -99.286093520692575, 20.265799220809054 ], [ -99.2860881865236, 20.265605671325559 ], [ -99.286071296397466, 20.265533408249258 ], [ -99.28609025596711, 20.265533106216793 ], [ -99.286183090611573, 20.265505393871308 ], [ -99.28619456266722, 20.265390613747545 ], [ -99.286572644277811, 20.265354031464117 ], [ -99.286528690821171, 20.26483207450768 ], [ -99.286542074002767, 20.264454424365557 ], [ -99.286099497451517, 20.264410236670805 ], [ -99.286066997215428, 20.264337005062373 ], [ -99.286169364729446, 20.263868394550126 ], [ -99.285869011285939, 20.263835686920096 ], [ -99.2858063726582, 20.263828865416524 ], [ -99.285901053882071, 20.263555090887913 ], [ -99.285925751958047, 20.263526572605354 ], [ -99.286076683608968, 20.263352300162268 ], [ -99.286279377157712, 20.263130488769121 ], [ -99.286200093355433, 20.262818593651133 ], [ -99.286160630043511, 20.262760012270622 ], [ -99.285967698079034, 20.262806092499972 ], [ -99.285894734793004, 20.26282351969515 ], [ -99.285532668867361, 20.26292251544324 ], [ -99.285710277245755, 20.262231308019842 ], [ -99.2858271359908, 20.262251087834233 ], [ -99.285840987291309, 20.262252748720034 ], [ -99.286776671904406, 20.262364931147587 ], [ -99.287717723320725, 20.262394654971924 ], [ -99.288565548678093, 20.262549770774616 ], [ -99.291278416445934, 20.262239043159823 ], [ -99.294395726919447, 20.262227971588128 ], [ -99.300212592124964, 20.262207164194241 ], [ -99.301986994166995, 20.262170599165866 ], [ -99.308352257243286, 20.262039283753644 ], [ -99.317262095501832, 20.261855085064383 ], [ -99.324194350032187, 20.259814430007435 ], [ -99.33565587131443, 20.256439773485894 ], [ -99.342956182025887, 20.254289851531411 ], [ -99.352763552154428, 20.251401037109815 ], [ -99.363302958620693, 20.248295869426684 ], [ -99.36329869582859, 20.24831557737863 ], [ -99.363489477602201, 20.248873625155287 ], [ -99.364434973538238, 20.250223944556634 ], [ -99.36472997896422, 20.250759273827569 ], [ -99.364687666875113, 20.25100912490208 ], [ -99.363247556327252, 20.252552439587035 ], [ -99.363548598751848, 20.254323741851383 ], [ -99.363047170245551, 20.255320218160453 ], [ -99.363061864044681, 20.25558621605634 ], [ -99.363427738129161, 20.256412368814281 ], [ -99.365560054173244, 20.257359277077175 ], [ -99.365560096618651, 20.257359309067514 ], [ -99.366159411710612, 20.257867130288613 ], [ -99.366198338649397, 20.258133980793197 ], [ -99.366188404798436, 20.258226081260325 ], [ -99.366133129180156, 20.258705029298266 ], [ -99.366063185011456, 20.258931263117336 ], [ -99.365582947657984, 20.259326066259266 ], [ -99.365375868242012, 20.259587013920207 ], [ -99.365248766765703, 20.260472201792624 ], [ -99.365463155436515, 20.261615205952015 ], [ -99.365260064245476, 20.26231341069882 ], [ -99.364922613191624, 20.262350891099647 ], [ -99.363923589211666, 20.262882764858499 ], [ -99.363144718219871, 20.263174534933899 ], [ -99.362341195227955, 20.265883195717919 ], [ -99.361307340337206, 20.266935887452004 ], [ -99.36069359335869, 20.269408753896744 ], [ -99.357878325505368, 20.271238136127554 ], [ -99.356565312707374, 20.272775081794634 ], [ -99.356505368955482, 20.272986110412972 ], [ -99.356390502892609, 20.27325896847255 ], [ -99.354673778819347, 20.273600046767516 ], [ -99.353350119828946, 20.273757060472587 ], [ -99.351785951982663, 20.275125589033518 ], [ -99.350450757328403, 20.275398087791114 ], [ -99.349867030100484, 20.275547991431129 ], [ -99.349468295258731, 20.275687855456347 ], [ -99.348991786423028, 20.275950405428844 ], [ -99.348012994673439, 20.276557511756277 ], [ -99.347803291355703, 20.276738744066353 ], [ -99.347967730476455, 20.278203469098795 ], [ -99.348083340775275, 20.279800852861257 ], [ -99.348231121701275, 20.280578853422028 ], [ -99.348267488427751, 20.281382647957308 ], [ -99.348300218413243, 20.284245544594576 ], [ -99.34745614796546, 20.283446697794922 ], [ -99.346904180006902, 20.283293904116938 ], [ -99.345120662756173, 20.282896668504677 ], [ -99.30550375977721, 20.284350718746321 ] ] ] ] } },
{ "type": "Feature", "properties": { "Nombre": "La Gloria", "Jurisdiccion": "Municipal", "Area_h": 59.2386 }, "geometry": { "type": "MultiPolygon", "coordinates": [ [ [ [ -98.299947869376837, 19.837496587191115 ], [ -98.300061829136325, 19.836287817721203 ], [ -98.300561492541107, 19.830820197077941 ], [ -98.300948150946269, 19.829746387649649 ], [ -98.304671330778163, 19.825568066591885 ], [ -98.305832018718917, 19.82654851171905 ], [ -98.307008645085602, 19.82826095224452 ], [ -98.305622508389959, 19.828617020754272 ], [ -98.30436367391745, 19.831040005852781 ], [ -98.3049642328576, 19.832870575202293 ], [ -98.302638302911234, 19.834126588362295 ], [ -98.302644175597763, 19.835367197434334 ], [ -98.302532123956894, 19.835847359739269 ], [ -98.302031094601546, 19.837994324895103 ], [ -98.301080222186371, 19.842188740311418 ], [ -98.30042439124766, 19.845081549070258 ], [ -98.300136627625548, 19.845321370997745 ], [ -98.299587217145245, 19.845392926291456 ], [ -98.299470783072906, 19.845408090103408 ], [ -98.299189160997258, 19.845699250024307 ], [ -98.299172789062723, 19.845717205925173 ], [ -98.299947869376837, 19.837496587191115 ] ] ] ] } },
{ "type": "Feature", "properties": { "Nombre": "Rancho Golondrinas", "Jurisdiccion": "Municipal", "Area_h": 304.662 }, "geometry": { "type": "MultiPolygon", "coordinates": [ [ [ [ -98.337757258368896, 19.790872956629869 ], [ -98.336903672426061, 19.789385827868021 ], [ -98.337007986425846, 19.788620297528432 ], [ -98.337314187344347, 19.787951254662698 ], [ -98.337720339933384, 19.78756980091087 ], [ -98.337721923106471, 19.787186848056937 ], [ -98.337775267038566, 19.786516867387842 ], [ -98.337928957076514, 19.786038738526102 ], [ -98.338284137492053, 19.78575283466909 ], [ -98.338690875809235, 19.785227770789746 ], [ -98.339300089966983, 19.784655583587426 ], [ -98.3398073711043, 19.784274498252397 ], [ -98.340111579197213, 19.784084142534972 ], [ -98.340567894775504, 19.783798607055978 ], [ -98.340922277961511, 19.783704173335959 ], [ -98.341073199783807, 19.783896208152242 ], [ -98.341122392636166, 19.784231478819081 ], [ -98.341018496475058, 19.784901274730881 ], [ -98.340965562552213, 19.785475519055268 ], [ -98.340659774807861, 19.78604882928936 ], [ -98.340505893863238, 19.786574831444234 ], [ -98.340300655423817, 19.787292120654801 ], [ -98.340349648445567, 19.787675260289173 ], [ -98.340145196462913, 19.788201075381899 ], [ -98.340040106942894, 19.789158083596618 ], [ -98.340443300818123, 19.789494660689694 ], [ -98.341201878251439, 19.789497457665075 ], [ -98.341354382227323, 19.789306541057474 ], [ -98.341406135593857, 19.789019512116777 ], [ -98.341458674020103, 19.788541007498491 ], [ -98.341561588369856, 19.788110558000827 ], [ -98.341816806148501, 19.787537058410447 ], [ -98.342375446774241, 19.786964676443954 ], [ -98.343034636699116, 19.786536269238201 ], [ -98.343692843584691, 19.786347207822537 ], [ -98.344653689087863, 19.786350732109561 ], [ -98.34551261130575, 19.78654535688846 ], [ -98.345612775031015, 19.786785073693217 ], [ -98.345762339811017, 19.787312189263339 ], [ -98.346014217395563, 19.787552460930918 ], [ -98.346161438566384, 19.788654007273006 ], [ -98.347720525549533, 19.801607668343316 ], [ -98.347971383528531, 19.803691757722159 ], [ -98.340574024241306, 19.807717626748271 ], [ -98.337224819494367, 19.80954019533306 ], [ -98.336934664880687, 19.808705458825926 ], [ -98.336824956233258, 19.808389837978744 ], [ -98.336283427729086, 19.807077948054662 ], [ -98.334566226507533, 19.802917618207498 ], [ -98.330215596039366, 19.792376691850183 ], [ -98.330367315075335, 19.792377260265383 ], [ -98.331329393312146, 19.792093642645348 ], [ -98.33269545056649, 19.791955138709472 ], [ -98.33303831106403, 19.791881842469611 ], [ -98.33664922529411, 19.791109860937482 ], [ -98.337757258368896, 19.790872956629869 ] ] ] ] } },
{ "type": "Feature", "properties": { "Nombre": "Cocinillas", "Jurisdiccion": "Municipal", "Area_h": 77.8072 }, "geometry": { "type": "MultiPolygon", "coordinates": [ [ [ [ -98.340399195692996, 19.832186974760816 ], [ -98.340239135560537, 19.832138538990833 ], [ -98.339758602589484, 19.831770154392601 ], [ -98.350732750048252, 19.833404675042249 ], [ -98.363510865917405, 19.836035487436934 ], [ -98.368863513397258, 19.837137216237736 ], [ -98.371343043451731, 19.839887202922835 ], [ -98.372334411272547, 19.841017921420644 ], [ -98.370513250673127, 19.843094342831108 ], [ -98.37004681243144, 19.843748836350265 ], [ -98.369259716839466, 19.844491440399068 ], [ -98.368943721064085, 19.84463307013494 ], [ -98.368586942226742, 19.844683715400901 ], [ -98.368477689830911, 19.844566534677821 ], [ -98.368217374658343, 19.844500727695106 ], [ -98.368005157495915, 19.843725334129406 ], [ -98.367744882376314, 19.841926163821853 ], [ -98.367533650972803, 19.83738912986502 ], [ -98.359318965017806, 19.837911042294955 ], [ -98.340399195692996, 19.832186974760816 ] ] ] ] } },
{ "type": "Feature", "properties": { "Nombre": "Tezoyo", "Jurisdiccion": "Municipal", "Area_h": 493.434 }, "geometry": { "type": "MultiPolygon", "coordinates": [ [ [ [ -98.290481343365812, 19.829917828084096 ], [ -98.290277790649768, 19.829852718070736 ], [ -98.289992360104833, 19.829864443285075 ], [ -98.289706700934502, 19.829927605496135 ], [ -98.289271844792992, 19.82992587430557 ], [ -98.28928669175275, 19.829643015213076 ], [ -98.289315014077957, 19.829385930757063 ], [ -98.289289436538795, 19.82902575131758 ], [ -98.289140699228113, 19.828857980678098 ], [ -98.28916959255767, 19.828472298062906 ], [ -98.289577152877072, 19.828499639938205 ], [ -98.289808852497472, 19.828346243294288 ], [ -98.28997375041061, 19.827935381491926 ], [ -98.289839003895452, 19.827677648108491 ], [ -98.289872038502054, 19.827475729111548 ], [ -98.290809835309034, 19.827683159080326 ], [ -98.292431153066616, 19.82804176201579 ], [ -98.300948150946269, 19.829746387649649 ], [ -98.293555312339109, 19.832096139250673 ], [ -98.290210308048913, 19.833159195067019 ], [ -98.29019730761172, 19.833163326269162 ], [ -98.290280302420612, 19.832347552798048 ], [ -98.290621122305566, 19.832104568491346 ], [ -98.29059594119073, 19.831654370988272 ], [ -98.290434638840964, 19.831255072469943 ], [ -98.290802464805438, 19.831050775674466 ], [ -98.290481343365812, 19.829917828084096 ] ] ], [ [ [ -98.328480202470615, 19.833439036608734 ], [ -98.328236677524885, 19.833126536735051 ], [ -98.327821961561071, 19.833515870617045 ], [ -98.327745060496511, 19.833588065308358 ], [ -98.327584016796735, 19.833334006288521 ], [ -98.327552158166185, 19.833283745198745 ], [ -98.327307996302821, 19.833123038349491 ], [ -98.326730770226547, 19.83386386467291 ], [ -98.32659622721269, 19.833735529356144 ], [ -98.326351728871671, 19.833654713230366 ], [ -98.326073964876656, 19.833453933478417 ], [ -98.325864149494436, 19.833157535903783 ], [ -98.325562003193724, 19.832732962437074 ], [ -98.325310413852407, 19.832332547704159 ], [ -98.325303184898132, 19.832044907072913 ], [ -98.325254115740151, 19.831669224087371 ], [ -98.325372782254618, 19.831557824096357 ], [ -98.325517856209174, 19.831190864916593 ], [ -98.325872372769936, 19.831208182533587 ], [ -98.325899350660677, 19.830816810590207 ], [ -98.325944461377802, 19.830129901947135 ], [ -98.326054886217719, 19.829970534145044 ], [ -98.326759171944673, 19.829126326415206 ], [ -98.327297734285438, 19.829543801014328 ], [ -98.327000938784892, 19.829854263650503 ], [ -98.32660132031026, 19.83052385730123 ], [ -98.326895659682009, 19.830796602959015 ], [ -98.327444452030903, 19.830790681970356 ], [ -98.327799035242677, 19.830792017870138 ], [ -98.327850328803606, 19.830640414363835 ], [ -98.328586564609779, 19.830227743535808 ], [ -98.329973498395745, 19.829665717722822 ], [ -98.330521852970392, 19.829763645193591 ], [ -98.331035769860108, 19.830021229578815 ], [ -98.331448412751229, 19.830270444108077 ], [ -98.331734352360613, 19.830535161456115 ], [ -98.3320363750002, 19.830991682496496 ], [ -98.332130932770312, 19.831240811650762 ], [ -98.332169985492584, 19.831343710515966 ], [ -98.332236590658624, 19.831567659044886 ], [ -98.332311973006341, 19.831711749719283 ], [ -98.332392774088603, 19.831982375426669 ], [ -98.332367772407579, 19.831985136487866 ], [ -98.329767762502755, 19.832272265508596 ], [ -98.328664198560034, 19.834012172521508 ], [ -98.328652422691349, 19.834030739538438 ], [ -98.328495042059373, 19.833926438682596 ], [ -98.3284536657643, 19.833726550145904 ], [ -98.328480202470615, 19.833439036608734 ] ] ], [ [ [ -98.350732750048252, 19.833404675042249 ], [ -98.339758602589484, 19.831770154392601 ], [ -98.339163905673246, 19.831681557171024 ], [ -98.336657324279557, 19.831790074198295 ], [ -98.33661223716598, 19.831647870819626 ], [ -98.336900729822659, 19.831580758006002 ], [ -98.336944357987264, 19.831485461486015 ], [ -98.336736282369145, 19.831273316269939 ], [ -98.336585878869855, 19.831054566355487 ], [ -98.336183350434709, 19.830821242793281 ], [ -98.336042075595344, 19.830714546906016 ], [ -98.336010963932367, 19.830691050402457 ], [ -98.336270691103579, 19.830610195626502 ], [ -98.336473058988332, 19.830460942228882 ], [ -98.336589643180844, 19.830147726112155 ], [ -98.336828376719495, 19.829916786540664 ], [ -98.337051568069, 19.82995852709594 ], [ -98.337137378150175, 19.830115668793496 ], [ -98.337194313204165, 19.830286342747797 ], [ -98.33725845209247, 19.830457041627824 ], [ -98.337171312657247, 19.830620361650286 ], [ -98.337342596532366, 19.831016468168247 ], [ -98.337471187176149, 19.831282865810277 ], [ -98.337607408787477, 19.831447012386356 ], [ -98.337651036489632, 19.831351717486271 ], [ -98.337752699234258, 19.831161177496092 ], [ -98.33769562392304, 19.831024595693155 ], [ -98.337775502825806, 19.830874886196277 ], [ -98.337848120394781, 19.830738787440154 ], [ -98.337963967792263, 19.830602847209928 ], [ -98.337835207323124, 19.830377361534886 ], [ -98.337828678746476, 19.830213693657928 ], [ -98.337555675017711, 19.830021765057619 ], [ -98.337600203757077, 19.829708280742679 ], [ -98.338025873393235, 19.829573490053065 ], [ -98.338408142396403, 19.829479450633215 ], [ -98.339084128739145, 19.829795603009519 ], [ -98.339523193327153, 19.82990632479045 ], [ -98.339847002788716, 19.830009798553913 ], [ -98.340149928712208, 19.829935916695856 ], [ -98.340201238590424, 19.829724734226748 ], [ -98.340424824623085, 19.829671013345514 ], [ -98.340987471925061, 19.829516266897201 ], [ -98.341449783441405, 19.829231597214779 ], [ -98.341383194171328, 19.829654095925285 ], [ -98.34183067214444, 19.829471648097215 ], [ -98.342162670164512, 19.829336503783757 ], [ -98.342478547359335, 19.82961722598073 ], [ -98.342607790676666, 19.829726795827135 ], [ -98.34264303056591, 19.829917843074188 ], [ -98.342556289536262, 19.829985706819819 ], [ -98.342714017235195, 19.830177205218021 ], [ -98.342865494781492, 19.830136851625049 ], [ -98.342987338857597, 19.830294125132653 ], [ -98.343152469171997, 19.830437920142508 ], [ -98.34328118126605, 19.830677041531452 ], [ -98.343352561487563, 19.830840946158112 ], [ -98.343575420020969, 19.830964498390014 ], [ -98.343864355800406, 19.830788281177963 ], [ -98.343946075200577, 19.830188557321684 ], [ -98.344061135491074, 19.830243527576226 ], [ -98.344183119783793, 19.830366709178918 ], [ -98.344477835087503, 19.830538251889905 ], [ -98.344628024502114, 19.830811541972189 ], [ -98.345060616017506, 19.830744946748908 ], [ -98.345124485125467, 19.830983827095238 ], [ -98.345377005808913, 19.830902930712536 ], [ -98.3452410827976, 19.830663787015158 ], [ -98.345934289222313, 19.83029813065486 ], [ -98.34592769844086, 19.830148100380555 ], [ -98.345726288476484, 19.830065541106002 ], [ -98.34582076507796, 19.829868152824869 ], [ -98.346268964047027, 19.829508416585881 ], [ -98.346443225048432, 19.829181767007992 ], [ -98.346328585777499, 19.829024524875788 ], [ -98.346589699159466, 19.828602735294428 ], [ -98.346460340492499, 19.828520438823208 ], [ -98.345937826809418, 19.827673035250644 ], [ -98.34603986882027, 19.827387035459136 ], [ -98.346541770013715, 19.827988897413711 ], [ -98.346758398895943, 19.827873776757123 ], [ -98.346500353582584, 19.827545547035189 ], [ -98.346688326143649, 19.827389410090014 ], [ -98.347348657342607, 19.828012304472434 ], [ -98.347644457216859, 19.827917927016276 ], [ -98.347763243436177, 19.827059236223139 ], [ -98.348426107755401, 19.827061657151269 ], [ -98.34880791992974, 19.827076685538454 ], [ -98.349262366124321, 19.826948793263394 ], [ -98.349615469113985, 19.826936442454517 ], [ -98.350163413458631, 19.82684979816062 ], [ -98.350402565250889, 19.826509745534249 ], [ -98.351029983534076, 19.826368839411753 ], [ -98.351304134328203, 19.826281195913889 ], [ -98.351470541722179, 19.826111339434782 ], [ -98.351903063799185, 19.82605836290757 ], [ -98.351789496575378, 19.825635206172883 ], [ -98.351646780299461, 19.825293762829521 ], [ -98.351258320857511, 19.825142345176285 ], [ -98.351201787362939, 19.824869400770051 ], [ -98.351043722159886, 19.824759731361436 ], [ -98.350813273066052, 19.824731617930031 ], [ -98.350084852798105, 19.824906249267933 ], [ -98.350316908133507, 19.82453889616508 ], [ -98.350332010614395, 19.824368488171604 ], [ -98.351025067540789, 19.824030086706863 ], [ -98.351270671475945, 19.823874154163537 ], [ -98.351501200502867, 19.823881810624993 ], [ -98.351644413983195, 19.824100520559956 ], [ -98.351851449526137, 19.824571748075673 ], [ -98.352116788788905, 19.824879542859971 ], [ -98.35237561515406, 19.825016850638207 ], [ -98.353728302037922, 19.825478590989647 ], [ -98.355116033058778, 19.826185914114944 ], [ -98.35510065846232, 19.826424504123143 ], [ -98.355949122984669, 19.826857131885998 ], [ -98.356935420826574, 19.827058422911129 ], [ -98.357396542954902, 19.827060083595097 ], [ -98.357748551211756, 19.827320451893492 ], [ -98.358114888564614, 19.827601327704521 ], [ -98.358984678905941, 19.828109022151189 ], [ -98.359034158849155, 19.828347846393775 ], [ -98.358887785416044, 19.82891325384368 ], [ -98.359189937951655, 19.829030253657283 ], [ -98.359369493236287, 19.829174084891804 ], [ -98.359331088406819, 19.829767156623884 ], [ -98.359127704924191, 19.830175533303866 ], [ -98.358875439835927, 19.830195082118394 ], [ -98.358941162880996, 19.829977128359474 ], [ -98.359014307260011, 19.829704651949424 ], [ -98.358871189093477, 19.829458672499612 ], [ -98.358554735213247, 19.829314347912518 ], [ -98.358432110824182, 19.829347997971389 ], [ -98.358380797631256, 19.829566006061921 ], [ -98.358336470925821, 19.829838584897551 ], [ -98.358163165054165, 19.829933420684807 ], [ -98.358068373854977, 19.830212638630162 ], [ -98.358086785679589, 19.831010464480741 ], [ -98.357998240661999, 19.831528350327396 ], [ -98.357969036283563, 19.831623704195163 ], [ -98.35804073342868, 19.831712602165602 ], [ -98.357975118896135, 19.831903283980829 ], [ -98.357858600279997, 19.832209696364892 ], [ -98.357930270225566, 19.832305411355385 ], [ -98.358261496774816, 19.832361152019683 ], [ -98.358859919622361, 19.832267844045759 ], [ -98.35888298468403, 19.831906547806096 ], [ -98.358899419279794, 19.831402038406701 ], [ -98.359093798450473, 19.831443648071208 ], [ -98.359171524277528, 19.831825761168673 ], [ -98.359271878172891, 19.831955673054772 ], [ -98.359510062498003, 19.831854252936044 ], [ -98.35965411357698, 19.831868404932067 ], [ -98.359724910282068, 19.832182309530005 ], [ -98.359962383723641, 19.832258163687612 ], [ -98.360042490384103, 19.832047078220192 ], [ -98.360290008059124, 19.831413848246221 ], [ -98.36063105432801, 19.830815043745538 ], [ -98.360350296002281, 19.830752671340804 ], [ -98.360041372421364, 19.830526555105244 ], [ -98.360243720751356, 19.830377275032376 ], [ -98.36028746842166, 19.830247879345574 ], [ -98.360302616556538, 19.830063835473187 ], [ -98.360591752260319, 19.829833043004012 ], [ -98.360693635364299, 19.829581123640704 ], [ -98.360600731865745, 19.829389872854382 ], [ -98.36048593897614, 19.829266728842079 ], [ -98.360487630412024, 19.828843989223472 ], [ -98.360243419138158, 19.828652197855206 ], [ -98.360353296910873, 19.8282025722255 ], [ -98.360259739632482, 19.828174961369836 ], [ -98.359762859382357, 19.828104996298869 ], [ -98.3593023324255, 19.82795333732906 ], [ -98.35871291060721, 19.827603477287241 ], [ -98.358727867773723, 19.827467162338827 ], [ -98.35954880996006, 19.827579204818946 ], [ -98.359788025243375, 19.827218683652408 ], [ -98.359680632145086, 19.82704783708844 ], [ -98.359191535186199, 19.826834709030123 ], [ -98.358861441827941, 19.826499418106149 ], [ -98.358517788071495, 19.825952705918365 ], [ -98.358266406450682, 19.825754065485413 ], [ -98.358376370554865, 19.825283985566795 ], [ -98.358344539381221, 19.824915295187971 ], [ -98.357979274537414, 19.824368503409296 ], [ -98.357872679404949, 19.823999921763175 ], [ -98.35762823204881, 19.823869490687578 ], [ -98.357441343746373, 19.823759723132511 ], [ -98.357269246314928, 19.82355454963459 ], [ -98.357573853310356, 19.823057896131576 ], [ -98.356868926312757, 19.822768982845446 ], [ -98.35702787307865, 19.822660458580255 ], [ -98.356956290100882, 19.82254428689242 ], [ -98.356805289281681, 19.822468738787855 ], [ -98.356481428115515, 19.822378931594489 ], [ -98.356705490839502, 19.822202458849318 ], [ -98.357129453340676, 19.822483544143363 ], [ -98.357330971697365, 19.82253881807571 ], [ -98.357424278544897, 19.82262779316137 ], [ -98.357712418440329, 19.82264246780236 ], [ -98.357878457419332, 19.822561243832475 ], [ -98.357994201824653, 19.822445744401922 ], [ -98.358182130011102, 19.822296414476021 ], [ -98.358478458590369, 19.822065650824555 ], [ -98.358904282042772, 19.82188308122381 ], [ -98.35931585985908, 19.821659549727215 ], [ -98.359488337532753, 19.821769263618013 ], [ -98.359633091423362, 19.821606139421458 ], [ -98.359785346744644, 19.821368037801165 ], [ -98.36041232836736, 19.821329375230018 ], [ -98.360686412175454, 19.82125535267571 ], [ -98.360888363527536, 19.821201528178399 ], [ -98.361118454623551, 19.82131826653881 ], [ -98.361268883607451, 19.821536995801182 ], [ -98.361608437901836, 19.821306382332953 ], [ -98.362021885762033, 19.820612374527059 ], [ -98.362304965543814, 19.820088362504812 ], [ -98.362375778724953, 19.819433248677825 ], [ -98.362402216723225, 19.819188669781681 ], [ -98.362390471506771, 19.818520414846315 ], [ -98.362074769934708, 19.818192000095202 ], [ -98.361873149241958, 19.818164005900634 ], [ -98.361477953272995, 19.817896670666297 ], [ -98.361046628108184, 19.817656480889884 ], [ -98.360946279438991, 19.817526571804379 ], [ -98.360947260232649, 19.817281109515012 ], [ -98.360826280539371, 19.81690565891806 ], [ -98.360767141329163, 19.81643594641978 ], [ -98.360767395829569, 19.816435817206081 ], [ -98.360767528823118, 19.816435749005208 ], [ -98.360768007212158, 19.816435504926527 ], [ -98.360768134462361, 19.816435440319683 ], [ -98.360768848226655, 19.816435074187993 ], [ -98.360769568689079, 19.816434704465689 ], [ -98.360770324551837, 19.816434316797238 ], [ -98.360770676652692, 19.816434135521547 ], [ -98.36077879691473, 19.816429970777484 ], [ -98.361026472061539, 19.816302897580897 ], [ -98.361315741172746, 19.816154483238368 ], [ -98.361325193258097, 19.816149633751557 ], [ -98.364849722840788, 19.81434125571942 ], [ -98.366260735518011, 19.813617256460642 ], [ -98.369457255504798, 19.811977037432246 ], [ -98.371214736767186, 19.814167332000615 ], [ -98.370995627353096, 19.81418709487102 ], [ -98.370807586378319, 19.814370532175868 ], [ -98.370898134242282, 19.815161798425756 ], [ -98.371157122937262, 19.815258168964437 ], [ -98.371966984967528, 19.815120645666191 ], [ -98.372304919155965, 19.815555405598364 ], [ -98.373302008127496, 19.816838158746037 ], [ -98.373389900266403, 19.816997814223942 ], [ -98.37340414714798, 19.817023692211912 ], [ -98.372979275299329, 19.817255578137704 ], [ -98.37263374590718, 19.817179361961461 ], [ -98.372482207222887, 19.817240194250022 ], [ -98.372251150674501, 19.817368934153698 ], [ -98.37231492314308, 19.817641898367974 ], [ -98.372459202723476, 19.817594676732039 ], [ -98.372456982126565, 19.818160603906367 ], [ -98.37234058303693, 19.818446572622484 ], [ -98.372073527625631, 19.818568364977239 ], [ -98.372115792800798, 19.818813979777349 ], [ -98.37249059701449, 19.818774387525632 ], [ -98.372804717168634, 19.81951188792047 ], [ -98.372723831597625, 19.819927533568805 ], [ -98.372477559141529, 19.82026077380003 ], [ -98.371741412556489, 19.820578654567324 ], [ -98.371258638548056, 19.820590591142828 ], [ -98.370689701760767, 19.820527220218604 ], [ -98.370150416976244, 19.820252579651001 ], [ -98.369897362440753, 19.820476697030095 ], [ -98.369954302823245, 19.820654179503183 ], [ -98.369759288534951, 19.820776223344332 ], [ -98.369924086777999, 19.821008633220458 ], [ -98.369656432053887, 19.821280428281248 ], [ -98.369703829796151, 19.822051086335023 ], [ -98.36863554494127, 19.822545060652011 ], [ -98.368563175410159, 19.822626627889747 ], [ -98.36881416076956, 19.822927528947844 ], [ -98.368871154565227, 19.823091373195997 ], [ -98.369179915645745, 19.823358385306431 ], [ -98.369575540560831, 19.823523428297456 ], [ -98.369581856791584, 19.823748460753322 ], [ -98.369429962074392, 19.823897931057541 ], [ -98.369449937802131, 19.824313929193966 ], [ -98.368908406840788, 19.82460521017483 ], [ -98.368562515668174, 19.824617625731328 ], [ -98.368057520337544, 19.82477948055757 ], [ -98.367487194469575, 19.825063838988697 ], [ -98.367019897644525, 19.824803078101468 ], [ -98.366681153583272, 19.824829150422183 ], [ -98.36660162967425, 19.824897053620941 ], [ -98.366874636007694, 19.82509575924729 ], [ -98.367398901424991, 19.825527181276403 ], [ -98.367715624140985, 19.825603308562801 ], [ -98.368118888651551, 19.825659283158686 ], [ -98.368565518924925, 19.825681318476935 ], [ -98.368932438496273, 19.825818986742032 ], [ -98.369385654305546, 19.825997868925949 ], [ -98.369838496772914, 19.826272207818519 ], [ -98.370018352607744, 19.826341028040577 ], [ -98.370442672481531, 19.826540260498398 ], [ -98.370621510677694, 19.826868178427095 ], [ -98.370851509947883, 19.827012178900976 ], [ -98.371095892898097, 19.827163047760948 ], [ -98.371390629800075, 19.827334546718255 ], [ -98.371627354480367, 19.827601301053456 ], [ -98.371741401769611, 19.827915353808073 ], [ -98.371531195005318, 19.828235082149604 ], [ -98.371026700656273, 19.828267397752487 ], [ -98.370363692193493, 19.828299152814441 ], [ -98.36996714287244, 19.828365938847789 ], [ -98.369642319637805, 19.828514798658105 ], [ -98.369346422894566, 19.828636487197578 ], [ -98.368631875133232, 19.828947609395073 ], [ -98.368342725336674, 19.829185233172367 ], [ -98.368616198968581, 19.8292680239364 ], [ -98.36887507416219, 19.829398489509963 ], [ -98.369025520266348, 19.829617213440073 ], [ -98.368317551378254, 19.830085185723107 ], [ -98.368071550183103, 19.83034341655944 ], [ -98.368077731385057, 19.830602540132801 ], [ -98.368112976989423, 19.830800401990182 ], [ -98.368213067196166, 19.830998491598447 ], [ -98.368299046527142, 19.831121528801987 ], [ -98.368428444032403, 19.831196990985795 ], [ -98.368586691412801, 19.831265735355181 ], [ -98.368737596654029, 19.831368546276742 ], [ -98.368939157454577, 19.831416990476672 ], [ -98.369032529825091, 19.831492322130028 ], [ -98.369205536200894, 19.831472478847914 ], [ -98.369371634703668, 19.831377606766509 ], [ -98.369804247159038, 19.831304130718213 ], [ -98.370012258495223, 19.831543511987832 ], [ -98.370342278514485, 19.831906056421637 ], [ -98.370564757582244, 19.83213185213306 ], [ -98.370816351775602, 19.832282746000867 ], [ -98.371119297145697, 19.832201992514229 ], [ -98.371522393861795, 19.832305689673237 ], [ -98.371774392292906, 19.832354306527517 ], [ -98.372076210205691, 19.832559923002133 ], [ -98.372667771267899, 19.8323779041649 ], [ -98.37308525335159, 19.832488468195045 ], [ -98.37334437625961, 19.83255756185816 ], [ -98.373713283620077, 19.832584929758895 ], [ -98.374448597975217, 19.833290946934635 ], [ -98.371549209697122, 19.839449320873417 ], [ -98.371343043451731, 19.839887202922835 ], [ -98.368863513397258, 19.837137216237736 ], [ -98.363510865917405, 19.836035487436934 ], [ -98.350732750048252, 19.833404675042249 ] ] ], [ [ [ -98.311174094725246, 19.850861290753869 ], [ -98.310936265404692, 19.850338738653978 ], [ -98.310761683542822, 19.849585060790591 ], [ -98.310579254561247, 19.848395099814745 ], [ -98.312161882818998, 19.847778648908854 ], [ -98.312016849345312, 19.847099395373771 ], [ -98.311817642913866, 19.846138025992914 ], [ -98.312401905145379, 19.846220167932294 ], [ -98.312639324823394, 19.846148165251595 ], [ -98.313001084174445, 19.846110297092842 ], [ -98.313568142114264, 19.846578024667981 ], [ -98.313419297440277, 19.846728893583137 ], [ -98.313496044574052, 19.846802106873117 ], [ -98.313831369348875, 19.847397947026714 ], [ -98.314175900677398, 19.847231002934205 ], [ -98.314298577839054, 19.847652148901194 ], [ -98.314750024078734, 19.84743513412365 ], [ -98.314796844264194, 19.847575538174748 ], [ -98.314747328052121, 19.848063328477902 ], [ -98.314662486272454, 19.848494892601565 ], [ -98.314400676000091, 19.848723853921914 ], [ -98.314281278537337, 19.848919709357531 ], [ -98.314262530930435, 19.849143997852231 ], [ -98.314112601053466, 19.849547265224054 ], [ -98.313862377539664, 19.849837969447165 ], [ -98.313570927206428, 19.850066817186143 ], [ -98.313351065212785, 19.850189366432208 ], [ -98.312852474275502, 19.85033888853123 ], [ -98.312797319744845, 19.850413228477784 ], [ -98.312548448864504, 19.850389831989684 ], [ -98.312210730830031, 19.850349266832396 ], [ -98.311801659811806, 19.850358908974101 ], [ -98.311427769033202, 19.8504584258671 ], [ -98.311260603097637, 19.850732618588353 ], [ -98.311174094725246, 19.850861290753869 ] ] ] ] } },
{ "type": "Feature", "properties": { "Nombre": "La Paila-El Xihuingo", "Jurisdiccion": "Estatal", "Area_h": 2572.72 }, "geometry": { "type": "MultiPolygon", "coordinates": [ [ [ [ -98.480177711833306, 19.84881718204036 ], [ -98.478951643249047, 19.847789918884516 ], [ -98.477621454652677, 19.848530525630601 ], [ -98.477116058737977, 19.848815569150254 ], [ -98.476964281560925, 19.848659018566881 ], [ -98.475955449638676, 19.847618450477849 ], [ -98.462345999728711, 19.838265188112882 ], [ -98.461978317995559, 19.838012465282073 ], [ -98.462192071629815, 19.837115760953441 ], [ -98.462338045543888, 19.836503384830337 ], [ -98.461944869472021, 19.835375258271654 ], [ -98.462238679810383, 19.835263260342455 ], [ -98.463189918803479, 19.834900652234978 ], [ -98.463250567419408, 19.835402207690535 ], [ -98.464341099055744, 19.835493962531743 ], [ -98.464963639860628, 19.835731771010686 ], [ -98.465432421487634, 19.835349772377302 ], [ -98.465651869305901, 19.83496702688003 ], [ -98.466398386687985, 19.835411648840363 ], [ -98.467309802151817, 19.834617276665362 ], [ -98.46802381880812, 19.835751468266039 ], [ -98.468720492804678, 19.836858094548866 ], [ -98.470668239261911, 19.83770286169786 ], [ -98.472970679632638, 19.838548663260973 ], [ -98.477033527286181, 19.840893181475291 ], [ -98.482607762935473, 19.844098763703197 ], [ -98.484707730243841, 19.845308037493936 ], [ -98.489077628256837, 19.847824322149123 ], [ -98.493348562671656, 19.843138204975226 ], [ -98.493161035879183, 19.843054050496757 ], [ -98.484317777373832, 19.83908521193414 ], [ -98.498568609197108, 19.841690567234643 ], [ -98.505762147278759, 19.843005235766437 ], [ -98.507964103803317, 19.838393347237574 ], [ -98.508082416897167, 19.838145536732728 ], [ -98.50707058503086, 19.837663310322938 ], [ -98.506316964827192, 19.837304138440267 ], [ -98.487884644248552, 19.828517895800118 ], [ -98.486950790644244, 19.828072675364577 ], [ -98.485065467298497, 19.827173811318257 ], [ -98.484888695762876, 19.827005504620178 ], [ -98.484671823383209, 19.827048385256667 ], [ -98.484717536346281, 19.825816703773526 ], [ -98.48478513905016, 19.823995128301465 ], [ -98.485849791367215, 19.823219997714222 ], [ -98.486226866193363, 19.822471211052985 ], [ -98.488691423323601, 19.823909083887056 ], [ -98.489065724698051, 19.824720780876749 ], [ -98.490263381978124, 19.825210580115986 ], [ -98.490447941171723, 19.825302947682609 ], [ -98.491631745036941, 19.825895407301157 ], [ -98.491699962604443, 19.825992876834661 ], [ -98.49186809112112, 19.825884715815928 ], [ -98.492352304850925, 19.825573207886396 ], [ -98.492833122540503, 19.825217899433451 ], [ -98.49300474748739, 19.825121111655651 ], [ -98.494646408506085, 19.826066092767235 ], [ -98.495023408300185, 19.826034734558824 ], [ -98.495777407502572, 19.82597201574325 ], [ -98.496052435187082, 19.825680967329191 ], [ -98.496178669453073, 19.82568389004852 ], [ -98.496892177831, 19.825700404347067 ], [ -98.496446456704803, 19.824500660973694 ], [ -98.495934246670899, 19.823121925211893 ], [ -98.495870511458634, 19.822950367091227 ], [ -98.49465859270758, 19.821339049227177 ], [ -98.494211920978159, 19.818880990053099 ], [ -98.494207691983604, 19.818857718771195 ], [ -98.494802903599421, 19.818576488621062 ], [ -98.506472819477736, 19.813061977229751 ], [ -98.517393902804116, 19.80789833659037 ], [ -98.519055122505279, 19.807112802250987 ], [ -98.522188327712712, 19.805631149853713 ], [ -98.522038454010826, 19.806176390416059 ], [ -98.52139623300296, 19.808512742514509 ], [ -98.520575134871407, 19.811499746049069 ], [ -98.522663191535685, 19.810808550459516 ], [ -98.526609122899544, 19.809502266637544 ], [ -98.528912445905007, 19.810011749348263 ], [ -98.532625804647736, 19.813377457680186 ], [ -98.535839773539479, 19.815792450949115 ], [ -98.53598716107382, 19.815903195806339 ], [ -98.536277929460667, 19.821210161270514 ], [ -98.536492915501483, 19.825133816247885 ], [ -98.533661217000969, 19.823112443813404 ], [ -98.528325728612032, 19.827295927538874 ], [ -98.524529227896579, 19.830448498860626 ], [ -98.522285920860796, 19.832311217349542 ], [ -98.521962794217615, 19.832776010649098 ], [ -98.52028324614119, 19.835191777531744 ], [ -98.51962767278016, 19.836134690146459 ], [ -98.519243716389994, 19.836685447595759 ], [ -98.518723749982982, 19.837405280014888 ], [ -98.51846996912883, 19.837756281012744 ], [ -98.518311238893247, 19.83797581618029 ], [ -98.517130750910155, 19.83960848538068 ], [ -98.516231204141377, 19.840852571616949 ], [ -98.515503630480609, 19.841738262260655 ], [ -98.51320538089314, 19.844535884733151 ], [ -98.510181615909303, 19.847715065586488 ], [ -98.509113871168537, 19.848719583541925 ], [ -98.50783852937144, 19.850773046856936 ], [ -98.506806264646372, 19.852390362343048 ], [ -98.506796291356522, 19.852405995148573 ], [ -98.506708660388412, 19.852537760890218 ], [ -98.506509508526051, 19.852837288385768 ], [ -98.505015348644733, 19.855084568024164 ], [ -98.503056247248793, 19.857763820185973 ], [ -98.501099669094103, 19.85960412100507 ], [ -98.499394252882368, 19.862062148255305 ], [ -98.49846701409308, 19.863398724464563 ], [ -98.498427410979659, 19.86345577015587 ], [ -98.498417220167312, 19.863471749740381 ], [ -98.497357927972502, 19.865130881943998 ], [ -98.495579607363467, 19.866636029068296 ], [ -98.489178692628599, 19.87165167440553 ], [ -98.47944247296094, 19.865918434607252 ], [ -98.476652398104179, 19.865832618141638 ], [ -98.476500969943046, 19.864505930173237 ], [ -98.47588003211952, 19.863978111114033 ], [ -98.475639768946706, 19.863773877241961 ], [ -98.475770234759793, 19.861614879794157 ], [ -98.47626792521973, 19.860332385578303 ], [ -98.476415590829617, 19.859203383084537 ], [ -98.478003082476505, 19.857137220360386 ], [ -98.478639145438706, 19.856309347984784 ], [ -98.480578406650309, 19.853785217965477 ], [ -98.481436450402711, 19.852668360731879 ], [ -98.479686677495323, 19.851177827983129 ], [ -98.480715323142903, 19.849842433519736 ], [ -98.480175742396327, 19.849422080483269 ], [ -98.480177711833306, 19.84881718204036 ] ] ], [ [ [ -98.436512521676434, 19.818469553999552 ], [ -98.433532987861028, 19.815141096122684 ], [ -98.432580768178113, 19.814077326106315 ], [ -98.426270036873575, 19.807026827916733 ], [ -98.428309513108772, 19.806872554610486 ], [ -98.428398079448101, 19.806865854572937 ], [ -98.429109032259746, 19.806364742208988 ], [ -98.430173350214133, 19.806200345139686 ], [ -98.433140896449601, 19.805386176185745 ], [ -98.442774147483519, 19.802380775827118 ], [ -98.446216859951377, 19.801721065327694 ], [ -98.446687340217437, 19.801628512728893 ], [ -98.448532937747615, 19.801265433183818 ], [ -98.448950237260291, 19.801183335629247 ], [ -98.450134257673426, 19.800842505413321 ], [ -98.453419706782213, 19.79989670991143 ], [ -98.453773154784841, 19.799830925405288 ], [ -98.454040920350366, 19.799781089152741 ], [ -98.454306677623293, 19.799731625898737 ], [ -98.463717896161256, 19.792145569055194 ], [ -98.464261333804316, 19.791707484255635 ], [ -98.470299756375837, 19.788369484694517 ], [ -98.474141767256441, 19.785995824711264 ], [ -98.474170788591678, 19.785977894672474 ], [ -98.476516949872462, 19.784528307114893 ], [ -98.476981236130712, 19.784205183441305 ], [ -98.477914601093275, 19.784207910932778 ], [ -98.478455673404966, 19.783868737984836 ], [ -98.478163968546582, 19.783382040496704 ], [ -98.480726401007686, 19.781598615723397 ], [ -98.480777247839526, 19.781563225933542 ], [ -98.480873153108661, 19.781608966688527 ], [ -98.481701509573369, 19.782004036737032 ], [ -98.481249615027252, 19.78259904323324 ], [ -98.480439678524831, 19.7825966919713 ], [ -98.479808897834701, 19.78285042290354 ], [ -98.480526910031713, 19.783448826665872 ], [ -98.480525805335603, 19.783789575405486 ], [ -98.481244650856553, 19.784132414136053 ], [ -98.482143488917117, 19.784475772274174 ], [ -98.48259400930543, 19.78430669995269 ], [ -98.482862891958519, 19.784648229761775 ], [ -98.483671741060505, 19.784991320049173 ], [ -98.483943645311115, 19.784395788200175 ], [ -98.48448306148174, 19.784567719681217 ], [ -98.484664419088404, 19.784142302084852 ], [ -98.484756056748409, 19.783631437523002 ], [ -98.484576892176406, 19.783375357345765 ], [ -98.48439690488587, 19.783374838488005 ], [ -98.483856120798237, 19.783628842297766 ], [ -98.483676133243463, 19.7836283227082 ], [ -98.483498342414322, 19.782946304208171 ], [ -98.483410272365887, 19.782349733861523 ], [ -98.482870864837636, 19.782177798391764 ], [ -98.482934551721499, 19.782073042035275 ], [ -98.483095986016565, 19.781807503029629 ], [ -98.483232758663263, 19.781582527591056 ], [ -98.483503010138435, 19.781498120026018 ], [ -98.483774359940199, 19.781072963042629 ], [ -98.484404579490985, 19.780989592752256 ], [ -98.484856183054106, 19.780479765308819 ], [ -98.485487220256289, 19.780140829510611 ], [ -98.485758562483795, 19.779715668379342 ], [ -98.485849372989648, 19.779460365437906 ], [ -98.486478220534039, 19.779802924397526 ], [ -98.486656020966564, 19.780484940379328 ], [ -98.487015988235328, 19.780485973219037 ], [ -98.487288144644737, 19.779805248 ], [ -98.48747003496247, 19.779209451958543 ], [ -98.486661205216905, 19.778866380002167 ], [ -98.486752014735941, 19.778611076538159 ], [ -98.486482860530245, 19.77835473902628 ], [ -98.486123171198201, 19.778268517683522 ], [ -98.485672124720608, 19.778607974530814 ], [ -98.485351856837042, 19.778379151297688 ], [ -98.487154004064791, 19.777310939141231 ], [ -98.488277128239133, 19.776645196239723 ], [ -98.488734413744083, 19.777251431560664 ], [ -98.488736160931253, 19.777253747222133 ], [ -98.488778888977919, 19.777186794920205 ], [ -98.489278815820086, 19.776403415567344 ], [ -98.4894720060786, 19.77658740172841 ], [ -98.489637690124283, 19.776745192425306 ], [ -98.489005317019874, 19.777510081413642 ], [ -98.488913968469745, 19.777935761303699 ], [ -98.488997836566668, 19.778176353713175 ], [ -98.489092320544529, 19.778447400041731 ], [ -98.489000428427985, 19.779043455063242 ], [ -98.48837049048015, 19.77904165423152 ], [ -98.488346119360756, 19.779199733721882 ], [ -98.488278595292641, 19.779637708775464 ], [ -98.488425870515556, 19.779918653351164 ], [ -98.48845749089358, 19.779978972944622 ], [ -98.488269501970024, 19.780181112362765 ], [ -98.488046360777531, 19.780421048773945 ], [ -98.487825371368572, 19.780658669539122 ], [ -98.487824282359156, 19.780999418777785 ], [ -98.486963436546446, 19.781728358998564 ], [ -98.486921905137876, 19.781763526079807 ], [ -98.486953947750919, 19.78183233343206 ], [ -98.48727942319583, 19.782531244285487 ], [ -98.487276697443946, 19.783383118462023 ], [ -98.487544770458513, 19.783980203959931 ], [ -98.487261832853733, 19.784775645300698 ], [ -98.487181523530722, 19.785001420108486 ], [ -98.486552654299516, 19.784658862427467 ], [ -98.486104049402158, 19.784231633350178 ], [ -98.484752221646303, 19.78482406018485 ], [ -98.484208690702033, 19.785929938453766 ], [ -98.484207319427995, 19.786355874732671 ], [ -98.48411622687459, 19.786696364829535 ], [ -98.483124354409, 19.787289815955784 ], [ -98.482947271313535, 19.78755619866816 ], [ -98.482672174555773, 19.78797001288018 ], [ -98.481500021117014, 19.788648122895918 ], [ -98.480282402290413, 19.788874957945207 ], [ -98.48014924536534, 19.788899763089574 ], [ -98.479520930260733, 19.788386807018274 ], [ -98.480330620517947, 19.788474350466437 ], [ -98.480781982376712, 19.788049721875762 ], [ -98.481143346812175, 19.787624830931751 ], [ -98.479884234802114, 19.787365608090273 ], [ -98.478983169401673, 19.787703737282381 ], [ -98.478351534029983, 19.788213023537526 ], [ -98.47691382195967, 19.787527318835952 ], [ -98.476600276054867, 19.787526401248059 ], [ -98.476553839449323, 19.787526265305207 ], [ -98.476523169922984, 19.787438265551852 ], [ -98.476197198348714, 19.786502965019437 ], [ -98.475838333016398, 19.786161160813499 ], [ -98.475386963814628, 19.786585777739891 ], [ -98.47547556459601, 19.787011977421773 ], [ -98.475446819537964, 19.787052518983188 ], [ -98.47475224949325, 19.788032109627064 ], [ -98.474478348622128, 19.789223936384484 ], [ -98.474926377887371, 19.789821568564765 ], [ -98.475559144960428, 19.788971545728742 ], [ -98.475650535847763, 19.788545874125337 ], [ -98.475741368644861, 19.788290577048041 ], [ -98.475922754662633, 19.787865168214289 ], [ -98.476013865249882, 19.787524683648865 ], [ -98.476282180904079, 19.788036597656586 ], [ -98.476010800201735, 19.788461742226751 ], [ -98.476189677786337, 19.788803018868215 ], [ -98.476008292302879, 19.789228427019491 ], [ -98.476097173694384, 19.789569439042793 ], [ -98.475373851478068, 19.790589573302505 ], [ -98.475641891061173, 19.791186675439267 ], [ -98.476361316395156, 19.791359160387294 ], [ -98.476991579745103, 19.791275817323495 ], [ -98.477531288789834, 19.79136258361056 ], [ -98.477169907228514, 19.791787466671327 ], [ -98.476448529751835, 19.792211294953365 ], [ -98.477077405725169, 19.792553888069733 ], [ -98.477256568015235, 19.792809975461964 ], [ -98.477255733849844, 19.793065537294929 ], [ -98.477123666834274, 19.79312755873902 ], [ -98.476714905879106, 19.793319518234728 ], [ -98.476463813657858, 19.793371563102564 ], [ -98.47590435819896, 19.793487519714088 ], [ -98.475272410909682, 19.794081981261826 ], [ -98.475428421457153, 19.794119385331687 ], [ -98.475632129142824, 19.794168224951758 ], [ -98.475541292601193, 19.794423521726628 ], [ -98.474973934474377, 19.794728185193652 ], [ -98.474279062144859, 19.795101317143313 ], [ -98.474354739399189, 19.795614106566493 ], [ -98.47436710387781, 19.795697891433221 ], [ -98.474726267251654, 19.795954510530819 ], [ -98.47688794735592, 19.795449722935622 ], [ -98.477789615556006, 19.794941232055336 ], [ -98.478418227620537, 19.795369007024711 ], [ -98.477876004686593, 19.796048927574809 ], [ -98.477066557016869, 19.795876185000555 ], [ -98.476434882830816, 19.796385463149932 ], [ -98.475441805723477, 19.797319618766938 ], [ -98.476071255798743, 19.79749184029713 ], [ -98.476972382569443, 19.797153728444666 ], [ -98.477332664821461, 19.797069594384268 ], [ -98.477784614897885, 19.796474599997737 ], [ -98.478774901332784, 19.796392302639816 ], [ -98.478773792122325, 19.796733051695089 ], [ -98.479222965327509, 19.796989924390918 ], [ -98.479850759019854, 19.797673256297248 ], [ -98.479939653829106, 19.798014266383856 ], [ -98.48038689719931, 19.798867447102591 ], [ -98.481106362427852, 19.799039913700746 ], [ -98.480474964437406, 19.799464018699407 ], [ -98.479486598350121, 19.79895001520806 ], [ -98.478947694356947, 19.798607692558694 ], [ -98.478944921873662, 19.799459564081289 ], [ -98.47921271275122, 19.800141848151107 ], [ -98.479662173002311, 19.800313532638715 ], [ -98.480561926652697, 19.800401338336965 ], [ -98.48119277508772, 19.800147607677275 ], [ -98.481462232309823, 19.800318764996 ], [ -98.481189186063318, 19.801255039309765 ], [ -98.481456437486017, 19.802107694659878 ], [ -98.481454781706404, 19.802618817225863 ], [ -98.481813971094184, 19.80287542248648 ], [ -98.481912306881128, 19.803063002959902 ], [ -98.482082330948572, 19.803387328819547 ], [ -98.481068063542352, 19.802807332121859 ], [ -98.48073474737609, 19.802616727099064 ], [ -98.480649939044568, 19.803767510332612 ], [ -98.480640596830014, 19.803894272090183 ], [ -98.479651650268067, 19.803550642658045 ], [ -98.478659933377159, 19.804058877976889 ], [ -98.478039514293982, 19.804154885942324 ], [ -98.477579317055103, 19.804226097582582 ], [ -98.478115458830032, 19.805420294445334 ], [ -98.478293803587363, 19.805931943205724 ], [ -98.478291304229373, 19.806698625877836 ], [ -98.477387901151971, 19.807718239100883 ], [ -98.477096728467998, 19.807923595747368 ], [ -98.47655969299565, 19.808302349588914 ], [ -98.475909067363588, 19.807682740435943 ], [ -98.475863016726564, 19.807461245915061 ], [ -98.475734527478622, 19.806843247734374 ], [ -98.475736726260777, 19.806172064075628 ], [ -98.474867354811977, 19.800967805497862 ], [ -98.474724650356123, 19.800985238770973 ], [ -98.474710056915526, 19.800895359459435 ], [ -98.474980624789211, 19.800725778628735 ], [ -98.475431757665902, 19.800386352418286 ], [ -98.476061777311642, 19.80038820072382 ], [ -98.476873196019426, 19.799964638743809 ], [ -98.476785977224409, 19.799112504069335 ], [ -98.475888186402301, 19.798428370940496 ], [ -98.475616785402323, 19.798853513993134 ], [ -98.474626203941114, 19.799020980632406 ], [ -98.474809841272247, 19.797914078041725 ], [ -98.474721795921127, 19.797317504048817 ], [ -98.473823183283699, 19.796888921520306 ], [ -98.473099251881052, 19.798079418102429 ], [ -98.472650646082542, 19.79765215586017 ], [ -98.471031747980405, 19.797306620598597 ], [ -98.470403148837619, 19.796878820018527 ], [ -98.469139748157446, 19.797897325597468 ], [ -98.469316926773885, 19.798749729549396 ], [ -98.469044943926249, 19.799345236406232 ], [ -98.468323511220206, 19.799769030263615 ], [ -98.465460671984602, 19.798362312015012 ], [ -98.46535826636071, 19.798311991787937 ], [ -98.465282768847644, 19.798406645565844 ], [ -98.465087123586372, 19.79865193116261 ], [ -98.464367963993098, 19.798394214355142 ], [ -98.464009098524983, 19.798052386820647 ], [ -98.463839842344242, 19.79800606543537 ], [ -98.463379659375818, 19.797880123061784 ], [ -98.463358702927394, 19.798053631263258 ], [ -98.463333025088787, 19.79826621754928 ], [ -98.463287087783215, 19.798646534296868 ], [ -98.462742217394563, 19.800093089163322 ], [ -98.463999686758683, 19.800863554377148 ], [ -98.465081430963096, 19.800355669395969 ], [ -98.465801168083829, 19.800443010313074 ], [ -98.466159475495061, 19.800955207568641 ], [ -98.466789497388149, 19.800957088618183 ], [ -98.466968935669527, 19.801127999768568 ], [ -98.46699783998703, 19.801295392064933 ], [ -98.467057237377844, 19.801639389658053 ], [ -98.467056102909211, 19.801980136965305 ], [ -98.458333597086664, 19.803002882479081 ], [ -98.456875105373555, 19.803173853173142 ], [ -98.455029815292789, 19.803390147403903 ], [ -98.45340710287411, 19.803588194486508 ], [ -98.453582090444726, 19.8049488705954 ], [ -98.453600903162936, 19.80509515967351 ], [ -98.452285022543506, 19.805002223352748 ], [ -98.452273629829122, 19.805012937421875 ], [ -98.451843742082147, 19.805417181860406 ], [ -98.451743240633334, 19.805511686925428 ], [ -98.452056816906918, 19.805810404651684 ], [ -98.452102096518757, 19.80585353859119 ], [ -98.45207552783414, 19.80590962930053 ], [ -98.451739446771299, 19.806619113468795 ], [ -98.451998456464338, 19.806964673848519 ], [ -98.452036813404021, 19.807015848088636 ], [ -98.452187435700409, 19.807216800650757 ], [ -98.45260568368397, 19.807366708876714 ], [ -98.452656804186375, 19.807385031714173 ], [ -98.452906613658897, 19.807474567607525 ], [ -98.453511752514714, 19.806905525750786 ], [ -98.45379898889847, 19.806635421056711 ], [ -98.453854771621536, 19.807069165128588 ], [ -98.454082349339188, 19.808838697856309 ], [ -98.453547605968112, 19.808963504255384 ], [ -98.452991087507499, 19.809093389582376 ], [ -98.452282999794832, 19.808792937418925 ], [ -98.451373289711157, 19.808406927843969 ], [ -98.450928223564034, 19.806957372779905 ], [ -98.449668721833973, 19.806783121976348 ], [ -98.448764845259433, 19.807887772901676 ], [ -98.449391375147641, 19.808911955005083 ], [ -98.44957168315203, 19.808827323040987 ], [ -98.449569924916801, 19.809338442555472 ], [ -98.448848983828071, 19.809591782488301 ], [ -98.448040972090666, 19.808992975140544 ], [ -98.444361256208879, 19.809493477147502 ], [ -98.441917503472652, 19.809825822997261 ], [ -98.441736299765054, 19.81016600694576 ], [ -98.441558174842427, 19.81033348024809 ], [ -98.441555688977914, 19.810335816556904 ], [ -98.4410171290276, 19.809908195234623 ], [ -98.440476486728159, 19.810076877620851 ], [ -98.440294980745506, 19.810502245698999 ], [ -98.440744127709252, 19.810759215097647 ], [ -98.440293192714776, 19.811013364311751 ], [ -98.439843449310075, 19.810926766944064 ], [ -98.439661343929359, 19.811522507415035 ], [ -98.439301848434994, 19.812141381053472 ], [ -98.438725410946304, 19.813133710389419 ], [ -98.438574663496354, 19.813393216982824 ], [ -98.438641729611149, 19.81365073517253 ], [ -98.438663477660782, 19.813734245142268 ], [ -98.437941901870047, 19.814157912167182 ], [ -98.437670674214488, 19.814497808201359 ], [ -98.437397447499265, 19.814690404620556 ], [ -98.437309733475217, 19.814752232793531 ], [ -98.437399144831701, 19.814922889380366 ], [ -98.436229608500682, 19.814748826335094 ], [ -98.43586746418741, 19.815343993857116 ], [ -98.436815835932833, 19.815692641919949 ], [ -98.43703610493651, 19.815773617931047 ], [ -98.436223002959267, 19.816622926173132 ], [ -98.436131791017175, 19.816963386946838 ], [ -98.435592321410581, 19.81679130786911 ], [ -98.435450293275011, 19.816924828244431 ], [ -98.435411697549881, 19.816961111706814 ], [ -98.435465996597571, 19.817008142321082 ], [ -98.436398823626575, 19.817816102262299 ], [ -98.437927533047059, 19.818246857825581 ], [ -98.438557620044634, 19.818248840065497 ], [ -98.439189798096763, 19.817654515476509 ], [ -98.439551040181328, 19.817314899834116 ], [ -98.439911386745578, 19.817230843877475 ], [ -98.440181123683118, 19.817316876256442 ], [ -98.440359657423855, 19.817743373153583 ], [ -98.440178141881532, 19.818168740531146 ], [ -98.43963747060927, 19.818337419522774 ], [ -98.439187109684156, 19.818421192174046 ], [ -98.439543577002482, 19.819444558782681 ], [ -98.440173370681464, 19.819531721935807 ], [ -98.440440429873959, 19.820384432498855 ], [ -98.440870333553107, 19.820958396604293 ], [ -98.440875319435392, 19.82096479833848 ], [ -98.440874774497843, 19.820968811565141 ], [ -98.440876915712749, 19.820973337442471 ], [ -98.44087554184641, 19.820982296480686 ], [ -98.44077594994971, 19.821604384128705 ], [ -98.439111009628732, 19.820097552306038 ], [ -98.438989430488519, 19.819987517407959 ], [ -98.436512521676434, 19.818469553999552 ] ] ] ] } },
{ "type": "Feature", "properties": { "Nombre": "Alcantarillas", "Jurisdiccion": "Municipal", "Area_h": 911.402 }, "geometry": { "type": "MultiPolygon", "coordinates": [ [ [ [ -98.337003113844688, 19.823232908568887 ], [ -98.337173186393073, 19.822635715411042 ], [ -98.337587798988764, 19.822137033478608 ], [ -98.338479000385718, 19.821737720999625 ], [ -98.339046745133558, 19.821617817841588 ], [ -98.339332430966365, 19.821118654256324 ], [ -98.338588139972273, 19.820286262708429 ], [ -98.338057561036493, 19.820772316407936 ], [ -98.337993405086479, 19.820698876448446 ], [ -98.337736430103547, 19.820490514512866 ], [ -98.337233046331775, 19.820635052609994 ], [ -98.336858782050129, 19.82073126689648 ], [ -98.336509542359039, 19.821010582179216 ], [ -98.336182347366432, 19.821329620485766 ], [ -98.336172989168759, 19.821338744985656 ], [ -98.336058129071873, 19.821057706955905 ], [ -98.335786236819516, 19.821337306573593 ], [ -98.33612385447482, 19.820752937619808 ], [ -98.335909320890877, 19.820441620171874 ], [ -98.336036888978214, 19.820065509852078 ], [ -98.336045172445424, 19.820041088155378 ], [ -98.336411623401432, 19.819753563956539 ], [ -98.336644633152758, 19.819522620783726 ], [ -98.336968441160025, 19.81915780762596 ], [ -98.336853430275838, 19.818913370531057 ], [ -98.337221826183551, 19.817121261493128 ], [ -98.337262830624368, 19.81645086177906 ], [ -98.337357405883481, 19.816172002252792 ], [ -98.336994309254706, 19.815187430281888 ], [ -98.33716596477673, 19.815046966694524 ], [ -98.337294371723644, 19.815169447391003 ], [ -98.337385014329456, 19.815072178783911 ], [ -98.337450380644668, 19.814852813102366 ], [ -98.337887925793083, 19.815037442988729 ], [ -98.338432084700486, 19.814380631307934 ], [ -98.338394368455454, 19.814148680569478 ], [ -98.338421563618851, 19.813807167060311 ], [ -98.338615686943697, 19.813624878861773 ], [ -98.338951916035072, 19.813369912505461 ], [ -98.339107214207715, 19.813224081110455 ], [ -98.339392884977357, 19.812724916531209 ], [ -98.339175551719563, 19.812284892282232 ], [ -98.338855392326266, 19.811771285010501 ], [ -98.339244189621056, 19.811272502240119 ], [ -98.339413233203388, 19.810919313034315 ], [ -98.339824684329784, 19.811177044628561 ], [ -98.34031373598701, 19.811374059797728 ], [ -98.340687473564856, 19.811399841699206 ], [ -98.340725593886532, 19.811534187641463 ], [ -98.34094333260056, 19.811876605677284 ], [ -98.34233796955553, 19.811296121404169 ], [ -98.34254532873797, 19.811028472429008 ], [ -98.343200037400322, 19.810733091306673 ], [ -98.34324274310967, 19.810713824550611 ], [ -98.343384092940809, 19.810824148474136 ], [ -98.343098787704378, 19.811237918082785 ], [ -98.343059113395483, 19.811481782593201 ], [ -98.343058111442687, 19.811725789328992 ], [ -98.342838213386671, 19.811907989554122 ], [ -98.342605522653372, 19.81206574046459 ], [ -98.342462367106933, 19.812394627064265 ], [ -98.342344893729162, 19.812748010031761 ], [ -98.34230481559392, 19.813089478757874 ], [ -98.34227697675982, 19.813589597897643 ], [ -98.343294276245175, 19.813861751947595 ], [ -98.343604066537026, 19.813765286648806 ], [ -98.343617706213195, 19.813582329440553 ], [ -98.344196360395117, 19.813938270726567 ], [ -98.344453283834838, 19.814158824245002 ], [ -98.344994365036584, 19.814246212732346 ], [ -98.345108936811059, 19.814600448465491 ], [ -98.344992816338518, 19.814624424555529 ], [ -98.344721900179522, 19.814672232795765 ], [ -98.344515289578723, 19.81475687776453 ], [ -98.344205297770088, 19.814902145934962 ], [ -98.344114159035328, 19.815121421473769 ], [ -98.344268254036564, 19.815268393571028 ], [ -98.344266753553484, 19.815634404509773 ], [ -98.344680376966664, 19.815367510497968 ], [ -98.345220012101521, 19.815808708611186 ], [ -98.345257838493609, 19.816016256582909 ], [ -98.345050428967809, 19.816296109298548 ], [ -98.344920713939104, 19.816490841796124 ], [ -98.344880891876116, 19.816771307165311 ], [ -98.345111887060696, 19.817028365780001 ], [ -98.345459057190283, 19.817249248879889 ], [ -98.345678063370528, 19.817286652611024 ], [ -98.345612256903223, 19.817615827712284 ], [ -98.345726933021353, 19.817945660550642 ], [ -98.345519770376697, 19.818164511578988 ], [ -98.345261289826709, 19.818322171152143 ], [ -98.344963685848768, 19.818589491907691 ], [ -98.345041885495959, 19.818382369546864 ], [ -98.344823627721112, 19.818161958665527 ], [ -98.344514229534809, 19.818160823160856 ], [ -98.344189890063618, 19.818659853772299 ], [ -98.343865149029341, 19.819256488147182 ], [ -98.343851107520379, 19.819537047873535 ], [ -98.344533113742386, 19.81984456610763 ], [ -98.34432509559295, 19.820270821616162 ], [ -98.344079902014926, 19.820330924032902 ], [ -98.343924651188686, 19.820464558791446 ], [ -98.343717733133687, 19.820622405422341 ], [ -98.343639731871065, 19.820780725772572 ], [ -98.343845250362577, 19.820964488382906 ], [ -98.343709034691358, 19.821171396840064 ], [ -98.343572820572078, 19.821378305185494 ], [ -98.343455190200686, 19.821768288925519 ], [ -98.343389828915463, 19.821987658598783 ], [ -98.343311424806288, 19.82224358223727 ], [ -98.343418917542564, 19.822633198304633 ], [ -98.343157634622486, 19.822567733495433 ], [ -98.342644553428983, 19.82287800772486 ], [ -98.34226608151944, 19.82250814522504 ], [ -98.342021636903979, 19.822385238532629 ], [ -98.341507019234086, 19.822127130123963 ], [ -98.341196860500631, 19.822308994779025 ], [ -98.340783163865211, 19.822588078801253 ], [ -98.340343178678907, 19.822989070595899 ], [ -98.340138115928795, 19.82269550075803 ], [ -98.339893725995921, 19.822560390437626 ], [ -98.339223146048866, 19.82260671443451 ], [ -98.339014050922017, 19.823289168294856 ], [ -98.338744077216148, 19.823105161502685 ], [ -98.338655449311986, 19.822714414573561 ], [ -98.338254891234797, 19.822932540130065 ], [ -98.337764898772463, 19.822955125092509 ], [ -98.337683858075067, 19.823845461039856 ], [ -98.336922877369204, 19.82392803913816 ], [ -98.337003113844688, 19.823232908568887 ] ] ], [ [ [ -98.360248539145672, 19.816071972083318 ], [ -98.360398572927238, 19.815914796549517 ], [ -98.360582800998799, 19.815828442609078 ], [ -98.360616780133711, 19.815953646658457 ], [ -98.360829522966569, 19.815921777652107 ], [ -98.361042764434004, 19.815764827777087 ], [ -98.361198263709994, 19.815678370394714 ], [ -98.361279056690464, 19.815591646594765 ], [ -98.361463285850348, 19.815505290822536 ], [ -98.361583761993813, 19.815554668338677 ], [ -98.361625028921694, 19.815293774772087 ], [ -98.361712134600012, 19.815065673806433 ], [ -98.361828120991916, 19.814799609078062 ], [ -98.361931575629683, 19.814794541509261 ], [ -98.362006927332459, 19.814631660463792 ], [ -98.362025814702776, 19.814218412810227 ], [ -98.361986654659546, 19.813951792741669 ], [ -98.361849114239803, 19.813858849492277 ], [ -98.361942094867956, 19.813598140555097 ], [ -98.362034859258699, 19.813391813906076 ], [ -98.362318047633906, 19.812984949083546 ], [ -98.362451746982373, 19.812599302734249 ], [ -98.362544400800004, 19.812420167843779 ], [ -98.362746558481433, 19.812159848021125 ], [ -98.362913454694592, 19.812095184006367 ], [ -98.363034450355343, 19.812014039937299 ], [ -98.363304908255529, 19.811917114237438 ], [ -98.36332281688901, 19.811748589608005 ], [ -98.363248702671612, 19.811601487663008 ], [ -98.363007406872299, 19.811589751917602 ], [ -98.36284077017136, 19.811589157555513 ], [ -98.36270774232554, 19.811806217323053 ], [ -98.362546936076896, 19.811783890048986 ], [ -98.362338516259967, 19.812174706101707 ], [ -98.362188769817479, 19.81226118515119 ], [ -98.362004154434061, 19.812445431320807 ], [ -98.361802062194457, 19.812689434287954 ], [ -98.361640606107002, 19.812830254136049 ], [ -98.361496235618091, 19.813009205445834 ], [ -98.361369796437458, 19.813014191509524 ], [ -98.361145564738081, 19.813046018363284 ], [ -98.360909623800268, 19.813132187957663 ], [ -98.360736955186681, 19.813202269323458 ], [ -98.360729687972238, 19.813582928716968 ], [ -98.360580374117092, 19.81356063987176 ], [ -98.360401851175169, 19.813657890586271 ], [ -98.360123412953016, 19.813790424693565 ], [ -98.360027630080936, 19.813836017334729 ], [ -98.359964030809351, 19.813933679371765 ], [ -98.359894290905061, 19.814129210223019 ], [ -98.359767091875312, 19.814324535062532 ], [ -98.359662896382062, 19.814514503248073 ], [ -98.359272523639532, 19.81442065133119 ], [ -98.359088449074505, 19.814468935798942 ], [ -98.358646532561053, 19.814331390707231 ], [ -98.358020174079584, 19.814334578371181 ], [ -98.357698494543314, 19.814306229299351 ], [ -98.357457589469121, 19.814196596563907 ], [ -98.357561458762106, 19.814088202264362 ], [ -98.357792377298011, 19.813822553673102 ], [ -98.358052113111611, 19.813535255826586 ], [ -98.358289626763124, 19.81305753418636 ], [ -98.358273106929843, 19.812878009350527 ], [ -98.357842886725805, 19.812691559429457 ], [ -98.357584090063696, 19.812745012751112 ], [ -98.357423395820291, 19.812695488814388 ], [ -98.35738924601219, 19.812613790409145 ], [ -98.357493505519898, 19.812407507583384 ], [ -98.357407687130731, 19.812314747046216 ], [ -98.35724137569261, 19.812232573071594 ], [ -98.357005607931512, 19.812275231284254 ], [ -98.356730646393615, 19.812062145166827 ], [ -98.35648474415045, 19.811767589611598 ], [ -98.356192717778129, 19.811510934378116 ], [ -98.355823958601604, 19.811759769520172 ], [ -98.356052512419382, 19.812081456757674 ], [ -98.355689673782408, 19.812286805187838 ], [ -98.355069791043434, 19.812110540649812 ], [ -98.354852841593384, 19.811761702581411 ], [ -98.354858373549632, 19.811721486931482 ], [ -98.354923878280658, 19.811245315410137 ], [ -98.354953418913311, 19.811044203257982 ], [ -98.354706710929406, 19.810950859458359 ], [ -98.354362054542136, 19.810922423342308 ], [ -98.354046260303903, 19.810861458569946 ], [ -98.353574598312122, 19.810979397323859 ], [ -98.353708142879668, 19.810637263261082 ], [ -98.35407736266022, 19.810274229860205 ], [ -98.354606680863739, 19.810107553989383 ], [ -98.354904181979848, 19.810429490842097 ], [ -98.355594916738127, 19.810132874422532 ], [ -98.356262797929602, 19.80980354412587 ], [ -98.356416156423734, 19.809915188916346 ], [ -98.356698228619081, 19.810120536968736 ], [ -98.356548065690575, 19.810310337846353 ], [ -98.356773987627008, 19.810533222039261 ], [ -98.356880027303035, 19.810637835577168 ], [ -98.357442138364846, 19.810890023377908 ], [ -98.35800995538267, 19.811153106213499 ], [ -98.358210720538494, 19.811240841395012 ], [ -98.35860112849393, 19.811323817522069 ], [ -98.35876239135132, 19.811231944712482 ], [ -98.358935101242011, 19.811150989097438 ], [ -98.359244586016843, 19.811353319465539 ], [ -98.359496980898456, 19.811462990953153 ], [ -98.35989326657257, 19.811513359284959 ], [ -98.360163420892164, 19.811492572016398 ], [ -98.360173695669829, 19.811797157722555 ], [ -98.360207280344611, 19.812020250436536 ], [ -98.360235685583987, 19.812101926859757 ], [ -98.360367280036328, 19.812243795003116 ], [ -98.360522644793249, 19.812189968213939 ], [ -98.360851239900597, 19.811924665111661 ], [ -98.361237294790911, 19.811659567775187 ], [ -98.361537310123765, 19.811356091491909 ], [ -98.36208054516699, 19.810580346914339 ], [ -98.362386216008147, 19.810298644525083 ], [ -98.362594006763445, 19.810065535533923 ], [ -98.362830266180381, 19.809897790867282 ], [ -98.362962405413299, 19.809903700304801 ], [ -98.363020276079268, 19.809800576703541 ], [ -98.36333032631417, 19.809861505173476 ], [ -98.363525259652363, 19.80997096617758 ], [ -98.363748536066865, 19.810178419785359 ], [ -98.363805261218374, 19.810363525648381 ], [ -98.363827035615557, 19.810668151402453 ], [ -98.363756869403559, 19.810972449671446 ], [ -98.363704376004321, 19.811168042746683 ], [ -98.363761169162132, 19.811336834450113 ], [ -98.363989825155272, 19.811636758838748 ], [ -98.364098956862506, 19.811648023676188 ], [ -98.364403221059192, 19.811719806036294 ], [ -98.364593234154356, 19.811622592066257 ], [ -98.364748033650272, 19.811710156467051 ], [ -98.365319143640761, 19.811146597187911 ], [ -98.365364833130783, 19.811217457103446 ], [ -98.36560582387024, 19.811305327894733 ], [ -98.365789139432025, 19.811447376752106 ], [ -98.365840143024556, 19.811627023558419 ], [ -98.365926012041925, 19.811708904067391 ], [ -98.365914196929481, 19.811790435967275 ], [ -98.366425927611019, 19.811710678079713 ], [ -98.366627708357797, 19.811542804268274 ], [ -98.366427090584949, 19.811417010192564 ], [ -98.366192619716443, 19.811133382590757 ], [ -98.366400858446568, 19.810786066188129 ], [ -98.36650547223401, 19.810487328870682 ], [ -98.366495207880192, 19.810177306000082 ], [ -98.366530179149123, 19.810052347446788 ], [ -98.366358486318902, 19.809877710853534 ], [ -98.366359046272706, 19.809736315847598 ], [ -98.366284907603614, 19.809594654039607 ], [ -98.366147411334609, 19.809490838871632 ], [ -98.365911435091618, 19.809587890544385 ], [ -98.36572715042972, 19.809690566300997 ], [ -98.365595767807022, 19.809494317772291 ], [ -98.365487325629928, 19.809309028720222 ], [ -98.365327103836876, 19.809139870050235 ], [ -98.365408045070922, 19.809015075042932 ], [ -98.365190126405651, 19.808905535300919 ], [ -98.365179303653008, 19.808736906461132 ], [ -98.364989556221971, 19.808768862671904 ], [ -98.364856834967213, 19.808909787797095 ], [ -98.364747705054228, 19.80889852346932 ], [ -98.364580810039897, 19.808963189323368 ], [ -98.364714285370553, 19.808631923274284 ], [ -98.364938812455819, 19.808523955276847 ], [ -98.364841649282113, 19.808393089120738 ], [ -98.364847783618259, 19.808295220851821 ], [ -98.364773580251395, 19.808169875333963 ], [ -98.364912694230625, 19.807865820722711 ], [ -98.365142771675337, 19.807806818111619 ], [ -98.365436550257101, 19.807622955281502 ], [ -98.365460074305943, 19.807487079970507 ], [ -98.36554658781715, 19.807405811559857 ], [ -98.36548973124124, 19.80725333633567 ], [ -98.36536347109859, 19.80721481997023 ], [ -98.36548439329097, 19.807149989136342 ], [ -98.365645540322589, 19.807085300153137 ], [ -98.365818803693017, 19.806862942592044 ], [ -98.365825045104245, 19.806737882136474 ], [ -98.365623892084642, 19.806748044238166 ], [ -98.365561269325113, 19.806600986692583 ], [ -98.365417340265623, 19.806671174913628 ], [ -98.365158534025838, 19.806730076743428 ], [ -98.364819675032621, 19.806690803488156 ], [ -98.36448055514937, 19.806716789932374 ], [ -98.364365981542235, 19.806629368499145 ], [ -98.364176169759034, 19.806677638092705 ], [ -98.363895051293028, 19.806567869185596 ], [ -98.363895397151452, 19.80648085841322 ], [ -98.363775141287078, 19.80637710015905 ], [ -98.363597430426509, 19.80627313897417 ], [ -98.363517289541164, 19.806196715939912 ], [ -98.363402347174869, 19.80620174453674 ], [ -98.363212667384616, 19.806217384762835 ], [ -98.363068954152581, 19.806233186865128 ], [ -98.362988099193444, 19.806336226794464 ], [ -98.36286145069522, 19.806395598279693 ], [ -98.362689202690731, 19.806362353268383 ], [ -98.362586013447483, 19.806302163820149 ], [ -98.362454919046925, 19.80603521561159 ], [ -98.362300039577747, 19.805969403397796 ], [ -98.362191124820001, 19.805903752444209 ], [ -98.362110358093304, 19.805985039740801 ], [ -98.361966318802772, 19.806082417256349 ], [ -98.361970894652089, 19.8063761037799 ], [ -98.361993206316129, 19.806544773803225 ], [ -98.361764040600249, 19.806375364908387 ], [ -98.361431036633846, 19.806308915501244 ], [ -98.360880207061342, 19.806111163881734 ], [ -98.360633284656657, 19.806072211611379 ], [ -98.360812602515566, 19.805773744990436 ], [ -98.361181100431978, 19.805584719226317 ], [ -98.361170889838945, 19.805263820058141 ], [ -98.361343202372183, 19.805280750517024 ], [ -98.361528048612229, 19.805036686030263 ], [ -98.361505845124796, 19.80484082473895 ], [ -98.361518358014763, 19.804585266200522 ], [ -98.361732406543169, 19.804221661379646 ], [ -98.361733230659638, 19.804015006082764 ], [ -98.362045371791822, 19.803548422994268 ], [ -98.362316164352364, 19.803364485745124 ], [ -98.362511651386981, 19.803332552692183 ], [ -98.362626502215676, 19.803349276844024 ], [ -98.362701979296844, 19.803153765866082 ], [ -98.362805944064561, 19.803018177773051 ], [ -98.362593501279974, 19.802979352163778 ], [ -98.362513449125785, 19.802881175562199 ], [ -98.362772813816846, 19.802680881474995 ], [ -98.362756895870874, 19.802349082879299 ], [ -98.362527843468399, 19.802152485625079 ], [ -98.362799378196215, 19.80158133895516 ], [ -98.362811767513136, 19.801555277716666 ], [ -98.363151808854283, 19.801295448407561 ], [ -98.363514740853134, 19.801057454321779 ], [ -98.363893702931662, 19.801124063249002 ], [ -98.364169716363833, 19.801070662377882 ], [ -98.364376540151426, 19.801076837236231 ], [ -98.364646592001179, 19.801077797635372 ], [ -98.364996866386463, 19.801133425044071 ], [ -98.365370404363944, 19.801118437649151 ], [ -98.365566387674463, 19.800961422048054 ], [ -98.365817583153955, 19.801370190644526 ], [ -98.365937341274886, 19.8015990275394 ], [ -98.36602275281632, 19.801795110032167 ], [ -98.365982164931452, 19.8018874198542 ], [ -98.365757497118054, 19.802033458684605 ], [ -98.365756979967017, 19.802163976762291 ], [ -98.365790874423908, 19.802310932308796 ], [ -98.365790292641989, 19.80245776728859 ], [ -98.365800985589033, 19.802659023696222 ], [ -98.365886462114673, 19.80283879295169 ], [ -98.365333634934714, 19.803146816821631 ], [ -98.365063212818725, 19.80323830806018 ], [ -98.36471185266609, 19.803454593756801 ], [ -98.364900733511234, 19.803640171031908 ], [ -98.365400232794755, 19.803739835970582 ], [ -98.365968815177823, 19.803807114037728 ], [ -98.366238202256937, 19.803976659375731 ], [ -98.366484500707386, 19.804173314963965 ], [ -98.36664471608006, 19.804342472575915 ], [ -98.366724642422483, 19.804473276691521 ], [ -98.366833147498383, 19.804642249040363 ], [ -98.366901538844132, 19.804783890289251 ], [ -98.366998811090824, 19.804887564143705 ], [ -98.367107293310866, 19.805061975295391 ], [ -98.367152293812126, 19.805306860070299 ], [ -98.367278660425939, 19.805318185730563 ], [ -98.367692990302814, 19.805161939275475 ], [ -98.367824458081188, 19.805336432261079 ], [ -98.367990552481643, 19.805472979757518 ], [ -98.367835112608716, 19.805548567405985 ], [ -98.367702397507983, 19.805689494841545 ], [ -98.367759276229194, 19.805836532266103 ], [ -98.368034779421407, 19.805913643712998 ], [ -98.368276904453452, 19.805713280670389 ], [ -98.368655277162375, 19.805932152883134 ], [ -98.368839919290849, 19.805737023152663 ], [ -98.36877195481641, 19.805486617666784 ], [ -98.369226590214737, 19.805308757464065 ], [ -98.369352421277227, 19.805456038752126 ], [ -98.369644541490899, 19.805690918836472 ], [ -98.369880038731054, 19.805713504869708 ], [ -98.370103489106555, 19.805877441639435 ], [ -98.370263902646826, 19.805997652615698 ], [ -98.370493013000967, 19.806183363241381 ], [ -98.370578133008749, 19.806455581138543 ], [ -98.370634803633038, 19.806657002012948 ], [ -98.37065667345891, 19.806939873316875 ], [ -98.370696062429062, 19.807152107763429 ], [ -98.37084520094983, 19.807217894387403 ], [ -98.371062885357745, 19.807387250549855 ], [ -98.37116595040132, 19.807480065412598 ], [ -98.371085014391483, 19.807604863194648 ], [ -98.370963878321021, 19.807724079436749 ], [ -98.370670126066187, 19.807902510743361 ], [ -98.370451114886848, 19.808070328678642 ], [ -98.370145998302931, 19.808216090189411 ], [ -98.369967527859217, 19.808302474709055 ], [ -98.370059079835315, 19.808400687735379 ], [ -98.370162014566645, 19.808526133363632 ], [ -98.370327965409714, 19.808700746150976 ], [ -98.370503995835151, 19.808755333198928 ], [ -98.370523095879662, 19.808761255227665 ], [ -98.370482401696592, 19.808880756352625 ], [ -98.37031557592006, 19.808929113442385 ], [ -98.370171775142268, 19.808966675275883 ], [ -98.370234488661211, 19.809091979046318 ], [ -98.370153593899943, 19.809205899307635 ], [ -98.370124371470624, 19.809330878021921 ], [ -98.369899653785637, 19.809487798791245 ], [ -98.369767859126128, 19.80939488003715 ], [ -98.369671226042499, 19.809128060256448 ], [ -98.369515268072092, 19.80933416732584 ], [ -98.369451353938544, 19.809513407576066 ], [ -98.369284718236813, 19.809512819281323 ], [ -98.369025672711572, 19.809631548925772 ], [ -98.368921858781817, 19.809729072312809 ], [ -98.369133990602904, 19.809849466131727 ], [ -98.369300091683357, 19.809986011600753 ], [ -98.369420373414926, 19.810084326388711 ], [ -98.36985165150692, 19.810004273561827 ], [ -98.37004720967883, 19.80995601737003 ], [ -98.370208058158767, 19.809967462647961 ], [ -98.370530160765313, 19.809887022299208 ], [ -98.370673854400437, 19.809876650525116 ], [ -98.370857986567131, 19.809812039659981 ], [ -98.371082893332755, 19.809606173266015 ], [ -98.371225927997571, 19.809764390138632 ], [ -98.371173548101794, 19.809932795357039 ], [ -98.371380131282194, 19.810004220132633 ], [ -98.371512055578847, 19.810064507525727 ], [ -98.371574856009104, 19.810168056778675 ], [ -98.371626036648294, 19.81030419669224 ], [ -98.37160249882956, 19.810445510980923 ], [ -98.371728953419179, 19.810435078623797 ], [ -98.371739998606273, 19.810549323861789 ], [ -98.371624904648641, 19.81059242594133 ], [ -98.371417703857901, 19.810678711672452 ], [ -98.371250766731876, 19.810754258996457 ], [ -98.371325167755714, 19.810830658462777 ], [ -98.371405784231086, 19.810971057899117 ], [ -98.370898356113585, 19.811233034776993 ], [ -98.370523708818823, 19.81142645771078 ], [ -98.370390928281722, 19.811495008359689 ], [ -98.369457255504798, 19.811977037432246 ], [ -98.366260735518011, 19.813617256460642 ], [ -98.364849722840788, 19.81434125571942 ], [ -98.361325193258097, 19.816149633751557 ], [ -98.361315741172746, 19.816154483238368 ], [ -98.361026472061539, 19.816302897580897 ], [ -98.36077879691473, 19.816429970777484 ], [ -98.360770676652692, 19.816434135521547 ], [ -98.360770324551837, 19.816434316797238 ], [ -98.360769568689079, 19.816434704465689 ], [ -98.360768848226655, 19.816435074187993 ], [ -98.360768134462361, 19.816435440319683 ], [ -98.360768007212158, 19.816435504926527 ], [ -98.360767528823118, 19.816435749005208 ], [ -98.360767395829569, 19.816435817206081 ], [ -98.360767141329163, 19.81643594641978 ], [ -98.36076701982951, 19.816436005625349 ], [ -98.360766734713636, 19.816436150091413 ], [ -98.360763802233464, 19.816437635124807 ], [ -98.360750425733912, 19.816444406137823 ], [ -98.359166656865398, 19.817246108123118 ], [ -98.359308082058362, 19.817020310713463 ], [ -98.35947533602581, 19.816868637733272 ], [ -98.359596964697204, 19.816629785505331 ], [ -98.359735246265885, 19.816537829569931 ], [ -98.359942637590876, 19.816408052538016 ], [ -98.360213363862144, 19.816245872502297 ], [ -98.360173751525835, 19.816093456657192 ], [ -98.360248539145672, 19.816071972083318 ] ] ], [ [ [ -98.393323591596797, 19.797184607309781 ], [ -98.393250360843936, 19.797060695095624 ], [ -98.393098575007159, 19.797078911491059 ], [ -98.393075312319795, 19.79708170158349 ], [ -98.392893258263413, 19.796944274243206 ], [ -98.392680746073523, 19.796813945316824 ], [ -98.392361186027102, 19.796827259705275 ], [ -98.392208630886657, 19.796934747026985 ], [ -98.392261118008989, 19.7971365397682 ], [ -98.391979321198036, 19.797221985597869 ], [ -98.391848849218817, 19.797523961671118 ], [ -98.391780655982629, 19.797451724977041 ], [ -98.391766892438852, 19.797070053226072 ], [ -98.391905025926093, 19.796753703598053 ], [ -98.391715336000303, 19.796623449386857 ], [ -98.391562999519749, 19.796673335540657 ], [ -98.391470728718787, 19.796932236086064 ], [ -98.391348273699066, 19.797126232141554 ], [ -98.39117973778076, 19.797435277446137 ], [ -98.391036594875516, 19.797067566358365 ], [ -98.391090393976256, 19.796923740407323 ], [ -98.39108388221301, 19.796635699707277 ], [ -98.391168465229867, 19.796398373119384 ], [ -98.390894795703588, 19.796347038681802 ], [ -98.390787802091211, 19.796476280899498 ], [ -98.39062725557686, 19.796684547178163 ], [ -98.390223276754398, 19.796891982909688 ], [ -98.390330956512543, 19.796582730935729 ], [ -98.390470111697084, 19.79645480777355 ], [ -98.390682123509961, 19.79625990676594 ], [ -98.390755184769844, 19.795722410943743 ], [ -98.390791692123145, 19.795453830552947 ], [ -98.390528707036239, 19.795667997242738 ], [ -98.389875978906261, 19.796199554396782 ], [ -98.389291384317346, 19.795542118079137 ], [ -98.389285140593358, 19.795535094363078 ], [ -98.388486774238174, 19.795431558905726 ], [ -98.388294338179421, 19.795404280698971 ], [ -98.387810092368809, 19.795335637010457 ], [ -98.388024166061584, 19.795055551954622 ], [ -98.387964657773125, 19.794702526322453 ], [ -98.387943734842466, 19.794205623560636 ], [ -98.387847789295677, 19.794147504790669 ], [ -98.387465588067855, 19.793915967192348 ], [ -98.387229059448984, 19.794029910955818 ], [ -98.386901614979166, 19.79418765151857 ], [ -98.386498549242489, 19.794157465605444 ], [ -98.38650260870044, 19.794142741014831 ], [ -98.386637407359331, 19.793653911724533 ], [ -98.385782666598161, 19.793922656186847 ], [ -98.385753908931918, 19.793931695972436 ], [ -98.385366913704445, 19.793678348693469 ], [ -98.385511724101264, 19.793606841978228 ], [ -98.385551290021041, 19.793597997522763 ], [ -98.385702066247276, 19.793564295452445 ], [ -98.385725442195934, 19.793420365684671 ], [ -98.38550500130934, 19.793376404519037 ], [ -98.385469833956279, 19.793388917542554 ], [ -98.385124121834409, 19.793511903655567 ], [ -98.384562332445071, 19.793214751648417 ], [ -98.384547866019361, 19.793098235894277 ], [ -98.384532818070213, 19.792977035424592 ], [ -98.384422346450236, 19.792857962484312 ], [ -98.384358575826255, 19.792789224553843 ], [ -98.384357402137852, 19.792737168499595 ], [ -98.384354424518989, 19.792605279651628 ], [ -98.38435207612703, 19.792501183802973 ], [ -98.384170421569408, 19.792262943470721 ], [ -98.383982397513506, 19.791973670001177 ], [ -98.383799865466585, 19.791692831862356 ], [ -98.383513925559541, 19.791691845988211 ], [ -98.383176092675157, 19.791690680606138 ], [ -98.382994662693534, 19.791394835863827 ], [ -98.382800817048889, 19.791216608644433 ], [ -98.382782416830239, 19.791199690248295 ], [ -98.382762829683898, 19.791188786056704 ], [ -98.382739973102758, 19.791176059660788 ], [ -98.382696653923063, 19.791151939877032 ], [ -98.382658184619373, 19.791130520669885 ], [ -98.382593401661737, 19.791094449171911 ], [ -98.382509148802583, 19.791047537092677 ], [ -98.382315407057987, 19.790955006399322 ], [ -98.382205425491534, 19.790902478560373 ], [ -98.382173167799863, 19.790964868886203 ], [ -98.382082798543507, 19.791139671119478 ], [ -98.381657058429624, 19.791073394716722 ], [ -98.381418074888387, 19.791017223031407 ], [ -98.381315052665457, 19.790993006565241 ], [ -98.380897279983856, 19.790833150544355 ], [ -98.38087435944577, 19.790833071165629 ], [ -98.380737535034015, 19.790832597252265 ], [ -98.380674451936201, 19.790799744335096 ], [ -98.380236479108149, 19.790571643718931 ], [ -98.380180214658012, 19.790611283309531 ], [ -98.379839832109013, 19.790851086141579 ], [ -98.379829081751993, 19.790460217040611 ], [ -98.379819826699219, 19.790123770856692 ], [ -98.38036189563492, 19.789614420042739 ], [ -98.380700317242187, 19.79005079736304 ], [ -98.380770635388302, 19.790141469114406 ], [ -98.381243238794809, 19.789891089444794 ], [ -98.381422152562337, 19.78985210615955 ], [ -98.381601068160677, 19.789813121795717 ], [ -98.381806705394155, 19.789749030487734 ], [ -98.38211875218478, 19.789706905765811 ], [ -98.382339741343017, 19.789606863692853 ], [ -98.382628999187858, 19.789557459055814 ], [ -98.382849819481251, 19.789500617431258 ], [ -98.38297194567815, 19.789393032973425 ], [ -98.38306361624241, 19.789292543612898 ], [ -98.383094458987358, 19.789184642231085 ], [ -98.383056246445435, 19.789159126853548 ], [ -98.382942709668228, 19.789083312814309 ], [ -98.383118224712575, 19.788939909295461 ], [ -98.38337643001077, 19.788879753078263 ], [ -98.383422773824137, 19.788868955256238 ], [ -98.383822662178915, 19.788603444588723 ], [ -98.383865108987976, 19.788575261455634 ], [ -98.384078680766862, 19.788424787818947 ], [ -98.384278209931026, 19.788413673419594 ], [ -98.384322153895639, 19.788411225855281 ], [ -98.384399020351808, 19.788399096078034 ], [ -98.384991972466608, 19.788305525169243 ], [ -98.385035398723574, 19.788311347659146 ], [ -98.385212458664995, 19.788335084609606 ], [ -98.385412859964191, 19.78824740025409 ], [ -98.385441050736219, 19.788235064741606 ], [ -98.386026969313306, 19.788186673998322 ], [ -98.386665777634022, 19.788232070083069 ], [ -98.38681854839065, 19.788066982131642 ], [ -98.386978291720467, 19.788067529919996 ], [ -98.387015746335635, 19.788218867932653 ], [ -98.3872664685899, 19.788298932310735 ], [ -98.387639065659826, 19.788336212103349 ], [ -98.387981098743793, 19.788409387928109 ], [ -98.388202219188244, 19.788273335678873 ], [ -98.388195547515295, 19.788028497703177 ], [ -98.387967672603779, 19.78794131255097 ], [ -98.387777888063667, 19.787839856975754 ], [ -98.387550068721993, 19.787738269112566 ], [ -98.387132439318762, 19.787542427627464 ], [ -98.387032999395544, 19.787686095155397 ], [ -98.386751878347795, 19.787598724114016 ], [ -98.386806365887367, 19.787274890934906 ], [ -98.386464144685903, 19.787252116981861 ], [ -98.386037114806314, 19.787524266446859 ], [ -98.385938391526352, 19.787480725707091 ], [ -98.38580940748696, 19.787393878357115 ], [ -98.385558962640985, 19.787241807380283 ], [ -98.385254749045401, 19.787226361108619 ], [ -98.385146345013254, 19.787722818750357 ], [ -98.384972596128335, 19.787766818089146 ], [ -98.384613345284336, 19.787857793990664 ], [ -98.383997164363777, 19.787862872359344 ], [ -98.383654581377456, 19.787933696325361 ], [ -98.384044079574423, 19.787531814695509 ], [ -98.384124104440986, 19.787430327644248 ], [ -98.384196962989719, 19.787337927373748 ], [ -98.384289075325455, 19.787122230700561 ], [ -98.384273259549715, 19.787090933443022 ], [ -98.384183382796294, 19.786913054889666 ], [ -98.38398555144903, 19.7869267748788 ], [ -98.383737653841465, 19.787002625136942 ], [ -98.383566681039554, 19.787054939039752 ], [ -98.383286283809667, 19.786780355067961 ], [ -98.383332671607235, 19.786586101120953 ], [ -98.383211879399468, 19.786348070650661 ], [ -98.383090227087962, 19.786333249495787 ], [ -98.383288509419273, 19.78599536299517 ], [ -98.383381196025979, 19.785837422824756 ], [ -98.383521937900468, 19.785677631339993 ], [ -98.383747922630846, 19.785421059837603 ], [ -98.383596231778313, 19.785305330641691 ], [ -98.383207708254901, 19.78545520043988 ], [ -98.383009492371727, 19.785569723829308 ], [ -98.382772934634389, 19.785763319554537 ], [ -98.382597398928212, 19.785913923069376 ], [ -98.382382598995747, 19.78601701603726 ], [ -98.382269698567768, 19.786071201052774 ], [ -98.382034390917994, 19.785940779284982 ], [ -98.381806216914697, 19.785932790271662 ], [ -98.38164508537352, 19.786292256185082 ], [ -98.381409276552574, 19.786291440530878 ], [ -98.381197568614496, 19.785959486046703 ], [ -98.381281771689615, 19.785822970295698 ], [ -98.381328105979364, 19.785643118178768 ], [ -98.381275665767987, 19.785434124970383 ], [ -98.381047909804494, 19.785318128627775 ], [ -98.380873068635438, 19.785288722206808 ], [ -98.380912798303868, 19.784849631791964 ], [ -98.380524775628487, 19.784869888804554 ], [ -98.380326917811928, 19.784890805892172 ], [ -98.380386965019667, 19.785099826621511 ], [ -98.380287577395265, 19.785229089951518 ], [ -98.380073559547938, 19.785267850230188 ], [ -98.379975480385411, 19.785285612076169 ], [ -98.379801084485635, 19.78514099806894 ], [ -98.379443569722454, 19.785139757689453 ], [ -98.379070647616985, 19.785188866852153 ], [ -98.378819321419002, 19.785267198805244 ], [ -98.378901681951604, 19.785605905217352 ], [ -98.378779165196519, 19.785814293092923 ], [ -98.378580525008246, 19.78603681688379 ], [ -98.378466479993065, 19.786022018132261 ], [ -98.378261462055207, 19.78592769995134 ], [ -98.37839908276402, 19.785748167876537 ], [ -98.378128285727158, 19.784962377941621 ], [ -98.378309687692649, 19.784751046920579 ], [ -98.378510351095258, 19.784517278159441 ], [ -98.378056774760964, 19.783788454940304 ], [ -98.377546126659766, 19.784045895416721 ], [ -98.3773463678139, 19.784556431425347 ], [ -98.377725441150815, 19.784881771622686 ], [ -98.377282520764055, 19.785326655909312 ], [ -98.377326563715698, 19.785737235899418 ], [ -98.377346474838873, 19.785795680971948 ], [ -98.377429693899188, 19.786039966859541 ], [ -98.377446900865635, 19.786090475694984 ], [ -98.377521765150959, 19.786400356352033 ], [ -98.377561739855864, 19.786820607404387 ], [ -98.377565615020288, 19.786861336611253 ], [ -98.37757795371094, 19.78700291992584 ], [ -98.377602027300782, 19.787279090201977 ], [ -98.3775406681128, 19.787408483361521 ], [ -98.377233889413873, 19.787528787779429 ], [ -98.377213072882412, 19.787536952031232 ], [ -98.377014878300699, 19.787644266578866 ], [ -98.376809157044818, 19.787729956552525 ], [ -98.376634005963538, 19.787779747885498 ], [ -98.376337227265594, 19.787807515807621 ], [ -98.37575916543274, 19.787758244868854 ], [ -98.375759173245967, 19.787758199713686 ], [ -98.375756724225084, 19.787758037542783 ], [ -98.375730671663291, 19.78775581758309 ], [ -98.375717749888167, 19.787754715195913 ], [ -98.375709508199833, 19.787754012296485 ], [ -98.375691195346278, 19.787752451909906 ], [ -98.375672748892129, 19.787750878403859 ], [ -98.375518212458772, 19.787737705698575 ], [ -98.375280220874828, 19.787717418730224 ], [ -98.375349187640467, 19.787588052975732 ], [ -98.375472019938485, 19.787300463918061 ], [ -98.375480159852955, 19.78716368354231 ], [ -98.375191353819815, 19.787097870268912 ], [ -98.374985242894226, 19.787284363310988 ], [ -98.374740813664275, 19.787542723017655 ], [ -98.374512806703365, 19.787491523603173 ], [ -98.374551401928002, 19.78734764956079 ], [ -98.374377009850704, 19.787203030371121 ], [ -98.374385600582855, 19.786951045478169 ], [ -98.374541734654031, 19.786754308952414 ], [ -98.374699022467411, 19.786556116015447 ], [ -98.374851328564759, 19.786084392710844 ], [ -98.37499161944227, 19.785649884675252 ], [ -98.374339504721604, 19.785359040095436 ], [ -98.374308197302881, 19.785345075803839 ], [ -98.3742470359919, 19.785424066593428 ], [ -98.37423148360844, 19.785510417254653 ], [ -98.374179432744185, 19.785666053048843 ], [ -98.374154516609025, 19.785740562044779 ], [ -98.374085550680803, 19.785869929171 ], [ -98.374084591808213, 19.785901555326618 ], [ -98.374076818935151, 19.786157914939736 ], [ -98.374000944473963, 19.786248059365576 ], [ -98.373816979951641, 19.786466624092874 ], [ -98.373643095246521, 19.786192399282275 ], [ -98.373300709036798, 19.786212801278822 ], [ -98.373354913298414, 19.785968175681475 ], [ -98.373096396542991, 19.785938468402978 ], [ -98.372913723461593, 19.785966628932147 ], [ -98.372670056197293, 19.786030578451737 ], [ -98.372532459058732, 19.786202905764796 ], [ -98.372486141082405, 19.786375553333247 ], [ -98.372592015179407, 19.786534334445815 ], [ -98.372563272576514, 19.786553831913807 ], [ -98.37231743922284, 19.786720583208279 ], [ -98.371975390508752, 19.786654577867967 ], [ -98.371891010747206, 19.786834291831212 ], [ -98.371480077312754, 19.78687605119752 ], [ -98.37124144422458, 19.78677622474919 ], [ -98.371237058121039, 19.786774389377552 ], [ -98.370879652443961, 19.786744331095786 ], [ -98.370598431362737, 19.78668573741875 ], [ -98.370278494660013, 19.786799818813098 ], [ -98.370042884754213, 19.786748585167629 ], [ -98.369837474641585, 19.786755061602925 ], [ -98.369660562767436, 19.78667055235735 ], [ -98.369594513399647, 19.786638999054418 ], [ -98.369303655354486, 19.786796831024336 ], [ -98.369403411431122, 19.786537138283254 ], [ -98.3697238219506, 19.785703010720479 ], [ -98.369732118778273, 19.785681411147358 ], [ -98.369887051350531, 19.785754375557506 ], [ -98.370009155695257, 19.785654000240932 ], [ -98.370032597114459, 19.785495673301178 ], [ -98.369987295987769, 19.785409108659326 ], [ -98.369778406584615, 19.785501836871902 ], [ -98.369858360769157, 19.785191663089837 ], [ -98.370102586145038, 19.785107096298542 ], [ -98.370238099581044, 19.785143244230596 ], [ -98.370376143104821, 19.785180064247974 ], [ -98.37053014790618, 19.785155269967369 ], [ -98.37055120822329, 19.785151877709929 ], [ -98.370665507237376, 19.785101878137976 ], [ -98.371046291096903, 19.784988009975919 ], [ -98.3713627234565, 19.784945579509049 ], [ -98.371464883664558, 19.784931880576956 ], [ -98.371822340007881, 19.784947536332908 ], [ -98.371913310063974, 19.785027060683639 ], [ -98.372103080770785, 19.785128532769505 ], [ -98.372186415412244, 19.785215231348502 ], [ -98.372300996089962, 19.785093226281926 ], [ -98.372635886268228, 19.785043997852075 ], [ -98.372621236248094, 19.784899937395249 ], [ -98.372599148952233, 19.784712649207187 ], [ -98.372417295099609, 19.784531998824413 ], [ -98.37249591736709, 19.784378882194812 ], [ -98.372516942274828, 19.784337937554387 ], [ -98.37246457041779, 19.784114539900163 ], [ -98.372337119738347, 19.783638863748706 ], [ -98.372287944861952, 19.783602995208643 ], [ -98.371821340152962, 19.783262630332185 ], [ -98.371753557286127, 19.7830895820547 ], [ -98.371632247574169, 19.782988347499412 ], [ -98.371289585566856, 19.783080750272251 ], [ -98.371191236569828, 19.782943596593558 ], [ -98.371084660601809, 19.782964821723535 ], [ -98.371035583937783, 19.782969966188489 ], [ -98.370392447153236, 19.783037374321246 ], [ -98.370320586686489, 19.782537369335842 ], [ -98.370202774283612, 19.781717619929847 ], [ -98.370191796594767, 19.781641234710246 ], [ -98.370171857618601, 19.781502496899421 ], [ -98.370278364320967, 19.78136895123022 ], [ -98.373177427816699, 19.779961058198442 ], [ -98.373769340959925, 19.779673592547155 ], [ -98.373816401206184, 19.778505712814091 ], [ -98.373818737351883, 19.778447744653636 ], [ -98.373846739562993, 19.777752822393683 ], [ -98.373864391577897, 19.776982427174378 ], [ -98.373867289105277, 19.776857464387927 ], [ -98.37387124367774, 19.776686964974513 ], [ -98.373876689189174, 19.776452222191971 ], [ -98.373883072850518, 19.776176957614325 ], [ -98.373890301163755, 19.775865308722196 ], [ -98.373896081763661, 19.775616115019488 ], [ -98.373897331834996, 19.775562213074856 ], [ -98.373900881200896, 19.7754091580784 ], [ -98.373905147644351, 19.775225256793746 ], [ -98.373908661224817, 19.775073781245627 ], [ -98.373910147478625, 19.775009752017453 ], [ -98.373915283139851, 19.774791726528015 ], [ -98.373922038714696, 19.774505013050103 ], [ -98.373925257762281, 19.774368323784053 ], [ -98.373929956886599, 19.77416893362475 ], [ -98.373940066540484, 19.773739764227905 ], [ -98.373950436624796, 19.773299614566078 ], [ -98.373959183157112, 19.772928335401836 ], [ -98.373960889379887, 19.772855870450506 ], [ -98.373962438454171, 19.772790158828769 ], [ -98.373962452237635, 19.772789562468006 ], [ -98.37396478974145, 19.772690369757203 ], [ -98.373966919264831, 19.772599947144563 ], [ -98.373969100186144, 19.772507361372611 ], [ -98.373970809681225, 19.77243478799107 ], [ -98.373973283517557, 19.772329767210284 ], [ -98.37397409365704, 19.772295369894977 ], [ -98.373976368390686, 19.772198801158421 ], [ -98.373978820218639, 19.772094768890817 ], [ -98.373980497418401, 19.772023617737883 ], [ -98.373983053290985, 19.771915183248908 ], [ -98.373984863305736, 19.771838373902245 ], [ -98.373986334550011, 19.77177596303396 ], [ -98.373987114013929, 19.771742818971738 ], [ -98.373988601339178, 19.771679711444751 ], [ -98.373990071451246, 19.77161734485016 ], [ -98.37399208434293, 19.771531844903649 ], [ -98.373993956891425, 19.771452462176658 ], [ -98.373996441152769, 19.771346958870737 ], [ -98.37399878525315, 19.771247525794848 ], [ -98.374001282888358, 19.771141528236488 ], [ -98.374002994318715, 19.771068935873128 ], [ -98.374004935580729, 19.770986618326308 ], [ -98.374005951609305, 19.770943488850367 ], [ -98.374008372359071, 19.77084079928251 ], [ -98.374010264988883, 19.770760422603932 ], [ -98.374012365272677, 19.770671355343293 ], [ -98.374014598412685, 19.770576619044995 ], [ -98.374014652335447, 19.770574298659866 ], [ -98.374016948029819, 19.770476741383263 ], [ -98.374017957029395, 19.770433942616084 ], [ -98.374019772403884, 19.770356968810116 ], [ -98.374021718499918, 19.770274383792692 ], [ -98.374023610691467, 19.770194113737833 ], [ -98.374025426244003, 19.770117092036816 ], [ -98.374027359795107, 19.770035028379318 ], [ -98.374027698522411, 19.770020637126279 ], [ -98.374029242525793, 19.769954978779733 ], [ -98.374031039618515, 19.769878771200833 ], [ -98.374032460637821, 19.769818452092572 ], [ -98.374032711355568, 19.76980777724496 ], [ -98.374034530702701, 19.769730513375357 ], [ -98.374036541898718, 19.76964518328975 ], [ -98.374038177987586, 19.769575738967493 ], [ -98.374038901915782, 19.769545075222375 ], [ -98.374045012630489, 19.769285701960083 ], [ -98.374049592233632, 19.769091373510076 ], [ -98.374052346341486, 19.768974420060381 ], [ -98.374053414962958, 19.768929055126879 ], [ -98.374054830116691, 19.768869008893613 ], [ -98.374064302752046, 19.768824570682902 ], [ -98.37408243609157, 19.768739503919925 ], [ -98.374097029078129, 19.768671049226985 ], [ -98.374127101408348, 19.768656035439694 ], [ -98.374274749677227, 19.768582314219497 ], [ -98.374419598875846, 19.768496413626725 ], [ -98.374439062538272, 19.768503864496942 ], [ -98.374533517733354, 19.768540015391849 ], [ -98.374723694011308, 19.768533479757355 ], [ -98.374822737477416, 19.768490622294834 ], [ -98.37502026588237, 19.768548916427232 ], [ -98.375222081222006, 19.768515351157411 ], [ -98.375317092169141, 19.768499549095406 ], [ -98.375712372834315, 19.768558532728854 ], [ -98.376081760601608, 19.768566547871611 ], [ -98.376107851816926, 19.768567112357868 ], [ -98.376177193802732, 19.768596287205479 ], [ -98.376487527731442, 19.768726845735213 ], [ -98.376403191959824, 19.768899364198564 ], [ -98.376421254134954, 19.768920899693821 ], [ -98.376524327391749, 19.769043793909056 ], [ -98.37678172451335, 19.769354310259573 ], [ -98.377162608399615, 19.769204429498075 ], [ -98.377205361460582, 19.769172033327326 ], [ -98.377399087928879, 19.769025238925245 ], [ -98.377315898334189, 19.768902542712148 ], [ -98.377194793110078, 19.768750911529054 ], [ -98.377043374315377, 19.768570371767836 ], [ -98.376944581224322, 19.768548426929243 ], [ -98.376906746641296, 19.76849789135029 ], [ -98.376900037156062, 19.768267453289937 ], [ -98.376717747698379, 19.768202015821753 ], [ -98.376710768796499, 19.768128645789496 ], [ -98.376695826179727, 19.767971524766157 ], [ -98.376602187450601, 19.7678799894768 ], [ -98.376455243760475, 19.767736350045855 ], [ -98.37639273950218, 19.767675249661217 ], [ -98.376074471617599, 19.767371720838554 ], [ -98.376713109321145, 19.767438750843759 ], [ -98.376807892959775, 19.767482230292341 ], [ -98.376902918686014, 19.767525817165495 ], [ -98.376978361751355, 19.767684489853959 ], [ -98.377010103675289, 19.767670317259729 ], [ -98.377065672121418, 19.767645503076483 ], [ -98.377138363168356, 19.767613042140919 ], [ -98.377086131327246, 19.767353644437733 ], [ -98.377107265157022, 19.76712670461346 ], [ -98.377674454953663, 19.767497152584554 ], [ -98.378337415439333, 19.767930146116168 ], [ -98.378775717774033, 19.768216408756594 ], [ -98.378949874495262, 19.768330154026877 ], [ -98.379039316152642, 19.768388569200969 ], [ -98.379531931041313, 19.76871029704682 ], [ -98.382800037632677, 19.770844656375921 ], [ -98.382933670224816, 19.77093192928546 ], [ -98.386148373315976, 19.773031290394368 ], [ -98.388905445317334, 19.77483170936355 ], [ -98.390919385583487, 19.775098540349902 ], [ -98.392476880372612, 19.774414225198253 ], [ -98.394601847202139, 19.773480549530991 ], [ -98.395045782256759, 19.773285486913153 ], [ -98.395340496323755, 19.773155990363151 ], [ -98.397834884665059, 19.772059934302938 ], [ -98.398962595302038, 19.773459777563382 ], [ -98.399175947154873, 19.773724612176164 ], [ -98.39887205501033, 19.77395639043295 ], [ -98.398347829117114, 19.774564982541595 ], [ -98.398924551791723, 19.774694806242042 ], [ -98.399292367385726, 19.77485880230785 ], [ -98.399530973893505, 19.775092120565233 ], [ -98.399304722909548, 19.775159574127223 ], [ -98.399106803083541, 19.77521858033446 ], [ -98.398941293985231, 19.775142456316164 ], [ -98.398853775242699, 19.77503309492646 ], [ -98.398764048528122, 19.77492096993269 ], [ -98.39865987831503, 19.7748624896001 ], [ -98.39856557184838, 19.774916993576475 ], [ -98.398499879012903, 19.774954959270392 ], [ -98.398309545616911, 19.774948506891498 ], [ -98.397995881609432, 19.775081147062892 ], [ -98.397901661065291, 19.775120814795503 ], [ -98.397776318538462, 19.775173580076544 ], [ -98.397694517616841, 19.775208017596572 ], [ -98.397497892183253, 19.775242232843301 ], [ -98.397595506392733, 19.775411134412391 ], [ -98.397570508266014, 19.775527308779832 ], [ -98.397465442313333, 19.77570715593852 ], [ -98.397404970460073, 19.775750719759085 ], [ -98.397280724364649, 19.775840229081581 ], [ -98.397108638461702, 19.775880340661018 ], [ -98.397016136675447, 19.775984661015755 ], [ -98.396966686037842, 19.776071687766382 ], [ -98.39703603469836, 19.776287786093231 ], [ -98.397136629747706, 19.776601233574635 ], [ -98.397196855692883, 19.776915334751184 ], [ -98.397191374114627, 19.77696110074276 ], [ -98.397139797312505, 19.777391799326882 ], [ -98.397379278438805, 19.77739260630765 ], [ -98.397384653453273, 19.7775960763786 ], [ -98.397458341004253, 19.777596324619328 ], [ -98.397500996467343, 19.777683661744437 ], [ -98.397672758478549, 19.777730743995761 ], [ -98.397709295064004, 19.777812246367283 ], [ -98.397899696360071, 19.777801262807159 ], [ -98.398068230595754, 19.777827893195109 ], [ -98.398200410395035, 19.777848776779976 ], [ -98.398470245689751, 19.777942691990948 ], [ -98.398605402897431, 19.77792570778529 ], [ -98.398694531948209, 19.777809754320366 ], [ -98.398765844100851, 19.777716982868156 ], [ -98.398764310029279, 19.77770731947092 ], [ -98.398741846581004, 19.777565766277821 ], [ -98.39869964934752, 19.777356360133354 ], [ -98.398779273902321, 19.777300245272428 ], [ -98.398945924308705, 19.777182800930564 ], [ -98.399100091758143, 19.77700893197456 ], [ -98.399204392544732, 19.776854452248067 ], [ -98.399260639350942, 19.776771141821758 ], [ -98.399335197842959, 19.776538875074667 ], [ -98.399339394571257, 19.776524266255038 ], [ -98.399403635150406, 19.776300777244764 ], [ -98.399523475531595, 19.776231516966153 ], [ -98.39956363627536, 19.776208306804602 ], [ -98.399724008214974, 19.776017019384909 ], [ -98.399952490513684, 19.775674824310137 ], [ -98.400223541224463, 19.775443217937713 ], [ -98.40041904367952, 19.775267643777447 ], [ -98.400863304659808, 19.775819087506644 ], [ -98.401334862855805, 19.776404408218298 ], [ -98.401728879962462, 19.776893476928304 ], [ -98.402133886623815, 19.777396183319119 ], [ -98.40328767069272, 19.778828267338287 ], [ -98.405496233706884, 19.781569467060855 ], [ -98.406477125274321, 19.78278687818181 ], [ -98.406880836823376, 19.783287930641059 ], [ -98.406733760447764, 19.783405358667913 ], [ -98.406800880256597, 19.783521839930867 ], [ -98.406855307195414, 19.783748723562216 ], [ -98.406836153167006, 19.783946299822553 ], [ -98.406891012535439, 19.784056926277554 ], [ -98.406878471119057, 19.784126639474671 ], [ -98.407025700946051, 19.784167817450932 ], [ -98.407191461775412, 19.784179993447196 ], [ -98.407381459897735, 19.784279443114102 ], [ -98.407516062864474, 19.784413584641108 ], [ -98.407293552563161, 19.784802312726168 ], [ -98.407120642789238, 19.785063319973837 ], [ -98.406935684866198, 19.785260346391851 ], [ -98.406763954916627, 19.785201646539438 ], [ -98.406598345685723, 19.785148780940204 ], [ -98.406432349894644, 19.785200546079913 ], [ -98.406223474464937, 19.78522310539142 ], [ -98.406063811683168, 19.785222575130522 ], [ -98.405941209547535, 19.785164037670313 ], [ -98.405777541853496, 19.784588016931686 ], [ -98.405679460795255, 19.784541188087676 ], [ -98.405531758449527, 19.784627889687179 ], [ -98.405469831228515, 19.784767194257583 ], [ -98.405194097948524, 19.784603515837503 ], [ -98.405028337841713, 19.784591337985972 ], [ -98.404776002831412, 19.784741634155697 ], [ -98.404610674629069, 19.784613200610387 ], [ -98.404419489520279, 19.784833452821548 ], [ -98.404228063247444, 19.785117648281616 ], [ -98.40395194049583, 19.785058599711714 ], [ -98.403841860487319, 19.784936160107151 ], [ -98.403753676362683, 19.784920952198899 ], [ -98.403670024872767, 19.784906523853714 ], [ -98.403290700468247, 19.78452741957733 ], [ -98.403456847978433, 19.78443496819067 ], [ -98.403298074572433, 19.784196109086093 ], [ -98.403114888735814, 19.783916478686862 ], [ -98.403078781175253, 19.78371871846992 ], [ -98.403244992896049, 19.783608828779318 ], [ -98.403258239081211, 19.783539203162999 ], [ -98.4032637832738, 19.783510071633398 ], [ -98.403509676490032, 19.783441137242551 ], [ -98.403694158540418, 19.783371997738968 ], [ -98.403810919198037, 19.783349136059741 ], [ -98.403799158948232, 19.783209587310036 ], [ -98.403916632109414, 19.782994900499538 ], [ -98.404039989453764, 19.782849989793188 ], [ -98.40411449901714, 19.782629347352387 ], [ -98.404188945437497, 19.782426143355476 ], [ -98.404201852414403, 19.782257611697812 ], [ -98.404110173681588, 19.782141050378009 ], [ -98.404018105955402, 19.782129116275133 ], [ -98.403889020865151, 19.782163564335598 ], [ -98.403759978987523, 19.782186384239356 ], [ -98.403575388256286, 19.782284588581536 ], [ -98.403599626050223, 19.782371862885149 ], [ -98.403507060562731, 19.782493625014556 ], [ -98.403292114149792, 19.782498720228443 ], [ -98.403082808847685, 19.782637533063788 ], [ -98.402941418418308, 19.782677750741289 ], [ -98.402806365872152, 19.782665673396099 ], [ -98.402824074199202, 19.782857558135404 ], [ -98.402633320344819, 19.782961553180581 ], [ -98.402739924843814, 19.783197531284046 ], [ -98.402749041817188, 19.783217707767243 ], [ -98.402605723902639, 19.783306437646377 ], [ -98.402478217694792, 19.783385377654799 ], [ -98.402286618288372, 19.783716072428103 ], [ -98.40219596435594, 19.783774311625276 ], [ -98.402097222372234, 19.783837745036465 ], [ -98.401936668459072, 19.783936714746186 ], [ -98.401544874219738, 19.784178225332663 ], [ -98.401567373807254, 19.784264706976369 ], [ -98.401627364234926, 19.784495322842055 ], [ -98.401611478967467, 19.784675280865521 ], [ -98.401443917844816, 19.784732324286683 ], [ -98.40147402014118, 19.78481883048255 ], [ -98.401686954370987, 19.784833943692149 ], [ -98.401572290993514, 19.784984769955575 ], [ -98.401450313900924, 19.785056366526337 ], [ -98.401266784908188, 19.78531496928634 ], [ -98.401113950646987, 19.785501669824793 ], [ -98.401111260183342, 19.785504039226414 ], [ -98.40086972686143, 19.78571686432619 ], [ -98.400663619845517, 19.78591058714629 ], [ -98.400419745136418, 19.786032178262268 ], [ -98.4002671248345, 19.786161274534201 ], [ -98.400258656676442, 19.786391660246505 ], [ -98.400364396140048, 19.786593628705539 ], [ -98.400355037735125, 19.787061627637225 ], [ -98.400827277756889, 19.786897600282504 ], [ -98.401095998395704, 19.78694941054485 ], [ -98.401169340512439, 19.786963550752361 ], [ -98.401260192144491, 19.787079061622212 ], [ -98.40136563734734, 19.787360233636971 ], [ -98.401440790853528, 19.787605300874407 ], [ -98.40163047852397, 19.787735544822731 ], [ -98.402125029647934, 19.7877083962561 ], [ -98.402581517685547, 19.787688321245962 ], [ -98.402824614999233, 19.787775538789951 ], [ -98.402961671773923, 19.78773999500677 ], [ -98.403120852818887, 19.787891736434648 ], [ -98.403303039996359, 19.787993150588765 ], [ -98.403448056468875, 19.788112547926247 ], [ -98.403524615414369, 19.788135714558624 ], [ -98.403705613048956, 19.788152903944411 ], [ -98.40398639682715, 19.788333851356185 ], [ -98.404023574905395, 19.788564390377111 ], [ -98.403901113783718, 19.788765596890272 ], [ -98.403809482136879, 19.788858896174666 ], [ -98.403702477090974, 19.788995348653007 ], [ -98.403642954690156, 19.789120924052451 ], [ -98.403610471790941, 19.789189453506953 ], [ -98.403769518948735, 19.789377197245202 ], [ -98.403868114529502, 19.789456731152924 ], [ -98.404156882460569, 19.789536898924464 ], [ -98.404248059057522, 19.789566003984469 ], [ -98.404521692297934, 19.789624519834906 ], [ -98.404643350468888, 19.789639325618364 ], [ -98.404787666448399, 19.789697410374661 ], [ -98.405000608531353, 19.789712519808909 ], [ -98.405601527271898, 19.789721719051144 ], [ -98.405699697506364, 19.78991645901289 ], [ -98.406270912613891, 19.789731143668828 ], [ -98.406438850970105, 19.789573291029672 ], [ -98.406248916898434, 19.789507855792937 ], [ -98.406234291567714, 19.789349396928266 ], [ -98.406349034893111, 19.78917696707293 ], [ -98.406546761128297, 19.789192024128464 ], [ -98.406676398351792, 19.789106048946156 ], [ -98.406881704601915, 19.78912833109003 ], [ -98.407064243096144, 19.789136136881712 ], [ -98.407360487636439, 19.78925232763131 ], [ -98.407283832292705, 19.789410483827307 ], [ -98.407124087024727, 19.78940995414629 ], [ -98.407062750513461, 19.789539359821401 ], [ -98.406986415572987, 19.789611111481733 ], [ -98.40692516076416, 19.789718914654394 ], [ -98.407038944066315, 19.789805697537236 ], [ -98.407175497332062, 19.789906957368281 ], [ -98.407281487632076, 19.790044117291174 ], [ -98.407303694175383, 19.790209801521069 ], [ -98.407157989994658, 19.790526138993595 ], [ -98.407028351841589, 19.790612116295907 ], [ -98.406936509499772, 19.790763021618815 ], [ -98.406897673712876, 19.79097890548281 ], [ -98.407094683518466, 19.79118837411086 ], [ -98.407165611559549, 19.791255984765538 ], [ -98.407382736029746, 19.7914629470914 ], [ -98.407518862824205, 19.791679411016592 ], [ -98.407586926828046, 19.79178764475078 ], [ -98.407601314911545, 19.792010907243686 ], [ -98.407730077130623, 19.792162543880817 ], [ -98.40780574344528, 19.792309308256755 ], [ -98.407037602112709, 19.792684993709734 ], [ -98.40681080884552, 19.792836172312047 ], [ -98.406665135062283, 19.792908349710153 ], [ -98.406321699779568, 19.793078507537825 ], [ -98.405467290531561, 19.793501830115602 ], [ -98.405107212719699, 19.79368294389597 ], [ -98.404963341991817, 19.793600648371164 ], [ -98.404849153918732, 19.793621870916798 ], [ -98.404757789488144, 19.793643167587057 ], [ -98.404590164476829, 19.793714614098295 ], [ -98.404597798721525, 19.793939168107801 ], [ -98.404498666080755, 19.793771914390028 ], [ -98.404407701298922, 19.793685205025401 ], [ -98.404056863647426, 19.793928851227335 ], [ -98.403996166960482, 19.793885445259541 ], [ -98.403784213243597, 19.7936039195699 ], [ -98.403625053800113, 19.793444978460613 ], [ -98.403235428625507, 19.793890107363538 ], [ -98.403075223692852, 19.794011981087365 ], [ -98.402847573353256, 19.793860010857209 ], [ -98.402619574279086, 19.793801644839021 ], [ -98.402473580762589, 19.793581128531148 ], [ -98.402438024914545, 19.793527421320114 ], [ -98.402484713243695, 19.793246758600322 ], [ -98.402302062939128, 19.79326774884667 ], [ -98.402210160865309, 19.793433051954629 ], [ -98.402224621196382, 19.793634714027686 ], [ -98.402086752689115, 19.793886268685867 ], [ -98.401949368710916, 19.794008217716804 ], [ -98.402313166121232, 19.794369456565036 ], [ -98.402297521236278, 19.794484612593148 ], [ -98.402494716174417, 19.794643682011593 ], [ -98.402397135718232, 19.794910580000469 ], [ -98.402394802454452, 19.794916966437381 ], [ -98.402382922708014, 19.795089225948768 ], [ -98.400406926770827, 19.796019640244022 ], [ -98.400004768032389, 19.796208997177715 ], [ -98.399509280777025, 19.796442293234616 ], [ -98.399333834777451, 19.796571648688655 ], [ -98.398965788461737, 19.796743910535568 ], [ -98.398858617515074, 19.796626018553056 ], [ -98.398601431905121, 19.796236327718422 ], [ -98.398509899578684, 19.796156344801766 ], [ -98.398419454079175, 19.796077305294638 ], [ -98.398358297295218, 19.796156304437314 ], [ -98.398421404573568, 19.796286945307674 ], [ -98.398448881372644, 19.796343820498763 ], [ -98.398326704749607, 19.796465817784522 ], [ -98.398348823434446, 19.796653104297189 ], [ -98.398340405633135, 19.796869090070185 ], [ -98.3984541531281, 19.79705617172991 ], [ -98.398197152926997, 19.797192323478725 ], [ -98.398096268723009, 19.797055478265207 ], [ -98.397906843970546, 19.79685322850964 ], [ -98.397869025208138, 19.796795497883625 ], [ -98.397757838555904, 19.796749950659088 ], [ -98.397731052340404, 19.796738978634355 ], [ -98.397709516615336, 19.796730155107969 ], [ -98.397542483314638, 19.796643186864856 ], [ -98.397609023865456, 19.796738392070917 ], [ -98.397663548200327, 19.796816405465755 ], [ -98.397668561647478, 19.796833853784271 ], [ -98.397673063388453, 19.796849520186225 ], [ -98.397675572946412, 19.796858252487759 ], [ -98.397723620304532, 19.797025421709765 ], [ -98.397799857513533, 19.797129941823432 ], [ -98.397844715609381, 19.797191440005403 ], [ -98.397937984517128, 19.79737178855612 ], [ -98.397659913855776, 19.797458153279329 ], [ -98.397239989470066, 19.797675951392034 ], [ -98.396987048250182, 19.797807140438497 ], [ -98.396135197144204, 19.798248955932259 ], [ -98.39601691128324, 19.798310304445838 ], [ -98.394761988786669, 19.798961158238221 ], [ -98.394605472094241, 19.798807799165704 ], [ -98.394339896591177, 19.798626888591137 ], [ -98.393968390185677, 19.798294408864194 ], [ -98.394007436163946, 19.798028123529381 ], [ -98.393888452042717, 19.797900512304302 ], [ -98.393886208966933, 19.797898105505872 ], [ -98.393680868400978, 19.797883006600998 ], [ -98.393537229352461, 19.797644904437231 ], [ -98.393416657521286, 19.797342076090491 ], [ -98.393323591596797, 19.797184607309781 ] ] ] ] } },
{ "type": "Feature", "properties": { "Nombre": "Coatlaco", "Jurisdiccion": "Municipal", "Area_h": 231.842 }, "geometry": { "type": "MultiPolygon", "coordinates": [ [ [ [ -98.354681475391317, 19.787740134603176 ], [ -98.354487228184738, 19.787720404419144 ], [ -98.354379962287169, 19.787732702492285 ], [ -98.354205459031377, 19.787801844573032 ], [ -98.354107619171913, 19.78772018200134 ], [ -98.354045177237836, 19.787668064555596 ], [ -98.35394553283939, 19.78745204674097 ], [ -98.353764534756479, 19.787470420698355 ], [ -98.353711746780021, 19.787267256588532 ], [ -98.353652334144442, 19.78704504134754 ], [ -98.353572821822098, 19.786822751610817 ], [ -98.3534591905631, 19.786752570258709 ], [ -98.353379982030262, 19.786454167448895 ], [ -98.353253539862123, 19.786238052346871 ], [ -98.353233973998186, 19.786104779657972 ], [ -98.35308737656996, 19.785901276012769 ], [ -98.353028376974507, 19.785577576301755 ], [ -98.352988964968574, 19.785380803061518 ], [ -98.352855028461846, 19.785361289394551 ], [ -98.352392727356005, 19.785346930260708 ], [ -98.352204644410918, 19.785460420997651 ], [ -98.352042672623114, 19.785745265090974 ], [ -98.351994587783892, 19.786036863574605 ], [ -98.351839308969019, 19.786084097290288 ], [ -98.351706095205728, 19.786124619071391 ], [ -98.351445073113794, 19.786047556607159 ], [ -98.351392493932934, 19.78579365111224 ], [ -98.351506893788553, 19.785673550447896 ], [ -98.351326129600764, 19.785634836825079 ], [ -98.351273215896867, 19.785463387743583 ], [ -98.351207570030596, 19.785126975308248 ], [ -98.350772921991862, 19.784903397288652 ], [ -98.351035175061256, 19.784676005241607 ], [ -98.351062362382734, 19.78458095995731 ], [ -98.351143363817542, 19.784435366624496 ], [ -98.351331933193919, 19.784201363122257 ], [ -98.351660625273624, 19.784113756596653 ], [ -98.351821519278474, 19.784095309996523 ], [ -98.351935943218095, 19.783968867297922 ], [ -98.352110802220253, 19.783810927328997 ], [ -98.352392334521852, 19.783786577271361 ], [ -98.352600311680391, 19.783723900724073 ], [ -98.352533945020454, 19.783565086832233 ], [ -98.353392909055501, 19.783251051180613 ], [ -98.353755869675069, 19.782973275705629 ], [ -98.353984894607848, 19.782675986682762 ], [ -98.353871981212166, 19.782428205577876 ], [ -98.354589127079947, 19.782386395466066 ], [ -98.354890066471086, 19.782533367804767 ], [ -98.355215544921322, 19.782462111655928 ], [ -98.355232106958695, 19.782458485396344 ], [ -98.355236655349742, 19.782474478265303 ], [ -98.355319800231243, 19.782766802226075 ], [ -98.355390197893144, 19.782991350087816 ], [ -98.355355505583404, 19.783661495729422 ], [ -98.355175085000923, 19.787146387517101 ], [ -98.355164060863231, 19.787359320856432 ], [ -98.35519295243958, 19.787938985626493 ], [ -98.355035932465782, 19.787912670776951 ], [ -98.354815236280842, 19.787804046054905 ], [ -98.354681475391317, 19.787740134603176 ] ] ], [ [ [ -98.359396659055804, 19.776207051446818 ], [ -98.359223127429146, 19.77605998115116 ], [ -98.359061056237707, 19.775922618978996 ], [ -98.359270442449741, 19.775648728871012 ], [ -98.359139920082157, 19.775548263656773 ], [ -98.359213473603617, 19.775385151255016 ], [ -98.359032261842799, 19.775309856220481 ], [ -98.358976481269579, 19.775120928611091 ], [ -98.359274201124734, 19.775081152142029 ], [ -98.359240741794039, 19.774890896668786 ], [ -98.359406974852448, 19.774685510015786 ], [ -98.359463522557533, 19.774615644549563 ], [ -98.35922374692413, 19.774303527059317 ], [ -98.359098204320091, 19.774073505598167 ], [ -98.35906785656573, 19.774066086361561 ], [ -98.358835124128063, 19.774009184658208 ], [ -98.358624864778122, 19.773757733753321 ], [ -98.358559167465458, 19.773739558989003 ], [ -98.358361819134188, 19.77368496134185 ], [ -98.358280093776941, 19.773605947831303 ], [ -98.358143958578466, 19.773474325701365 ], [ -98.358003177643567, 19.773421624047934 ], [ -98.357843877300482, 19.773361984474136 ], [ -98.357716808797534, 19.773141816309241 ], [ -98.357594054516994, 19.773080024204322 ], [ -98.357578724525808, 19.773072308030706 ], [ -98.357310289205387, 19.773230494336442 ], [ -98.357130509693803, 19.773170695623019 ], [ -98.357057026190162, 19.773225407666871 ], [ -98.356885782451386, 19.773352909515086 ], [ -98.356813232386756, 19.773265325611096 ], [ -98.356735276829511, 19.773275247508451 ], [ -98.356673309881046, 19.773283132212235 ], [ -98.356722733386263, 19.773214682414256 ], [ -98.356852840406091, 19.773034488439119 ], [ -98.356682248945788, 19.773019190813933 ], [ -98.356656524974568, 19.773016882566917 ], [ -98.356364241015925, 19.773556661614339 ], [ -98.356153613858382, 19.773398162087759 ], [ -98.356176922981561, 19.773375709004714 ], [ -98.356271605442373, 19.773284504803826 ], [ -98.356298921738187, 19.77315080361274 ], [ -98.356451902725311, 19.772925848725897 ], [ -98.356468038503195, 19.772902122763359 ], [ -98.356386939233062, 19.772920487731803 ], [ -98.356357841441422, 19.772927077270101 ], [ -98.356296323350989, 19.773056429962118 ], [ -98.356141513897867, 19.773077000158757 ], [ -98.356079982975601, 19.772947101663494 ], [ -98.356063323846399, 19.772911933187121 ], [ -98.355668701657521, 19.773002060894115 ], [ -98.355397000520597, 19.773232061652095 ], [ -98.356949109863791, 19.771522621565783 ], [ -98.357248453658556, 19.77119499168527 ], [ -98.359265710852895, 19.76898706904154 ], [ -98.35959058577528, 19.768631480706393 ], [ -98.360255095634912, 19.767904139818544 ], [ -98.360456889463862, 19.767683264809797 ], [ -98.361416282146692, 19.766633141359858 ], [ -98.361344253421606, 19.76548848699559 ], [ -98.361232977893096, 19.76372009135747 ], [ -98.361133641606344, 19.76214142482042 ], [ -98.361011656789103, 19.760202764404301 ], [ -98.358523443066119, 19.761260936982623 ], [ -98.358125496319474, 19.761430169896922 ], [ -98.358010102433752, 19.76147924257527 ], [ -98.357929997207634, 19.761513307455484 ], [ -98.357895797568403, 19.761204460332692 ], [ -98.357887024111406, 19.761125214989477 ], [ -98.357882944161219, 19.761088358583976 ], [ -98.35788254066965, 19.761084716334711 ], [ -98.357858278271323, 19.760865574837648 ], [ -98.357849273550528, 19.7607842602083 ], [ -98.357845286693902, 19.760748234588398 ], [ -98.357836997531791, 19.760722562905915 ], [ -98.357729201112804, 19.760388671821861 ], [ -98.357725867752592, 19.760361082299937 ], [ -98.3576936441318, 19.760094283573995 ], [ -98.357682146608468, 19.759999088070668 ], [ -98.357679269724073, 19.759975259365206 ], [ -98.357678460446138, 19.759968551385111 ], [ -98.357674834292837, 19.759938522765541 ], [ -98.357673398620861, 19.759926631917523 ], [ -98.357673043863286, 19.75992369288138 ], [ -98.357660299426698, 19.759922523009465 ], [ -98.357553330905077, 19.759912701414365 ], [ -98.357433619881959, 19.759901708067314 ], [ -98.357340677452228, 19.759707013955175 ], [ -98.35713119106093, 19.759638656133429 ], [ -98.356944964081663, 19.759335178054442 ], [ -98.356958130288973, 19.759194422372712 ], [ -98.356976048982474, 19.759002904103252 ], [ -98.356539868185919, 19.758706978499315 ], [ -98.356947801167237, 19.758344837648536 ], [ -98.357162428247804, 19.758154300552363 ], [ -98.357106099716631, 19.757941075625265 ], [ -98.357095021144531, 19.757899135433082 ], [ -98.357370162231589, 19.757608972973067 ], [ -98.357461037005351, 19.757513134616872 ], [ -98.357516994890474, 19.757806856100373 ], [ -98.357560113937623, 19.758033195159982 ], [ -98.357664821414758, 19.758108959643312 ], [ -98.357873098406415, 19.758259664739796 ], [ -98.357751976318298, 19.758487517331591 ], [ -98.357662008959579, 19.758656764304089 ], [ -98.357619779583828, 19.758736207997053 ], [ -98.357748498025884, 19.758912722408535 ], [ -98.357921734261083, 19.759109425800496 ], [ -98.357958787957799, 19.759151497966393 ], [ -98.358315434577236, 19.759248549147692 ], [ -98.358742921833354, 19.759116785550066 ], [ -98.359566598398558, 19.75886289906364 ], [ -98.359581216738519, 19.758839597446148 ], [ -98.359697157569428, 19.758654785740884 ], [ -98.35980780335548, 19.758478413173371 ], [ -98.359886427658196, 19.758353083436845 ], [ -98.359913940851186, 19.758309226495093 ], [ -98.3597983899746, 19.758120128556946 ], [ -98.359609477245129, 19.757810965884758 ], [ -98.360111208003289, 19.757881310858789 ], [ -98.361310382673736, 19.758049432175802 ], [ -98.361996276624936, 19.758026525184142 ], [ -98.362197979797429, 19.758276551893321 ], [ -98.362759386652655, 19.758972449527256 ], [ -98.363698690813763, 19.760136758693889 ], [ -98.364258565918774, 19.76113309005304 ], [ -98.364623040476403, 19.761155146474866 ], [ -98.364654189745238, 19.761157030005233 ], [ -98.364638174010665, 19.761820337103192 ], [ -98.363973890161915, 19.762392612292661 ], [ -98.363859310251144, 19.762024607623982 ], [ -98.363456020677035, 19.762056975739934 ], [ -98.363415154753397, 19.761858244351039 ], [ -98.363237139047584, 19.761867408501391 ], [ -98.362775325223083, 19.761891177392314 ], [ -98.362683916971264, 19.76205704574361 ], [ -98.362512490104535, 19.762143756719702 ], [ -98.362085264469712, 19.762209838389253 ], [ -98.362100924512902, 19.762387354687373 ], [ -98.361952105976584, 19.762774137400381 ], [ -98.362611394672271, 19.762711700247255 ], [ -98.362521023335773, 19.762991652497288 ], [ -98.362725798695081, 19.763123363923 ], [ -98.363080489601884, 19.762966885441408 ], [ -98.363312437071158, 19.763047463201374 ], [ -98.363367219097711, 19.763066493742972 ], [ -98.364051557889795, 19.762690062508117 ], [ -98.36436848455935, 19.76345446505627 ], [ -98.364386065696976, 19.763496865287845 ], [ -98.364613810729821, 19.763839918614913 ], [ -98.364774376669303, 19.763865839571299 ], [ -98.365169104858552, 19.764870032820451 ], [ -98.365230367991487, 19.765554741187131 ], [ -98.365038281502677, 19.765973766989966 ], [ -98.36450329176229, 19.766401940011988 ], [ -98.364272656935768, 19.766586526178724 ], [ -98.364368911999719, 19.767074179059296 ], [ -98.364626769440008, 19.767055917550966 ], [ -98.365126375740516, 19.767020532697405 ], [ -98.365034883156454, 19.767207527359432 ], [ -98.365139714122392, 19.767409302867421 ], [ -98.36548199633117, 19.767715429875338 ], [ -98.365686748590676, 19.767898553808237 ], [ -98.366193411014834, 19.767687678829343 ], [ -98.36654761649163, 19.767516681191918 ], [ -98.36685373459072, 19.767368897339249 ], [ -98.367274721998726, 19.767266060937729 ], [ -98.367643952883185, 19.767175864336753 ], [ -98.3676766456759, 19.767167877739041 ], [ -98.367862579654698, 19.767161765414947 ], [ -98.36839857578957, 19.767220839193062 ], [ -98.368607161203357, 19.767210536298546 ], [ -98.369090501723733, 19.767186660536535 ], [ -98.370423756782358, 19.769577949076012 ], [ -98.370708174991847, 19.770088062315754 ], [ -98.371237674667682, 19.770882861215171 ], [ -98.371750435723897, 19.771014237701834 ], [ -98.37202199180183, 19.771010429701882 ], [ -98.372152152915476, 19.771008603882745 ], [ -98.372635515344498, 19.77066946431594 ], [ -98.372910653262679, 19.770347140795998 ], [ -98.372937916134106, 19.770315201948474 ], [ -98.372998704723614, 19.770243986860184 ], [ -98.373193670732704, 19.770047068791026 ], [ -98.373497584325236, 19.769740113171167 ], [ -98.373489796066934, 19.769597941716867 ], [ -98.373478140141188, 19.769385123797875 ], [ -98.374092351457364, 19.768681656179428 ], [ -98.374054443484653, 19.768864617607438 ], [ -98.374051805033929, 19.768974929632879 ], [ -98.374017830182083, 19.770395526193081 ], [ -98.373983340658555, 19.771837670956597 ], [ -98.373934616053916, 19.773874905875768 ], [ -98.373875477888333, 19.776347361160024 ], [ -98.373861490442323, 19.776932118076623 ], [ -98.373860634463682, 19.776967966473428 ], [ -98.37352904739133, 19.776917511374482 ], [ -98.373173838896292, 19.776820494582697 ], [ -98.372357627127229, 19.777427476513314 ], [ -98.372357982639414, 19.776576794898901 ], [ -98.37229676997346, 19.77625123559082 ], [ -98.372214747520019, 19.776252784865871 ], [ -98.371604887978307, 19.77626430033769 ], [ -98.371800105190189, 19.775804433884915 ], [ -98.371610606400594, 19.775564337355515 ], [ -98.371516254779252, 19.775342884685863 ], [ -98.370914854261656, 19.775426684310652 ], [ -98.371084026727104, 19.775917407712335 ], [ -98.370884083615934, 19.77606458864356 ], [ -98.370930477066565, 19.776374602286932 ], [ -98.37093001776114, 19.776870362509598 ], [ -98.370581665824446, 19.776922656596817 ], [ -98.370450275588595, 19.776661637830426 ], [ -98.370139894667972, 19.776515478772684 ], [ -98.369746521527901, 19.776666202631681 ], [ -98.369801755173384, 19.776997373153765 ], [ -98.36901217884386, 19.77688191723368 ], [ -98.368859880067291, 19.776951559106546 ], [ -98.368770719962512, 19.776992329789902 ], [ -98.368727987748471, 19.776915941744228 ], [ -98.368609681006021, 19.776704444454626 ], [ -98.368540814057837, 19.776435194116083 ], [ -98.368709710585847, 19.776238612257 ], [ -98.368609157605277, 19.776081924286522 ], [ -98.368966287901117, 19.775687879612853 ], [ -98.369157564881263, 19.775476833806724 ], [ -98.369047649845768, 19.775052510928138 ], [ -98.368692775667085, 19.774872390604113 ], [ -98.368122074690532, 19.775094314341832 ], [ -98.36810019119828, 19.775361834611417 ], [ -98.368209692583989, 19.77551292292209 ], [ -98.368180830429097, 19.776040976670767 ], [ -98.368125925762968, 19.776381619209801 ], [ -98.367938709387488, 19.776696441462988 ], [ -98.367153736121566, 19.776169735901757 ], [ -98.366862950718783, 19.776382606883516 ], [ -98.36672102145647, 19.776486505708945 ], [ -98.366622270702763, 19.77631096209409 ], [ -98.366508271842818, 19.77610829834191 ], [ -98.365945525323056, 19.776197851351057 ], [ -98.365955863219185, 19.776674316817076 ], [ -98.365966918138398, 19.777183817670991 ], [ -98.365882640359956, 19.777842194592115 ], [ -98.365853845602942, 19.778067133487973 ], [ -98.365848702656152, 19.778107316763229 ], [ -98.365679064904867, 19.778489804304503 ], [ -98.365111389422992, 19.778694826830627 ], [ -98.364553136834672, 19.77877453234634 ], [ -98.363846483395022, 19.77875793611009 ], [ -98.363501042138893, 19.778741133667214 ], [ -98.363003046813944, 19.778716906936861 ], [ -98.362265811553485, 19.778534003865012 ], [ -98.361504382145327, 19.778074961487707 ], [ -98.361265272820546, 19.777967068890053 ], [ -98.361048569220273, 19.777819173819431 ], [ -98.360817170874114, 19.777661249711397 ], [ -98.360639571224382, 19.777363293180894 ], [ -98.360543752724055, 19.777202538725209 ], [ -98.360198529301201, 19.776942242892094 ], [ -98.359877103925101, 19.776699887656417 ], [ -98.359652261213938, 19.776530353795479 ], [ -98.359486613490162, 19.776283289013968 ], [ -98.359396659055804, 19.776207051446818 ] ] ], [ [ [ -98.352919533646926, 19.761195704411879 ], [ -98.353452202409571, 19.760675492215174 ], [ -98.354464274615083, 19.760725410045275 ], [ -98.355007738005739, 19.760991742434168 ], [ -98.354977991611435, 19.761083026646325 ], [ -98.354958259247567, 19.761143577706022 ], [ -98.35507050957321, 19.761153647617544 ], [ -98.355572385455275, 19.761198665903457 ], [ -98.355542681282458, 19.761641382932346 ], [ -98.356142873960621, 19.761689807957659 ], [ -98.356139982546907, 19.762035421485596 ], [ -98.356138057662051, 19.76226554314626 ], [ -98.355286440324036, 19.762621034457815 ], [ -98.355188507917433, 19.762661913337354 ], [ -98.355018576498992, 19.762732848315171 ], [ -98.353482675068676, 19.763373964747768 ], [ -98.353257621915759, 19.763467904567499 ], [ -98.353295501306292, 19.763179855403841 ], [ -98.353161010671542, 19.762940160174818 ], [ -98.353149595673827, 19.762919814849656 ], [ -98.352952989010561, 19.762569395964796 ], [ -98.352935065316899, 19.76253745045971 ], [ -98.352732743534773, 19.762503672487146 ], [ -98.352768583515029, 19.762272475396752 ], [ -98.352520302755238, 19.761518115561692 ], [ -98.352919533646926, 19.761195704411879 ] ] ], [ [ [ -98.360285479933552, 19.757264703026298 ], [ -98.359757706091614, 19.7570183375102 ], [ -98.359939363407506, 19.757029310373703 ], [ -98.360065048676034, 19.757036900330821 ], [ -98.360212839223394, 19.756979219060511 ], [ -98.360314036584725, 19.756844569994019 ], [ -98.360361183664025, 19.756781837200336 ], [ -98.360330975206409, 19.756647848132484 ], [ -98.360228816736409, 19.756578790343067 ], [ -98.36018381450134, 19.756548367190568 ], [ -98.360211610035961, 19.75650421479677 ], [ -98.360264252168477, 19.756420593013747 ], [ -98.360218105929491, 19.756384571286528 ], [ -98.360129409258647, 19.756315334734474 ], [ -98.360198435253565, 19.756121719631757 ], [ -98.36021645956744, 19.756071167907976 ], [ -98.360254113068706, 19.755879210908983 ], [ -98.360180846365267, 19.755750889254113 ], [ -98.36031846844503, 19.755745953706946 ], [ -98.360328425901557, 19.755745595293135 ], [ -98.360362659211418, 19.755673402118926 ], [ -98.360378028314173, 19.755640996117158 ], [ -98.360483056758952, 19.755513311473351 ], [ -98.360663824552674, 19.7554879283567 ], [ -98.360766033221168, 19.755473574665579 ], [ -98.361012216581429, 19.755410424455924 ], [ -98.361110956780777, 19.755317641246901 ], [ -98.361362938974352, 19.755341823711845 ], [ -98.361528638640195, 19.755418088162685 ], [ -98.361676656809991, 19.755302196912687 ], [ -98.361694884035202, 19.755291196702466 ], [ -98.361762939308051, 19.755250116306364 ], [ -98.361803044356293, 19.755244965687464 ], [ -98.362027447184047, 19.755216132960285 ], [ -98.362150365427425, 19.755228213547809 ], [ -98.36219455939063, 19.755306634323595 ], [ -98.362235838106912, 19.755379861366848 ], [ -98.362365304066799, 19.755397238836618 ], [ -98.362414042578195, 19.755403779530976 ], [ -98.362610597468162, 19.755451048107961 ], [ -98.36265122913349, 19.755538492595608 ], [ -98.362659366091947, 19.7555559990607 ], [ -98.36262196985885, 19.755683924908887 ], [ -98.362561885980057, 19.755810630466215 ], [ -98.36254756644648, 19.755840825555719 ], [ -98.362411753048676, 19.75598004353294 ], [ -98.362423600710144, 19.755992330184963 ], [ -98.362552583015784, 19.756126068834881 ], [ -98.362527343098392, 19.756288964913175 ], [ -98.362549531786655, 19.756507339576128 ], [ -98.362551010701878, 19.756521885475465 ], [ -98.362464333659801, 19.756672920142321 ], [ -98.362437683749633, 19.756677274809338 ], [ -98.362255156227945, 19.756707101185103 ], [ -98.362137760733106, 19.756852206743787 ], [ -98.362130689441557, 19.757085017809615 ], [ -98.36202678978762, 19.75720924464099 ], [ -98.361994778210232, 19.757247519416378 ], [ -98.361809730537871, 19.757398203125401 ], [ -98.361655352471658, 19.757566459933095 ], [ -98.361359518207991, 19.757745854636674 ], [ -98.361009092825327, 19.75773878375524 ], [ -98.360498973458377, 19.757690395321745 ], [ -98.360354382795919, 19.757669518616652 ], [ -98.360345308088426, 19.757668206623936 ], [ -98.360320803592316, 19.757664668930364 ], [ -98.360116586797105, 19.757635183156292 ], [ -98.360044259086862, 19.75762473867546 ], [ -98.359719007465628, 19.757472230631254 ], [ -98.360063307653448, 19.757473461720362 ], [ -98.360285479933552, 19.757264703026298 ] ] ] ] } },
{ "type": "Feature", "properties": { "Nombre": "Rancho Nuevo", "Jurisdiccion": "Municipal", "Area_h": 146.611 }, "geometry": { "type": "MultiPolygon", "coordinates": [ [ [ [ -98.245185675561459, 19.763056803442502 ], [ -98.243130540671771, 19.759548398929706 ], [ -98.242772001520137, 19.758936304778764 ], [ -98.245861207416752, 19.759663224699612 ], [ -98.243536594692742, 19.755897576997732 ], [ -98.246324016026364, 19.755250982406732 ], [ -98.24796753897563, 19.754760145293112 ], [ -98.249015287382321, 19.754645869029975 ], [ -98.249253666533818, 19.755397128477892 ], [ -98.249735879976342, 19.756420165298447 ], [ -98.250315703192996, 19.756535123772871 ], [ -98.250864227026341, 19.756764963892081 ], [ -98.252346730803353, 19.756509423906103 ], [ -98.252928476071787, 19.75559167304317 ], [ -98.253932096845773, 19.755452080964712 ], [ -98.254301746736743, 19.754389673013396 ], [ -98.25503435785248, 19.753702590087642 ], [ -98.256009442837694, 19.753160288937373 ], [ -98.256346420110546, 19.752586570488518 ], [ -98.257198856792058, 19.75227380044926 ], [ -98.258354538282902, 19.75210605990446 ], [ -98.259390388956774, 19.75156399132381 ], [ -98.259847984985555, 19.751192058422692 ], [ -98.260548317393557, 19.750907396902754 ], [ -98.261247055493854, 19.750967797368634 ], [ -98.26185594426903, 19.750740260738269 ], [ -98.262740362902818, 19.750843060221712 ], [ -98.26319495557334, 19.75077402297806 ], [ -98.263426452563564, 19.750854648953638 ], [ -98.263678348284103, 19.751038761596035 ], [ -98.264864931641924, 19.7507641783404 ], [ -98.265157762185581, 19.750954963174525 ], [ -98.265633577986364, 19.750775943894354 ], [ -98.265984740604111, 19.751034215242363 ], [ -98.266413446834932, 19.750871618635237 ], [ -98.266388223638799, 19.750939640460469 ], [ -98.265495747956365, 19.75142298587398 ], [ -98.263366662709132, 19.752576022938381 ], [ -98.262545037149295, 19.753052438925149 ], [ -98.261304850712108, 19.754268158992716 ], [ -98.261118128703899, 19.754451194272512 ], [ -98.247822190446939, 19.762584548562788 ], [ -98.249036099525625, 19.766265601149144 ], [ -98.247673657863714, 19.766870822296301 ], [ -98.246844114756101, 19.765887868111907 ], [ -98.245185675561459, 19.763056803442502 ] ] ], [ [ [ -98.263266847175061, 19.765229903554427 ], [ -98.267297331015712, 19.765161019267737 ], [ -98.266447163453805, 19.769450633698426 ], [ -98.265268472428744, 19.771655696013354 ], [ -98.264753083909028, 19.772619848307308 ], [ -98.26281209399427, 19.770439253728977 ], [ -98.262980469862143, 19.768510500498198 ], [ -98.263266847175061, 19.765229903554427 ] ] ] ] } },
{ "type": "Feature", "properties": { "Nombre": "La Paila-El Xihuingo", "Jurisdiccion": "Estatal", "Area_h": 150.347 }, "geometry": { "type": "MultiPolygon", "coordinates": [ [ [ [ -98.547077074757681, 19.764108807327357 ], [ -98.546751595027317, 19.763874154912966 ], [ -98.546364926590002, 19.763860972101817 ], [ -98.546370874962932, 19.763742264717081 ], [ -98.546520470598963, 19.763556283396785 ], [ -98.546547009401777, 19.763287877256946 ], [ -98.546405597896353, 19.763153284045526 ], [ -98.546083622512171, 19.763054840592766 ], [ -98.545786079747657, 19.763432387641839 ], [ -98.545475611026973, 19.763822106306709 ], [ -98.545243209197707, 19.763955752615455 ], [ -98.545147370914435, 19.764030112509019 ], [ -98.54292591200408, 19.761999450237397 ], [ -98.542723216090238, 19.761679515666298 ], [ -98.542735760917168, 19.761225232704742 ], [ -98.5426953784266, 19.760872472043303 ], [ -98.542820771419883, 19.760441768509938 ], [ -98.54302871912725, 19.7600896419607 ], [ -98.543028942333095, 19.760011274387569 ], [ -98.542822781192072, 19.759736458567897 ], [ -98.542823024048062, 19.759651228567346 ], [ -98.5428235627422, 19.759462172959687 ], [ -98.542824455929249, 19.759148702650069 ], [ -98.543155569275413, 19.759227755270857 ], [ -98.5434453903313, 19.759111102393927 ], [ -98.543942047812735, 19.759112368391495 ], [ -98.544149768652204, 19.758838609808091 ], [ -98.544192602785202, 19.758329324898646 ], [ -98.544235104632023, 19.757937592261239 ], [ -98.544318770473296, 19.757624332550961 ], [ -98.544254778459887, 19.757484693425461 ], [ -98.544419458448786, 19.75732049801853 ], [ -98.544612882826655, 19.757238683758345 ], [ -98.544786804632864, 19.75722083577157 ], [ -98.544835594690284, 19.757047200097347 ], [ -98.544777897547661, 19.756955601859229 ], [ -98.544507535635816, 19.756918331771512 ], [ -98.544217932941436, 19.756853578641351 ], [ -98.54403440403631, 19.75685311130762 ], [ -98.543754279071692, 19.756852397641204 ], [ -98.543444993743179, 19.756915625242591 ], [ -98.543386072484878, 19.757253849222487 ], [ -98.542960898985385, 19.757307635199759 ], [ -98.542603002452736, 19.757480480835927 ], [ -98.54227405746451, 19.757662543109031 ], [ -98.542012806348339, 19.757817344311071 ], [ -98.541905451523817, 19.758096284075489 ], [ -98.542040033748194, 19.758325257155217 ], [ -98.542192298779284, 19.758553145768225 ], [ -98.542242024234781, 19.758627567327832 ], [ -98.541942655523414, 19.758599366115874 ], [ -98.541595224491473, 19.758488733189299 ], [ -98.541199180731411, 19.758487718605384 ], [ -98.541065204042056, 19.758535646569356 ], [ -98.540996121729606, 19.758560359257384 ], [ -98.540628768364613, 19.758660015405201 ], [ -98.54071513006194, 19.758861430252921 ], [ -98.540704983954114, 19.758915013583866 ], [ -98.540685706418742, 19.759016824078838 ], [ -98.540888216618214, 19.75913623049243 ], [ -98.541100467049773, 19.759228228014081 ], [ -98.541080860214478, 19.759328774375952 ], [ -98.540810442949166, 19.759309790619962 ], [ -98.540414451504986, 19.759290484104607 ], [ -98.540530025750343, 19.759409667702943 ], [ -98.54081863685596, 19.7598219434988 ], [ -98.54062117898907, 19.759892579249925 ], [ -98.539941076244787, 19.759270846821593 ], [ -98.539804301573042, 19.759145810399705 ], [ -98.538382350396276, 19.75784587270924 ], [ -98.538506238563258, 19.757758326418369 ], [ -98.53856513210215, 19.757632869816586 ], [ -98.538652026381726, 19.757447765372834 ], [ -98.53886492837421, 19.757311134878805 ], [ -98.538928177439104, 19.757277815881793 ], [ -98.539106783930322, 19.757183725620283 ], [ -98.539188376391024, 19.757023438307989 ], [ -98.539012757839757, 19.756985904957897 ], [ -98.538779071136034, 19.756935960843215 ], [ -98.538769963714145, 19.756743887465287 ], [ -98.538596383719081, 19.756642843562364 ], [ -98.538403088672467, 19.756678925880852 ], [ -98.5382867022754, 19.756843238417058 ], [ -98.538170076847805, 19.757089858385555 ], [ -98.537899216090437, 19.757226338457468 ], [ -98.537523102626082, 19.757015027062604 ], [ -98.537572111258015, 19.756768232890135 ], [ -98.537775487443312, 19.756585855148064 ], [ -98.538123648598102, 19.756440429529917 ], [ -98.538548717878982, 19.756423235348841 ], [ -98.538858056553323, 19.756341726060779 ], [ -98.53906140258718, 19.756168490078018 ], [ -98.539109089960832, 19.755808527117111 ], [ -98.539358313213313, 19.755495695916377 ], [ -98.53927587635313, 19.755377932475746 ], [ -98.53969143543965, 19.754791239269245 ], [ -98.539939982009287, 19.754713509928575 ], [ -98.540146915894738, 19.754714041531443 ], [ -98.540312463771514, 19.754714466643509 ], [ -98.54027062877995, 19.754871095559846 ], [ -98.540186956633292, 19.755184353345189 ], [ -98.540185833949835, 19.755576191258719 ], [ -98.540184823509151, 19.75592884626986 ], [ -98.540019049757078, 19.756006788590462 ], [ -98.539811438113148, 19.75624135951778 ], [ -98.539852038029707, 19.75651575148547 ], [ -98.540141638722858, 19.756555680565469 ], [ -98.540180559713505, 19.756559466607428 ], [ -98.540555400988922, 19.756595926050217 ], [ -98.540679676466368, 19.756557061761697 ], [ -98.540846123165963, 19.756244016094897 ], [ -98.540860073668284, 19.756217777637538 ], [ -98.540887733783322, 19.756165754647839 ], [ -98.540909683600162, 19.75618664868459 ], [ -98.541052834926631, 19.75632291427425 ], [ -98.541052274612895, 19.756518832328464 ], [ -98.540969275565885, 19.756596987696049 ], [ -98.540927104388828, 19.756871169007276 ], [ -98.541050593621165, 19.757106590080003 ], [ -98.54110610447357, 19.757100165401329 ], [ -98.541381806341661, 19.757068255691618 ], [ -98.541423754762178, 19.756872441853332 ], [ -98.541485982659182, 19.756610672191176 ], [ -98.541507537416607, 19.756519998820856 ], [ -98.54155004522687, 19.756128266863087 ], [ -98.54155217203585, 19.7553837756194 ], [ -98.541552731709629, 19.755187855719267 ], [ -98.541718951461959, 19.754953176734379 ], [ -98.541926444912534, 19.754757786367563 ], [ -98.542175325748488, 19.754562503388019 ], [ -98.542022164187586, 19.754410592213254 ], [ -98.541800383104359, 19.754190621531095 ], [ -98.542086020419262, 19.754045080413327 ], [ -98.542163136910062, 19.754005787181203 ], [ -98.542067645609208, 19.753884563977632 ], [ -98.542027791674684, 19.753833969406973 ], [ -98.541907459126477, 19.753690767645161 ], [ -98.542043780735554, 19.753519642908071 ], [ -98.542074374418164, 19.753376827207596 ], [ -98.54216154874257, 19.753350948485842 ], [ -98.542303063313867, 19.753308937124665 ], [ -98.542220290076656, 19.753308725522434 ], [ -98.542055079000093, 19.753190751673984 ], [ -98.54197908793914, 19.753142505482256 ], [ -98.541807206918193, 19.753033381171466 ], [ -98.541601056599561, 19.752758563952046 ], [ -98.541601504224857, 19.752601828708237 ], [ -98.541685284052349, 19.752249385372856 ], [ -98.541685795903277, 19.752070123559481 ], [ -98.541685843462304, 19.752053467207872 ], [ -98.54168651474852, 19.751818364319838 ], [ -98.541728796886531, 19.751504999715067 ], [ -98.541688081045521, 19.751269790890344 ], [ -98.541440436130856, 19.751034052278403 ], [ -98.541192567954013, 19.750876680965838 ], [ -98.541139718301793, 19.750826371897563 ], [ -98.540944924375978, 19.750640941684956 ], [ -98.540728358553494, 19.750486288702504 ], [ -98.540614509809217, 19.750404987948031 ], [ -98.540325144446996, 19.750286694004405 ], [ -98.539789434663476, 19.750184435818809 ], [ -98.539912072303878, 19.750011343602168 ], [ -98.540119226538437, 19.749933507491747 ], [ -98.540491921538063, 19.749856095978114 ], [ -98.540781846703467, 19.74977847145502 ], [ -98.541071769689253, 19.749700846451358 ], [ -98.541237872295767, 19.749505352396824 ], [ -98.541197271513823, 19.749230958710186 ], [ -98.540955055388224, 19.748958538853813 ], [ -98.540456974152605, 19.748971550318888 ], [ -98.540337012887676, 19.748699743329244 ], [ -98.540578446912647, 19.748714653510007 ], [ -98.540774972178454, 19.748600843072481 ], [ -98.541198391338128, 19.748839120463519 ], [ -98.541157900844695, 19.748525543824513 ], [ -98.540951759180359, 19.748250725862608 ], [ -98.541448382883075, 19.748251998108362 ], [ -98.541621179022016, 19.748389086485446 ], [ -98.541696135463624, 19.748448553770537 ], [ -98.541902392387712, 19.748684186171307 ], [ -98.542439620227569, 19.748959847469465 ], [ -98.542771708592582, 19.748608039458858 ], [ -98.543020915236099, 19.748295202548583 ], [ -98.543228621310277, 19.748021442645125 ], [ -98.543312060590395, 19.747786550679777 ], [ -98.543313175164826, 19.747394712253811 ], [ -98.543313843896669, 19.747159609189985 ], [ -98.543149307187079, 19.746806531504841 ], [ -98.543025487864995, 19.746688664145811 ], [ -98.542694853042875, 19.746531083735675 ], [ -98.542488376238268, 19.746373819915139 ], [ -98.542281897931147, 19.746216555856996 ], [ -98.542157856249005, 19.746177053790223 ], [ -98.541660677741078, 19.746371703734859 ], [ -98.541246269715742, 19.74656656249001 ], [ -98.5407903646622, 19.74680049889766 ], [ -98.54000337647939, 19.74703358408734 ], [ -98.53979701405342, 19.746837134289674 ], [ -98.539549491038784, 19.746562208409035 ], [ -98.539716378425041, 19.746092427965277 ], [ -98.540006744207602, 19.745858069205056 ], [ -98.540297335416255, 19.745545342286331 ], [ -98.540422946216211, 19.745036270104748 ], [ -98.540606571511731, 19.744759763839301 ], [ -98.540630766313939, 19.74472333018754 ], [ -98.541004344954672, 19.744332446569725 ], [ -98.54137736413962, 19.744137482265373 ], [ -98.541874757657936, 19.743864465220987 ], [ -98.542413422919154, 19.743630737235467 ], [ -98.542579294258232, 19.743513607552529 ], [ -98.542828045037282, 19.743357506012945 ], [ -98.542877135206894, 19.743451097235425 ], [ -98.542992689177225, 19.743671401089916 ], [ -98.543448027074675, 19.743633377160371 ], [ -98.543778766177297, 19.743751771356504 ], [ -98.544026403602203, 19.743987506770573 ], [ -98.544315981042928, 19.74402742872044 ], [ -98.544770319984195, 19.744342057135889 ], [ -98.544936412474556, 19.744146559334663 ], [ -98.545061565327572, 19.743794218987038 ], [ -98.544979352101478, 19.7435980885097 ], [ -98.544938522192453, 19.743402064935879 ], [ -98.544566622063428, 19.743205198119611 ], [ -98.544443024796607, 19.743008963985591 ], [ -98.544443247103317, 19.742930596247632 ], [ -98.544691995212233, 19.742774492055474 ], [ -98.544775096262384, 19.742657149888224 ], [ -98.545113451995704, 19.742551314567621 ], [ -98.5451478832411, 19.74254054527141 ], [ -98.54542578014798, 19.742425392585822 ], [ -98.545160287430747, 19.742206347047617 ], [ -98.544974085415035, 19.742052720611355 ], [ -98.544597687291329, 19.741737398061101 ], [ -98.544749736545342, 19.741337679747332 ], [ -98.544916551981004, 19.741052315218017 ], [ -98.54523383789612, 19.740924517419607 ], [ -98.545551202277295, 19.740768137877414 ], [ -98.545838343966139, 19.740625971831292 ], [ -98.54592199837505, 19.740612988447598 ], [ -98.546200698954024, 19.740569732737487 ], [ -98.546849226509593, 19.740714268534745 ], [ -98.54706002246752, 19.740886275396726 ], [ -98.547421934757352, 19.740987215824848 ], [ -98.547617157824888, 19.741330654685257 ], [ -98.547722355370524, 19.741488103404663 ], [ -98.547449783132365, 19.741816071924326 ], [ -98.547690883840971, 19.741945286167937 ], [ -98.547893423841444, 19.74200269179763 ], [ -98.548062853383897, 19.742050713068224 ], [ -98.548510897633903, 19.74178327297162 ], [ -98.548828083779171, 19.741494842427052 ], [ -98.549561616488177, 19.741535729709202 ], [ -98.549564797020807, 19.741535906693176 ], [ -98.549578883905198, 19.741522337310176 ], [ -98.54980917635298, 19.741300512227145 ], [ -98.550046115377711, 19.741072282925924 ], [ -98.550092171808757, 19.74103007776262 ], [ -98.55045080411206, 19.740701433644915 ], [ -98.549840775849958, 19.740379683344106 ], [ -98.54825950051864, 19.74016911071212 ], [ -98.548914872962257, 19.73988153232558 ], [ -98.549222318807381, 19.739488698517068 ], [ -98.551024692145987, 19.739554193389942 ], [ -98.551307903337644, 19.740292503027121 ], [ -98.551339332836662, 19.740757415176084 ], [ -98.551524330907711, 19.74092315305645 ], [ -98.551401990323598, 19.741759547228362 ], [ -98.551685981805377, 19.741636303067075 ], [ -98.551368713832915, 19.741955727316288 ], [ -98.551193295696251, 19.742265175616687 ], [ -98.55101874321592, 19.742264738215773 ], [ -98.550821824188276, 19.742460507961141 ], [ -98.55054797262234, 19.74242739728362 ], [ -98.550472836390384, 19.742418312992694 ], [ -98.550188956439385, 19.742500237710097 ], [ -98.550272261181064, 19.742630080609782 ], [ -98.55030844055625, 19.742686472089183 ], [ -98.549947762000556, 19.742923147418232 ], [ -98.549641657628726, 19.7431496302261 ], [ -98.549346316352597, 19.743427786294752 ], [ -98.549201029580971, 19.743331546429662 ], [ -98.549095860658369, 19.743261881444099 ], [ -98.549030142496491, 19.74335468408988 ], [ -98.549016699410828, 19.743490680156224 ], [ -98.549007684615617, 19.743581879642687 ], [ -98.54876709303953, 19.743787866053253 ], [ -98.548351948461232, 19.743993412092347 ], [ -98.54814390977252, 19.744261457212019 ], [ -98.548093292370524, 19.744264751727226 ], [ -98.547991145920847, 19.744271400767531 ], [ -98.548023293189829, 19.744478074162874 ], [ -98.548022304655774, 19.744829280515564 ], [ -98.547956439829051, 19.744973729069471 ], [ -98.547941159017597, 19.74514645919319 ], [ -98.547922634920752, 19.745355839516456 ], [ -98.547790875426884, 19.745655065399209 ], [ -98.547920424644175, 19.746140883375517 ], [ -98.547188742734789, 19.746397275807301 ], [ -98.547141690513953, 19.746413052447192 ], [ -98.546730094968524, 19.746551061194157 ], [ -98.546760987155253, 19.747201904683017 ], [ -98.546833916497988, 19.748420984301244 ], [ -98.547573194681945, 19.748345943652279 ], [ -98.547677892208569, 19.748520498513685 ], [ -98.547737963481296, 19.748620649712343 ], [ -98.547447712165152, 19.748815838099315 ], [ -98.547447159885962, 19.749011756492482 ], [ -98.547331024195202, 19.749066369210578 ], [ -98.547198515090216, 19.74912868131138 ], [ -98.547370245485041, 19.74914113698372 ], [ -98.547726433252535, 19.749166971902056 ], [ -98.547936306781821, 19.749195900612367 ], [ -98.548031795806708, 19.749209062335833 ], [ -98.548434766720106, 19.749457988761478 ], [ -98.547953679919928, 19.749828641645347 ], [ -98.547789564961349, 19.749993501741947 ], [ -98.547560106230833, 19.750116877090278 ], [ -98.54715672714579, 19.750012562348779 ], [ -98.547112538218627, 19.750264804688225 ], [ -98.5467386281247, 19.75077325145007 ], [ -98.547566789743797, 19.750618609197502 ], [ -98.548159884298528, 19.750920021936103 ], [ -98.548186695856117, 19.750933647380236 ], [ -98.548058697116787, 19.751188223212502 ], [ -98.548012922505805, 19.751279263807465 ], [ -98.547894222135668, 19.751515345826224 ], [ -98.54772980502581, 19.751842350934282 ], [ -98.547947309405345, 19.752090811761036 ], [ -98.547978643452424, 19.752586712246504 ], [ -98.547825464261834, 19.752741269104945 ], [ -98.547324236674413, 19.752512750845181 ], [ -98.546886342584955, 19.753038455120624 ], [ -98.546972633346542, 19.753389878322523 ], [ -98.547146760649241, 19.753545264190496 ], [ -98.547354170555224, 19.753504469146382 ], [ -98.54753920794046, 19.753659882219573 ], [ -98.547757238334214, 19.753722410479636 ], [ -98.54790940018286, 19.753929386796614 ], [ -98.547799599950324, 19.754177019261643 ], [ -98.547308307060973, 19.754222897049715 ], [ -98.547141543319029, 19.754653501488818 ], [ -98.54681000288187, 19.754809399059493 ], [ -98.546146369865482, 19.755317110542407 ], [ -98.546104651188713, 19.755434558001706 ], [ -98.54564916930147, 19.755511770901801 ], [ -98.545524897675122, 19.755550638689392 ], [ -98.545482399726168, 19.755942373619295 ], [ -98.545564619566079, 19.756138501926571 ], [ -98.545903695676003, 19.756125340903228 ], [ -98.546266046518866, 19.756344942683221 ], [ -98.545894120992685, 19.756593924507474 ], [ -98.545910198434228, 19.75674235717781 ], [ -98.545777546811991, 19.7569763246 ], [ -98.54599172061701, 19.757086210302575 ], [ -98.546266225687745, 19.757130240892611 ], [ -98.546288562230501, 19.757133823628134 ], [ -98.546450100060767, 19.757300049428789 ], [ -98.5465929062496, 19.757446999325285 ], [ -98.546407474685239, 19.757930268514247 ], [ -98.54629088075211, 19.758137428891548 ], [ -98.546458066862144, 19.758272091107276 ], [ -98.546586239831925, 19.758528684333047 ], [ -98.546675537650188, 19.75885839989833 ], [ -98.546584239733534, 19.759236472589134 ], [ -98.546402403473451, 19.759724144396976 ], [ -98.545990240147759, 19.759613269126596 ], [ -98.545899563759818, 19.759771682211515 ], [ -98.545924824994046, 19.759954795726458 ], [ -98.546169249006681, 19.760126261841087 ], [ -98.546479258379307, 19.759895185398932 ], [ -98.547020528029222, 19.759933165448192 ], [ -98.547407565753602, 19.759812110865493 ], [ -98.547715579463969, 19.760288818704993 ], [ -98.547288408720334, 19.761275988251846 ], [ -98.547659911773351, 19.761629585134017 ], [ -98.548239246506895, 19.761670233250793 ], [ -98.548569473004846, 19.761984537298996 ], [ -98.548568480638266, 19.762337192470447 ], [ -98.548682916940294, 19.763787991541211 ], [ -98.548685285597557, 19.763818025598372 ], [ -98.548053841359959, 19.763755414531765 ], [ -98.547950754127839, 19.763742951016457 ], [ -98.547728835846883, 19.764730859918792 ], [ -98.547587663023322, 19.76451084241576 ], [ -98.547317452763849, 19.764339312960086 ], [ -98.547114778632405, 19.76413598936896 ], [ -98.547077074757681, 19.764108807327357 ] ] ] ] } },
{ "type": "Feature", "properties": { "Nombre": "Rancho Nuevo", "Jurisdiccion": "Municipal", "Area_h": 205.543 }, "geometry": { "type": "MultiPolygon", "coordinates": [ [ [ [ -98.336287003967954, 19.770003342542282 ], [ -98.336224306790015, 19.769309860539053 ], [ -98.336364952098364, 19.769378327314744 ], [ -98.33680722663334, 19.769164501959761 ], [ -98.33688711183872, 19.769748598027295 ], [ -98.337390073640876, 19.769833497289831 ], [ -98.337415730562853, 19.769413361099677 ], [ -98.337931436509265, 19.770908083046351 ], [ -98.337810623989625, 19.770929946950776 ], [ -98.33668915014988, 19.771732675472457 ], [ -98.336746136199949, 19.772658228185126 ], [ -98.336166905579958, 19.772126173499121 ], [ -98.335870426162842, 19.771601438103097 ], [ -98.335296831393379, 19.771120692507804 ], [ -98.335231658539172, 19.771066764828973 ], [ -98.335281369687706, 19.771018884655771 ], [ -98.336287003967954, 19.770003342542282 ] ] ], [ [ [ -98.32870623757978, 19.770263296776868 ], [ -98.328018428934854, 19.769215569353406 ], [ -98.327595024279262, 19.769347374652035 ], [ -98.328203370370687, 19.770288907263414 ], [ -98.32870623757978, 19.770263296776868 ], [ -98.328742441140548, 19.770678864843113 ], [ -98.328957333581712, 19.770719133968409 ], [ -98.329499516856416, 19.770820734643266 ], [ -98.329608922854845, 19.770841236232929 ], [ -98.32969172234597, 19.770965256231111 ], [ -98.330297532754358, 19.771872650019468 ], [ -98.329183777377224, 19.773548929676554 ], [ -98.328057978341747, 19.774729191568735 ], [ -98.32719502339107, 19.775102541402021 ], [ -98.327249736601644, 19.775326182011007 ], [ -98.326190768781487, 19.775191809632496 ], [ -98.325358251620131, 19.775006488375755 ], [ -98.325435845400776, 19.774762345546634 ], [ -98.324942633107483, 19.774828881768453 ], [ -98.324911922176611, 19.77505156808401 ], [ -98.3249534636183, 19.77524736625989 ], [ -98.324978490367286, 19.775365324655947 ], [ -98.325028416654376, 19.775600645455121 ], [ -98.325128921783488, 19.775579226081792 ], [ -98.325312859294499, 19.775540026803988 ], [ -98.325310989389621, 19.775650905778829 ], [ -98.325124553972259, 19.775652835718297 ], [ -98.324395744413167, 19.775660379823815 ], [ -98.324346956638735, 19.775660885033947 ], [ -98.32439906669795, 19.775583288143764 ], [ -98.324476225456181, 19.775468391282363 ], [ -98.324404795109757, 19.775428592570275 ], [ -98.323191960864662, 19.774752830903989 ], [ -98.323018097970163, 19.775676608509308 ], [ -98.322861306274987, 19.775704244853134 ], [ -98.322773029666706, 19.77544373389264 ], [ -98.322944121150499, 19.775280379436108 ], [ -98.322879271909372, 19.774780736763322 ], [ -98.322823309148347, 19.774349558745364 ], [ -98.322503493673594, 19.773914971634373 ], [ -98.322461827432093, 19.773858352430146 ], [ -98.322375735171107, 19.7739231247688 ], [ -98.321851826619991, 19.774317287403814 ], [ -98.321541855572363, 19.774103275350623 ], [ -98.321311563133705, 19.773944275211782 ], [ -98.320020771114017, 19.772845243329233 ], [ -98.320129898671325, 19.77266240660288 ], [ -98.320955273987295, 19.771279517858606 ], [ -98.322014515591775, 19.770578774749243 ], [ -98.322384739893124, 19.770770086883243 ], [ -98.323189662506522, 19.771193201078663 ], [ -98.323912921198641, 19.771518611213608 ], [ -98.324003028155104, 19.771559152066331 ], [ -98.323147389508577, 19.772422311948475 ], [ -98.323972451785778, 19.772701087807913 ], [ -98.324600519981473, 19.771852345587977 ], [ -98.324149315962003, 19.771439693688869 ], [ -98.32414745887931, 19.771437995053599 ], [ -98.324641954731192, 19.770842883046882 ], [ -98.324825986226642, 19.770621404237328 ], [ -98.324660754843947, 19.770241550432079 ], [ -98.324629221286486, 19.770169056799688 ], [ -98.324690264281529, 19.770124910180325 ], [ -98.325318898450377, 19.769670272143983 ], [ -98.325105218836669, 19.769434948206005 ], [ -98.325039206150734, 19.769362249582468 ], [ -98.325216685495363, 19.769103293149044 ], [ -98.325444815205529, 19.769100005599231 ], [ -98.326265829091241, 19.769269269911785 ], [ -98.326220143930612, 19.769304227938523 ], [ -98.325741272595593, 19.769670653411808 ], [ -98.327171975964902, 19.770788605274745 ], [ -98.3272145759789, 19.771617045256455 ], [ -98.327496282950776, 19.771758449268283 ], [ -98.327895925491802, 19.771827082716346 ], [ -98.328026515341577, 19.771511207574658 ], [ -98.327784870933101, 19.770982734534947 ], [ -98.328141912116777, 19.770360606550398 ], [ -98.327708884949359, 19.770259642427263 ], [ -98.32763749834308, 19.770153982202118 ], [ -98.32743240920334, 19.769406403977928 ], [ -98.327196342592913, 19.769094455156317 ], [ -98.326964731423701, 19.769288156710893 ], [ -98.326892595279389, 19.769185723004451 ], [ -98.32668849342592, 19.768895897509001 ], [ -98.326560146962194, 19.768713642936515 ], [ -98.326636739755045, 19.768138337154223 ], [ -98.326844254831357, 19.767260703707013 ], [ -98.327228884600601, 19.766431881988495 ], [ -98.327458947035353, 19.766626912787061 ], [ -98.32839520775704, 19.765583981787344 ], [ -98.329114478530045, 19.765882352143546 ], [ -98.329704124416423, 19.765896047012951 ], [ -98.329579602479399, 19.765287445838872 ], [ -98.33032623832716, 19.764939319935618 ], [ -98.330869058824902, 19.764207852766269 ], [ -98.331843214693095, 19.764058758226046 ], [ -98.331654365610703, 19.764642711393485 ], [ -98.331217107177451, 19.765099496961657 ], [ -98.333078411024459, 19.765284558687501 ], [ -98.333722347452479, 19.765348578624199 ], [ -98.335542674563143, 19.764450691687767 ], [ -98.335648540220348, 19.764398471753587 ], [ -98.336120454822989, 19.765101063352319 ], [ -98.336108615101807, 19.765208038172752 ], [ -98.33607335760783, 19.765221062646219 ], [ -98.335187574512886, 19.765548266324377 ], [ -98.335376018098472, 19.766664886946089 ], [ -98.334992372920567, 19.766484390808699 ], [ -98.334844220874416, 19.766414688742433 ], [ -98.334516846030041, 19.76626066520241 ], [ -98.334495158577994, 19.766339267649137 ], [ -98.33448422907766, 19.766378879857839 ], [ -98.334004623035511, 19.76811712373572 ], [ -98.334139502541618, 19.768204281632279 ], [ -98.334260627004085, 19.768282550606983 ], [ -98.334513594676835, 19.768446014860391 ], [ -98.334522082567887, 19.768451499925192 ], [ -98.334486359595289, 19.7685192127304 ], [ -98.334174158948329, 19.769110982416688 ], [ -98.334000849316311, 19.769439485538616 ], [ -98.333914943447084, 19.76928962339138 ], [ -98.333880219702436, 19.769229047516276 ], [ -98.333831767600188, 19.769258813922072 ], [ -98.333105071055172, 19.769645342824731 ], [ -98.333047944311843, 19.769504694476019 ], [ -98.332621089781725, 19.769715243386127 ], [ -98.3322309536304, 19.769907679184289 ], [ -98.331731873578079, 19.770153850902247 ], [ -98.331777894164361, 19.770184321978 ], [ -98.331944532720414, 19.770294655714913 ], [ -98.331629054820127, 19.770289131888589 ], [ -98.331482011762787, 19.770286557476808 ], [ -98.330534268011291, 19.770675737636804 ], [ -98.330310274377013, 19.770469799257505 ], [ -98.329628804908438, 19.770553852513899 ], [ -98.329267920583021, 19.770440195123669 ], [ -98.32870623757978, 19.770263296776868 ] ], [ [ -98.330108917117371, 19.769297424664064 ], [ -98.330687815353485, 19.769201076644816 ], [ -98.330935878734067, 19.769030149290252 ], [ -98.331431179611172, 19.768590660658447 ], [ -98.331702673350208, 19.768262115672119 ], [ -98.33239648879406, 19.767305549940826 ], [ -98.332070501264042, 19.767275591229264 ], [ -98.331428512902022, 19.76721659039902 ], [ -98.330432095625312, 19.767125010711645 ], [ -98.330424489995821, 19.767124311749065 ], [ -98.329540361627267, 19.767311565508656 ], [ -98.329481640423936, 19.767324001929296 ], [ -98.329439918971559, 19.76736781331196 ], [ -98.329041939454541, 19.767785723618175 ], [ -98.328967697127368, 19.76786368364742 ], [ -98.328799266595126, 19.767846208020881 ], [ -98.328973818875127, 19.768347453566719 ], [ -98.329038523567448, 19.768533260443615 ], [ -98.329062146130852, 19.768601095225943 ], [ -98.329073605279987, 19.768622558174975 ], [ -98.329144194776703, 19.768754778387766 ], [ -98.329144570242107, 19.7687766037063 ], [ -98.329146662012676, 19.768898130003901 ], [ -98.329153233124785, 19.769279847607436 ], [ -98.329320238219637, 19.769414847360622 ], [ -98.32933443200163, 19.769426320817409 ], [ -98.329446856038118, 19.769407610218146 ], [ -98.330108917117371, 19.769297424664064 ] ] ], [ [ [ -98.327756522736081, 19.778093687234321 ], [ -98.327301263636954, 19.777719331294549 ], [ -98.327536406097465, 19.777257920719048 ], [ -98.327612764770464, 19.776759288318456 ], [ -98.327703256291755, 19.775895167193834 ], [ -98.327712616813571, 19.775846026106699 ], [ -98.327721014212884, 19.775792092089578 ], [ -98.328023525767975, 19.775287595108729 ], [ -98.328347866033411, 19.775676304521706 ], [ -98.328782416242589, 19.776162577653857 ], [ -98.32874117856494, 19.776568267222853 ], [ -98.329236231591366, 19.77721253343401 ], [ -98.33025794333291, 19.777841629006875 ], [ -98.331928567322862, 19.777305437427078 ], [ -98.332502078351297, 19.777423868473946 ], [ -98.332673749651946, 19.777130915144582 ], [ -98.333490596802861, 19.77699180851414 ], [ -98.333872768569364, 19.77640545685842 ], [ -98.33392134526801, 19.776178533908109 ], [ -98.333983087496961, 19.776918360359193 ], [ -98.334225370581549, 19.777412661020094 ], [ -98.333246683921772, 19.777576171583632 ], [ -98.33289208548851, 19.77778402489329 ], [ -98.332447107874913, 19.778034788573301 ], [ -98.332311510934645, 19.777587186634978 ], [ -98.331601924855946, 19.77783677048831 ], [ -98.331497042887619, 19.777855291787745 ], [ -98.330687931229477, 19.777941907366827 ], [ -98.330799660874689, 19.778544522478555 ], [ -98.330154967504839, 19.778438732412759 ], [ -98.33016651988099, 19.778132232729906 ], [ -98.32890422476062, 19.777778188714947 ], [ -98.328678709857272, 19.77862424588087 ], [ -98.32820434718839, 19.77841122016131 ], [ -98.327756522736081, 19.778093687234321 ] ] ], [ [ [ -98.322134301309333, 19.776879823023638 ], [ -98.322368576828069, 19.776506973224091 ], [ -98.32278110604436, 19.77651684000309 ], [ -98.323078695552809, 19.776682293820176 ], [ -98.322962403230846, 19.776800962810558 ], [ -98.322760083142185, 19.776874521504219 ], [ -98.322193390391718, 19.77758407469296 ], [ -98.322851995049675, 19.777723082481291 ], [ -98.321770296724424, 19.77877754673694 ], [ -98.320502174530645, 19.778229897718241 ], [ -98.321392067782156, 19.777512377598935 ], [ -98.322122543381852, 19.777037220073584 ], [ -98.322134301309333, 19.776879823023638 ] ] ], [ [ [ -98.338180397458345, 19.774345701962886 ], [ -98.337461646332557, 19.773626396875265 ], [ -98.338365874834935, 19.773493591162708 ], [ -98.338576093161251, 19.773576058019369 ], [ -98.338617778096989, 19.773196834819267 ], [ -98.338532174311879, 19.772888709697369 ], [ -98.339397503562992, 19.773676930727348 ], [ -98.340008986221747, 19.773747638794685 ], [ -98.340756913498737, 19.773719067124691 ], [ -98.340810724186795, 19.773553844091285 ], [ -98.340924869999981, 19.773939651327023 ], [ -98.341253693116229, 19.773795104452486 ], [ -98.341359243149739, 19.774080105244817 ], [ -98.341886089157683, 19.774229220913398 ], [ -98.342590971788908, 19.775617146368223 ], [ -98.340857717105195, 19.774489606435008 ], [ -98.34012696367428, 19.77460517245034 ], [ -98.340042984413301, 19.774580961241313 ], [ -98.340075418341868, 19.774305622732673 ], [ -98.338787842686926, 19.773787245496695 ], [ -98.338534785174289, 19.773893943159212 ], [ -98.338574346418795, 19.775459319949661 ], [ -98.338037775112753, 19.775762676731627 ], [ -98.338113567325138, 19.776421922042076 ], [ -98.338056046462626, 19.777211883189647 ], [ -98.337508352013103, 19.778948277668675 ], [ -98.337804943607807, 19.779184585605705 ], [ -98.337294608949662, 19.779656674916538 ], [ -98.336568231118179, 19.780124889006544 ], [ -98.337615478212001, 19.777492830924963 ], [ -98.337448361336683, 19.776480473463376 ], [ -98.336591713713943, 19.775819165073145 ], [ -98.336958525713058, 19.775704976042203 ], [ -98.338180397458345, 19.774345701962886 ] ] ], [ [ [ -98.320502788062242, 19.791318602818524 ], [ -98.320342736395105, 19.790151213460394 ], [ -98.320989865215324, 19.790257040025626 ], [ -98.321005863742016, 19.78951875387256 ], [ -98.321695447635165, 19.789695936953116 ], [ -98.321903982493239, 19.789547446541818 ], [ -98.322649975388245, 19.789544780377415 ], [ -98.323330720754981, 19.789292703134631 ], [ -98.323405156792504, 19.789319533837809 ], [ -98.32435383159077, 19.789744869146777 ], [ -98.325143145259148, 19.790098653126865 ], [ -98.323337484759335, 19.790966028306087 ], [ -98.323028218163486, 19.790512359117102 ], [ -98.321898284385156, 19.790462695820654 ], [ -98.321368706173033, 19.790714148501532 ], [ -98.321322100233772, 19.791081166035315 ], [ -98.322416625772235, 19.791289640285168 ], [ -98.322280032560954, 19.792999452610811 ], [ -98.321910587680307, 19.793178101922948 ], [ -98.320929211536537, 19.793403422136862 ], [ -98.320842014852417, 19.793012998258519 ], [ -98.320502788062242, 19.791318602818524 ] ] ], [ [ [ -98.315509747800846, 19.801256034560858 ], [ -98.314914401219056, 19.800371738156691 ], [ -98.315630472242944, 19.800572948260584 ], [ -98.315712609075845, 19.800244207154613 ], [ -98.315756251410122, 19.800069533653797 ], [ -98.315410588940765, 19.799820684935273 ], [ -98.31543864876906, 19.799494578702927 ], [ -98.314730981775483, 19.799369793810506 ], [ -98.31445506387476, 19.799167910802094 ], [ -98.314458380105535, 19.798924103635873 ], [ -98.314144854393888, 19.798829825813616 ], [ -98.314070417867953, 19.798989655915019 ], [ -98.313518500025097, 19.798688269483762 ], [ -98.313330772239539, 19.798403895994056 ], [ -98.313224876739881, 19.798694948769658 ], [ -98.312995349604094, 19.799325800459318 ], [ -98.313028505875351, 19.799759900450315 ], [ -98.313123664507188, 19.799924177278129 ], [ -98.313466720917219, 19.799856014790223 ], [ -98.314132892945153, 19.800643500715221 ], [ -98.314268057978538, 19.801123860718633 ], [ -98.314528824987846, 19.800991863670276 ], [ -98.314535033413321, 19.801000153070877 ], [ -98.314569290837397, 19.801045892037905 ], [ -98.315695716521148, 19.802549827061984 ], [ -98.315620330132219, 19.802627385012283 ], [ -98.315438169479762, 19.802814790466673 ], [ -98.315821688241357, 19.803253221219364 ], [ -98.315835442827066, 19.803268944792574 ], [ -98.315820748962096, 19.80326657882636 ], [ -98.315416380180864, 19.80320147342438 ], [ -98.315034248447475, 19.803104729223225 ], [ -98.31475586128083, 19.802918307414252 ], [ -98.313588559071718, 19.803554922230433 ], [ -98.311938983393489, 19.797561881735319 ], [ -98.312678243389669, 19.796916564212317 ], [ -98.312527264873566, 19.795789606500769 ], [ -98.312144631575279, 19.795322995148041 ], [ -98.311451370622265, 19.795844861088373 ], [ -98.311251306649808, 19.795273903111479 ], [ -98.313497256000801, 19.78999465297327 ], [ -98.31377902348143, 19.790266763454863 ], [ -98.314111605238466, 19.789692080485715 ], [ -98.314219883884547, 19.789504978835705 ], [ -98.314427151004978, 19.78949359271499 ], [ -98.315055398911298, 19.789181958765241 ], [ -98.315127267966957, 19.789040724052196 ], [ -98.315059580624137, 19.788721967736183 ], [ -98.314315183397085, 19.787866737711187 ], [ -98.314398127233574, 19.787647236288237 ], [ -98.314959999690416, 19.786380344636754 ], [ -98.3150838678892, 19.786296898086491 ], [ -98.315390951871137, 19.786353864900047 ], [ -98.316748513935281, 19.785750473781604 ], [ -98.317096058779782, 19.785587094880242 ], [ -98.31769745067318, 19.785959323211291 ], [ -98.317773745334492, 19.785903295818297 ], [ -98.318079086236068, 19.785679069048886 ], [ -98.318182608674761, 19.785167243992365 ], [ -98.319340752817766, 19.785668125810901 ], [ -98.320036798509719, 19.784862750745578 ], [ -98.320052388803376, 19.784844710998463 ], [ -98.32038585480052, 19.784458863283383 ], [ -98.320469413476616, 19.784166274520601 ], [ -98.319770002811794, 19.782836219439417 ], [ -98.319585461321452, 19.78248527590198 ], [ -98.319416779486616, 19.782164491932264 ], [ -98.319859331355261, 19.780912319599778 ], [ -98.32005696542835, 19.780353119580113 ], [ -98.32003161473807, 19.780321213203354 ], [ -98.319607248060407, 19.779787103104056 ], [ -98.319195734639209, 19.779347460679599 ], [ -98.318859480023463, 19.77912211342872 ], [ -98.318419184181423, 19.77910567962784 ], [ -98.318367109450634, 19.779453907297324 ], [ -98.317741496592134, 19.779742367949211 ], [ -98.317828267419145, 19.779404303270248 ], [ -98.317980613869196, 19.778672564124392 ], [ -98.319985609531912, 19.778946781665532 ], [ -98.320412810385179, 19.778426868427477 ], [ -98.320956461462146, 19.778787371868336 ], [ -98.320920413050743, 19.778824991878999 ], [ -98.320795386407454, 19.778955470223991 ], [ -98.32100910443134, 19.78005214634889 ], [ -98.321527917863364, 19.780271911034472 ], [ -98.321552267455388, 19.78097149453923 ], [ -98.321570279772033, 19.780971770706898 ], [ -98.3215116231666, 19.781147105919835 ], [ -98.31987853564452, 19.786028547218585 ], [ -98.31804903545904, 19.786322896154132 ], [ -98.316017154861001, 19.786649781981943 ], [ -98.318412610000379, 19.78751695643189 ], [ -98.319789184856305, 19.788015268755927 ], [ -98.31981447899804, 19.788025232746062 ], [ -98.319697684061993, 19.788450764686004 ], [ -98.320347555251871, 19.788918774093361 ], [ -98.319785439623402, 19.789394092977673 ], [ -98.319558117707743, 19.789477532178942 ], [ -98.319466850210887, 19.789511031551047 ], [ -98.319447840972998, 19.7894771124224 ], [ -98.319085160517886, 19.788829950028287 ], [ -98.319126725768484, 19.788571775509705 ], [ -98.318670054296092, 19.788253734399049 ], [ -98.318098344649883, 19.788248500476744 ], [ -98.318048184169868, 19.789939969470996 ], [ -98.317712444297513, 19.789965589816244 ], [ -98.317291947134535, 19.789940218757906 ], [ -98.316248270131325, 19.791052099169754 ], [ -98.31561599766269, 19.791399065781032 ], [ -98.315570310714818, 19.79142413675865 ], [ -98.314807136413577, 19.791842931931228 ], [ -98.314868342519375, 19.791937982741853 ], [ -98.314966482217343, 19.7920903899312 ], [ -98.315152495301973, 19.792473405572192 ], [ -98.315204399984623, 19.792483492049378 ], [ -98.316824972497528, 19.792798418900237 ], [ -98.317060679439109, 19.792844222372821 ], [ -98.316833257264605, 19.792811609369586 ], [ -98.313101061426295, 19.792276357388072 ], [ -98.31599012853853, 19.800206137559993 ], [ -98.317531774910563, 19.798970666335727 ], [ -98.317809779996878, 19.799252687409094 ], [ -98.317956517574316, 19.799082983746864 ], [ -98.318024523127761, 19.798919800186237 ], [ -98.318045258599525, 19.798870045399429 ], [ -98.318411323192223, 19.798755505884717 ], [ -98.31852826831296, 19.79871891439473 ], [ -98.318629855435148, 19.798687128563508 ], [ -98.318835941074255, 19.798532090563906 ], [ -98.31884508509458, 19.798575229032274 ], [ -98.318884173434142, 19.798627415916123 ], [ -98.319083583683451, 19.798893649818847 ], [ -98.318637477402348, 19.800231902439631 ], [ -98.318250274311197, 19.800558184700773 ], [ -98.31814632775226, 19.80071190380006 ], [ -98.31814797680282, 19.800724400196536 ], [ -98.318172612566244, 19.800911121040361 ], [ -98.318294623229676, 19.801104766585052 ], [ -98.318282419721456, 19.801125204629567 ], [ -98.317188265153717, 19.802957674452379 ], [ -98.316077886248024, 19.80500362144446 ], [ -98.315815685650065, 19.804667918806572 ], [ -98.316269685277575, 19.804138994934458 ], [ -98.316428490764665, 19.804089251831865 ], [ -98.316450680826932, 19.804075429726748 ], [ -98.316250036328896, 19.803698784377637 ], [ -98.31670975595793, 19.803419086662252 ], [ -98.316281895994138, 19.803134475381196 ], [ -98.31616318479945, 19.80305550841468 ], [ -98.316085572083892, 19.803003880146349 ], [ -98.316164143389059, 19.802831137638655 ], [ -98.316227940579452, 19.802690876782361 ], [ -98.316295430887266, 19.802542497279045 ], [ -98.316355423779896, 19.802410598543364 ], [ -98.316083225239993, 19.802041287856017 ], [ -98.316082589257732, 19.802040424253811 ], [ -98.315829302476388, 19.801696770311274 ], [ -98.315567294658265, 19.801335404731194 ], [ -98.315509747800846, 19.801256034560858 ] ], [ [ -98.317984971175221, 19.799837504831324 ], [ -98.317773262652935, 19.799763339258604 ], [ -98.317439541178473, 19.800119065706379 ], [ -98.317176982379337, 19.799987089144658 ], [ -98.316890760571383, 19.8006215699207 ], [ -98.317280386943395, 19.800741842345303 ], [ -98.317984971175221, 19.799837504831324 ] ], [ [ -98.316594912005243, 19.790073969070086 ], [ -98.317182436045428, 19.789335969942979 ], [ -98.317163182877565, 19.78928750555961 ], [ -98.316895018740439, 19.78861246567747 ], [ -98.315112060964935, 19.790351160778165 ], [ -98.315307759139486, 19.790898408393478 ], [ -98.315355445685512, 19.791031756840741 ], [ -98.315518789536853, 19.790905535689031 ], [ -98.316058625575849, 19.790488382425863 ], [ -98.316594912005243, 19.790073969070086 ] ] ], [ [ [ -98.316340918473415, 19.813343619390999 ], [ -98.315220380729855, 19.808826685073605 ], [ -98.315148826905315, 19.808611001488924 ], [ -98.316415444456524, 19.808748335427964 ], [ -98.316561167207794, 19.807768038673682 ], [ -98.316087298270688, 19.807374425565811 ], [ -98.315984879173982, 19.807066489124217 ], [ -98.31613810714758, 19.806859220825555 ], [ -98.315909899298404, 19.806164687061507 ], [ -98.316114968990306, 19.805673865682692 ], [ -98.316202910081515, 19.805558021474649 ], [ -98.316207199908078, 19.805564029017958 ], [ -98.318862091915904, 19.808757563955947 ], [ -98.319253429693063, 19.809358032672378 ], [ -98.319057293405336, 19.809657744953562 ], [ -98.319037400071068, 19.809777880166596 ], [ -98.319112757897244, 19.809897733285858 ], [ -98.319560936353639, 19.810610536075004 ], [ -98.32000181654908, 19.810505395913562 ], [ -98.320158961220756, 19.810809562482202 ], [ -98.320130132895315, 19.81091144645503 ], [ -98.319934513511285, 19.811193687045172 ], [ -98.319533000961414, 19.811772987794075 ], [ -98.319321707541548, 19.812665582904835 ], [ -98.319691575315758, 19.812452766563986 ], [ -98.319204765488095, 19.813303494426432 ], [ -98.319116731957962, 19.813457337597814 ], [ -98.318006050413317, 19.814117391254868 ], [ -98.316340918473415, 19.813343619390999 ] ] ] ] } },
{ "type": "Feature", "properties": { "Nombre": "Cascada de Cuatenahuatl", "Jurisdiccion": "Municipal", "Area_h": 10.0179 }, "geometry": { "type": "MultiPolygon", "coordinates": [ [ [ [ -98.283184654832269, 21.070495945165849 ], [ -98.28248270736654, 21.070492980123401 ], [ -98.282468342680446, 21.070089821786208 ], [ -98.282716676859721, 21.069344232961654 ], [ -98.2830456747825, 21.068790429697497 ], [ -98.283342929813642, 21.06847579943917 ], [ -98.28374312531993, 21.067960584782188 ], [ -98.283785383063389, 21.067654449552577 ], [ -98.283919009702529, 21.067434850646112 ], [ -98.284072481795562, 21.067330202407835 ], [ -98.284439880351286, 21.067274317028208 ], [ -98.284277997229864, 21.067005610885214 ], [ -98.284380799911773, 21.066833743022098 ], [ -98.284269722325874, 21.066603539713928 ], [ -98.284545567896615, 21.066499406760975 ], [ -98.284698992821987, 21.066404330350217 ], [ -98.284890052369803, 21.066969900820006 ], [ -98.285042150988801, 21.067152414180761 ], [ -98.285255940664669, 21.067229892595083 ], [ -98.28604776686241, 21.067989435080321 ], [ -98.286209107108249, 21.068373005370773 ], [ -98.286238284365808, 21.068669868960619 ], [ -98.286266229562244, 21.069225178631427 ], [ -98.286234513079933, 21.069581893698746 ], [ -98.2862338997313, 21.06958879028549 ], [ -98.286201113906642, 21.07004812184308 ], [ -98.286200126182877, 21.070448751709268 ], [ -98.28608108768158, 21.070453253914835 ], [ -98.285131036268609, 21.070489176856622 ], [ -98.284014372531047, 21.070469497699587 ], [ -98.284371507212811, 21.069183207229155 ], [ -98.284404846979811, 21.068883861162238 ], [ -98.283718644360476, 21.068925890933627 ], [ -98.283315438356581, 21.069837625554118 ], [ -98.283184654832269, 21.070495945165849 ] ] ] ] } },
{ "type": "Feature", "properties": { "Nombre": "Pirámides de Ecuatitla", "Jurisdiccion": "Municipal", "Area_h": 2.68291 }, "geometry": { "type": "MultiPolygon", "coordinates": [ [ [ [ -98.420986506819204, 21.04393304750138 ], [ -98.420898785561889, 21.043823870169089 ], [ -98.42075004845077, 21.043897400923512 ], [ -98.42075055370141, 21.043766747406689 ], [ -98.420743481171712, 21.043196197391399 ], [ -98.421217104497899, 21.043084576512129 ], [ -98.422493098860244, 21.043023589225584 ], [ -98.42341456252818, 21.043470944394961 ], [ -98.423254821968484, 21.043993021739105 ], [ -98.422340366049028, 21.044133637288216 ], [ -98.420986506819204, 21.04393304750138 ] ] ] ] } },
{ "type": "Feature", "properties": { "Nombre": "El Mirador", "Jurisdiccion": "Municipal", "Area_h": 61.6253 }, "geometry": { "type": "MultiPolygon", "coordinates": [ [ [ [ -98.292383307562659, 21.003042918709323 ], [ -98.290775330894633, 21.001951949143535 ], [ -98.290448563820846, 21.00230617394767 ], [ -98.290150817005866, 21.00244610558401 ], [ -98.289904211111903, 21.002064762369198 ], [ -98.286395299607562, 21.001202432197321 ], [ -98.286596795882886, 21.000867928166876 ], [ -98.286172382809568, 21.000467384839002 ], [ -98.285512213856165, 21.001024437057129 ], [ -98.285286364134009, 21.001215009201516 ], [ -98.285074932394792, 21.00164119440446 ], [ -98.284714448854757, 21.001471576286995 ], [ -98.284115386238341, 21.001189696750561 ], [ -98.284222625436783, 21.001027243564501 ], [ -98.284252142756216, 21.000982528175211 ], [ -98.284034876850171, 21.000769405805055 ], [ -98.283997102879241, 21.000823496508591 ], [ -98.283905102334671, 21.000955237326821 ], [ -98.283921454929029, 21.000755152911037 ], [ -98.283925925185031, 21.000700462256201 ], [ -98.283333773265511, 21.000345655051493 ], [ -98.282801881367419, 20.999900566914448 ], [ -98.282136908112847, 20.999516203093538 ], [ -98.28201702617703, 20.999337064235448 ], [ -98.281780618639615, 20.999152246700273 ], [ -98.281618282665875, 20.99899736033435 ], [ -98.2815125832132, 20.998896509742472 ], [ -98.281365936787978, 20.998756601818211 ], [ -98.281477187009514, 20.998648280408361 ], [ -98.280900241012318, 20.997558233165645 ], [ -98.280964073862307, 20.997391334078635 ], [ -98.281549864718983, 20.995859706684957 ], [ -98.281925017451798, 20.995128460357307 ], [ -98.282864113817922, 20.995643869279547 ], [ -98.283085591126607, 20.995777094206098 ], [ -98.283558895600251, 20.995887327130443 ], [ -98.284190715093274, 20.995922068142608 ], [ -98.284258609920883, 20.99567009194481 ], [ -98.284667000826531, 20.995340310229608 ], [ -98.283643461799443, 20.996969258646619 ], [ -98.284940012409635, 20.997047135150467 ], [ -98.285884179188272, 20.997460279644216 ], [ -98.287028425255386, 20.995439761419114 ], [ -98.287041828260257, 20.996270416095825 ], [ -98.29155717403323, 20.998523282216652 ], [ -98.294261482917832, 20.999854952676756 ], [ -98.293143197283214, 21.003436566047021 ], [ -98.292383307562659, 21.003042918709323 ] ] ] ] } },
{ "type": "Feature", "properties": { "Nombre": "Zacatepec", "Jurisdiccion": "Municipal", "Area_h": 16.2461 }, "geometry": { "type": "MultiPolygon", "coordinates": [ [ [ [ -98.619625802008642, 20.875014881673927 ], [ -98.619883401285861, 20.875312799676419 ], [ -98.620093950770254, 20.875692763871722 ], [ -98.619997630791474, 20.875764834995241 ], [ -98.620007017408369, 20.875855212152771 ], [ -98.620035654428634, 20.875936596435441 ], [ -98.620131497515459, 20.876054272479227 ], [ -98.620083314712943, 20.876099343635524 ], [ -98.620083064829203, 20.876198735015837 ], [ -98.620131043238985, 20.876234984080902 ], [ -98.619454627079364, 20.876663618288493 ], [ -98.617826253778006, 20.877695471139209 ], [ -98.616635575190202, 20.8784499507567 ], [ -98.614537924899722, 20.875382159793908 ], [ -98.616240550030312, 20.875330811499889 ], [ -98.616489686024948, 20.875323296840516 ], [ -98.616346006724726, 20.875115155235832 ], [ -98.61809085048435, 20.873239647979265 ], [ -98.619625802008642, 20.875014881673927 ] ] ] ] } }
]
}
