{
"type": "FeatureCollection",
"name": "regiones_terrest",
"crs": { "type": "name", "properties": { "name": "urn:ogc:def:crs:OGC:1.3:CRS84" } },
"features": [
{ "type": "Feature", "properties": { "Nombre": "Sierra Gorda-río Moctezuma", "hectareas": 265611.22 }, "geometry": { "type": "MultiPolygon", "coordinates": [ [ [ [ -98.836773993557642, 21.17021730533418 ], [ -98.836582182547474, 21.169796796157485 ], [ -98.83614693019112, 21.169826005566048 ], [ -98.835526181069937, 21.169675212493072 ], [ -98.835162776113322, 21.169485501772218 ], [ -98.83490946093049, 21.169353261344476 ], [ -98.834320158728588, 21.168828765551471 ], [ -98.838439404152581, 21.170159591805199 ], [ -98.838216464585386, 21.170313345739597 ], [ -98.837569695890807, 21.170550974491032 ], [ -98.836773993557642, 21.17021730533418 ] ] ], [ [ [ -98.805312703393966, 21.193245179748828 ], [ -98.80480498910633, 21.193203020913572 ], [ -98.804652985417846, 21.193231474240417 ], [ -98.802985275122978, 21.193217199457798 ], [ -98.80118800499055, 21.192934196791494 ], [ -98.800012297441654, 21.192512252180506 ], [ -98.799513213609387, 21.192306060706009 ], [ -98.799241430272275, 21.192229231681353 ], [ -98.800283559018666, 21.190739950253022 ], [ -98.807953848049976, 21.193269720376115 ], [ -98.807524206760945, 21.193326002395189 ], [ -98.806734800366897, 21.193303802104381 ], [ -98.805348869764344, 21.193252065317861 ], [ -98.805312703393966, 21.193245179748828 ] ] ], [ [ [ -98.944423227822568, 21.3094075645106 ], [ -98.944154472901957, 21.3084430549162 ], [ -98.943885719943808, 21.307478543511746 ], [ -98.943616972737729, 21.306514034003882 ], [ -98.943348227453114, 21.305549524501245 ], [ -98.943079488003093, 21.30458501326687 ], [ -98.942810750432713, 21.303620503852549 ], [ -98.942542018676349, 21.302655993614291 ], [ -98.940283309921369, 21.294602464147832 ], [ -98.939692360913568, 21.294666785459697 ], [ -98.939113103769444, 21.294851481823468 ], [ -98.938307716633801, 21.295034733755895 ], [ -98.937601802427125, 21.295359909589138 ], [ -98.937248674475029, 21.295546042384512 ], [ -98.936897966230219, 21.295681803766961 ], [ -98.936428731748634, 21.295787501199143 ], [ -98.936052988584379, 21.296002442484479 ], [ -98.93567721184337, 21.296295594912241 ], [ -98.935330375837736, 21.296734754666868 ], [ -98.934951943372667, 21.296944268202715 ], [ -98.934573682628908, 21.297130236603827 ], [ -98.934295751487326, 21.297340393279221 ], [ -98.933942271476781, 21.297573612628316 ], [ -98.933740575206954, 21.29766651549118 ], [ -98.933487597407009, 21.297900379095871 ], [ -98.933184711103763, 21.298086825538924 ], [ -98.932932590084135, 21.298202952427562 ], [ -98.932580135645267, 21.298294886793126 ], [ -98.929276995356474, 21.292729444062225 ], [ -98.929121176754492, 21.289974413570356 ], [ -98.929001060576084, 21.288185000878496 ], [ -98.928864824036665, 21.287220346133047 ], [ -98.928568509426526, 21.285409064736484 ], [ -98.928374799862695, 21.283785278486107 ], [ -98.928212923772548, 21.282773748934382 ], [ -98.927925634086577, 21.281786981240742 ], [ -98.927588336214626, 21.280824254311945 ], [ -98.927149993253849, 21.279815374239952 ], [ -98.926615233615962, 21.279184378482061 ], [ -98.926483907945013, 21.278667315476017 ], [ -98.926538669363097, 21.274473094973807 ], [ -98.927067062373212, 21.273835122514988 ], [ -98.927320702855397, 21.273624501885568 ], [ -98.927576116175402, 21.273201412657585 ], [ -98.927805358127145, 21.27289617712951 ], [ -98.92788367818676, 21.272566224002027 ], [ -98.927937007168609, 21.272212477638409 ], [ -98.927941739872622, 21.271645892654867 ], [ -98.927995070272317, 21.271292146493803 ], [ -98.928072401265382, 21.271080230043907 ], [ -98.928176103576376, 21.270726854617987 ], [ -98.928255208457287, 21.27030246850536 ], [ -98.928234557925535, 21.269759306663399 ], [ -98.928063382111546, 21.269144210387125 ], [ -98.92794080648585, 21.268741954338239 ], [ -98.927792649244026, 21.268386729379468 ], [ -98.927618520652459, 21.268125749302552 ], [ -98.9275459230265, 21.267771077771489 ], [ -98.927271446940381, 21.267462141825494 ], [ -98.927046356608258, 21.267271614547823 ], [ -98.926670352471049, 21.267056368531161 ], [ -98.926369510990185, 21.266888893183065 ], [ -98.926220175465744, 21.266675313798451 ], [ -98.92604822242231, 21.266154645636135 ], [ -98.925648815236912, 21.265726743389109 ], [ -98.925149460719012, 21.265203667683249 ], [ -98.924722897711433, 21.265011654148108 ], [ -98.924446059150952, 21.264986006717987 ], [ -98.924171200979657, 21.264724281229718 ], [ -98.923971698716258, 21.26448671925786 ], [ -98.923823161636435, 21.264178706827849 ], [ -98.92367323869351, 21.264035945792024 ], [ -98.923247471890932, 21.263749499073949 ], [ -98.922819925843072, 21.263675520009116 ], [ -98.922367194421653, 21.263601352543073 ], [ -98.921939053860257, 21.263598195135078 ], [ -98.921337790927595, 21.263216010352089 ], [ -98.921089710098641, 21.26276560503327 ], [ -98.920991748949419, 21.262434352684433 ], [ -98.921070473760011, 21.262057185878668 ], [ -98.921249342423323, 21.261751587279452 ], [ -98.921354043326787, 21.261280175186698 ], [ -98.921457951823669, 21.260903193990572 ], [ -98.921661407790239, 21.260668604645552 ], [ -98.92184086683389, 21.260292181577817 ], [ -98.922021118121222, 21.259821325812545 ], [ -98.922177373665647, 21.259208638471112 ], [ -98.922128589795648, 21.259019406180464 ], [ -98.922156545897693, 21.258689082255653 ], [ -98.922082183683457, 21.258546878157198 ], [ -98.921932466679891, 21.258380509101443 ], [ -98.92163105297152, 21.2582838491189 ], [ -98.921454766580638, 21.258282546918593 ], [ -98.921203125405626, 21.258257081038987 ], [ -98.920952478232437, 21.258113575547455 ], [ -98.920527922550122, 21.257685474362724 ], [ -98.920203113790066, 21.25737615428439 ], [ -98.919902496362283, 21.257185058496535 ], [ -98.919123987930192, 21.256919603132509 ], [ -98.918872748457147, 21.256846916356473 ], [ -98.918621110458261, 21.256821446250935 ], [ -98.918344686802726, 21.256748574410871 ], [ -98.918168997904687, 21.256676446380403 ], [ -98.917969119205296, 21.256486092923705 ], [ -98.917830870694502, 21.256044676324599 ], [ -98.917779833129003, 21.255788861894199 ], [ -98.917728816327013, 21.255501072580344 ], [ -98.917694886100406, 21.255165331522814 ], [ -98.917678036592577, 21.2547816368292 ], [ -98.917661216061063, 21.254349982575913 ], [ -98.917644360307293, 21.253982276479761 ], [ -98.917593361169523, 21.25366251428342 ], [ -98.917559446548026, 21.253294798567474 ], [ -98.917610807145181, 21.252959099302789 ], [ -98.917645222716715, 21.252415561594823 ], [ -98.917764875202593, 21.251967988264607 ], [ -98.917986856290597, 21.251552435300756 ], [ -98.918277053090691, 21.251168890258509 ], [ -98.918686640363703, 21.250801389453752 ], [ -98.91926160657718, 21.250390630758346 ], [ -98.919471552684911, 21.249986877796204 ], [ -98.919774576697392, 21.249790469861615 ], [ -98.91989123524769, 21.249506619603171 ], [ -98.920054437696422, 21.249331982866881 ], [ -98.920194419302291, 21.249004464892124 ], [ -98.920427511852765, 21.248851701669629 ], [ -98.920730568860407, 21.248589772188133 ], [ -98.920986987551302, 21.248393344208974 ], [ -98.921266635379297, 21.248327954253217 ], [ -98.92152299198581, 21.248240718964979 ], [ -98.922152223439042, 21.248044458333467 ], [ -98.922408582842806, 21.247957219838987 ], [ -98.92264163899695, 21.247869969535564 ], [ -98.922992427560203, 21.247482536834674 ], [ -98.923009682623217, 21.247098859121571 ], [ -98.922873412577914, 21.246731098443547 ], [ -98.922549180614936, 21.24642855089953 ], [ -98.922088587887544, 21.246275742894088 ], [ -98.921820736367209, 21.246133626718112 ], [ -98.921599595835758, 21.245917178384207 ], [ -98.921571174198434, 21.245851111376339 ], [ -98.921528047337617, 21.245750858226142 ], [ -98.921360591202301, 21.245263733306398 ], [ -98.921151101204345, 21.244848694153575 ], [ -98.920871678331906, 21.24449913968348 ], [ -98.920708736030178, 21.244193316755478 ], [ -98.920272001404726, 21.243845524360669 ], [ -98.919519974423494, 21.243206050522243 ], [ -98.91932402841482, 21.242969670763276 ], [ -98.919100324462988, 21.242759783865996 ], [ -98.918983824406197, 21.242440186022222 ], [ -98.918915702629704, 21.242245547513459 ], [ -98.918858505257504, 21.242074049813752 ], [ -98.918788759625158, 21.241790106155772 ], [ -98.91874231218921, 21.241506176229699 ], [ -98.918695879545055, 21.241200405935963 ], [ -98.918678538462501, 21.240837606759076 ], [ -98.918649671654876, 21.24047969618611 ], [ -98.918556587655118, 21.24026126196663 ], [ -98.918370334713671, 21.239999100802724 ], [ -98.918153888878237, 21.239881835160546 ], [ -98.91795104439926, 21.239802347462476 ], [ -98.917818102977805, 21.239754555022465 ], [ -98.917708728241507, 21.239726796335308 ], [ -98.91766012495097, 21.239717492295217 ], [ -98.917259791899284, 21.240006406225898 ], [ -98.916847165379508, 21.240227142344597 ], [ -98.91636768961628, 21.240373229417379 ], [ -98.915821186808685, 21.240545701824296 ], [ -98.915310942323558, 21.24059881784871 ], [ -98.914813980002435, 21.240447065980749 ], [ -98.914490013132294, 21.240198348283215 ], [ -98.913900879056513, 21.239921876493547 ], [ -98.91337051934218, 21.239921604827309 ], [ -98.91298741324124, 21.240031876806349 ], [ -98.912898778044891, 21.240446090416086 ], [ -98.912987011995497, 21.240722310446557 ], [ -98.912810030261113, 21.241053628036422 ], [ -98.912603618183994, 21.24132969338859 ], [ -98.9123677699897, 21.241550508055202 ], [ -98.912190979959817, 21.241550417115796 ], [ -98.912043784387095, 21.241329403163348 ], [ -98.911749316722833, 21.241025458858577 ], [ -98.911631585062054, 21.240804458576839 ], [ -98.91130758756519, 21.24061096865578 ], [ -98.911071822975231, 21.2406936974253 ], [ -98.910894887410294, 21.240942159958877 ], [ -98.910717885207788, 21.241301091615878 ], [ -98.910570329763644, 21.241687655642171 ], [ -98.910275529040263, 21.241936054955723 ], [ -98.909951416634584, 21.241935882506624 ], [ -98.909715862644134, 21.241659582950266 ], [ -98.909686667168984, 21.241217691333311 ], [ -98.909568988421157, 21.240913838381612 ], [ -98.909245026299615, 21.240665107617442 ], [ -98.908773575170031, 21.240692472706758 ], [ -98.908361085896104, 21.240664631097221 ], [ -98.908036974580824, 21.240664456367373 ], [ -98.907418300863341, 21.240526034042176 ], [ -98.907271078923628, 21.240360248410479 ], [ -98.90678435421745, 21.240167203149539 ], [ -98.906519260169361, 21.24002896958449 ], [ -98.906136343272536, 21.239835436871697 ], [ -98.905694741459271, 21.239255227009945 ], [ -98.905370720000036, 21.239116962873336 ], [ -98.904899269723302, 21.239144312291206 ], [ -98.904457181424874, 21.239337386807648 ], [ -98.904133071378695, 21.239337203767573 ], [ -98.903809125005196, 21.239088463570631 ], [ -98.903426194295903, 21.238922540507982 ], [ -98.903131730847448, 21.23864619998956 ], [ -98.902807784120597, 21.238397457692407 ], [ -98.902542570848638, 21.238452541043621 ], [ -98.902247726843768, 21.238756160823616 ], [ -98.902041260978692, 21.239087447968295 ], [ -98.901746311151228, 21.239556772609237 ], [ -98.90153974851917, 21.240026144782242 ], [ -98.901274421912689, 21.240246928021751 ], [ -98.900979703946916, 21.240357225479382 ], [ -98.900655610514491, 21.240329416866295 ], [ -98.900449580914795, 21.239997888516694 ], [ -98.90027308530162, 21.23955591053512 ], [ -98.900214434238492, 21.239141614053672 ], [ -98.900008384476052, 21.238837703438659 ], [ -98.899890714328663, 21.238561461713068 ], [ -98.899802671951349, 21.238036681629389 ], [ -98.89983233949421, 21.237732908873014 ], [ -98.899891509114227, 21.237373917990798 ], [ -98.899921193550483, 21.237042528955268 ], [ -98.89983294844869, 21.236821538232292 ], [ -98.899420565423966, 21.236655590832818 ], [ -98.899214467173607, 21.23643452864523 ], [ -98.899244189849014, 21.236047903606533 ], [ -98.899391677094684, 21.235799437014276 ], [ -98.899597963505329, 21.235744322905109 ], [ -98.899960079215461, 21.235808470117757 ], [ -98.90023235948766, 21.236004030914582 ], [ -98.900573427900355, 21.236084165108135 ], [ -98.901002409572783, 21.236063196980705 ], [ -98.901433175443529, 21.235947418736455 ], [ -98.90155131937729, 21.235505614235045 ], [ -98.901492630330367, 21.235146553678412 ], [ -98.901433901848378, 21.234842729369131 ], [ -98.901227874866237, 21.234511203035737 ], [ -98.900962922837962, 21.234179638816272 ], [ -98.90047980166382, 21.233972044975154 ], [ -98.899814183959322, 21.233681852236653 ], [ -98.899283937678064, 21.233543450158535 ], [ -98.898901063242945, 21.233322283660723 ], [ -98.898606675948699, 21.232963080979538 ], [ -98.898576052404991, 21.232455091387244 ], [ -98.898666013006007, 21.23183051454539 ], [ -98.898888217036827, 21.231270133261436 ], [ -98.899221183445604, 21.231131104518159 ], [ -98.899911503643793, 21.231124789970217 ], [ -98.90118924790734, 21.231533101851845 ], [ -98.90246699652343, 21.231971130814568 ], [ -98.902908814877989, 21.232164705230364 ], [ -98.90402898022532, 21.232672871805455 ], [ -98.905037585266868, 21.232968937758834 ], [ -98.906009812246367, 21.233136098054 ], [ -98.906811509765262, 21.233024631793242 ], [ -98.907811876835666, 21.232793173765632 ], [ -98.90877352691902, 21.232050498618676 ], [ -98.908825012727164, 21.232005946575537 ], [ -98.91179988624404, 21.229624551741672 ], [ -98.912746124791582, 21.228738551659479 ], [ -98.913842843219967, 21.228072536288515 ], [ -98.914764492287375, 21.227262089479833 ], [ -98.91526940629744, 21.226316749523008 ], [ -98.915080902666787, 21.225193762720188 ], [ -98.914224086062134, 21.224294874031543 ], [ -98.912559806811373, 21.223892289114669 ], [ -98.911046921278668, 21.223536904080273 ], [ -98.909596909720079, 21.223477036755462 ], [ -98.908198673345652, 21.223616632955114 ], [ -98.907056041921876, 21.223552062319346 ], [ -98.906374112714104, 21.223136024434908 ], [ -98.906153011073428, 21.22216070044437 ], [ -98.906004831314064, 21.221051993483623 ], [ -98.905499640756645, 21.219324405232875 ], [ -98.904872169457335, 21.217682683967716 ], [ -98.904431811218615, 21.216204943631439 ], [ -98.903928303940774, 21.214904467066841 ], [ -98.903656649133353, 21.213595407922348 ], [ -98.90363876701727, 21.212657132584788 ], [ -98.903425465520286, 21.212508077464474 ], [ -98.903070008059501, 21.212397963434697 ], [ -98.902868677822596, 21.212241538878626 ], [ -98.902468293878925, 21.21195883096388 ], [ -98.90219292222902, 21.211817342318955 ], [ -98.901717506255522, 21.211464000915552 ], [ -98.901191634790649, 21.211275061206639 ], [ -98.90061564426739, 21.211086027820908 ], [ -98.900039512874898, 21.210967491398744 ], [ -98.899363189794457, 21.210825271565355 ], [ -98.89801050135037, 21.210564323290836 ], [ -98.897183728105247, 21.210468817994247 ], [ -98.896081203498198, 21.210419801933455 ], [ -98.895135201364369, 21.210378798903562 ], [ -98.895214162278208, 21.209577508682461 ], [ -98.895423505808438, 21.203895942284223 ], [ -98.885271442765486, 21.196444554288604 ], [ -98.885125886668831, 21.196339868394194 ], [ -98.88565260255416, 21.19512290323312 ], [ -98.883790489462825, 21.193464621253614 ], [ -98.882896769401682, 21.192612595952557 ], [ -98.883045024670309, 21.190580938188202 ], [ -98.883087189758129, 21.190003102368408 ], [ -98.882896247131427, 21.185371129565887 ], [ -98.882778681133587, 21.182519021116239 ], [ -98.882658809823781, 21.179610870724851 ], [ -98.880007479967119, 21.179264349188514 ], [ -98.876378196197606, 21.180379957947647 ], [ -98.87634663601078, 21.180389659588943 ], [ -98.874697310220512, 21.180896611502373 ], [ -98.872662575888441, 21.183271978185548 ], [ -98.86938768257059, 21.184375412954523 ], [ -98.867465101033829, 21.18588770345054 ], [ -98.865637129499348, 21.187325519898508 ], [ -98.863924338736766, 21.188274512198191 ], [ -98.863753094194081, 21.188369391352399 ], [ -98.862966101942234, 21.18856270882149 ], [ -98.86172411104161, 21.188867783580104 ], [ -98.859695216488802, 21.189266142080328 ], [ -98.858630508446339, 21.189265250722144 ], [ -98.85739980520232, 21.189264209396566 ], [ -98.855964338130917, 21.188674445515236 ], [ -98.855806122883905, 21.188584865776168 ], [ -98.855346865796861, 21.188231175874311 ], [ -98.854826447681049, 21.187830380553706 ], [ -98.854680400451329, 21.187682949733802 ], [ -98.854734822449629, 21.18753004050799 ], [ -98.854637488853726, 21.187341054907844 ], [ -98.854575700032385, 21.187290830252664 ], [ -98.854572338217565, 21.187100085742962 ], [ -98.854719787743022, 21.18698576600265 ], [ -98.854981110647032, 21.186690404787814 ], [ -98.855566071253108, 21.186508446356143 ], [ -98.855788266041159, 21.186109476680333 ], [ -98.855541005436237, 21.18554029034431 ], [ -98.855634355333137, 21.185427982071047 ], [ -98.855655890072271, 21.185269313920895 ], [ -98.855826051798516, 21.185220008016216 ], [ -98.856052611010597, 21.185171859816691 ], [ -98.856296350493352, 21.184992068639769 ], [ -98.856299368937002, 21.184259511736876 ], [ -98.856440986655826, 21.184125722773263 ], [ -98.856441166892253, 21.183635199383485 ], [ -98.85629215429698, 21.183248829018925 ], [ -98.85622288820629, 21.182989185539927 ], [ -98.856551366015466, 21.182634075655145 ], [ -98.856001453212912, 21.181672242779232 ], [ -98.856001026306387, 21.181304872381336 ], [ -98.855883638703801, 21.181120888665831 ], [ -98.85569680191243, 21.18101570534402 ], [ -98.855716261464465, 21.180645518493783 ], [ -98.855578820151777, 21.180377629790708 ], [ -98.855598872889828, 21.18009614993349 ], [ -98.855330221236642, 21.180021533642098 ], [ -98.855206234599422, 21.17998709811847 ], [ -98.85513153734972, 21.179724705412859 ], [ -98.854868203071817, 21.179432760346238 ], [ -98.854626479887528, 21.179311565896182 ], [ -98.854463857925808, 21.17914218664988 ], [ -98.854300538654044, 21.179002679650232 ], [ -98.853971153504006, 21.178741183088043 ], [ -98.853622494696637, 21.178432336217515 ], [ -98.853324529583375, 21.178129824979031 ], [ -98.85314451767826, 21.177856204392938 ], [ -98.853001430092078, 21.17769448459396 ], [ -98.85241126791631, 21.177206791573305 ], [ -98.852095343507003, 21.176799286594758 ], [ -98.85144338641885, 21.176272078363692 ], [ -98.851034335791226, 21.17603391529331 ], [ -98.850944664595403, 21.175864984029531 ], [ -98.850694991784181, 21.175761834869089 ], [ -98.850383903120857, 21.175673006899441 ], [ -98.850073740908073, 21.175544637641877 ], [ -98.849239495829792, 21.175257110722963 ], [ -98.84904547430547, 21.175127834697214 ], [ -98.848664318308366, 21.17500080379174 ], [ -98.848428643800887, 21.174865847317349 ], [ -98.848024928638878, 21.174734862834423 ], [ -98.84794906296186, 21.174710249721404 ], [ -98.847497716746261, 21.175364448609542 ], [ -98.847503090443155, 21.175456036576183 ], [ -98.847556362567715, 21.175708109147141 ], [ -98.847401048654874, 21.175942464762137 ], [ -98.847267711348053, 21.176116461702225 ], [ -98.847138709759946, 21.176254543197352 ], [ -98.847075745195525, 21.176407079295625 ], [ -98.84706726872956, 21.176619654926988 ], [ -98.846959329920239, 21.176434594224766 ], [ -98.846926211220421, 21.176377811602208 ], [ -98.846947595259422, 21.176287946187447 ], [ -98.846980464496369, 21.176149814535641 ], [ -98.847074701856968, 21.176004469842464 ], [ -98.847010965536271, 21.175891871093445 ], [ -98.846952718932783, 21.175899994358733 ], [ -98.846765622606611, 21.175926087703704 ], [ -98.846816008929537, 21.175364365987758 ], [ -98.84669709759973, 21.174885569141715 ], [ -98.846464393633127, 21.174424389254067 ], [ -98.846379438087311, 21.174240087389197 ], [ -98.846353211253373, 21.173983417390101 ], [ -98.846351895442822, 21.173970535243143 ], [ -98.845671844223347, 21.173203496930348 ], [ -98.84478102362219, 21.172506436971414 ], [ -98.843884302037253, 21.172145362271095 ], [ -98.843852660459063, 21.171785083237861 ], [ -98.843821019007692, 21.171424806089711 ], [ -98.843711659007681, 21.171013085760261 ], [ -98.8480919035905, 21.170962712449416 ], [ -98.849914544116999, 21.164511048140859 ], [ -98.853424012718691, 21.156977799877559 ], [ -98.855095685278869, 21.146722564534027 ], [ -98.860732510602659, 21.140126956312297 ], [ -98.868036245417471, 21.133789967186441 ], [ -98.874467848072726, 21.123743340928797 ], [ -98.877464534058404, 21.117987167880859 ], [ -98.879715648250738, 21.114341677631259 ], [ -98.888870725501704, 21.103544743791133 ], [ -98.896835698289721, 21.097220049632593 ], [ -98.897073821610533, 21.086788215819453 ], [ -98.899744371004672, 21.07527822655716 ], [ -98.902306601936587, 21.06856006672162 ], [ -98.906502469460989, 21.055953442544183 ], [ -98.9091132851091, 21.046983355000194 ], [ -98.91446953289676, 21.036092679008256 ], [ -98.913369503494053, 21.018301656707298 ], [ -98.921168223408941, 21.005767866397846 ], [ -98.9241434195892, 20.993980672759761 ], [ -98.925568729791877, 20.984140605169785 ], [ -98.929103241350063, 20.974057179521438 ], [ -98.929597027335618, 20.965323721463989 ], [ -98.93274944396461, 20.945788386968093 ], [ -98.932642671122125, 20.937326594847132 ], [ -98.932222990406387, 20.929139866313076 ], [ -98.933825337869251, 20.924938880113199 ], [ -98.938714518443916, 20.920808391814433 ], [ -98.951678764563468, 20.918529351205276 ], [ -98.958529140083243, 20.920641947127073 ], [ -98.971553059811754, 20.928795566919497 ], [ -98.978771640327636, 20.928092448881515 ], [ -98.986696816883168, 20.922890763482194 ], [ -98.986766143394874, 20.919791009070622 ], [ -98.986445551713388, 20.920630851848472 ], [ -98.985675348754071, 20.914694710862189 ], [ -98.984064351699516, 20.906201208492018 ], [ -98.977007496357345, 20.899857133436289 ], [ -98.973925621683719, 20.889925697966884 ], [ -98.970798314508997, 20.882250518595178 ], [ -98.968874374554019, 20.874315658233424 ], [ -98.969890768564468, 20.869258965486637 ], [ -98.97262753232711, 20.867763920487803 ], [ -98.982539951269615, 20.867114148822854 ], [ -98.992465836564321, 20.866180441565021 ], [ -99.003598182747169, 20.864709480318634 ], [ -99.013020594276682, 20.859252587144013 ], [ -99.020855981799215, 20.857432244261094 ], [ -99.030469278128479, 20.85705709734582 ], [ -99.032245394219302, 20.857937790627112 ], [ -99.04910776301854, 20.855161663876569 ], [ -99.056363710654566, 20.85276573594339 ], [ -99.066418168970344, 20.845625602454788 ], [ -99.067350924501696, 20.844234850860165 ], [ -99.06781447321093, 20.836347430150475 ], [ -99.069509479010037, 20.827637608251624 ], [ -99.076917650014479, 20.817912316154434 ], [ -99.079238013116381, 20.807803582556158 ], [ -99.081732571797289, 20.803339590716647 ], [ -99.088559490316655, 20.79261382672626 ], [ -99.100369966483257, 20.787199823391266 ], [ -99.106206403000527, 20.780825607333242 ], [ -99.108785402733233, 20.772132526402956 ], [ -99.110357396021371, 20.768778048346313 ], [ -99.105840714008878, 20.755720132931572 ], [ -99.093686721937559, 20.749571026988374 ], [ -99.09328941570547, 20.74025683349149 ], [ -99.108167035633358, 20.731235528953352 ], [ -99.118398961969604, 20.729453688563375 ], [ -99.126037007130279, 20.722550578718057 ], [ -99.133658761935223, 20.716490594850061 ], [ -99.140067883962345, 20.710970026864956 ], [ -99.148268014182747, 20.705768534171114 ], [ -99.164405111087717, 20.693803479170064 ], [ -99.166824353107444, 20.678341297227739 ], [ -99.175293131466631, 20.674552019312166 ], [ -99.177445601525761, 20.671770389698473 ], [ -99.189759570403126, 20.670308273481826 ], [ -99.200569105104861, 20.669096509599818 ], [ -99.214639001004912, 20.669635610219608 ], [ -99.220062717427311, 20.668044942972227 ], [ -99.23188158684664, 20.661775709731046 ], [ -99.239464884668195, 20.656837382793018 ], [ -99.248781874101496, 20.655595187563662 ], [ -99.255594014526622, 20.659383220386903 ], [ -99.267290011396142, 20.658466231659865 ], [ -99.270556877964111, 20.64527265571704 ], [ -99.273767485373298, 20.634475425360268 ], [ -99.291872994994478, 20.627751719081715 ], [ -99.311672241436113, 20.62612702378075 ], [ -99.324236995185714, 20.626910717014031 ], [ -99.339704078171835, 20.632257364412883 ], [ -99.350429334581648, 20.63498216462062 ], [ -99.358724818560376, 20.639637247782012 ], [ -99.366490207288805, 20.640617648109295 ], [ -99.377950183991814, 20.636587809320954 ], [ -99.395925488424908, 20.636472036125166 ], [ -99.408598563841437, 20.647118582301996 ], [ -99.41926412303539, 20.653221352179962 ], [ -99.432600299739775, 20.676564513483395 ], [ -99.443610208966987, 20.680698265744844 ], [ -99.460586803419602, 20.686057987623276 ], [ -99.465202387427453, 20.695157118385431 ], [ -99.474639350632785, 20.703490139064364 ], [ -99.481439206180397, 20.708395087169581 ], [ -99.50665349314913, 20.722202653579554 ], [ -99.513382696284594, 20.731053809042976 ], [ -99.530541432010253, 20.726821518446027 ], [ -99.545270204744696, 20.724137959888516 ], [ -99.5452581702217, 20.724165697504976 ], [ -99.545095898955097, 20.724274132263158 ], [ -99.544895258476245, 20.724355710069482 ], [ -99.544732961340458, 20.72445515162066 ], [ -99.544618829734517, 20.724575121022436 ], [ -99.544561934453625, 20.724719197451925 ], [ -99.544552982230158, 20.724890103554593 ], [ -99.544543993111731, 20.72505201483802 ], [ -99.544486936246415, 20.725151122901014 ], [ -99.544334136394454, 20.725232547159223 ], [ -99.544210136932875, 20.725340860985625 ], [ -99.544153435108726, 20.725538898710319 ], [ -99.54414479708079, 20.725799736141422 ], [ -99.544212547803625, 20.726015365178604 ], [ -99.544308677908475, 20.726140969989761 ], [ -99.544366184217509, 20.726167770550671 ], [ -99.544432735659939, 20.726222980568643 ], [ -99.544759826021817, 20.726544249545093 ], [ -99.54505701934194, 20.72670519190067 ], [ -99.545392742807437, 20.726937958830838 ], [ -99.545728471229623, 20.727088138344453 ], [ -99.546140059462061, 20.72721438635639 ], [ -99.546408516943117, 20.727366422659053 ], [ -99.546999074153476, 20.727745350648174 ], [ -99.547188477017542, 20.727935089744392 ], [ -99.547284776392118, 20.728105661382727 ], [ -99.547429205000839, 20.728357019482818 ], [ -99.54748751689749, 20.728608650375314 ], [ -99.547498152594628, 20.728905401869778 ], [ -99.547575767541915, 20.729201940959484 ], [ -99.547662592642112, 20.72939951888242 ], [ -99.547719669943646, 20.729530355994591 ], [ -99.547767999140859, 20.729665102235963 ], [ -99.547778182450145, 20.729835946770699 ], [ -99.54774049243936, 20.729997949555361 ], [ -99.547702802337909, 20.730159952349819 ], [ -99.547598159839808, 20.730331161473163 ], [ -99.547503061344599, 20.730493346563954 ], [ -99.547389341235373, 20.730799487047694 ], [ -99.547294397689697, 20.731006638717346 ], [ -99.547161377642226, 20.731267872793428 ], [ -99.547076006181754, 20.731474993357828 ], [ -99.547009961872163, 20.731736014143653 ], [ -99.547020402308149, 20.731978807464994 ], [ -99.547107329974821, 20.732203365164857 ], [ -99.547155686925464, 20.732347106594606 ], [ -99.547223023473208, 20.732445822692778 ], [ -99.547252053010737, 20.732535662965834 ], [ -99.54725266688753, 20.732706539000031 ], [ -99.547301282304744, 20.732922226242408 ], [ -99.547455219603151, 20.73315556807184 ], [ -99.547475970449156, 20.733433034047923 ], [ -99.547534450845845, 20.73372963276584 ], [ -99.547592706464812, 20.733963278683412 ], [ -99.547670157333599, 20.73421485005726 ], [ -99.547757244109533, 20.734484378162673 ], [ -99.54783496171666, 20.734807895576317 ], [ -99.547922243112566, 20.735131379970365 ], [ -99.547961522251597, 20.735410053343685 ], [ -99.548009885085008, 20.735553796713777 ], [ -99.548029066628573, 20.735672974588905 ], [ -99.54832920403031, 20.736536839715605 ], [ -99.548395869793168, 20.736769107753204 ], [ -99.548452173189645, 20.736977768940545 ], [ -99.548480236158568, 20.737110708196571 ], [ -99.548471294053869, 20.737197755051987 ], [ -99.54841593078153, 20.737250141131518 ], [ -99.548277493428714, 20.737372406313828 ], [ -99.548074402625616, 20.73753838718568 ], [ -99.547880604837331, 20.737713038955182 ], [ -99.547770158857602, 20.737896125932171 ], [ -99.547641231555843, 20.738087975196365 ], [ -99.547595502253216, 20.738244750966544 ], [ -99.547586775377553, 20.738392708549842 ], [ -99.547540889788877, 20.738505977171634 ], [ -99.547421062458696, 20.738654287546925 ], [ -99.547328759078326, 20.738732896867237 ], [ -99.547245684606537, 20.738802774606846 ], [ -99.547218124720985, 20.738863772795344 ], [ -99.547227728300896, 20.738959462852726 ], [ -99.547274209506668, 20.739011523965445 ], [ -99.547265357028294, 20.739124675313306 ], [ -99.54719191572201, 20.739298943993234 ], [ -99.547072087303945, 20.739447254179481 ], [ -99.546952162367688, 20.739569459742349 ], [ -99.546841500012036, 20.739691634648281 ], [ -99.546693736277973, 20.739796526524309 ], [ -99.546592266995347, 20.73990127061057 ], [ -99.546462991946569, 20.739997398361048 ], [ -99.546417291387328, 20.740162875795587 ], [ -99.546388638139007, 20.740300337258173 ], [ -99.546314947124429, 20.740404990308583 ], [ -99.546333772615014, 20.740491948936501 ], [ -99.546371119991846, 20.740578846416174 ], [ -99.546408469311842, 20.740665745737186 ], [ -99.546399460293912, 20.740735387211512 ], [ -99.54632582475648, 20.740857444723659 ], [ -99.546270620597397, 20.74095334022115 ], [ -99.546233993964009, 20.74106657990367 ], [ -99.54623430536634, 20.741153594402736 ], [ -99.546243873822732, 20.741240581904691 ], [ -99.54624424865743, 20.741345000061472 ], [ -99.546188919298956, 20.741406090112207 ], [ -99.546142968132088, 20.741501953098137 ], [ -99.54614334285651, 20.741606373088814 ], [ -99.546153003531515, 20.741719465148915 ], [ -99.546051505552299, 20.741815504551386 ], [ -99.545866456769403, 20.741850900015205 ], [ -99.545607396762989, 20.74190393249987 ], [ -99.545357603330331, 20.741956935939289 ], [ -99.545154007271123, 20.741983687130165 ], [ -99.545005835216543, 20.741975454795892 ], [ -99.5449039892179, 20.741975777894574 ], [ -99.54479304323057, 20.742019637871223 ], [ -99.544710021933611, 20.742106916130073 ], [ -99.544664289774218, 20.742263692416149 ], [ -99.544683338689012, 20.742411561503069 ], [ -99.544813552609313, 20.742576480727635 ], [ -99.544762041267632, 20.74283575272759 ], [ -99.544829512300794, 20.743008031644976 ], [ -99.544934580572317, 20.743241396194417 ], [ -99.544918950089098, 20.743354525728662 ], [ -99.54491940882393, 20.743482682413525 ], [ -99.544968219543719, 20.743678533913872 ], [ -99.544920571012526, 20.743806841281437 ], [ -99.544905074215208, 20.74395766517295 ], [ -99.544817363679911, 20.744093639481036 ], [ -99.544785939902326, 20.744274664729538 ], [ -99.544794608520931, 20.744455566356567 ], [ -99.54465898292095, 20.744644463014385 ], [ -99.544491252586809, 20.744825923862539 ], [ -99.544307518444768, 20.745014970760675 ], [ -99.544003223268831, 20.745121474229535 ], [ -99.543723060646116, 20.745250517109916 ], [ -99.543173558121836, 20.745814408790899 ], [ -99.542775279873013, 20.746214529790578 ], [ -99.542464178566675, 20.746215511943209 ], [ -99.542168220662703, 20.746195139828654 ], [ -99.541928106286704, 20.746182858348064 ], [ -99.54164468101925, 20.746237727005312 ], [ -99.541363160538538, 20.746224691649974 ], [ -99.540993048319748, 20.746295471198749 ], [ -99.540430450200105, 20.746394698347249 ], [ -99.539927207250017, 20.74652158500048 ], [ -99.539601689161174, 20.746633988332924 ], [ -99.539350093330683, 20.746704392198971 ], [ -99.539069310691005, 20.7469001897833 ], [ -99.538803732867933, 20.747207324135591 ], [ -99.538583489297991, 20.747764923018707 ], [ -99.538438205903475, 20.748572897363427 ], [ -99.538071104482214, 20.749204053839051 ], [ -99.537524545942929, 20.74947059680477 ], [ -99.536028772094511, 20.749979431453184 ], [ -99.534930759755966, 20.75025094713315 ], [ -99.533856873428448, 20.750506799771319 ], [ -99.532215640327891, 20.750736348111388 ], [ -99.531390439622129, 20.750963359339053 ], [ -99.530486269696937, 20.751377658023991 ], [ -99.529860197046276, 20.751632106414299 ], [ -99.529243906608556, 20.751839757240745 ], [ -99.528993339885005, 20.751937594512363 ], [ -99.528854075616053, 20.751956728303739 ], [ -99.528764545573722, 20.751966356383441 ], [ -99.528675109160304, 20.75200403979569 ], [ -99.528585899751675, 20.752107190099053 ], [ -99.528566582621778, 20.752275595743516 ], [ -99.528487620483432, 20.752462886866169 ], [ -99.528378703614422, 20.752622211853893 ], [ -99.528209909578706, 20.752734958712004 ], [ -99.527931747833264, 20.752876101641061 ], [ -99.527693520672713, 20.753054528135163 ], [ -99.527435487139186, 20.753261075268895 ], [ -99.527346638421932, 20.753467101774369 ], [ -99.527308286492399, 20.753888079462143 ], [ -99.527249809690645, 20.754243650346595 ], [ -99.527171196305119, 20.754533817794581 ], [ -99.527032680832178, 20.754768054352649 ], [ -99.526943500387503, 20.754880556335934 ], [ -99.526874100552917, 20.754955588629389 ], [ -99.526487270656631, 20.755330871023894 ], [ -99.5263351244879, 20.755587926460461 ], [ -99.526256122369929, 20.755765867107666 ], [ -99.52622678430734, 20.755915594314832 ], [ -99.526187102767381, 20.755953127488731 ], [ -99.52606784484405, 20.756000252768381 ], [ -99.525898818826064, 20.7560475338354 ], [ -99.525759588590915, 20.756076017409882 ], [ -99.525640423389817, 20.756151199644371 ], [ -99.525531208738826, 20.75622635276974 ], [ -99.525382091402861, 20.756273571726823 ], [ -99.525232877209632, 20.756292733188591 ], [ -99.525053741220304, 20.756293280118626 ], [ -99.524824813005594, 20.75628462641879 ], [ -99.524625673172366, 20.756257176976657 ], [ -99.524516296509404, 20.756285568936843 ], [ -99.52443690914177, 20.756351276658286 ], [ -99.524307694638225, 20.756398434887053 ], [ -99.524138538178178, 20.756408303293245 ], [ -99.52403895762653, 20.756389901111302 ], [ -99.523979081540546, 20.756343321274503 ], [ -99.523868932886671, 20.756147255778515 ], [ -99.523618585892081, 20.755699101080559 ], [ -99.523428019574652, 20.755269468824753 ], [ -99.523237643270562, 20.754895951954875 ], [ -99.5230375466504, 20.754587930951949 ], [ -99.522798217508736, 20.754448372494675 ], [ -99.5224555453958, 20.754346240350031 ], [ -99.522206683870522, 20.754328294223036 ], [ -99.52204751892144, 20.75434748040535 ], [ -99.521868607339215, 20.754413492436431 ], [ -99.521739424549793, 20.75446999902675 ], [ -99.521630561415819, 20.75464802610762 ], [ -99.521531815649098, 20.754872784882291 ], [ -99.521472872055057, 20.755097423170888 ], [ -99.521393992441659, 20.755312768302783 ], [ -99.521334699245756, 20.755434527935034 ], [ -99.521245195118752, 20.755453504016625 ], [ -99.521155598919478, 20.755444422772179 ], [ -99.521055852559869, 20.755379259035099 ], [ -99.520916526104486, 20.755379682652237 ], [ -99.520787309388965, 20.755426836926365 ], [ -99.520718028507389, 20.755539273426841 ], [ -99.520658735499438, 20.755661036459657 ], [ -99.520629323172159, 20.755792059428561 ], [ -99.520579726832224, 20.755838973283687 ], [ -99.520430671417543, 20.755904890457987 ], [ -99.520271632575771, 20.75596148733549 ], [ -99.520142384481986, 20.755999287747414 ], [ -99.520033070222453, 20.75604638137515 ], [ -99.519863197493251, 20.756144624014457 ], [ -99.519634939014637, 20.756332362180661 ], [ -99.519277910495916, 20.75669818837666 ], [ -99.519053146247344, 20.756959841892538 ], [ -99.518961331476078, 20.757250936116357 ], [ -99.518823534726209, 20.757700270517361 ], [ -99.518621994453937, 20.758244523866146 ], [ -99.518570701479931, 20.758935468410606 ], [ -99.518546233611758, 20.759418617356232 ], [ -99.518378672842701, 20.759896095127669 ], [ -99.517793207334392, 20.760402894744274 ], [ -99.516780266873781, 20.761051262516506 ], [ -99.516154380602629, 20.761380478171127 ], [ -99.515547986120623, 20.761588052301605 ], [ -99.514293893085949, 20.761890924217575 ], [ -99.513611204029772, 20.762166143836897 ], [ -99.512997865587835, 20.762443244769262 ], [ -99.512431430072397, 20.76269745281531 ], [ -99.512064385823322, 20.76305394132898 ], [ -99.511605483844207, 20.763440437086839 ], [ -99.510972306763975, 20.764120470880076 ], [ -99.510682727693052, 20.76465986476331 ], [ -99.510405691620747, 20.76514701463552 ], [ -99.51007857027831, 20.765540789736733 ], [ -99.509733069090217, 20.765721102164353 ], [ -99.509469110589151, 20.765780864880448 ], [ -99.508893416711061, 20.765726060920429 ], [ -99.508625579531341, 20.765573152126535 ], [ -99.50852580189293, 20.765498629037044 ], [ -99.508445932947538, 20.765424046543341 ], [ -99.508385964947621, 20.765349404550278 ], [ -99.508336047432067, 20.765302790463192 ], [ -99.508266251234318, 20.765265585455683 ], [ -99.508146819213508, 20.765265938928977 ], [ -99.50798757780403, 20.765266410101983 ], [ -99.50780837027726, 20.765248233602509 ], [ -99.507688845110494, 20.765220531895881 ], [ -99.507549508448932, 20.765220943301433 ], [ -99.507410203446724, 20.765230707104497 ], [ -99.507074558380367, 20.765274763064834 ], [ -99.506731455150984, 20.765273712699965 ], [ -99.506641879194248, 20.765273977107395 ], [ -99.506492591086271, 20.765274417148689 ], [ -99.506303525185686, 20.765284326015841 ], [ -99.506084626980595, 20.765303677529349 ], [ -99.505825889734481, 20.765313790742916 ], [ -99.505626959233041, 20.765351785770356 ], [ -99.505398079867902, 20.765361811526166 ], [ -99.505139247883406, 20.765343869625426 ], [ -99.504989867144715, 20.765316250649779 ], [ -99.504880325404116, 20.76529786795756 ], [ -99.504790847720869, 20.765326188917786 ], [ -99.504671663593157, 20.765401357093463 ], [ -99.504452951833727, 20.765476817766473 ], [ -99.504293928309551, 20.765542754554378 ], [ -99.503985857983722, 20.765683943391775 ], [ -99.503817006313199, 20.765787317390533 ], [ -99.5037080828466, 20.765955980656159 ], [ -99.50360920671163, 20.766152670273055 ], [ -99.503540563326041, 20.766461502089591 ], [ -99.503530920012693, 20.766555054919824 ], [ -99.50355101133627, 20.766611111327961 ], [ -99.503537061224705, 20.766682712390235 ], [ -99.50354350255914, 20.766741414058664 ], [ -99.503562570726899, 20.766841181771682 ], [ -99.503600436468346, 20.766958507879043 ], [ -99.503619446841697, 20.7670406593165 ], [ -99.503669883569771, 20.767181438844382 ], [ -99.503720221330425, 20.767292859662934 ], [ -99.503783090963665, 20.767415984241531 ], [ -99.503820975662805, 20.767539185149865 ], [ -99.503865262743446, 20.767709341736087 ], [ -99.503922040520806, 20.767879462387217 ], [ -99.504010422784688, 20.768161058236551 ], [ -99.504168339081218, 20.768552824959773 ], [ -99.504312404881532, 20.769115653782173 ], [ -99.504458616305584, 20.769440430910006 ], [ -99.50507382329539, 20.769795299433731 ], [ -99.505497713182407, 20.770200544072814 ], [ -99.505969884961942, 20.770673863458576 ], [ -99.50622663240857, 20.771025271631348 ], [ -99.50636119591843, 20.771203212503664 ], [ -99.506417437097994, 20.771328933320788 ], [ -99.506462760507731, 20.77152811980044 ], [ -99.50645222117069, 20.771716978994331 ], [ -99.506308065957924, 20.772011138138193 ], [ -99.506101492147948, 20.772291373236126 ], [ -99.505530197950051, 20.772779764814146 ], [ -99.504972539878722, 20.773007216641705 ], [ -99.50440212075533, 20.772960888923244 ], [ -99.503855280913996, 20.773025436959152 ], [ -99.503330799382738, 20.773100407057861 ], [ -99.502840962524559, 20.773425020905428 ], [ -99.502393203240246, 20.773874376276744 ], [ -99.50218298856241, 20.774451967968304 ], [ -99.501950999462039, 20.775197473204411 ], [ -99.501745770860111, 20.777285679553383 ], [ -99.501646467365944, 20.778489246594514 ], [ -99.501458819291656, 20.779140205978031 ], [ -99.501169916584288, 20.779560667984573 ], [ -99.500702378882409, 20.779981653028365 ], [ -99.500290076200088, 20.780224135545129 ], [ -99.49985513316804, 20.780372267367408 ], [ -99.499319427219817, 20.780436770258362 ], [ -99.498772453323113, 20.780469831065737 ], [ -99.498379786429979, 20.780507593509128 ], [ -99.498056038788604, 20.780519020955143 ], [ -99.49767650084496, 20.780541103487167 ], [ -99.497330597206698, 20.780605050473856 ], [ -99.49705195725744, 20.780752722093581 ], [ -99.496851573275109, 20.780931641325555 ], [ -99.49662817476549, 20.781108725421493 ], [ -99.496452549987168, 20.781316391928243 ], [ -99.496374240336678, 20.781631499913043 ], [ -99.496339743250701, 20.781863615378889 ], [ -99.496340689782073, 20.782153634105548 ], [ -99.496306078450132, 20.782352607036337 ], [ -99.496380008055695, 20.78268796646212 ], [ -99.496372004651263, 20.782936579406005 ], [ -99.496372789863244, 20.783176880934274 ], [ -99.496399939127627, 20.783392248085786 ], [ -99.49644461462573, 20.783574417479596 ], [ -99.496492359828267, 20.783754623139338 ], [ -99.49661575485959, 20.78393260317122 ], [ -99.496763586887411, 20.784070674245626 ], [ -99.496958095557972, 20.784244125562015 ], [ -99.497126072191307, 20.784392793644336 ], [ -99.497241049853343, 20.78450846705768 ], [ -99.497417876794685, 20.784665396538781 ], [ -99.497620979634732, 20.784772530500724 ], [ -99.497859590956494, 20.784954136810065 ], [ -99.498071295458558, 20.784994957347099 ], [ -99.498380078711506, 20.785068636590996 ], [ -99.498600538740845, 20.785092857247243 ], [ -99.49882965872456, 20.785067330608371 ], [ -99.49910299098147, 20.785083109150854 ], [ -99.499367558596234, 20.785115484437668 ], [ -99.499623091907083, 20.785081596480847 ], [ -99.499817003819885, 20.78507274552766 ], [ -99.50001972817094, 20.78506386823658 ], [ -99.500188689878556, 20.785145053597532 ], [ -99.500306473176352, 20.785231901340243 ], [ -99.500455192228145, 20.78532447289135 ], [ -99.500560702309627, 20.78544042049127 ], [ -99.500666169455727, 20.785544743363783 ], [ -99.500771641519847, 20.785649069877966 ], [ -99.500889405993945, 20.785730104900434 ], [ -99.500994994343429, 20.785869303238236 ], [ -99.501106840050312, 20.786031735844396 ], [ -99.501302828583803, 20.786222249975992 ], [ -99.501480804389857, 20.786277443147888 ], [ -99.501681839520657, 20.786515761984241 ], [ -99.501859792380088, 20.786761383410731 ], [ -99.502068602405544, 20.787021397740617 ], [ -99.502184704258724, 20.787194805688184 ], [ -99.502308964286655, 20.787505741759421 ], [ -99.502406248903142, 20.787831118870809 ], [ -99.502541101115384, 20.788092987048174 ], [ -99.502675953885387, 20.78835485334119 ], [ -99.502788369271855, 20.788585316135293 ], [ -99.502845239465671, 20.788899862642168 ], [ -99.502891015681357, 20.789235423245906 ], [ -99.502903466226329, 20.789623535479222 ], [ -99.502916229460524, 20.79010605840206 ], [ -99.502917550476354, 20.790504692646273 ], [ -99.502929515650223, 20.790745938607671 ], [ -99.502935372648722, 20.790841561418603 ], [ -99.502986606136133, 20.791278960824666 ], [ -99.503066119014022, 20.791687855915754 ], [ -99.503201776979637, 20.792191001725975 ], [ -99.503303489608044, 20.7925578688744 ], [ -99.503449895463135, 20.79293509573284 ], [ -99.503607258695141, 20.793249350074234 ], [ -99.503786575082344, 20.793448142634173 ], [ -99.503920842621227, 20.793531670398924 ], [ -99.504044084856872, 20.793657195039795 ], [ -99.504078034193853, 20.793793471919464 ], [ -99.504045200340713, 20.793992887295939 ], [ -99.503990171673578, 20.794234329189507 ], [ -99.503912847426349, 20.794486327972756 ], [ -99.503768841558752, 20.794832936646003 ], [ -99.503568411209727, 20.795001370553617 ], [ -99.503345403435119, 20.795096440538625 ], [ -99.503144450911179, 20.795107519051705 ], [ -99.502865200522621, 20.795076866994556 ], [ -99.502608179018836, 20.795014675873698 ], [ -99.502417975649792, 20.794899838827178 ], [ -99.502216467854396, 20.794743070769567 ], [ -99.501947930780204, 20.794576008322885 ], [ -99.501847020451535, 20.794450417669236 ], [ -99.501690387224102, 20.794356461731176 ], [ -99.501522624079243, 20.7942730291517 ], [ -99.50147771662337, 20.794199727602418 ], [ -99.501398933009654, 20.794011127745165 ], [ -99.501320287679832, 20.793864491667158 ], [ -99.500876658300939, 20.793385066526916 ], [ -99.500038920920488, 20.792470843237187 ], [ -99.499086833213212, 20.791560940785885 ], [ -99.498549536797057, 20.791153375417533 ], [ -99.498001560713021, 20.790892704058628 ], [ -99.497253587748418, 20.790944623531566 ], [ -99.496814465976257, 20.791117642620382 ], [ -99.495909437814987, 20.791518679093233 ], [ -99.494549672200876, 20.79243803725516 ], [ -99.493480214617833, 20.793445349768568 ], [ -99.492517198544704, 20.794293462175311 ], [ -99.491534863980476, 20.795041795599229 ], [ -99.490527282193796, 20.796052386836269 ], [ -99.490162827673984, 20.796462109876597 ], [ -99.489950580520016, 20.796754175569269 ], [ -99.489767371285851, 20.797037051047226 ], [ -99.489574798859863, 20.797420142807063 ], [ -99.48948870367802, 20.797766497774639 ], [ -99.489344666115059, 20.798176773072424 ], [ -99.489239555289515, 20.798525897079887 ], [ -99.48893948448881, 20.798967351421759 ], [ -99.48870627919969, 20.799366654521293 ], [ -99.488618302923925, 20.799786525522496 ], [ -99.488597251051928, 20.800185221312933 ], [ -99.48865497436374, 20.800772524666346 ], [ -99.488756387463681, 20.801055477547944 ], [ -99.488868734108863, 20.801219506019908 ], [ -99.488924872568262, 20.801313760712436 ], [ -99.488947541641451, 20.801418601204443 ], [ -99.488925885768055, 20.801628473825346 ], [ -99.488937727931841, 20.80183824932648 ], [ -99.489005133680777, 20.801963943626987 ], [ -99.489106140638526, 20.802121011530563 ], [ -99.489262840844788, 20.802235960207259 ], [ -99.489396940349096, 20.802267050292436 ], [ -99.489553167971636, 20.802235132607258 ], [ -99.489687097780177, 20.80221376779491 ], [ -99.48982109622321, 20.802213385822721 ], [ -99.489988695951197, 20.802244378976667 ], [ -99.490223462118351, 20.802327633552355 ], [ -99.490413665612706, 20.802442484596153 ], [ -99.490547901373702, 20.802515532309343 ], [ -99.490771398978268, 20.80256734653328 ], [ -99.491128793223183, 20.802587303789053 ], [ -99.49148615880874, 20.802596773356409 ], [ -99.49177631609011, 20.802543488685803 ], [ -99.492166837382953, 20.802447954099168 ], [ -99.492523856084588, 20.802352513677427 ], [ -99.492869640894412, 20.802236127313297 ], [ -99.493126164090867, 20.802140974973245 ], [ -99.493315648308482, 20.802035525938422 ], [ -99.493505138017085, 20.801930076771406 ], [ -99.493616600050828, 20.80186681294629 ], [ -99.493716992212896, 20.801835053051722 ], [ -99.493839755835381, 20.801813720673685 ], [ -99.49398495364369, 20.801823791340833 ], [ -99.494308576825247, 20.801948746707748 ], [ -99.49494539924126, 20.802034080964329 ], [ -99.49615863898164, 20.802092241142812 ], [ -99.497141247016188, 20.802224754675681 ], [ -99.497628089850537, 20.802318273181562 ], [ -99.497907163410773, 20.802426080788159 ], [ -99.498206839888184, 20.802597721111344 ], [ -99.498479176852356, 20.80272471687665 ], [ -99.498853801790631, 20.802947251729922 ], [ -99.499176815435888, 20.803215435785141 ], [ -99.499524260929221, 20.803602574408647 ], [ -99.499670564850476, 20.803948331593681 ], [ -99.499727465569322, 20.804273370487625 ], [ -99.499683942524598, 20.804619681954097 ], [ -99.499507683018891, 20.804883393817281 ], [ -99.49918190104809, 20.805303326851639 ], [ -99.498761791041204, 20.805656885081923 ], [ -99.498036819385135, 20.805921252539221 ], [ -99.496960134093698, 20.805803991105208 ], [ -99.496193247029979, 20.805601390245585 ], [ -99.495679645987678, 20.80562385774477 ], [ -99.494999743313457, 20.806013967504235 ], [ -99.494131231825236, 20.806782276730154 ], [ -99.493827628920485, 20.807093805498635 ], [ -99.49365015935679, 20.807461482708778 ], [ -99.493584046013581, 20.807734423812022 ], [ -99.493551840068065, 20.808133154929696 ], [ -99.493552762138393, 20.80841639589368 ], [ -99.493464417895524, 20.80872087380742 ], [ -99.493365074074035, 20.809077833526572 ], [ -99.49326683889575, 20.809407881400801 ], [ -99.493287367299445, 20.809599474970188 ], [ -99.493378385823888, 20.809893814271515 ], [ -99.493407376721791, 20.810218607970715 ], [ -99.49343675238373, 20.810514821231116 ], [ -99.49338167109704, 20.810745769794387 ], [ -99.493192990236366, 20.811102989125231 ], [ -99.492979174232218, 20.81126753709751 ], [ -99.49276727207382, 20.811352068003465 ], [ -99.492544170119146, 20.811426143986512 ], [ -99.492298594130745, 20.811458321713367 ], [ -99.492131293358369, 20.811521741212434 ], [ -99.491964090146894, 20.811616635986073 ], [ -99.491808193558782, 20.811753459076215 ], [ -99.491708230615018, 20.811921592473492 ], [ -99.491641670310202, 20.812058158965783 ], [ -99.491664552289706, 20.812225941031006 ], [ -99.491620628389157, 20.812456856859566 ], [ -99.491576673668405, 20.812677283941404 ], [ -99.491431974952818, 20.812824565091908 ], [ -99.491276078357672, 20.812961387786391 ], [ -99.491064478705241, 20.813140332231626 ], [ -99.490774571938331, 20.813277537511336 ], [ -99.490540566418304, 20.81343556254545 ], [ -99.490340673400098, 20.813649571297809 ], [ -99.490216107359316, 20.813956501099199 ], [ -99.490060544274854, 20.814198229132824 ], [ -99.48989344427055, 20.814324590250347 ], [ -99.489625664715632, 20.814398787044336 ], [ -99.48944728909629, 20.81449371138298 ], [ -99.489246851670984, 20.814672623194095 ], [ -99.489102184535483, 20.814830391224135 ], [ -99.488901409068887, 20.814904396057017 ], [ -99.488667093901981, 20.814968006089124 ], [ -99.488444288185192, 20.815136488577728 ], [ -99.488310752447845, 20.81528373682174 ], [ -99.48831118993435, 20.815420111767381 ], [ -99.488266896105628, 20.815535631803389 ], [ -99.488099685197767, 20.815630522608874 ], [ -99.487898807257508, 20.815673055993972 ], [ -99.487764966428287, 20.81572588964082 ], [ -99.487676100096095, 20.815873007617633 ], [ -99.487564693994216, 20.81595724910515 ], [ -99.487397453720888, 20.816041646775624 ], [ -99.487297280948155, 20.81614683561309 ], [ -99.487205907851447, 20.816209809708617 ], [ -99.487100229905607, 20.816259842349837 ], [ -99.486953410336284, 20.816315520876273 ], [ -99.486817989250426, 20.816431440771225 ], [ -99.486628106334194, 20.816421490819142 ], [ -99.486378064969514, 20.816593446678045 ], [ -99.486307649118444, 20.816637852227881 ], [ -99.486307566937327, 20.816638016000667 ], [ -99.486260910204962, 20.816731924853737 ], [ -99.486272059254375, 20.816831627728003 ], [ -99.486250062697792, 20.81693659463458 ], [ -99.486094223264686, 20.817094393777435 ], [ -99.485960614938477, 20.817220656985235 ], [ -99.485849072346298, 20.817262936409115 ], [ -99.485534285753843, 20.817533121570072 ], [ -99.485289537628162, 20.81782754791524 ], [ -99.485178866903581, 20.818142573719733 ], [ -99.485203186789477, 20.818761442491674 ], [ -99.48526521022211, 20.81916776070798 ], [ -99.485301174905885, 20.820220024354239 ], [ -99.485399123626749, 20.820759307786457 ], [ -99.485400264943991, 20.821115980824448 ], [ -99.485479413572406, 20.82141997947399 ], [ -99.485603000760676, 20.82165041950984 ], [ -99.485704048717196, 20.821817980682759 ], [ -99.485682252274998, 20.821985890323795 ], [ -99.485649792985626, 20.822311183465775 ], [ -99.485628361194372, 20.822594487320771 ], [ -99.485528490376382, 20.822794090217009 ], [ -99.485484321149187, 20.822951569206147 ], [ -99.485496126805984, 20.823150855596751 ], [ -99.4855527068285, 20.823381485072652 ], [ -99.485564513622705, 20.823580769719719 ], [ -99.48548710994379, 20.823822270105811 ], [ -99.485320398995611, 20.824074514009045 ], [ -99.485164645535761, 20.824263781458892 ], [ -99.484773225243543, 20.824951029206016 ], [ -99.484755027398677, 20.82534423343375 ], [ -99.484767403061483, 20.825721853710291 ], [ -99.484745970803587, 20.826005158149563 ], [ -99.48469070428024, 20.826183652430711 ], [ -99.484691308020473, 20.826372478555871 ], [ -99.484881701026822, 20.826539788414046 ], [ -99.484994023762553, 20.826738789324224 ], [ -99.485061638541211, 20.826927422964115 ], [ -99.485195993891367, 20.827031950662828 ], [ -99.485363617718335, 20.827062943902487 ], [ -99.485565050299172, 20.827188260048672 ], [ -99.485744215064031, 20.827334621153732 ], [ -99.485800528733236, 20.827481325201532 ], [ -99.485901546283529, 20.827638396151446 ], [ -99.486214665852756, 20.827763392914701 ], [ -99.486438335313935, 20.827857171932305 ], [ -99.486651205442968, 20.828066379008 ], [ -99.486852978306317, 20.828296593866316 ], [ -99.487009980293948, 20.828495465843698 ], [ -99.487044560762584, 20.828643827486495 ], [ -99.48714578276396, 20.828863836862421 ], [ -99.487313817392121, 20.829020717202024 ], [ -99.487425769781495, 20.829104321813418 ], [ -99.487549264782899, 20.829303289195227 ], [ -99.487683692905591, 20.829428791887111 ], [ -99.487854583537526, 20.829740842640618 ], [ -99.488202398267845, 20.830375128650733 ], [ -99.488941769970495, 20.831482302372127 ], [ -99.489123807180931, 20.831961200581532 ], [ -99.489024747482262, 20.832412571431572 ], [ -99.488791454343087, 20.832801384241417 ], [ -99.488731819323149, 20.832932897693503 ], [ -99.488642740934708, 20.833017073273997 ], [ -99.488419909254674, 20.833185556105875 ], [ -99.48820813906768, 20.833322535042818 ], [ -99.487929527675036, 20.833512157962808 ], [ -99.487639885618833, 20.833743771100725 ], [ -99.487338836512251, 20.833901985523674 ], [ -99.48711586126916, 20.83402850326382 ], [ -99.48683708003324, 20.834165673027044 ], [ -99.486669921037404, 20.834281541618871 ], [ -99.486480388234753, 20.834386984815772 ], [ -99.486291256619765, 20.834618310130544 ], [ -99.485899791382082, 20.834615150367494 ], [ -99.485657852486781, 20.834814048558489 ], [ -99.485553176643378, 20.835062109463522 ], [ -99.48539561145256, 20.835260765855448 ], [ -99.485332899635765, 20.835439335721919 ], [ -99.485291284171296, 20.835617842362801 ], [ -99.485260057318158, 20.835746767308425 ], [ -99.48522889495608, 20.835895514307737 ], [ -99.485187056099633, 20.836004649289343 ], [ -99.485124122559498, 20.836113844780233 ], [ -99.485114146629527, 20.836292261562271 ], [ -99.485019793916052, 20.836470920407091 ], [ -99.484988662448529, 20.836629576631857 ], [ -99.484957530907735, 20.836788232867914 ], [ -99.484841961619878, 20.836927308151534 ], [ -99.484789701861388, 20.83707611380818 ], [ -99.484737600308037, 20.837274473676654 ], [ -99.48469591898187, 20.837433160127109 ], [ -99.484559189574085, 20.83755247363743 ], [ -99.484390817651231, 20.837671876745773 ], [ -99.484264570743804, 20.83777133863855 ], [ -99.484043431756675, 20.837880981362453 ], [ -99.483853874301587, 20.837970710352959 ], [ -99.483601316497982, 20.838149814772859 ], [ -99.48302315705061, 20.838755990960156 ], [ -99.482571993083909, 20.839248746388328 ], [ -99.482191217428877, 20.839482898505356 ], [ -99.481662968108921, 20.839474178647816 ], [ -99.481053293069635, 20.839303633281261 ], [ -99.480502905612028, 20.839125350924075 ], [ -99.479855227377058, 20.839169126943805 ], [ -99.479219049455253, 20.839317773620159 ], [ -99.478784642418816, 20.839696644954824 ], [ -99.478220088171227, 20.840235013444225 ], [ -99.477338910192813, 20.840776738464267 ], [ -99.476964940443779, 20.841384678571025 ], [ -99.476509076117637, 20.842046845167527 ], [ -99.476101573628512, 20.84242742151757 ], [ -99.475569740518466, 20.842867173876829 ], [ -99.474931246667182, 20.843204218968459 ], [ -99.474258659463771, 20.843428985284589 ], [ -99.473359963581501, 20.84361597971461 ], [ -99.472571917347082, 20.843692522415054 ], [ -99.471502335589051, 20.843910203472991 ], [ -99.470780407108506, 20.843913346206165 ], [ -99.469250416801117, 20.844662718276634 ], [ -99.467747767214618, 20.845694540549221 ], [ -99.466683705599706, 20.84643669466692 ], [ -99.466272332237978, 20.847056753153289 ], [ -99.465920613343343, 20.847612351757796 ], [ -99.465848040902515, 20.848487522501561 ], [ -99.465748672342201, 20.8488654480301 ], [ -99.465648725967881, 20.849054548923156 ], [ -99.465481625793018, 20.84920186822923 ], [ -99.465291837780995, 20.849233855338181 ], [ -99.46490091962859, 20.849245409841629 ], [ -99.464588093969112, 20.849225276682418 ], [ -99.464342196753506, 20.849173490349244 ], [ -99.46408493162582, 20.849058793733647 ], [ -99.463928232611934, 20.848954313633122 ], [ -99.463749479308404, 20.848944308415106 ], [ -99.463459030565275, 20.848934603451237 ], [ -99.463112634287526, 20.8488935797549 ], [ -99.462811043208561, 20.848894394589184 ], [ -99.462419996887832, 20.848863979051934 ], [ -99.46209584912296, 20.848791421899854 ], [ -99.461916743878248, 20.84866601808373 ], [ -99.461637047346585, 20.848519906680139 ], [ -99.461189769001322, 20.848363754687973 ], [ -99.460731295467738, 20.848197142413952 ], [ -99.460384774539676, 20.848114150714103 ], [ -99.460138843084593, 20.848051868449012 ], [ -99.459184723517239, 20.847933555305271 ], [ -99.458457812054647, 20.84804855251512 ], [ -99.45761039443245, 20.84854387188912 ], [ -99.45703044275956, 20.848839150936133 ], [ -99.456539504244731, 20.849018799193168 ], [ -99.455924644241009, 20.849493794182639 ], [ -99.45568185126443, 20.849828849328599 ], [ -99.455604541473534, 20.850122788235545 ], [ -99.455638685974236, 20.850332505238399 ], [ -99.455717697323081, 20.850605047394609 ], [ -99.455928587797416, 20.850984752823614 ], [ -99.456278781491221, 20.851234593689419 ], [ -99.456541953075231, 20.851393715563127 ], [ -99.456737731358444, 20.8517659657767 ], [ -99.456894474973694, 20.852426874500473 ], [ -99.457045062949874, 20.853597140412678 ], [ -99.457081618227562, 20.854604125023464 ], [ -99.457015909470528, 20.855419528981418 ], [ -99.456807285541373, 20.856051979692111 ], [ -99.456587826226766, 20.856350849186345 ], [ -99.456197683603961, 20.856668377916883 ], [ -99.455780633709054, 20.856964918901724 ], [ -99.455412828062052, 20.857238648085545 ], [ -99.454432026698314, 20.857975586719078 ], [ -99.453814042979658, 20.858260890773799 ], [ -99.453521148128289, 20.858344061567909 ], [ -99.452964944792129, 20.858195833078614 ], [ -99.452473847447052, 20.858011645552693 ], [ -99.45210452761475, 20.857781830415075 ], [ -99.451902705028303, 20.857530591954767 ], [ -99.451588737135424, 20.857132785732095 ], [ -99.451355572893036, 20.856854973878814 ], [ -99.451151457447011, 20.856588433267927 ], [ -99.45094954433921, 20.8563057235448 ], [ -99.450541523700565, 20.855961698688311 ], [ -99.45018864429565, 20.855456427958632 ], [ -99.449776908537743, 20.854852274593672 ], [ -99.449212357700929, 20.854050054092525 ], [ -99.448605918584136, 20.853284741529333 ], [ -99.448241656882061, 20.852742092856801 ], [ -99.44768215180855, 20.852428808414192 ], [ -99.447034612237417, 20.852566890161068 ], [ -99.446688337478719, 20.852661818455474 ], [ -99.446532298092251, 20.852704594567317 ], [ -99.446064054771327, 20.853031054983894 ], [ -99.445785851332616, 20.853398985763565 ], [ -99.445508013454059, 20.853892813024927 ], [ -99.445458353088, 20.854500485357214 ], [ -99.445769911824897, 20.854986674751366 ], [ -99.446153429996855, 20.85541583633869 ], [ -99.446448151839974, 20.855752254196229 ], [ -99.446857883111889, 20.856046720007221 ], [ -99.447356818034052, 20.856277003531861 ], [ -99.44779261520506, 20.856479842473572 ], [ -99.448172983829963, 20.85667740698976 ], [ -99.448413486656534, 20.856929126723244 ], [ -99.448528856081651, 20.85718721873512 ], [ -99.448646709247186, 20.857668343118259 ], [ -99.448669765279803, 20.857909588423325 ], [ -99.448659373480467, 20.858171906811734 ], [ -99.448582228007965, 20.858528822433989 ], [ -99.448356202275988, 20.858970129835811 ], [ -99.448110502051293, 20.859603994165472 ], [ -99.447547958486552, 20.86007505726619 ], [ -99.446665614005255, 20.860783982371789 ], [ -99.446411535124227, 20.861760365258736 ], [ -99.446301362189288, 20.86228523287663 ], [ -99.446124554513474, 20.86343577359634 ], [ -99.445516511784461, 20.864538955349985 ], [ -99.444735303927189, 20.865849198629174 ], [ -99.444367925591294, 20.866485759690839 ], [ -99.444024036998826, 20.867288235977274 ], [ -99.443902832737393, 20.867865587960424 ], [ -99.443838661080264, 20.868444523476015 ], [ -99.44366474021804, 20.869050214046524 ], [ -99.443360395252299, 20.869898201424039 ], [ -99.442998847087892, 20.87054923742765 ], [ -99.442792653866263, 20.870867109574942 ], [ -99.442625647004945, 20.871066884938475 ], [ -99.442503112153119, 20.871193098746122 ], [ -99.442447433380025, 20.871256194047202 ], [ -99.442347376326737, 20.87130444548529 ], [ -99.441564215613482, 20.871439687730355 ], [ -99.440994892139969, 20.871609021640104 ], [ -99.440682569369713, 20.871788182979738 ], [ -99.440571850814649, 20.872134690665867 ], [ -99.440472914095778, 20.872690999001463 ], [ -99.440429994707401, 20.87329962406826 ], [ -99.440432379289206, 20.874117961111896 ], [ -99.440525524146096, 20.875408188802339 ], [ -99.440227271773693, 20.876874774341378 ], [ -99.440185728468848, 20.877955516686896 ], [ -99.440444180896478, 20.878458446482597 ], [ -99.440970892364476, 20.878992160786339 ], [ -99.441409240093208, 20.879680388396334 ], [ -99.441802333732639, 20.880371818635748 ], [ -99.442041666929285, 20.880927279177527 ], [ -99.442006160676868, 20.881294553299178 ], [ -99.441917382813671, 20.88150461454477 ], [ -99.441571615114484, 20.881715339275935 ], [ -99.441102962363786, 20.881934563965064 ], [ -99.440436125286055, 20.882230737087507 ], [ -99.439851905082037, 20.882648655766069 ], [ -99.439383950885301, 20.883111489666309 ], [ -99.438783555387218, 20.884141204899251 ], [ -99.437605311543038, 20.885264264753026 ], [ -99.43691159317062, 20.886216092667429 ], [ -99.436521886399561, 20.8871943954586 ], [ -99.436178485977265, 20.888233937745742 ], [ -99.435844702730833, 20.889364296231005 ], [ -99.435143146178419, 20.890505317780516 ], [ -99.435009750197253, 20.890746962613729 ], [ -99.434932315017676, 20.89101994229955 ], [ -99.434944062330416, 20.891219251202561 ], [ -99.435025674740672, 20.891399867258833 ], [ -99.435034033537136, 20.891418365169034 ], [ -99.435113221190207, 20.891753891449639 ], [ -99.435147711198212, 20.892089535731031 ], [ -99.435092686775832, 20.892383438369741 ], [ -99.434881278721249, 20.892698724401075 ], [ -99.434703542834868, 20.893066382124157 ], [ -99.43462616779739, 20.893360344609523 ], [ -99.434537708999713, 20.893685808960512 ], [ -99.434459970585664, 20.893853871008716 ], [ -99.434349157921744, 20.894179389636644 ], [ -99.434250521571812, 20.894851102691685 ], [ -99.434521043418329, 20.89562409812568 ], [ -99.434805050095008, 20.89618310061875 ], [ -99.435026775817761, 20.896619511164261 ], [ -99.435320041965682, 20.897563007120098 ], [ -99.435385177290001, 20.898293260333979 ], [ -99.435407809031787, 20.898752986411566 ], [ -99.435331544829438, 20.899208782253311 ], [ -99.435226577838989, 20.8993969954942 ], [ -99.43499387897208, 20.899447525472358 ], [ -99.434779015100773, 20.899321987790298 ], [ -99.434426976835312, 20.899157102064759 ], [ -99.434029173661301, 20.899253354458708 ], [ -99.433807723727, 20.899495635200868 ], [ -99.433523824324809, 20.89995304172389 ], [ -99.433391401861002, 20.9001972765173 ], [ -99.43323555286598, 20.900407503498794 ], [ -99.433001388137697, 20.900586452298313 ], [ -99.432711258791443, 20.900734072102665 ], [ -99.432510592389974, 20.900902445097014 ], [ -99.432354561797595, 20.901049721656179 ], [ -99.432053010714554, 20.901113434037455 ], [ -99.431449645023903, 20.901146431767682 ], [ -99.431069694524197, 20.901147389499201 ], [ -99.430656219207151, 20.90114843333426 ], [ -99.430220387619769, 20.901149531490315 ], [ -99.429751062916594, 20.901161202959319 ], [ -99.429315177765886, 20.901141314208765 ], [ -99.42854671930661, 20.90103050237655 ], [ -99.427808930942746, 20.900948420439263 ], [ -99.427160982002221, 20.901023480408448 ], [ -99.426356704409102, 20.901140896014827 ], [ -99.425497135545086, 20.901468277853418 ], [ -99.424615514571499, 20.901900625610207 ], [ -99.423019233808816, 20.902534079529111 ], [ -99.421345553302388, 20.903103817990544 ], [ -99.420114004057822, 20.903393349444006 ], [ -99.419301334998707, 20.903440109598687 ], [ -99.418184705347912, 20.903768084555129 ], [ -99.41721341393135, 20.904116680164712 ], [ -99.415660938813332, 20.90444570396556 ], [ -99.413699627018445, 20.904780069771284 ], [ -99.412991522555259, 20.904997739668158 ], [ -99.412556858614863, 20.905428941469193 ], [ -99.412167179641145, 20.905964953435305 ], [ -99.411899109645148, 20.906696470138098 ], [ -99.411890317040573, 20.907379292653093 ], [ -99.412198671184385, 20.907911113965987 ], [ -99.412596873874705, 20.908430704369444 ], [ -99.412742925723094, 20.90876127577425 ], [ -99.412755279670066, 20.909191400784252 ], [ -99.41264575860113, 20.910010008918267 ], [ -99.412492845986066, 20.911808086523322 ], [ -99.412518284249742, 20.912651274341084 ], [ -99.41267764793011, 20.913710538287329 ], [ -99.412937745822433, 20.914346748790422 ], [ -99.413464805795414, 20.914995951122123 ], [ -99.414048010419393, 20.915739439882881 ], [ -99.414710751831024, 20.916954854256986 ], [ -99.414971574892718, 20.91792718036216 ], [ -99.415073605386524, 20.918451511965099 ], [ -99.41506338386246, 20.918797757806718 ], [ -99.415008312522176, 20.919091655006717 ], [ -99.414899632447032, 20.919261407807941 ], [ -99.414674199579892, 20.91952262154436 ], [ -99.414295413498792, 20.919964187276531 ], [ -99.413738949269415, 20.920825846171894 ], [ -99.413406351806586, 20.922008077437425 ], [ -99.41340698320154, 20.922238889521253 ], [ -99.413541679970166, 20.922448394740215 ], [ -99.41386641037154, 20.922667930578569 ], [ -99.414549398771683, 20.923106920304161 ], [ -99.415266387009424, 20.923713688811809 ], [ -99.415546779574925, 20.924065350647503 ], [ -99.415659588806761, 20.924442773028552 ], [ -99.415671486172002, 20.924705031360546 ], [ -99.415585506532025, 20.92490060504775 ], [ -99.415482942639358, 20.924940912171405 ], [ -99.415376665316771, 20.924962039916107 ], [ -99.414941849728081, 20.924966824106555 ], [ -99.414669409034033, 20.925003199108019 ], [ -99.414485797276541, 20.925075070200133 ], [ -99.414295883868846, 20.92515886149026 ], [ -99.414106085178616, 20.925284315407737 ], [ -99.413885151036325, 20.925422798560792 ], [ -99.413651213253274, 20.925706637480936 ], [ -99.413361244799475, 20.925938154079684 ], [ -99.413104690776379, 20.926127622827767 ], [ -99.412769787863155, 20.926275315343727 ], [ -99.412457119675537, 20.926380986355628 ], [ -99.412066124540871, 20.926455371006849 ], [ -99.412065397011276, 20.92645548751776 ], [ -99.41173096201571, 20.926508637859278 ], [ -99.410056266871408, 20.92666512488907 ], [ -99.408417327552669, 20.92700289167858 ], [ -99.406036373570743, 20.928134703410869 ], [ -99.404357046428842, 20.929149878844985 ], [ -99.40405005298355, 20.929335456523333 ], [ -99.403035230403475, 20.93019816154553 ], [ -99.402392940109195, 20.931129952897109 ], [ -99.402266099359252, 20.931750468418613 ], [ -99.402145024098914, 20.932453689573808 ], [ -99.4021467876034, 20.933114652845326 ], [ -99.402215900315269, 20.933880375776972 ], [ -99.402306159051378, 20.93419490997011 ], [ -99.402519428693765, 20.934530138670496 ], [ -99.402788643969245, 20.934886215080244 ], [ -99.402990461574547, 20.935116552656552 ], [ -99.403136329303848, 20.935326039390837 ], [ -99.403205891705028, 20.935435813921021 ], [ -99.403306772071119, 20.935540491837003 ], [ -99.403396473525873, 20.935645195482795 ], [ -99.403586830713735, 20.935770642542114 ], [ -99.403788256513366, 20.935854100977643 ], [ -99.403955919830636, 20.935853702346641 ], [ -99.40413462361019, 20.935800821744927 ], [ -99.404290858143369, 20.935706028256007 ], [ -99.40434632401832, 20.935548523676893 ], [ -99.404323375731693, 20.935328256360318 ], [ -99.404356260549122, 20.935086869323598 ], [ -99.404400212228595, 20.934803495704298 ], [ -99.404444248017171, 20.934551591327747 ], [ -99.404555544868899, 20.934372972428353 ], [ -99.404778671126394, 20.934215070173217 ], [ -99.405203193245029, 20.934130128913701 ], [ -99.405538435857764, 20.934097859250432 ], [ -99.405962957058534, 20.934012919513069 ], [ -99.406331732228807, 20.933980564668826 ], [ -99.406633863782346, 20.934105745636625 ], [ -99.406947515943315, 20.934356794924369 ], [ -99.407272657779274, 20.934723223636784 ], [ -99.407519647521113, 20.935121314743114 ], [ -99.407606081809703, 20.935580173334486 ], [ -99.407544586933469, 20.936075985084443 ], [ -99.40747355098307, 20.936607535265676 ], [ -99.407240568043306, 20.937103720193143 ], [ -99.406877859773417, 20.937535903453174 ], [ -99.406554469558571, 20.937819944224767 ], [ -99.406018754304455, 20.938125476253159 ], [ -99.405456390055292, 20.938553407002853 ], [ -99.40478397898859, 20.938906783986457 ], [ -99.404254503458162, 20.939192112782127 ], [ -99.40357195881937, 20.939401110008667 ], [ -99.402935803530269, 20.939501024507717 ], [ -99.402019903413091, 20.93955821079339 ], [ -99.401595476129017, 20.9396851098893 ], [ -99.401394829613182, 20.939895412806976 ], [ -99.401227748313715, 20.940116128372306 ], [ -99.401150145619539, 20.94035761634774 ], [ -99.401173425221657, 20.940703784008097 ], [ -99.401185829769815, 20.941165383071041 ], [ -99.401103522689354, 20.941737414879814 ], [ -99.400876826822213, 20.942049025749455 ], [ -99.400576503015486, 20.942220851041938 ], [ -99.4001103384429, 20.942369239259424 ], [ -99.399674476455914, 20.942401734444264 ], [ -99.399127048013455, 20.942518423433736 ], [ -99.398568528554776, 20.942666610837506 ], [ -99.39808833767367, 20.942846089444544 ], [ -99.397697874775545, 20.943140763867987 ], [ -99.397352401045055, 20.943540246594036 ], [ -99.397018848167988, 20.944222975159857 ], [ -99.396670712117682, 20.944907626936729 ], [ -99.39640379427135, 20.94537549518423 ], [ -99.396066737192768, 20.945672003417357 ], [ -99.395801703535639, 20.945964417893151 ], [ -99.395560082253226, 20.946191790953161 ], [ -99.395322297665402, 20.946448142005607 ], [ -99.394941888387933, 20.946811817839627 ], [ -99.39478632471068, 20.947168889885134 ], [ -99.394664514303145, 20.947609819461583 ], [ -99.394501219968291, 20.947957985089772 ], [ -99.394118758494301, 20.948504961390586 ], [ -99.393720031853832, 20.9490187665841 ], [ -99.39319925074517, 20.949600241135755 ], [ -99.392725144084508, 20.950140546600547 ], [ -99.392314106857683, 20.950541281534054 ], [ -99.391643457938414, 20.951115108303011 ], [ -99.391034609341744, 20.951644013146449 ], [ -99.390626018242088, 20.952274318596235 ], [ -99.390460403067109, 20.953072055837936 ], [ -99.390439514345147, 20.953638649340562 ], [ -99.390631380981787, 20.954341141586028 ], [ -99.390864790052333, 20.954925855216192 ], [ -99.391228930744177, 20.955742015625898 ], [ -99.391590326723545, 20.956243191804521 ], [ -99.391924416585582, 20.956653181734865 ], [ -99.392215678643282, 20.956883327912696 ], [ -99.39252941074129, 20.957155386765024 ], [ -99.392634560932876, 20.957565402993424 ], [ -99.392701214514901, 20.957989612144527 ], [ -99.392747808967897, 20.958273359524288 ], [ -99.392692677161804, 20.958430685065917 ], [ -99.392668347326165, 20.958456445958227 ], [ -99.392668297988777, 20.958456499559055 ], [ -99.392463382621898, 20.958673466706635 ], [ -99.392165448792426, 20.959114144517702 ], [ -99.391909467545702, 20.959555378002463 ], [ -99.391709273472088, 20.959954515850043 ], [ -99.391620986876617, 20.960395364697678 ], [ -99.391622417992153, 20.961062576579181 ], [ -99.391736315746371, 20.961870162048317 ], [ -99.391582150120243, 20.962772787244869 ], [ -99.391245665334409, 20.96351254544129 ], [ -99.390755444947743, 20.963937220148399 ], [ -99.390192667211195, 20.964189611092859 ], [ -99.389569378728297, 20.964324138351536 ], [ -99.389007319078573, 20.964663874099198 ], [ -99.388467147010232, 20.965219866161945 ], [ -99.388270115233155, 20.96581556736205 ], [ -99.388278841476378, 20.966198363659416 ], [ -99.388469847211596, 20.966565132029352 ], [ -99.388783702407508, 20.966879163797628 ], [ -99.389413993471905, 20.967354562059001 ], [ -99.389873979619736, 20.967972511159015 ], [ -99.390579554083629, 20.968443014248759 ], [ -99.391363608682624, 20.968997266703944 ], [ -99.392163640630045, 20.969665397933628 ], [ -99.392629955410769, 20.97013793346321 ], [ -99.393157567556656, 20.970955053388892 ], [ -99.393821286723252, 20.97192480213225 ], [ -99.394359876531311, 20.972657964691788 ], [ -99.394741111214302, 20.973076741720785 ], [ -99.39507936258866, 20.974156585644891 ], [ -99.395486209405306, 20.974917608490415 ], [ -99.395760531235055, 20.97550238701519 ], [ -99.395959148886149, 20.976202246476301 ], [ -99.396117503920465, 20.976894319825579 ], [ -99.396007931952809, 20.977744387023176 ], [ -99.396032505905723, 20.97858365045585 ], [ -99.395933700585658, 20.979276320781402 ], [ -99.395957887269205, 20.979968704347396 ], [ -99.396127044277648, 20.980513868871842 ], [ -99.39621642441432, 20.980751404235107 ], [ -99.396283923400546, 20.9809086196401 ], [ -99.39632892506603, 20.981013429940905 ], [ -99.396329118795478, 20.981086871255332 ], [ -99.396284726371761, 20.981212873153719 ], [ -99.396139511727213, 20.98126566863133 ], [ -99.396005311437193, 20.981255489233888 ], [ -99.395837707683583, 20.981297844025722 ], [ -99.395670264332793, 20.981403147998137 ], [ -99.395536423514841, 20.981529357174022 ], [ -99.395445221170235, 20.981711627088018 ], [ -99.39528909900497, 20.981869362166371 ], [ -99.395099435408454, 20.982027174596361 ], [ -99.394987926520386, 20.982142839190768 ], [ -99.394909852427645, 20.982216460615646 ], [ -99.394798119390501, 20.982248195397844 ], [ -99.394608069064176, 20.98225912631543 ], [ -99.394406864668113, 20.982280574035904 ], [ -99.394239089549814, 20.982259982069891 ], [ -99.394138683765448, 20.982344145349206 ], [ -99.393993628752469, 20.982459886452244 ], [ -99.393915580863407, 20.982543999260706 ], [ -99.393815030320198, 20.98257570642058 ], [ -99.393636218185804, 20.98260759392296 ], [ -99.393435201422747, 20.982702480790142 ], [ -99.393368662657139, 20.982912465442254 ], [ -99.393380257824148, 20.983069811476838 ], [ -99.393347072875443, 20.983206278618663 ], [ -99.393190837037494, 20.983322046864814 ], [ -99.393079383069292, 20.98345869218096 ], [ -99.393057320279894, 20.983574150376842 ], [ -99.39303512310417, 20.983637150969528 ], [ -99.392879297176421, 20.983910287368779 ], [ -99.392745917299536, 20.98421485111917 ], [ -99.392601271309317, 20.98448796229459 ], [ -99.392523687200878, 20.98475042775155 ], [ -99.392558358128611, 20.985180500810074 ], [ -99.392380249201182, 20.985485166382926 ], [ -99.391956395523366, 20.985884819717526 ], [ -99.391379042861828, 20.986358411349514 ], [ -99.391264368876989, 20.986676629222941 ], [ -99.391388195042083, 20.987068579824509 ], [ -99.391523028689761, 20.987320066554194 ], [ -99.391825668017361, 20.987602641755696 ], [ -99.392296663177532, 20.988126132066903 ], [ -99.392801480966924, 20.988754459814199 ], [ -99.39327253578044, 20.989298931320885 ], [ -99.393598154141586, 20.989812262232835 ], [ -99.393656002374456, 20.990355344247096 ], [ -99.393534462984206, 20.990911673403126 ], [ -99.393278377941044, 20.991331928241792 ], [ -99.392832256269429, 20.99177359988547 ], [ -99.392564606630941, 20.992209757476441 ], [ -99.392340991144522, 20.992522645395006 ], [ -99.392233441078858, 20.992827998290586 ], [ -99.39217962641743, 20.992966145494957 ], [ -99.392157000563373, 20.993191396027317 ], [ -99.392149582355501, 20.993314909609566 ], [ -99.392134501165785, 20.993467494656059 ], [ -99.392150402471643, 20.993643299576924 ], [ -99.392112371441883, 20.993897641891134 ], [ -99.392105047947325, 20.994057475406517 ], [ -99.392082250093281, 20.994217345923289 ], [ -99.392098085612332, 20.994355334313923 ], [ -99.392082915220627, 20.994471601482445 ], [ -99.392052276708156, 20.99459516504713 ], [ -99.392068135812934, 20.994740418621323 ], [ -99.392045448420859, 20.99494387411815 ], [ -99.392092868260434, 20.995321514308952 ], [ -99.392087037465416, 20.995528604306664 ], [ -99.392096405863953, 20.995759054827204 ], [ -99.392123296404719, 20.995981233198165 ], [ -99.392106252521515, 20.996170586045555 ], [ -99.392132883687736, 20.996293993539751 ], [ -99.392124498709549, 20.996442172508143 ], [ -99.392115963677938, 20.996532733614135 ], [ -99.392081425536503, 20.996738591248324 ], [ -99.39203772217526, 20.997054368929163 ], [ -99.391976858289425, 20.997252054920061 ], [ -99.391889742208164, 20.997474495068531 ], [ -99.391802546488506, 20.997664012856465 ], [ -99.391706493157869, 20.997820625303792 ], [ -99.391601735936561, 20.998001950379102 ], [ -99.391575898422914, 20.998183093571747 ], [ -99.391497257674786, 20.998290280685801 ], [ -99.391480127551077, 20.998446711287837 ], [ -99.391436558653226, 20.998553813287941 ], [ -99.391410528515422, 20.998660879142879 ], [ -99.391349381855065, 20.998751563363601 ], [ -99.39128825350501, 20.9988504763182 ], [ -99.391200906437106, 20.99898237414871 ], [ -99.39113102572523, 20.999089540201037 ], [ -99.391052299235454, 20.999163799231912 ], [ -99.39083336778944, 20.999279538100094 ], [ -99.390614474496871, 20.999411739650821 ], [ -99.390421918279515, 20.999552109448754 ], [ -99.390194364413162, 20.999725484329026 ], [ -99.389931753942264, 20.999907170546845 ], [ -99.389783166104934, 21.000096826958021 ], [ -99.389652358296075, 21.000376984332366 ], [ -99.389549200552594, 21.000797173118961 ], [ -99.389675493250365, 21.001460254176543 ], [ -99.390044245933609, 21.002179118703797 ], [ -99.39021247467214, 21.002741984519037 ], [ -99.389976906293143, 21.003385408271662 ], [ -99.389954519606846, 21.004138382225584 ], [ -99.38958136021472, 21.004545171603162 ], [ -99.388747172661297, 21.004868328308437 ], [ -99.387681987052162, 21.005231793243606 ], [ -99.386798755347243, 21.005605406145111 ], [ -99.385715758877836, 21.005999009594628 ], [ -99.384799730113642, 21.006470458663429 ], [ -99.384298280182605, 21.007008240311578 ], [ -99.384049162111722, 21.007415597428604 ], [ -99.383966937838537, 21.007869511010142 ], [ -99.383918305756836, 21.008417226792535 ], [ -99.383936628570311, 21.009058663064099 ], [ -99.38395498576368, 21.009715748679689 ], [ -99.383921908411736, 21.010181852122422 ], [ -99.383655186310691, 21.010619315729308 ], [ -99.383439298542655, 21.0109796569702 ], [ -99.383323393032228, 21.011308479458798 ], [ -99.383290679737755, 21.011558886818275 ], [ -99.383258240450573, 21.011918814036328 ], [ -99.383242363494091, 21.012231768302762 ], [ -99.38329291735829, 21.012435049884498 ], [ -99.383510968788656, 21.01291958073039 ], [ -99.383762093222742, 21.013294514826775 ], [ -99.383967070177818, 21.013490552475613 ], [ -99.384398207476593, 21.013787996958762 ], [ -99.384698497809609, 21.014138396456154 ], [ -99.384833378421831, 21.014849642707336 ], [ -99.385051799201179, 21.015474981647611 ], [ -99.385153673182529, 21.016178813783792 ], [ -99.385153738975148, 21.016787835673586 ], [ -99.385036788820614, 21.017457143710335 ], [ -99.384574832629454, 21.018088913125045 ], [ -99.38422527310091, 21.01835568285949 ], [ -99.38397569505814, 21.018590932635153 ], [ -99.383726001742289, 21.018779247928506 ], [ -99.383509582800542, 21.018936193259037 ], [ -99.382993229832934, 21.019203336936847 ], [ -99.38235465995939, 21.019385024340462 ], [ -99.381487894600923, 21.019590366415621 ], [ -99.380505131169897, 21.020093232748465 ], [ -99.379888382865474, 21.020235422806621 ], [ -99.379321624906424, 21.020361853173199 ], [ -99.37880482583148, 21.020456881593084 ], [ -99.378271344476389, 21.020551943149872 ], [ -99.377754662049028, 21.020693902297932 ], [ -99.377321724872118, 21.020976490240404 ], [ -99.377105375391466, 21.021164719902778 ], [ -99.377003347562777, 21.021349943603816 ], [ -99.376974067369687, 21.02200988550468 ], [ -99.376958963797478, 21.022635752132675 ], [ -99.376893623800967, 21.023183502111721 ], [ -99.376561031478403, 21.023575385987954 ], [ -99.376061524780994, 21.023920696279848 ], [ -99.375633206581483, 21.02412426061899 ], [ -99.375161871889759, 21.024329476535005 ], [ -99.374789018179726, 21.024414512055017 ], [ -99.374472391496667, 21.024524730781668 ], [ -99.374038969988973, 21.024619559869652 ], [ -99.373388835634259, 21.024761800282736 ], [ -99.372821899251292, 21.024825627732941 ], [ -99.372271491546982, 21.024826832434911 ], [ -99.371704167828142, 21.024734198672299 ], [ -99.371103334095906, 21.024579051945285 ], [ -99.370669484228046, 21.024501769597382 ], [ -99.370302544041081, 21.024502568342207 ], [ -99.369862422743608, 21.024419727491409 ], [ -99.369503705773184, 21.024353432439227 ], [ -99.369183169869046, 21.024311614308132 ], [ -99.368823676106544, 21.024377880150105 ], [ -99.368562034529447, 21.024518879389763 ], [ -99.368356791696201, 21.024765077696294 ], [ -99.368226837942416, 21.025186655041018 ], [ -99.368134300505787, 21.025608149386787 ], [ -99.368221376248471, 21.026151783195154 ], [ -99.368200047719483, 21.026646631296774 ], [ -99.368238576648494, 21.027349712660055 ], [ -99.36828996103138, 21.027897205672858 ], [ -99.368341726535647, 21.028601156274412 ], [ -99.368279294515261, 21.029359052106582 ], [ -99.368177930024686, 21.02982188714661 ], [ -99.367829805262261, 21.030698806270681 ], [ -99.367538836900607, 21.031176381865397 ], [ -99.367231941266709, 21.031764016898482 ], [ -99.366999304289607, 21.03212437183851 ], [ -99.366783768002506, 21.032656797432139 ], [ -99.366551583069267, 21.033204899539385 ], [ -99.366467350941505, 21.033825234696149 ], [ -99.366451628525141, 21.034216414361744 ], [ -99.366505460452203, 21.034532504971331 ], [ -99.366579942869606, 21.034763657851048 ], [ -99.366812444562854, 21.035038825198011 ], [ -99.36715155231262, 21.035535616995062 ], [ -99.367423256524717, 21.035919713100579 ], [ -99.367524378590048, 21.036341928848522 ], [ -99.367519290722356, 21.03664662472567 ], [ -99.367543091157103, 21.037171119541608 ], [ -99.367502638676385, 21.037489249644679 ], [ -99.367125630211945, 21.038121785777694 ], [ -99.366809810767691, 21.038576194647487 ], [ -99.366277179149392, 21.039046717882457 ], [ -99.365510743517319, 21.03940822166 ], [ -99.364994363647952, 21.039706601708584 ], [ -99.364494853640565, 21.040083173259134 ], [ -99.364128597401475, 21.040381229623417 ], [ -99.363804687366681, 21.040621805396956 ], [ -99.363506344808826, 21.04107884764235 ], [ -99.363338761486702, 21.041430286084701 ], [ -99.363245909421309, 21.041728899974789 ], [ -99.363283976492994, 21.041992129394764 ], [ -99.363321663936958, 21.042097371844029 ], [ -99.363490571229065, 21.042290104471824 ], [ -99.363776691027837, 21.042527094074355 ], [ -99.364050517268808, 21.042571810583194 ], [ -99.364384517216166, 21.042727552457531 ], [ -99.364568544722928, 21.042946200062705 ], [ -99.364652674051086, 21.04324328761528 ], [ -99.364708999383353, 21.043538534336651 ], [ -99.364750192429653, 21.043779717669015 ], [ -99.36472244338033, 21.044067675546195 ], [ -99.364655608857859, 21.044290409015844 ], [ -99.364509278815561, 21.044635815022271 ], [ -99.364326341749546, 21.045058945409629 ], [ -99.364161567419472, 21.045387138224804 ], [ -99.364033503570056, 21.045680741028164 ], [ -99.363942275590716, 21.04599152037132 ], [ -99.363943239270213, 21.046388373863351 ], [ -99.363953442863334, 21.046802465036404 ], [ -99.36390915474837, 21.047464189113342 ], [ -99.3638922432459, 21.048076762169245 ], [ -99.363897600384234, 21.048335336296702 ], [ -99.363897605784246, 21.048335554177111 ], [ -99.363901205812994, 21.048509307085389 ], [ -99.364015157568048, 21.048860640574894 ], [ -99.364166457312621, 21.049155903024541 ], [ -99.364336735492955, 21.049292263019272 ], [ -99.364723182100661, 21.049334569223888 ], [ -99.364934623740652, 21.0492823524065 ], [ -99.365220616618572, 21.049253490284531 ], [ -99.365495694996866, 21.049263890665298 ], [ -99.365826846102507, 21.049263177534758 ], [ -99.366093541652319, 21.04923672332626 ], [ -99.366415490713166, 21.04923602902495 ], [ -99.366811034237386, 21.049235176136147 ], [ -99.367105453152988, 21.049260419797029 ], [ -99.367381493730264, 21.04929433442625 ], [ -99.367618651338631, 21.049339638493802 ], [ -99.367889473530354, 21.049537182965874 ], [ -99.36807785539682, 21.049708261077782 ], [ -99.368242718420035, 21.049945030431061 ], [ -99.368289457770786, 21.05024688494149 ], [ -99.368391193335327, 21.050470974913548 ], [ -99.368520485107013, 21.050677749927466 ], [ -99.36860841701079, 21.050877231603092 ], [ -99.368760821236691, 21.051151728134254 ], [ -99.368982610682025, 21.051565358953717 ], [ -99.369158321751684, 21.051944580476693 ], [ -99.369324538477983, 21.052203036654209 ], [ -99.369476890632157, 21.05243938805955 ], [ -99.369793782583272, 21.052671140387709 ], [ -99.369969417769553, 21.052734999644674 ], [ -99.370169837102765, 21.052828436243399 ], [ -99.370359393132105, 21.053112792483923 ], [ -99.370553867008084, 21.053638634589152 ], [ -99.370803755302859, 21.054250628938831 ], [ -99.371056723716805, 21.054578105304039 ], [ -99.37143356147493, 21.055081984811007 ], [ -99.371627599741558, 21.05540680931966 ], [ -99.371912291539843, 21.055844266916754 ], [ -99.372314922009267, 21.055987016464421 ], [ -99.372693959072166, 21.056023717457542 ], [ -99.372942242675038, 21.055988662005401 ], [ -99.373355854315619, 21.055849716393318 ], [ -99.373861456300375, 21.055710568845576 ], [ -99.374265868580736, 21.055571640543072 ], [ -99.374675653694084, 21.055497804152115 ], [ -99.375144851099975, 21.055514022844765 ], [ -99.375512871579232, 21.055539090058989 ], [ -99.375825747395993, 21.055581535990527 ], [ -99.376157080580413, 21.055649821222723 ], [ -99.376429254946345, 21.055686809989751 ], [ -99.376743389718783, 21.055909144883234 ], [ -99.376981437334166, 21.056226188196302 ], [ -99.377079010655478, 21.056615050623943 ], [ -99.377071326935678, 21.057054044742571 ], [ -99.377105192509276, 21.05758591303454 ], [ -99.377094078954144, 21.058156281911391 ], [ -99.377058633238661, 21.058510918649333 ], [ -99.376898856509612, 21.058996859632799 ], [ -99.376707705160314, 21.059380378637904 ], [ -99.376485963867239, 21.059632829799511 ], [ -99.376233786685873, 21.059887785235787 ], [ -99.375939543443764, 21.060104490996952 ], [ -99.375593395860562, 21.060256214870687 ], [ -99.375254771967676, 21.060393887399655 ], [ -99.374951214532757, 21.06062179083839 ], [ -99.374694257515415, 21.060872549267046 ], [ -99.374372952443309, 21.061140704378978 ], [ -99.374152902773389, 21.061434516123629 ], [ -99.373978805487681, 21.061710973884377 ], [ -99.373813820857677, 21.061952900743968 ], [ -99.373584307123281, 21.062143205629297 ], [ -99.373354560226232, 21.062238611034253 ], [ -99.373069486472161, 21.062282376219876 ], [ -99.372738155773689, 21.062222710558927 ], [ -99.372223114571867, 21.061928113431961 ], [ -99.371873448612831, 21.061764428522306 ], [ -99.371498325224678, 21.061543020900917 ], [ -99.371286929032109, 21.061353355649221 ], [ -99.370953901106546, 21.061204134801162 ], [ -99.370625592222922, 21.061108728392526 ], [ -99.370238986306987, 21.061014671718816 ], [ -99.369732723813911, 21.06089499287042 ], [ -99.36937382121414, 21.060844008639346 ], [ -99.369070478451306, 21.06093956858345 ], [ -99.368794947244695, 21.061121337711342 ], [ -99.368593197972388, 21.061380596096235 ], [ -99.368226326538704, 21.061830012613878 ], [ -99.367951386067503, 21.062253344898675 ], [ -99.367694736075677, 21.062633502216162 ], [ -99.367345343386887, 21.063068064651713 ], [ -99.367134098512651, 21.063488659494563 ], [ -99.366863823758081, 21.063961549795756 ], [ -99.366682321428286, 21.064467730894851 ], [ -99.366543675345326, 21.065006977911938 ], [ -99.366385796898641, 21.065664430878204 ], [ -99.366281939264738, 21.066154935736378 ], [ -99.366272310061518, 21.066647065113784 ], [ -99.366480892666985, 21.06726207089136 ], [ -99.366675400428477, 21.067796542137206 ], [ -99.366869482939094, 21.068243708507516 ], [ -99.367096928819038, 21.06872517810184 ], [ -99.367437468621432, 21.069479699449523 ], [ -99.367723007060292, 21.06995706402715 ], [ -99.368010465485398, 21.070336343160381 ], [ -99.368455799238717, 21.070676371181911 ], [ -99.368706896200507, 21.070813979871392 ], [ -99.36898008315255, 21.070934385628796 ], [ -99.369287774049965, 21.07114442854385 ], [ -99.369720245041719, 21.071400859548035 ], [ -99.37002742856393, 21.071636981720946 ], [ -99.370381885420272, 21.071927798259299 ], [ -99.370820048171936, 21.072264293137934 ], [ -99.371120152961822, 21.072491784831868 ], [ -99.371492048515009, 21.072756243200505 ], [ -99.371899196239625, 21.073022170973115 ], [ -99.372321697439844, 21.073283312627552 ], [ -99.372690497935849, 21.073449694680686 ], [ -99.372952413082146, 21.073475567248945 ], [ -99.373213490651011, 21.073473816399623 ], [ -99.373472262558153, 21.0734663556571 ], [ -99.373690190396431, 21.073446281069991 ], [ -99.373968989189947, 21.073403431594727 ], [ -99.374279652629014, 21.073337874666819 ], [ -99.374646236840221, 21.07329284467956 ], [ -99.374959035889532, 21.073292153824951 ], [ -99.37538237109635, 21.073342981116873 ], [ -99.375814837606399, 21.073367907268636 ], [ -99.376219471450113, 21.073297992936151 ], [ -99.376605808272544, 21.073271254283508 ], [ -99.376927481609229, 21.073141131998224 ], [ -99.377304401253156, 21.073028141053367 ], [ -99.37756144698065, 21.072913304040306 ], [ -99.377832002642421, 21.072687796075197 ], [ -99.377994429019807, 21.072482301817715 ], [ -99.378087065953594, 21.07231771225041 ], [ -99.378141285826217, 21.072139987650111 ], [ -99.378184616542356, 21.071924280537864 ], [ -99.378350741028896, 21.071640330730411 ], [ -99.378506715863921, 21.071463969147349 ], [ -99.378683539536055, 21.071287559505368 ], [ -99.378870817323516, 21.071120906349595 ], [ -99.379131013409818, 21.070924752835509 ], [ -99.379474581878256, 21.070708856136104 ], [ -99.379849277168205, 21.070434219208927 ], [ -99.380234528622594, 21.070208449351146 ], [ -99.380651110693265, 21.070002163432004 ], [ -99.381067618311306, 21.069766544320384 ], [ -99.381827775661918, 21.069466859522755 ], [ -99.382310449849399, 21.069178299321898 ], [ -99.382745873769153, 21.068856675440074 ], [ -99.383146043593683, 21.068579354773124 ], [ -99.383652207591851, 21.068257568061437 ], [ -99.384188551157351, 21.067855342379307 ], [ -99.38472390622735, 21.067609463507704 ], [ -99.385298744772442, 21.067381095492671 ], [ -99.385546965283353, 21.06729403163121 ], [ -99.385876828069826, 21.067234451858958 ], [ -99.386176981125558, 21.067211229363512 ], [ -99.386514328328786, 21.067264075648314 ], [ -99.386862314664, 21.067391400134589 ], [ -99.387197846693482, 21.067537794257817 ], [ -99.387446573830374, 21.067673628739069 ], [ -99.387673203910708, 21.067827234094139 ], [ -99.387819550961453, 21.068007824463979 ], [ -99.387885251675669, 21.068234109241615 ], [ -99.387919179268991, 21.068478567976854 ], [ -99.387955897245391, 21.068703791012236 ], [ -99.388039892883299, 21.068888887009784 ], [ -99.388099533039949, 21.069154110578815 ], [ -99.388229946134317, 21.069430230219861 ], [ -99.388433993890018, 21.069724345600957 ], [ -99.388669244705426, 21.070056751516752 ], [ -99.388942129983818, 21.070332365560617 ], [ -99.389096327653647, 21.070685827087022 ], [ -99.389309418596426, 21.071017040387858 ], [ -99.389475495467906, 21.071403641700531 ], [ -99.389594527796575, 21.071834579686644 ], [ -99.389536755484585, 21.072288038208775 ], [ -99.38950224636281, 21.072619815842032 ], [ -99.389449774256079, 21.072931416917548 ], [ -99.389422037846614, 21.073115269495975 ], [ -99.38919787156243, 21.073460823188942 ], [ -99.389010025911702, 21.07377084056774 ], [ -99.388610318824789, 21.074225080017122 ], [ -99.388398913877666, 21.07454620800171 ], [ -99.388293577671021, 21.074995233127066 ], [ -99.388129795818216, 21.075493158596807 ], [ -99.388095656586401, 21.075968675527228 ], [ -99.388026171582794, 21.076455329069283 ], [ -99.38803922595028, 21.076941791212214 ], [ -99.388205335535602, 21.077339454147438 ], [ -99.388406904630287, 21.077770201109423 ], [ -99.388537441262827, 21.078090548134849 ], [ -99.388635275317483, 21.078745581398898 ], [ -99.388818296393367, 21.079267292689764 ], [ -99.388952163034119, 21.079519578818715 ], [ -99.389211390234991, 21.079738396358895 ], [ -99.389526021954651, 21.079842458689228 ], [ -99.389925407421231, 21.079996219764254 ], [ -99.390432692269698, 21.080094563634447 ], [ -99.390774730009696, 21.0801269464217 ], [ -99.391052390732582, 21.080033574810091 ], [ -99.391351199033167, 21.079956437083883 ], [ -99.391778218680159, 21.079749339272269 ], [ -99.392239395786817, 21.079525808399705 ], [ -99.39266335929112, 21.079351551524645 ], [ -99.393018697031209, 21.079226032968116 ], [ -99.393390322762897, 21.079133120684578 ], [ -99.393794174223359, 21.079123561193146 ], [ -99.394020368497138, 21.07917619531294 ], [ -99.394180171638851, 21.079267706780868 ], [ -99.394333747991809, 21.07937791630075 ], [ -99.394534842010927, 21.079620697504794 ], [ -99.39473710080793, 21.08030574055902 ], [ -99.394832656892646, 21.080769897601115 ], [ -99.394812532211219, 21.081185300867467 ], [ -99.394601246788469, 21.081550661432125 ], [ -99.394425253258021, 21.081882769844455 ], [ -99.394331971737628, 21.082281027067467 ], [ -99.394274065938305, 21.0826792015921 ], [ -99.394239739501586, 21.083077322775068 ], [ -99.394252548732908, 21.083464274829815 ], [ -99.394253336144899, 21.083762803798443 ], [ -99.394313231962215, 21.084116478297343 ], [ -99.394327778003515, 21.084808582277635 ], [ -99.394494028602793, 21.085250462982234 ], [ -99.394754527638682, 21.085658953319236 ], [ -99.394955918674242, 21.086012299859853 ], [ -99.395145141736833, 21.086221935900333 ], [ -99.39542861693306, 21.086398181967841 ], [ -99.395641481050632, 21.086629875235751 ], [ -99.39585425866413, 21.086828397998072 ], [ -99.396229264480723, 21.08711671635599 ], [ -99.396742672346079, 21.087269529720853 ], [ -99.397046643867895, 21.087356332874666 ], [ -99.397424340081713, 21.087488129169571 ], [ -99.397979348201147, 21.087785358571619 ], [ -99.398488439745122, 21.088547071816063 ], [ -99.398670184371383, 21.089007511534074 ], [ -99.398659542020724, 21.089438746992364 ], [ -99.398601761922635, 21.089881149556213 ], [ -99.39857900418086, 21.09019078898633 ], [ -99.398462230342787, 21.090622270557098 ], [ -99.398309789525825, 21.090943273310376 ], [ -99.398263414062527, 21.091241910661743 ], [ -99.398382311618377, 21.091606500917539 ], [ -99.398477681649197, 21.092053636769858 ], [ -99.398672463026699, 21.092526917698617 ], [ -99.398847340948421, 21.092939605615342 ], [ -99.399154494040872, 21.09338057469559 ], [ -99.399320711137307, 21.093800334652869 ], [ -99.399451254514815, 21.094109614722502 ], [ -99.399499249956122, 21.094419087082045 ], [ -99.399535781169575, 21.094850212077986 ], [ -99.399536844938126, 21.095248248012705 ], [ -99.399355084753466, 21.095637090816954 ], [ -99.399175818414761, 21.095914449736576 ], [ -99.398996286595946, 21.096363208737383 ], [ -99.398690536574051, 21.096684570036139 ], [ -99.398372515968504, 21.096829053742372 ], [ -99.39812537246182, 21.097017596215434 ], [ -99.397878377727992, 21.097261422154581 ], [ -99.397666610954786, 21.097449880319711 ], [ -99.397443075491779, 21.097649424912046 ], [ -99.397208107282452, 21.097981675444753 ], [ -99.397044008348132, 21.098357983691713 ], [ -99.396974045034625, 21.098656678594338 ], [ -99.396994320485476, 21.098982877079418 ], [ -99.397053872418823, 21.099203869904418 ], [ -99.397208176539891, 21.099579436491563 ], [ -99.397374570566683, 21.100065535754965 ], [ -99.397469797303685, 21.100397012900014 ], [ -99.397541407951678, 21.100717488578528 ], [ -99.397554351802754, 21.101148666024585 ], [ -99.397531908662643, 21.101579928803258 ], [ -99.397508913357626, 21.101801116735302 ], [ -99.397366658526465, 21.102003282071056 ], [ -99.397280744466983, 21.102070445593593 ], [ -99.39713218046343, 21.102126900984306 ], [ -99.396972135610866, 21.102151967177022 ], [ -99.396764500956692, 21.102137653069217 ], [ -99.396444868270123, 21.102039191695745 ], [ -99.396214327647357, 21.101959262828039 ], [ -99.395962376422617, 21.101861387375337 ], [ -99.395683500933998, 21.101780634049163 ], [ -99.395445612147469, 21.101705682420238 ], [ -99.395115721725659, 21.101637670656181 ], [ -99.394713866413298, 21.101540640821675 ], [ -99.394288371017041, 21.101415980812391 ], [ -99.393945995960351, 21.10126765458384 ], [ -99.393733545261611, 21.101201807724493 ], [ -99.393450251686161, 21.101102954352822 ], [ -99.393084527746041, 21.101048519854128 ], [ -99.392754090921386, 21.100960834148193 ], [ -99.392459180032077, 21.100928343893106 ], [ -99.392046427722903, 21.100929298807809 ], [ -99.391492332198084, 21.100996920481535 ], [ -99.391150685301398, 21.101130387259907 ], [ -99.390844469736066, 21.101285887341749 ], [ -99.390561844156565, 21.101441332291351 ], [ -99.39027965224237, 21.101762623215528 ], [ -99.390138914275639, 21.102061477508745 ], [ -99.389892186281671, 21.102415858410847 ], [ -99.389622269397861, 21.102925082799889 ], [ -99.38942630461105, 21.103449226845786 ], [ -99.389250182138639, 21.103748162266527 ], [ -99.389038570013241, 21.104002950523558 ], [ -99.388779436525724, 21.104125166527528 ], [ -99.388472782241621, 21.104114813635697 ], [ -99.388201138336854, 21.103960642828493 ], [ -99.387988340057845, 21.10376210903933 ], [ -99.38772805887632, 21.103442063628087 ], [ -99.38725573099029, 21.103210953193397 ], [ -99.386795396349243, 21.103057210823135 ], [ -99.386500373156323, 21.102980485894093 ], [ -99.386113284781942, 21.102851967802451 ], [ -99.385619479890565, 21.102728476305291 ], [ -99.385226281952583, 21.102590074300281 ], [ -99.38491041111385, 21.102491117607833 ], [ -99.384599038567117, 21.102397277364442 ], [ -99.384307798358122, 21.102331038006653 ], [ -99.38392244586997, 21.102232312874683 ], [ -99.383648078578091, 21.102135361756808 ], [ -99.383390497892108, 21.102011329947093 ], [ -99.383097569180379, 21.101822633728041 ], [ -99.382823970796736, 21.101640770982186 ], [ -99.382429895397536, 21.101432244313948 ], [ -99.382139827482945, 21.101305900686224 ], [ -99.382033998524207, 21.101304087693826 ], [ -99.38194648764275, 21.101302588459475 ], [ -99.38171931123992, 21.101298696244395 ], [ -99.381393987040695, 21.101369122894106 ], [ -99.3809841312072, 21.101559474916414 ], [ -99.380560656511904, 21.101704218678606 ], [ -99.380203316701184, 21.101804721336727 ], [ -99.379861956237576, 21.101829496094819 ], [ -99.379568942055144, 21.101854532866497 ], [ -99.379311827327967, 21.101774122645352 ], [ -99.37907533233934, 21.101605209288493 ], [ -99.37883553242952, 21.101279320092342 ], [ -99.37865193637758, 21.100919313522251 ], [ -99.378573556667405, 21.100553967208249 ], [ -99.378503497575636, 21.100260602986719 ], [ -99.378441122475948, 21.099949082270413 ], [ -99.37834672483892, 21.099591950665847 ], [ -99.378226336796075, 21.099292275452527 ], [ -99.37802288673717, 21.098939407259213 ], [ -99.377825560455719, 21.098594796679226 ], [ -99.377553681000705, 21.098341098542765 ], [ -99.377270376065951, 21.098231163638744 ], [ -99.376916565530763, 21.098220890909467 ], [ -99.37657493442498, 21.098365387378514 ], [ -99.37619806953991, 21.098565242057461 ], [ -99.375856441622105, 21.098709737034124 ], [ -99.375491419126078, 21.098931679872482 ], [ -99.37520889285598, 21.099131324798417 ], [ -99.374844034286028, 21.099419603575591 ], [ -99.374314911119896, 21.100039946453808 ], [ -99.373703366312924, 21.100715751878912 ], [ -99.372981494341758, 21.10121225802337 ], [ -99.37237076264698, 21.101536957572197 ], [ -99.371844213407527, 21.101759875378811 ], [ -99.371155337921948, 21.101876775425698 ], [ -99.37041188376854, 21.101941119601026 ], [ -99.369724513294443, 21.101980901820607 ], [ -99.369120322198128, 21.10197050117883 ], [ -99.368627300577401, 21.1019620124552 ], [ -99.36785931346148, 21.101857136566327 ], [ -99.367140044463497, 21.101902920601887 ], [ -99.366762776668722, 21.101947963928815 ], [ -99.36629138123061, 21.10208166354494 ], [ -99.365784794308652, 21.102292831724753 ], [ -99.365337333736136, 21.102570214485798 ], [ -99.364987303842952, 21.102818684075036 ], [ -99.364693176649411, 21.103106790047594 ], [ -99.36448192627148, 21.103527398272973 ], [ -99.36421108523966, 21.103693830209956 ], [ -99.363963780463422, 21.103838096889881 ], [ -99.36359867216737, 21.104037901317138 ], [ -99.363150987840299, 21.104226824166236 ], [ -99.362726912748343, 21.104426752542192 ], [ -99.362337949674796, 21.104516036181153 ], [ -99.361760427348528, 21.104661006248605 ], [ -99.3613360616406, 21.104739309137493 ], [ -99.360994158339182, 21.104784262138391 ], [ -99.360594974508714, 21.104627347287849 ], [ -99.360343674451741, 21.104474013170787 ], [ -99.36022639647139, 21.104288344448726 ], [ -99.360072417619904, 21.104012255686396 ], [ -99.360048166359405, 21.103735890598404 ], [ -99.359905606280847, 21.103304981713862 ], [ -99.359821910625556, 21.102829723149537 ], [ -99.35975698291314, 21.102528057334233 ], [ -99.359643573254729, 21.102233040565107 ], [ -99.359649457595964, 21.101953339600485 ], [ -99.359636837571983, 21.101610610447896 ], [ -99.359541615142277, 21.101245941489548 ], [ -99.359434901540126, 21.101014511244159 ], [ -99.359325317184059, 21.100685357768761 ], [ -99.359162087315994, 21.100351153631419 ], [ -99.358984339708954, 21.09999771768635 ], [ -99.358762823851606, 21.099659262560518 ], [ -99.358440885041446, 21.099589769670903 ], [ -99.358146062272681, 21.099590391903522 ], [ -99.35782778600273, 21.09964634708092 ], [ -99.357403775392243, 21.099868374519584 ], [ -99.357003660702119, 21.100223031724106 ], [ -99.356556478463247, 21.100622013540644 ], [ -99.356074099628614, 21.101098464615145 ], [ -99.355626940110099, 21.10150849931474 ], [ -99.355275204035593, 21.101827933753459 ], [ -99.354919902053183, 21.102192715971512 ], [ -99.35463055810979, 21.102392196819125 ], [ -99.354301801653691, 21.102550112896559 ], [ -99.35399061738336, 21.102739214064886 ], [ -99.353511199610068, 21.102892040486822 ], [ -99.353259861008411, 21.102917645246098 ], [ -99.352965032823533, 21.102918259333308 ], [ -99.352646408059556, 21.102830469619462 ], [ -99.352186082156905, 21.102665574840351 ], [ -99.351666975384575, 21.10257819866959 ], [ -99.351105363967747, 21.102417035528774 ], [ -99.350574633700219, 21.102192488349516 ], [ -99.350147431262343, 21.102066497226804 ], [ -99.34970256570756, 21.101948266058606 ], [ -99.349363748129832, 21.101851423804 ], [ -99.349041181780336, 21.101738148770419 ], [ -99.348801013594766, 21.101649383433408 ], [ -99.348582408390058, 21.101506639315939 ], [ -99.348342081254785, 21.101311332497325 ], [ -99.34807517064462, 21.101115562170484 ], [ -99.347808003786355, 21.100932832851637 ], [ -99.347564513338952, 21.100775469694145 ], [ -99.347309847697559, 21.100694481565771 ], [ -99.346913497467028, 21.100687568120627 ], [ -99.34659526721407, 21.100765614306624 ], [ -99.346359666209423, 21.10087666229316 ], [ -99.346147748363109, 21.101031888930954 ], [ -99.34594773077859, 21.1012313183743 ], [ -99.345807185369281, 21.101651758946904 ], [ -99.34558424315631, 21.102138707647057 ], [ -99.345372993425684, 21.102581405508559 ], [ -99.345138355787853, 21.103112606358039 ], [ -99.345080462425756, 21.103577105249297 ], [ -99.344998623618295, 21.103886858461312 ], [ -99.344917017269182, 21.104296120997109 ], [ -99.344654165361945, 21.105156390596807 ], [ -99.344408389792463, 21.105975085792217 ], [ -99.344174436436063, 21.106804812777035 ], [ -99.343975014795816, 21.107269598776384 ], [ -99.343669302037299, 21.107668258330285 ], [ -99.343233625634113, 21.107967671715532 ], [ -99.342844918434011, 21.108178535310309 ], [ -99.34236201554755, 21.108455929125086 ], [ -99.341985254395112, 21.108733105847531 ], [ -99.341742071616139, 21.108900615457312 ], [ -99.341531443095292, 21.109146113913262 ], [ -99.341348262545594, 21.109498375993095 ], [ -99.341219841279838, 21.109917029342505 ], [ -99.341157245961369, 21.11011100770919 ], [ -99.3411268927874, 21.11042356178281 ], [ -99.341145079463558, 21.110726751222742 ], [ -99.341330269078924, 21.111020936317633 ], [ -99.341589961184241, 21.111215457706841 ], [ -99.341859310538538, 21.111410714723807 ], [ -99.342123492548595, 21.111595684903758 ], [ -99.342330124592536, 21.111810824136978 ], [ -99.342541817278871, 21.11206650680456 ], [ -99.34274395144368, 21.112327988815746 ], [ -99.342940123844585, 21.112631361740508 ], [ -99.343103505175137, 21.112923811783162 ], [ -99.343264896997368, 21.113203618496179 ], [ -99.343440190441399, 21.113520773831137 ], [ -99.343600761578202, 21.113826547331904 ], [ -99.343807164708437, 21.114271400073406 ], [ -99.343869378530201, 21.114549264750188 ], [ -99.343875005713983, 21.114876625846513 ], [ -99.343805333865646, 21.115347351703996 ], [ -99.343699924935251, 21.115668211176896 ], [ -99.343550409316549, 21.116008123525575 ], [ -99.343316737033049, 21.116809339053457 ], [ -99.34318275342109, 21.117258581426309 ], [ -99.343030515819038, 21.117734326389531 ], [ -99.342969977396933, 21.117976411875642 ], [ -99.342839319665174, 21.118225968395571 ], [ -99.342690054026619, 21.118582548180331 ], [ -99.342679156323939, 21.119112522923999 ], [ -99.342667107950263, 21.119722600089368 ], [ -99.342571757571079, 21.120347257160745 ], [ -99.342494501212741, 21.120820349659766 ], [ -99.342493194774434, 21.121346419087327 ], [ -99.342484752356114, 21.121834004965855 ], [ -99.342356253564162, 21.122376041899447 ], [ -99.342251114417238, 21.122818521328714 ], [ -99.342098596448196, 21.123172642964789 ], [ -99.341981305117855, 21.123460353464086 ], [ -99.341828429572033, 21.123659682413255 ], [ -99.341616655380165, 21.123892299069649 ], [ -99.341440135545497, 21.124069560048138 ], [ -99.341186507607432, 21.124170213877125 ], [ -99.340756620277432, 21.124325239459555 ], [ -99.340486753944319, 21.124463183444583 ], [ -99.339977953524723, 21.12475947341802 ], [ -99.339618515497904, 21.124961372528283 ], [ -99.339272200358138, 21.125091128538159 ], [ -99.338926616366265, 21.125242028399835 ], [ -99.338646051474228, 21.125471922608043 ], [ -99.338218082532791, 21.125695742738746 ], [ -99.337880430422899, 21.12588356645114 ], [ -99.337608790832306, 21.126109347322583 ], [ -99.337453258080231, 21.126362411443324 ], [ -99.337295075427946, 21.126676427411795 ], [ -99.337183083436088, 21.127432195940258 ], [ -99.336881280175589, 21.128248746706578 ], [ -99.336781738291265, 21.128988993055899 ], [ -99.336560391178438, 21.129577678016471 ], [ -99.336174512996052, 21.129978558656234 ], [ -99.336046325670978, 21.130102897514213 ], [ -99.335884020203096, 21.130260329666839 ], [ -99.335507715549184, 21.130465752163069 ], [ -99.335176179707275, 21.130667943190076 ], [ -99.334708001891428, 21.130735385196548 ], [ -99.334296172553479, 21.130616472190873 ], [ -99.333841781021817, 21.130410890230856 ], [ -99.333443546107702, 21.130202320896778 ], [ -99.333103340497686, 21.130139091305281 ], [ -99.332429906635255, 21.13003162209932 ], [ -99.331719316293331, 21.130033016127378 ], [ -99.33108792390145, 21.13014526657944 ], [ -99.330456890843578, 21.130417869986299 ], [ -99.329418706427987, 21.13104898085264 ], [ -99.328919637888788, 21.131494012481987 ], [ -99.328144515229411, 21.13207526062827 ], [ -99.327605772898096, 21.132434021382505 ], [ -99.327237959392377, 21.132730770743205 ], [ -99.326765195659505, 21.133175745991984 ], [ -99.326348660072924, 21.133471276461666 ], [ -99.325900620828136, 21.133770109777977 ], [ -99.325386918056395, 21.134035244487869 ], [ -99.324853853760345, 21.134509587653664 ], [ -99.324538828581709, 21.134880243406979 ], [ -99.324395310636433, 21.135447931783602 ], [ -99.324383408314077, 21.136027701629228 ], [ -99.324345245780435, 21.136632189705292 ], [ -99.324359451176363, 21.137113230711446 ], [ -99.324360901360379, 21.137779320490846 ], [ -99.324203255116529, 21.138298955230205 ], [ -99.32403397284321, 21.138729743270311 ], [ -99.323727132393842, 21.139208402108977 ], [ -99.323293656155698, 21.139579284047937 ], [ -99.322820512705988, 21.139863892589716 ], [ -99.322307962850729, 21.140185579722498 ], [ -99.321716350261042, 21.140458074469645 ], [ -99.32117721170151, 21.140656459685029 ], [ -99.320519684857302, 21.140879735182892 ], [ -99.319888481405997, 21.141102961267549 ], [ -99.319112560901473, 21.141351124140453 ], [ -99.318586632584825, 21.141574147647887 ], [ -99.318021270616399, 21.14182190942693 ], [ -99.31749562806236, 21.142180613568481 ], [ -99.31698321545808, 21.142576293136148 ], [ -99.316326281157984, 21.143083260473766 ], [ -99.315643196708692, 21.143676616142372 ], [ -99.315055585781479, 21.144192763824719 ], [ -99.314661815191684, 21.144686897447883 ], [ -99.314333483234122, 21.145008218177892 ], [ -99.314057758702177, 21.145317105995414 ], [ -99.313584865813596, 21.145737373460474 ], [ -99.312914610788255, 21.146182675190094 ], [ -99.312243705922484, 21.146319600631259 ], [ -99.311717181618022, 21.146271228206157 ], [ -99.311296250416419, 21.146370683962033 ], [ -99.310770136062985, 21.146519671264361 ], [ -99.310244326886306, 21.146816676766765 ], [ -99.309797454234896, 21.147101201233525 ], [ -99.309205638993802, 21.147299644220336 ], [ -99.308587110603412, 21.147313107192446 ], [ -99.307988411031104, 21.14716733324904 ], [ -99.307566650181769, 21.147043368265198 ], [ -99.307175743373861, 21.146847094473724 ], [ -99.306992942573842, 21.146477224275689 ], [ -99.306755417876147, 21.146169278268829 ], [ -99.306544314526434, 21.145910623250089 ], [ -99.306333264571919, 21.145676638609658 ], [ -99.306056413566566, 21.145442775456253 ], [ -99.305818992051371, 21.145184167513765 ], [ -99.305549852948985, 21.144921264839763 ], [ -99.305259794203522, 21.144662750079906 ], [ -99.304917766697983, 21.144443840557368 ], [ -99.304662843480358, 21.144038770052298 ], [ -99.304387056898335, 21.143572644445626 ], [ -99.304144291444459, 21.143069967445687 ], [ -99.303837737687459, 21.14241236626161 ], [ -99.303669406838722, 21.142123532458545 ], [ -99.303486583314196, 21.141833874745057 ], [ -99.303273916670904, 21.14142028946225 ], [ -99.30322191469314, 21.141284135440628 ], [ -99.303155403570244, 21.140982916879665 ], [ -99.30311899314016, 21.140627780888291 ], [ -99.303042888114774, 21.140081366607429 ], [ -99.30296077086787, 21.139834891227963 ], [ -99.302664371088781, 21.139420717401389 ], [ -99.302448724603181, 21.139321055675008 ], [ -99.302231156983339, 21.139317215879597 ], [ -99.301862840656483, 21.13947463390263 ], [ -99.301496952282235, 21.13963152583371 ], [ -99.301217533097088, 21.139817735097488 ], [ -99.300941742811574, 21.139987534919658 ], [ -99.300613278707644, 21.140284073810356 ], [ -99.30036260450234, 21.140483835568688 ], [ -99.299949676493924, 21.140694909829353 ], [ -99.299582963157249, 21.140892620607612 ], [ -99.299186135243318, 21.141144816944426 ], [ -99.298892216364649, 21.141330199758517 ], [ -99.29846664966486, 21.141568272075013 ], [ -99.29814157517005, 21.141739490280507 ], [ -99.297618037122362, 21.141798298395774 ], [ -99.297167022475548, 21.1418583871253 ], [ -99.296714341895552, 21.141881010395736 ], [ -99.296238967877613, 21.141829495951477 ], [ -99.295838831798591, 21.141764564082521 ], [ -99.295410187132816, 21.141553925573934 ], [ -99.295151712359356, 21.141419465883004 ], [ -99.29483184371648, 21.141211316856126 ], [ -99.294522582066321, 21.140962266621063 ], [ -99.294284461144329, 21.140679887265787 ], [ -99.294107522199027, 21.140431652942407 ], [ -99.29389732007931, 21.140181770495914 ], [ -99.29363877968818, 21.139843909490185 ], [ -99.293461433441493, 21.139610264532987 ], [ -99.293296001181787, 21.139419027593028 ], [ -99.293037157291906, 21.139183029684485 ], [ -99.292869110829159, 21.139006008381966 ], [ -99.29266093527967, 21.138771391844003 ], [ -99.292433816636716, 21.138521207912994 ], [ -99.292177096677378, 21.138299993211639 ], [ -99.291903752549544, 21.138063736592642 ], [ -99.291647627858453, 21.137813037645419 ], [ -99.291358617008697, 21.137634355968594 ], [ -99.290945946716732, 21.137351955849152 ], [ -99.290628214752701, 21.13715858308451 ], [ -99.290369379890109, 21.136922580981881 ], [ -99.290141389257442, 21.136716052931511 ], [ -99.289702199471336, 21.136542254210323 ], [ -99.28931483174668, 21.136318845194634 ], [ -99.288834948525306, 21.136010067826319 ], [ -99.288469203961753, 21.13579225293547 ], [ -99.288178633042506, 21.135410363650781 ], [ -99.287967266681548, 21.134991330266963 ], [ -99.287769277903223, 21.134683289516769 ], [ -99.287585741979981, 21.13393629663468 ], [ -99.287573341898579, 21.13359179319858 ], [ -99.28753228645067, 21.13308469935253 ], [ -99.287484759525256, 21.132759477881425 ], [ -99.287433645024436, 21.132364750644268 ], [ -99.287363134033271, 21.13190407585283 ], [ -99.287247569307112, 21.131519172967582 ], [ -99.287070030201249, 21.131209739680024 ], [ -99.286871598867336, 21.130977073080093 ], [ -99.286528144137478, 21.13074126357861 ], [ -99.286227046124694, 21.130563492366921 ], [ -99.285837867996861, 21.130556581917965 ], [ -99.285326389134909, 21.130738641936656 ], [ -99.285012441030446, 21.131077916544605 ], [ -99.284635370514138, 21.131549357808925 ], [ -99.284364941219664, 21.131888838164009 ], [ -99.284095950348544, 21.13203719987926 ], [ -99.283769228192185, 21.132050678446934 ], [ -99.28342586946313, 21.131930003875176 ], [ -99.283247462681331, 21.131802956848635 ], [ -99.283148358774298, 21.13154221744448 ], [ -99.28308174810978, 21.131269748048837 ], [ -99.282912630541929, 21.131016807267205 ], [ -99.28272272409032, 21.130736827046775 ], [ -99.282616539317956, 21.130575915712946 ], [ -99.28258317576875, 21.130192468961297 ], [ -99.282601041706471, 21.129760067672876 ], [ -99.282746994569933, 21.129311225565925 ], [ -99.282909379069409, 21.12905275908216 ], [ -99.283182142680602, 21.128791384894836 ], [ -99.283422531832684, 21.128502420360999 ], [ -99.283557491642853, 21.128285318058001 ], [ -99.283646667071267, 21.127700996583446 ], [ -99.283764388133278, 21.127020194361865 ], [ -99.283828405634111, 21.126484206113929 ], [ -99.28388851756111, 21.126021881180801 ], [ -99.283876169180132, 21.125435758014074 ], [ -99.283755486059988, 21.124945832226917 ], [ -99.283584055238308, 21.124454436435787 ], [ -99.283292291495897, 21.123723661489588 ], [ -99.283066058183721, 21.12320575608695 ], [ -99.28282971453207, 21.122755050675448 ], [ -99.282634584062038, 21.122438648790624 ], [ -99.282285765690148, 21.122064913360923 ], [ -99.281795018680782, 21.121926441073231 ], [ -99.281373973872348, 21.121822530415059 ], [ -99.280892708581078, 21.12170733785474 ], [ -99.280442270410049, 21.121622186005684 ], [ -99.279958383229584, 21.121517153189274 ], [ -99.279631813932141, 21.121404709744798 ], [ -99.279339200954595, 21.12116752101214 ], [ -99.279054803318374, 21.120882836175465 ], [ -99.278753108980567, 21.120616559096927 ], [ -99.278398825204548, 21.120320417563324 ], [ -99.2781606589148, 21.120264917085542 ], [ -99.27783303087449, 21.12026545436122 ], [ -99.277567010265471, 21.120361867427725 ], [ -99.277403340836244, 21.120438918756093 ], [ -99.277250137913029, 21.120640723165309 ], [ -99.277189276215339, 21.120947954069127 ], [ -99.277108332896816, 21.121466372352561 ], [ -99.277047795678399, 21.121946364209766 ], [ -99.276997633826596, 21.122503121250524 ], [ -99.276926501378568, 21.122791171847627 ], [ -99.276845051479427, 21.123040851066492 ], [ -99.276589482080325, 21.123252420016698 ], [ -99.276374668622907, 21.12335834686149 ], [ -99.276149521339079, 21.123416302135148 ], [ -99.275944785960263, 21.12343583073033 ], [ -99.275740015515382, 21.123436164810517 ], [ -99.275412203159931, 21.123340718404751 ], [ -99.275073906043744, 21.123110919625102 ], [ -99.274766497613356, 21.122977047270982 ], [ -99.274438511104037, 21.122785623970074 ], [ -99.274223237063893, 21.12264200444589 ], [ -99.274018290336628, 21.122546355921649 ], [ -99.273803088410631, 21.122441129763072 ], [ -99.273465006216199, 21.12232649839245 ], [ -99.273075536289525, 21.122106376451899 ], [ -99.272706545624956, 21.121886219675737 ], [ -99.272267443756974, 21.121606955831489 ], [ -99.271896081659449, 21.121293904948541 ], [ -99.271523065177377, 21.120875936768147 ], [ -99.271184466190093, 21.120473367234027 ], [ -99.270856192760903, 21.120118772076125 ], [ -99.270650706858049, 21.119725587955365 ], [ -99.270471273690902, 21.119442832277237 ], [ -99.270311590646813, 21.119035083757225 ], [ -99.270351379503253, 21.118391962944369 ], [ -99.270330750487233, 21.117962763880296 ], [ -99.270606297683329, 21.117472832420816 ], [ -99.27112079359793, 21.117102878710373 ], [ -99.271433985794317, 21.116588506037168 ], [ -99.271739975068314, 21.115954556090465 ], [ -99.271944122869144, 21.115618303245743 ], [ -99.272107305263091, 21.11527251811728 ], [ -99.272188402967714, 21.114830886467178 ], [ -99.27201346624733, 21.114341676839032 ], [ -99.271877215864265, 21.113951789715923 ], [ -99.271599914253855, 21.113472339353876 ], [ -99.271292046627124, 21.113069724883506 ], [ -99.270810220614678, 21.112715372973749 ], [ -99.270182326066049, 21.11235182935544 ], [ -99.269446973905104, 21.111824943652319 ], [ -99.268596593828661, 21.111471172157522 ], [ -99.267764005097916, 21.111305832029341 ], [ -99.266999886298322, 21.111072667893875 ], [ -99.26646829698241, 21.110937813639918 ], [ -99.265793737942928, 21.110596732664337 ], [ -99.26504157995555, 21.110473287224977 ], [ -99.26428855395757, 21.110464716685691 ], [ -99.263612646316076, 21.11034099565774 ], [ -99.262966805016717, 21.109852507596088 ], [ -99.262362324966716, 21.109594304665649 ], [ -99.261768203656587, 21.109403265230746 ], [ -99.261296783519668, 21.109125653262982 ], [ -99.260774096132536, 21.1088001309205 ], [ -99.260046707334311, 21.108234055681592 ], [ -99.259643432208861, 21.107723167921872 ], [ -99.259415461638923, 21.107356344037701 ], [ -99.259128227566464, 21.107020856263297 ], [ -99.258841014067059, 21.106694967815972 ], [ -99.258574355980315, 21.106417036509381 ], [ -99.258324076670988, 21.106247647907534 ], [ -99.258072238641574, 21.106029868866134 ], [ -99.257890881499563, 21.10579406992505 ], [ -99.257671790190614, 21.105393110758406 ], [ -99.257449545634643, 21.105146934612154 ], [ -99.257226504499968, 21.104939880349352 ], [ -99.257002493258014, 21.104780451665558 ], [ -99.256777685026265, 21.104660144829168 ], [ -99.256546829965714, 21.104599282325925 ], [ -99.256231827392796, 21.10443841315919 ], [ -99.255955089097185, 21.10424687298967 ], [ -99.255576213384359, 21.104189859527636 ], [ -99.255299804795101, 21.104190274847596 ], [ -99.255084839042297, 21.104200194888769 ], [ -99.254880174850868, 21.104248492367443 ], [ -99.254665323692862, 21.10432559910689 ], [ -99.254481132554574, 21.104373864561861 ], [ -99.254307165898283, 21.104412516225999 ], [ -99.254092198676716, 21.104422438483834 ], [ -99.253856739272109, 21.104422790224902 ], [ -99.253580232816489, 21.104365616706193 ], [ -99.253344725854433, 21.104337173905162 ], [ -99.253139915057972, 21.104299089559408 ], [ -99.252924786515933, 21.104213029134446 ], [ -99.252740398965514, 21.104146119193921 ], [ -99.252525254092902, 21.104050462095543 ], [ -99.252279281168967, 21.103887664099766 ], [ -99.252002587009983, 21.103715312771065 ], [ -99.25173607704572, 21.103514153380882 ], [ -99.251449092785109, 21.103313020949773 ], [ -99.251213296145849, 21.103111815952566 ], [ -99.250936474370263, 21.102862681227418 ], [ -99.250659713493548, 21.102651937618781 ], [ -99.250413666035683, 21.102441147208452 ], [ -99.250177969363648, 21.102297526394914 ], [ -99.24982222526674, 21.102102157660838 ], [ -99.249617275433408, 21.101977685640371 ], [ -99.24929955201425, 21.10175740331912 ], [ -99.248928281329782, 21.101637174586894 ], [ -99.248615376717581, 21.101502546717455 ], [ -99.248149040826817, 21.101349985676467 ], [ -99.247681321468576, 21.101265685146842 ], [ -99.247333322284987, 21.101337974746649 ], [ -99.247046907823474, 21.101472762980418 ], [ -99.246842546616264, 21.101703409007978 ], [ -99.246720207768092, 21.102010720111323 ], [ -99.246669590603858, 21.102356317340355 ], [ -99.246588233627165, 21.102682764443824 ], [ -99.246435291331053, 21.103057303769479 ], [ -99.24624193104718, 21.103256322670674 ], [ -99.246028987523019, 21.10341393349897 ], [ -99.245775110433186, 21.103561023537015 ], [ -99.245598833209996, 21.103682430504694 ], [ -99.245381944515373, 21.103721086075193 ], [ -99.245197644713599, 21.103702154936048 ], [ -99.244982599541032, 21.10366407658206 ], [ -99.244665115559329, 21.103587749597388 ], [ -99.244364103306552, 21.103546632023679 ], [ -99.244008071163904, 21.103520255691365 ], [ -99.24362545005836, 21.103752831071422 ], [ -99.243558798580011, 21.103850921236184 ], [ -99.243360407005454, 21.104142892983031 ], [ -99.243064225284456, 21.104575224647387 ], [ -99.242358629228193, 21.105056128033535 ], [ -99.241980580169695, 21.105507769449442 ], [ -99.2416307536039, 21.106058961610273 ], [ -99.241160992943151, 21.106779471862104 ], [ -99.240599508933627, 21.107759255136195 ], [ -99.240017327793026, 21.108604695138002 ], [ -99.239403992750923, 21.109181434644189 ], [ -99.238831466224852, 21.109671733395324 ], [ -99.238102363473374, 21.110197235556434 ], [ -99.237541168424613, 21.110624111922842 ], [ -99.236632577623723, 21.111306458264703 ], [ -99.235959595644033, 21.111897358247631 ], [ -99.235307622488492, 21.112365820264788 ], [ -99.234743571614217, 21.112635237208725 ], [ -99.234216110809925, 21.112803674497421 ], [ -99.233745032920098, 21.112717945556462 ], [ -99.233417073738835, 21.112497644940227 ], [ -99.233252831412855, 21.112219532499019 ], [ -99.233180464100172, 21.111768533265945 ], [ -99.233128492814373, 21.111269511962636 ], [ -99.233076706725896, 21.110885670129854 ], [ -99.23296329786227, 21.110377135040782 ], [ -99.232901374560356, 21.110060491475025 ], [ -99.232747178232373, 21.109657591107471 ], [ -99.232449630247189, 21.109235692562766 ], [ -99.23225457918474, 21.10889043669539 ], [ -99.231887630719953, 21.108473992101107 ], [ -99.231600592796042, 21.108224837497996 ], [ -99.231231577967918, 21.107927805927535 ], [ -99.230944655686685, 21.107755437306512 ], [ -99.23055531913171, 21.107554410197068 ], [ -99.230125353918908, 21.107564593269384 ], [ -99.229695407710949, 21.107584371344633 ], [ -99.229381577106153, 21.10766826086239 ], [ -99.229272429731353, 21.107689561072235 ], [ -99.228999534671772, 21.107767672552868 ], [ -99.228753890780396, 21.107806395073201 ], [ -99.228434031164355, 21.10789305374006 ], [ -99.228090742222633, 21.107913331726806 ], [ -99.227751433049079, 21.108023771983099 ], [ -99.227357238850743, 21.108112709917311 ], [ -99.227053636602847, 21.108093950003038 ], [ -99.226718251345034, 21.108088446591111 ], [ -99.226380373902785, 21.10805906089243 ], [ -99.226070051848779, 21.10798309730659 ], [ -99.225815772939654, 21.107885473935632 ], [ -99.225655860052882, 21.107691285041255 ], [ -99.225482259801922, 21.107527753205737 ], [ -99.225348025513739, 21.107221397172616 ], [ -99.225142763909545, 21.106885742402092 ], [ -99.224927430510959, 21.106655678663316 ], [ -99.22464306984719, 21.106453914560905 ], [ -99.224416439491264, 21.106244156198755 ], [ -99.224112163894802, 21.105967500385255 ], [ -99.223853676689586, 21.105840292818154 ], [ -99.223594616757836, 21.105740867385446 ], [ -99.223304602024868, 21.10573559806339 ], [ -99.222972097837257, 21.105797618281283 ], [ -99.22271835657773, 21.105841342081476 ], [ -99.222419396189494, 21.105868680011639 ], [ -99.222171255259852, 21.105893790311686 ], [ -99.221955729608581, 21.105975786942956 ], [ -99.221749227036625, 21.106078932270844 ], [ -99.221536618997888, 21.106145682795734 ], [ -99.221237530044888, 21.106201117639706 ], [ -99.221022844080082, 21.106235564540864 ], [ -99.220815321196909, 21.106275114495585 ], [ -99.220524462238785, 21.106310661917771 ], [ -99.220322743620784, 21.106361442690918 ], [ -99.21997717453003, 21.106404103309732 ], [ -99.219339033014407, 21.106385939091062 ], [ -99.218782009305201, 21.106424640346411 ], [ -99.218214726919129, 21.106377893479181 ], [ -99.217566312539361, 21.106255277947138 ], [ -99.217110379603909, 21.10616090334679 ], [ -99.216735601285933, 21.106151887253134 ], [ -99.216273020053194, 21.106165947505168 ], [ -99.215844370884966, 21.106219496307219 ], [ -99.215523315474513, 21.106212739204562 ], [ -99.215418946970502, 21.106210541628844 ], [ -99.214683565579335, 21.106499478241965 ], [ -99.214096491717356, 21.10677560422641 ], [ -99.213671507034107, 21.107070515714579 ], [ -99.213148950560452, 21.107550629559505 ], [ -99.212796076279986, 21.107895281603881 ], [ -99.211981774593809, 21.1083261040149 ], [ -99.211182196295127, 21.108754419482377 ], [ -99.210554768338582, 21.109154031004834 ], [ -99.210089399008609, 21.109553438851467 ], [ -99.209459350242895, 21.110196794670799 ], [ -99.209126023310418, 21.110861924153113 ], [ -99.209046030142943, 21.111602706495972 ], [ -99.209300229875637, 21.11229559948157 ], [ -99.2095845119063, 21.112770046859669 ], [ -99.20976747954056, 21.113225624776337 ], [ -99.209990765421594, 21.113735824311249 ], [ -99.210102938634222, 21.114267457846644 ], [ -99.210063046726361, 21.114713817128557 ], [ -99.209965951952185, 21.115053907255554 ], [ -99.209781464539972, 21.115365945421718 ], [ -99.209456633152186, 21.115733001983806 ], [ -99.208897138378475, 21.116287257569603 ], [ -99.208391239944135, 21.116696206178343 ], [ -99.207855116109499, 21.117228640579128 ], [ -99.207379690639002, 21.117704018697516 ], [ -99.206863825395644, 21.118236424603055 ], [ -99.206225402844822, 21.118689719340576 ], [ -99.205461481827456, 21.119031948703643 ], [ -99.204630513881781, 21.11922604463625 ], [ -99.203756036984785, 21.119419341884424 ], [ -99.203185190061106, 21.119538107144354 ], [ -99.202496518078718, 21.119643386113257 ], [ -99.201919356835077, 21.119815002278802 ], [ -99.200992873243862, 21.1202065023021 ], [ -99.199979347381671, 21.120690468994667 ], [ -99.198906571832509, 21.121093121467705 ], [ -99.197912879032344, 21.121344003818844 ], [ -99.197205436003742, 21.121598392633988 ], [ -99.196504304474331, 21.121754910358899 ], [ -99.196125398702151, 21.12183644149464 ], [ -99.19584137268258, 21.121890218544475 ], [ -99.195583467026353, 21.121850886644708 ], [ -99.195140487955044, 21.121743552339279 ], [ -99.195139144542935, 21.121743226391565 ], [ -99.194730921536191, 21.12168663592432 ], [ -99.194354343892115, 21.121656469327508 ], [ -99.193902825593767, 21.121625492151765 ], [ -99.193414341951936, 21.121627866395105 ], [ -99.192900007983525, 21.12171030568539 ], [ -99.192508470623167, 21.121817686764555 ], [ -99.191957406030042, 21.121922135907869 ], [ -99.191454208621934, 21.122050150455788 ], [ -99.190963569098741, 21.122155706454222 ], [ -99.190547358915495, 21.122170743788704 ], [ -99.190171254498409, 21.12211788603528 ], [ -99.189891322603444, 21.121975478466506 ], [ -99.189672280507224, 21.121855010131078 ], [ -99.189439225221619, 21.121798294041117 ], [ -99.189135244917367, 21.121732161857842 ], [ -99.188679293667988, 21.121647207062416 ], [ -99.188228781594347, 21.121578493744288 ], [ -99.187616067912913, 21.121624507427555 ], [ -99.187275025001938, 21.121629575143064 ], [ -99.186631776721129, 21.121748189982767 ], [ -99.186037212530067, 21.121851249003651 ], [ -99.185583073923397, 21.121918759985579 ], [ -99.185036247976072, 21.122071293214926 ], [ -99.184600903261227, 21.122261686735659 ], [ -99.184287226901873, 21.122546908481887 ], [ -99.184176160894182, 21.122841402143578 ], [ -99.184065169005379, 21.12319287248739 ], [ -99.183853027745812, 21.123667900724673 ], [ -99.183654314735946, 21.123986516247641 ], [ -99.18346051200912, 21.124276822420132 ], [ -99.183126355245932, 21.124603537424406 ], [ -99.182707099856884, 21.124994546737426 ], [ -99.182365783780583, 21.125358633977665 ], [ -99.182023872156051, 21.125751067535898 ], [ -99.181675825156063, 21.126090729812368 ], [ -99.181204402088099, 21.126386067316702 ], [ -99.180875891875601, 21.126641045243044 ], [ -99.180447407487392, 21.126976536877649 ], [ -99.180176310632746, 21.12741907205211 ], [ -99.180019644657605, 21.127915088988953 ], [ -99.179905675476959, 21.128250247352142 ], [ -99.179733206320705, 21.128786420605643 ], [ -99.179604331711317, 21.129051192967232 ], [ -99.179321034049536, 21.129510597931095 ], [ -99.179121217741937, 21.129792238310721 ], [ -99.179078794559061, 21.130180924495363 ], [ -99.178910498069442, 21.130657734120526 ], [ -99.178835142868706, 21.130907044395641 ], [ -99.178534251027429, 21.131411410645118 ], [ -99.178391796300261, 21.131840404586296 ], [ -99.178113750578376, 21.132212462391969 ], [ -99.177782768487276, 21.132774115423722 ], [ -99.177488432492865, 21.133202587758678 ], [ -99.177285972393364, 21.133516479889316 ], [ -99.177279217967836, 21.134012600167377 ], [ -99.17726549532513, 21.13449506444773 ], [ -99.177294981130402, 21.135245511052641 ], [ -99.177391016270633, 21.135937283470387 ], [ -99.17734879637662, 21.136500187263731 ], [ -99.177205378273456, 21.136781488667463 ], [ -99.176989362091291, 21.13716489729552 ], [ -99.176477921194831, 21.137573208913121 ], [ -99.176220885310372, 21.137841502390113 ], [ -99.175806622548151, 21.138150164691517 ], [ -99.175478046041221, 21.138378329632825 ], [ -99.175206489147584, 21.138459019303596 ], [ -99.17493488235317, 21.138499504431316 ], [ -99.174734716247542, 21.138499712497683 ], [ -99.174491610814215, 21.138459756508162 ], [ -99.174205518695445, 21.138339441307259 ], [ -99.173919503488264, 21.138286128305349 ], [ -99.173576256009866, 21.138192671382733 ], [ -99.173218724257637, 21.13811262856823 ], [ -99.172947041744024, 21.138086102899365 ], [ -99.17254662937161, 21.138019504388623 ], [ -99.17208898936623, 21.137912759151749 ], [ -99.171788629988697, 21.137819254940535 ], [ -99.171545449546258, 21.137712289725989 ], [ -99.171316520127931, 21.137565106105612 ], [ -99.171159172074837, 21.137498259284882 ], [ -99.171016184031174, 21.137485000338547 ], [ -99.17078746948944, 21.137525437000392 ], [ -99.170515941765515, 21.137632919747791 ], [ -99.170201501943609, 21.137727047491719 ], [ -99.169901408963739, 21.137861362071565 ], [ -99.16971525548847, 21.13796625683954 ], [ -99.169397086648331, 21.138223212084501 ], [ -99.169011934164828, 21.138636707725116 ], [ -99.168641979516167, 21.138979250898839 ], [ -99.168326231521135, 21.139274018227741 ], [ -99.167946400936074, 21.1396260202823 ], [ -99.167599009031633, 21.139930409597262 ], [ -99.167285703863584, 21.140108943115553 ], [ -99.166868886268546, 21.140149997221759 ], [ -99.166437606691133, 21.140073938615874 ], [ -99.165986410446507, 21.139910160505352 ], [ -99.165594825589466, 21.139786624275981 ], [ -99.165227005624033, 21.139631650162251 ], [ -99.164708096902942, 21.139634050289477 ], [ -99.164316801436044, 21.139632536125472 ], [ -99.163883459161113, 21.139714208389737 ], [ -99.163464644194761, 21.139863576131567 ], [ -99.163060389275088, 21.140121262635006 ], [ -99.16255502827245, 21.140406128370774 ], [ -99.162020845037461, 21.140758732168457 ], [ -99.161587794530604, 21.141111239297388 ], [ -99.161255801204788, 21.141395935234332 ], [ -99.160967196297548, 21.141721218621594 ], [ -99.160563287874439, 21.142303904325239 ], [ -99.160130314648143, 21.142737658099517 ], [ -99.159754868253202, 21.142927602369614 ], [ -99.159422828617807, 21.14317166767902 ], [ -99.159125409481277, 21.143450823597401 ], [ -99.158851216012806, 21.143749005898627 ], [ -99.158591323789096, 21.143911753183183 ], [ -99.158259248025516, 21.1441287349639 ], [ -99.157883785229515, 21.144305130702861 ], [ -99.157537244725148, 21.144508583105488 ], [ -99.157118433271009, 21.144685018569334 ], [ -99.156656250594523, 21.144834407774024 ], [ -99.156237579075238, 21.145146259118839 ], [ -99.155674454775138, 21.145485326354674 ], [ -99.155096861207369, 21.145810865193862 ], [ -99.154692476138905, 21.1459737375157 ], [ -99.154209622534623, 21.146061046559009 ], [ -99.153838330998852, 21.146121063805229 ], [ -99.153464671445917, 21.146259237677896 ], [ -99.153074661690042, 21.14635438339166 ], [ -99.152598021592283, 21.146503776367069 ], [ -99.152193688131902, 21.14672081171134 ], [ -99.151919321731384, 21.146870019562098 ], [ -99.151644996203302, 21.147059850469137 ], [ -99.151327322344684, 21.147249724350026 ], [ -99.150939314752563, 21.147458412057492 ], [ -99.150521984264145, 21.147750683728397 ], [ -99.150056478922494, 21.147860243716565 ], [ -99.149565325226447, 21.147955471519115 ], [ -99.14921856116348, 21.147955776859785 ], [ -99.148871769332487, 21.147929000239543 ], [ -99.148515716253272, 21.147865874159343 ], [ -99.14815441153057, 21.14777139760951 ], [ -99.147823622903488, 21.147605636924151 ], [ -99.14748929772415, 21.147284466050099 ], [ -99.147185588491809, 21.146986810001088 ], [ -99.146811076727047, 21.146655955800757 ], [ -99.146462532068369, 21.146337423265056 ], [ -99.146080138830698, 21.146112541087579 ], [ -99.14579882072124, 21.145921245251024 ], [ -99.145551622669046, 21.145661109358294 ], [ -99.145262460973925, 21.145458227603772 ], [ -99.14490105933848, 21.145255406309712 ], [ -99.144583090713937, 21.145147344597778 ], [ -99.144248249839251, 21.145140170867872 ], [ -99.143990849220273, 21.145283268822624 ], [ -99.143817574468599, 21.145391751539027 ], [ -99.143556988517602, 21.145576481122863 ], [ -99.14334486659466, 21.145999055314316 ], [ -99.142984150841045, 21.146699619696044 ], [ -99.142670809184125, 21.14733300264135 ], [ -99.142201851501511, 21.147993173987047 ], [ -99.141687719629132, 21.148527309416082 ], [ -99.141110365048519, 21.149132409609575 ], [ -99.140071307762085, 21.150015330811549 ], [ -99.139132133798796, 21.150766240542396 ], [ -99.138251262353009, 21.151308642029115 ], [ -99.137124753349383, 21.151851234882535 ], [ -99.136047885395911, 21.152271949762262 ], [ -99.134892583727563, 21.152576446026686 ], [ -99.13408809746214, 21.152742890352123 ], [ -99.133253798289275, 21.152916347493761 ], [ -99.132564894163721, 21.153031791751477 ], [ -99.132025277275645, 21.152952189717013 ], [ -99.131663946133898, 21.15283059446341 ], [ -99.131317063510821, 21.152708984531333 ], [ -99.130638344116235, 21.152418660581663 ], [ -99.130146737078661, 21.152063670842935 ], [ -99.1299485820646, 21.151828585847159 ], [ -99.129716915087812, 21.151273543169513 ], [ -99.129543117674217, 21.150799707594285 ], [ -99.129297099758247, 21.150353010375142 ], [ -99.129094479234482, 21.149960449058185 ], [ -99.128848382465279, 21.149418956265514 ], [ -99.128544472483199, 21.148850425437292 ], [ -99.128312896030906, 21.148390174789188 ], [ -99.127994631593509, 21.147929988625009 ], [ -99.12766440165295, 21.147436323289423 ], [ -99.127394363887078, 21.147124467036601 ], [ -99.126794924873423, 21.14670189876627 ], [ -99.12636811727937, 21.146637726724833 ], [ -99.125862606814323, 21.146854775014944 ], [ -99.125386063887248, 21.147153051421341 ], [ -99.124822798961745, 21.147424306174358 ], [ -99.124245022933266, 21.147614321411488 ], [ -99.123612258699112, 21.147831476849703 ], [ -99.123017216977644, 21.147994393193454 ], [ -99.122294732924246, 21.147927206488955 ], [ -99.121384491651426, 21.147941402987581 ], [ -99.120664480163967, 21.148040864436268 ], [ -99.12013658148615, 21.148028861478657 ], [ -99.119728152271122, 21.148027346441246 ], [ -99.119409671782421, 21.148132530537545 ], [ -99.119064866885154, 21.148237219669173 ], [ -99.118529828357367, 21.148301260350785 ], [ -99.117729262401966, 21.148241906863223 ], [ -99.116891276383683, 21.148283114080268 ], [ -99.115894361341432, 21.148324425569466 ], [ -99.115345340659431, 21.148351886376023 ], [ -99.114494188560442, 21.148300004981088 ], [ -99.113773768352488, 21.148286404025104 ], [ -99.113180186989808, 21.148335319220944 ], [ -99.112619169565875, 21.148318167111036 ], [ -99.111997901849364, 21.14834566333165 ], [ -99.111492323236604, 21.148508501983894 ], [ -99.111232421519077, 21.14873888502488 ], [ -99.110972518872259, 21.148969269470378 ], [ -99.110719120246216, 21.149388107970776 ], [ -99.110688296239843, 21.149608836686863 ], [ -99.110694559059525, 21.149695956763615 ], [ -99.110713264489661, 21.149846957426359 ], [ -99.110750560065838, 21.149997942831398 ], [ -99.110775441422831, 21.150125707560129 ], [ -99.110843715040815, 21.150270865834344 ], [ -99.110959150383877, 21.150418270387437 ], [ -99.111207356222849, 21.150669550230532 ], [ -99.111458455576425, 21.150914792085153 ], [ -99.111779862546499, 21.151377467886928 ], [ -99.112043941377451, 21.151885242710478 ], [ -99.112144149154133, 21.152321380750706 ], [ -99.112232827488896, 21.153279938366726 ], [ -99.112211494110142, 21.154028821056048 ], [ -99.112124660918653, 21.154592111448981 ], [ -99.112035901939421, 21.154909439359542 ], [ -99.111727829926593, 21.155739248541458 ], [ -99.111448585114431, 21.156105146122076 ], [ -99.111121457305245, 21.156403202041769 ], [ -99.110853377911212, 21.156558465002487 ], [ -99.110397399370655, 21.156610882090579 ], [ -99.109607707201548, 21.156600971521101 ], [ -99.108779519420906, 21.156391046064645 ], [ -99.108443986648737, 21.15632007389063 ], [ -99.107909328090258, 21.156254336646146 ], [ -99.107251178015019, 21.155929917419957 ], [ -99.106745355048886, 21.15560781035499 ], [ -99.106240571210648, 21.155237509249744 ], [ -99.105664454487027, 21.154697961409994 ], [ -99.105286249361399, 21.154402656822548 ], [ -99.104830169585526, 21.154129699310332 ], [ -99.104378059224672, 21.153784780751693 ], [ -99.103997284030811, 21.153609104946646 ], [ -99.103512540535732, 21.153432026351414 ], [ -99.102994138048913, 21.15335859527433 ], [ -99.102515935126135, 21.153421430647558 ], [ -99.101859822657403, 21.153557335396471 ], [ -99.10120372020863, 21.153703665166098 ], [ -99.100225294788061, 21.153898345003931 ], [ -99.099068543017196, 21.154101035153051 ], [ -99.098354719473946, 21.154280885508747 ], [ -99.097634105363568, 21.154386886102024 ], [ -99.097169758127819, 21.154497751712061 ], [ -99.096737169664209, 21.15459390347916 ], [ -99.096336964324479, 21.154646426626432 ], [ -99.096040650466847, 21.154652987971627 ], [ -99.095639319378009, 21.154608505563786 ], [ -99.095290384554318, 21.154548919796348 ], [ -99.09492628563541, 21.154409623580072 ], [ -99.09443863717722, 21.154236192552403 ], [ -99.09403293156879, 21.154191417653379 ], [ -99.093398578777624, 21.154009897069812 ], [ -99.092750715762065, 21.153725177471067 ], [ -99.092438478790569, 21.153557524527105 ], [ -99.092127089596772, 21.15338326930074 ], [ -99.091649513221853, 21.15314228224247 ], [ -99.091317383893184, 21.153005041338659 ], [ -99.090938269838247, 21.152984517162537 ], [ -99.090631126981322, 21.153095517441631 ], [ -99.090364781508342, 21.153252358425398 ], [ -99.09015364449958, 21.153554764625667 ], [ -99.089998090984963, 21.153815441874972 ], [ -99.089640045309324, 21.154076647375557 ], [ -99.089247608374208, 21.154328958609714 ], [ -99.088875148561868, 21.154462316917598 ], [ -99.088485970221868, 21.154629301546006 ], [ -99.088107949412063, 21.154848399978427 ], [ -99.087552020358061, 21.155161403670135 ], [ -99.087215413790162, 21.15547175270051 ], [ -99.086724297923396, 21.155812931623178 ], [ -99.086372385559756, 21.156092100040745 ], [ -99.086201625527252, 21.156270921639415 ], [ -99.085940125593012, 21.156590301329636 ], [ -99.085662406761571, 21.157174177604325 ], [ -99.085478492649301, 21.157639580053189 ], [ -99.085222933743381, 21.158087935876537 ], [ -99.084845048061339, 21.158578045367296 ], [ -99.084533869592633, 21.159016003825968 ], [ -99.08426711778246, 21.159349699334204 ], [ -99.083989188158228, 21.159589587216612 ], [ -99.083685924202669, 21.159631905587933 ], [ -99.083271299264396, 21.159456099716106 ], [ -99.082896182496782, 21.159243042342538 ], [ -99.082622192177993, 21.159051201091998 ], [ -99.082269615090766, 21.158949958739193 ], [ -99.081790944845196, 21.158791999371537 ], [ -99.081413802474202, 21.158672490989243 ], [ -99.080876332950481, 21.158595667666475 ], [ -99.080451691211238, 21.158601038983644 ], [ -99.079986223172881, 21.158703777378769 ], [ -99.079518436646964, 21.158723259241199 ], [ -99.078981584258273, 21.158738344324863 ], [ -99.078427483112009, 21.158758347109341 ], [ -99.07791587882835, 21.15881070280291 ], [ -99.07751553673323, 21.158946396344067 ], [ -99.077048498186016, 21.159144662957154 ], [ -99.07663104685831, 21.159514888643741 ], [ -99.07643101057738, 21.159838116754834 ], [ -99.076442358325494, 21.160275915445634 ], [ -99.076709553706038, 21.160776137986673 ], [ -99.076921159597205, 21.161307662130213 ], [ -99.077021464494123, 21.161693299232383 ], [ -99.076999418369709, 21.162078991100863 ], [ -99.076888340579586, 21.162370908370342 ], [ -99.076666013882203, 21.162621183753551 ], [ -99.07632132862544, 21.162850662984301 ], [ -99.075987738482127, 21.163038441407647 ], [ -99.075360673919093, 21.163336941534386 ], [ -99.074893647840867, 21.163608171241737 ], [ -99.074371023348931, 21.163900269199022 ], [ -99.073970706498216, 21.164108921493952 ], [ -99.073537003649307, 21.164296738953421 ], [ -99.073147792797826, 21.164474113526254 ], [ -99.072714128518882, 21.164745320388363 ], [ -99.07226938276726, 21.1650894985309 ], [ -99.071746791864783, 21.165485827793777 ], [ -99.071424357523483, 21.165756983651747 ], [ -99.071179779865972, 21.166028107627387 ], [ -99.070937460389715, 21.166381385911968 ], [ -99.07074642053756, 21.166712384180595 ], [ -99.070620718596913, 21.16701375219959 ], [ -99.070720990804048, 21.167357699760068 ], [ -99.07094355907806, 21.167586929308172 ], [ -99.071210551092506, 21.167659785750857 ], [ -99.071611047091608, 21.16779512633823 ], [ -99.07192255308334, 21.167909657571368 ], [ -99.072325736118927, 21.168054613313949 ], [ -99.072605343196514, 21.168210847677432 ], [ -99.072803965112826, 21.168309375395758 ], [ -99.073103940206025, 21.168418920612478 ], [ -99.073512719853127, 21.168530546238639 ], [ -99.073924534717563, 21.16861386975237 ], [ -99.074474120252646, 21.168813270473571 ], [ -99.074900605311612, 21.169000672145533 ], [ -99.075221111682197, 21.169167327870301 ], [ -99.075727957924443, 21.169441347391309 ], [ -99.076263623714965, 21.169724991889197 ], [ -99.076846491397248, 21.170062855595805 ], [ -99.077286086621186, 21.170315164219865 ], [ -99.077592728595775, 21.170549748691435 ], [ -99.077770807452566, 21.170747720488905 ], [ -99.077904430233829, 21.17101868068519 ], [ -99.077983029889353, 21.171303534704844 ], [ -99.077949305437244, 21.171748328650544 ], [ -99.077941951103682, 21.172080974246676 ], [ -99.077495528186461, 21.172699219516662 ], [ -99.077153523031768, 21.17307612190617 ], [ -99.076887344697667, 21.17330302485653 ], [ -99.076479300060257, 21.173463954655862 ], [ -99.076063765564513, 21.173577692665543 ], [ -99.075756273721169, 21.173474703515129 ], [ -99.075488251071292, 21.173346037207097 ], [ -99.075182291439248, 21.173177391237111 ], [ -99.074864230482888, 21.173009081251106 ], [ -99.074608543628415, 21.172864652915852 ], [ -99.07440045156271, 21.172756302563805 ], [ -99.074164504454856, 21.172705275272364 ], [ -99.07393122215808, 21.172642954221093 ], [ -99.073674525482758, 21.172545017017573 ], [ -99.073428253446352, 21.172412679436544 ], [ -99.073134129074731, 21.172256168448882 ], [ -99.072840658852158, 21.172180780933086 ], [ -99.07250482535963, 21.172162439892737 ], [ -99.072145959366779, 21.172202079753227 ], [ -99.071705858613072, 21.172195351577322 ], [ -99.071255221931949, 21.172228127506809 ], [ -99.07100473028818, 21.172289692541025 ], [ -99.070527642817922, 21.172319917591565 ], [ -99.070071656075115, 21.172476466573642 ], [ -99.069593425927749, 21.172653869982515 ], [ -99.068881651538732, 21.172935604676596 ], [ -99.068169884162486, 21.173238184597704 ], [ -99.067690206131132, 21.17353643507376 ], [ -99.067179426118273, 21.173775648345249 ], [ -99.066595437683873, 21.174044083464882 ], [ -99.066153550515082, 21.1743407692489 ], [ -99.065745104834619, 21.174656814876244 ], [ -99.065279466990305, 21.174933188831726 ], [ -99.064989401424427, 21.175034258239037 ], [ -99.064736508412892, 21.175094634535231 ], [ -99.06442446496996, 21.175094315531378 ], [ -99.064076523086982, 21.175076289885762 ], [ -99.063738946373405, 21.175026698115094 ], [ -99.06330621054245, 21.174903807880366 ], [ -99.063023390014735, 21.174783796387736 ], [ -99.06274924784401, 21.174598719734306 ], [ -99.062573772590113, 21.174437094556026 ], [ -99.062412087370845, 21.174308631168824 ], [ -99.062318576017034, 21.174159924989091 ], [ -99.062273547985654, 21.174006476357654 ], [ -99.062284021642569, 21.173859200105579 ], [ -99.062293018478812, 21.173668786685877 ], [ -99.062265591365602, 21.173470668895902 ], [ -99.062287695857691, 21.17312667525745 ], [ -99.062320951703711, 21.172855641802531 ], [ -99.062265224807319, 21.172595065228776 ], [ -99.062209527978268, 21.172407456513483 ], [ -99.062075928853545, 21.172126063545068 ], [ -99.061897816980149, 21.171802989705334 ], [ -99.061599023656171, 21.17133211376547 ], [ -99.061307566355282, 21.171054245936237 ], [ -99.060963024802305, 21.170771367482239 ], [ -99.060803365823787, 21.170534862928644 ], [ -99.060603012698863, 21.170211796723677 ], [ -99.060402651259579, 21.169857455900388 ], [ -99.060202266944614, 21.169450998270786 ], [ -99.060079787430993, 21.169148749836395 ], [ -99.059912811773032, 21.168836092749061 ], [ -99.059790344099156, 21.168554692666397 ], [ -99.059734667872846, 21.16840877851649 ], [ -99.059690124946158, 21.168273284802432 ], [ -99.059678931896627, 21.168096082540742 ], [ -99.059667723888523, 21.167887609433063 ], [ -99.05970101027323, 21.167689544990083 ], [ -99.059801046999354, 21.167512303903802 ], [ -99.05993445863362, 21.167345475314644 ], [ -99.060123506615284, 21.167230744473081 ], [ -99.060334822086148, 21.167168127496094 ], [ -99.060579504827416, 21.167115920667701 ], [ -99.06091321414776, 21.167147072783354 ], [ -99.061246960016589, 21.167272036539163 ], [ -99.061547324657028, 21.167376168586514 ], [ -99.061914436050984, 21.167490696442613 ], [ -99.062148061955909, 21.167594847921961 ], [ -99.062348284065763, 21.16760519711984 ], [ -99.062548510728249, 21.1676259720819 ], [ -99.062770983462485, 21.167646736751575 ], [ -99.063015693733234, 21.167657070374347 ], [ -99.063249275692314, 21.167646559399337 ], [ -99.063449467440805, 21.167583939523919 ], [ -99.063649640298038, 21.167479627987248 ], [ -99.063858034537247, 21.167381277881677 ], [ -99.064325055313304, 21.167037112572231 ], [ -99.064747593452694, 21.166713812280292 ], [ -99.065170108569532, 21.16634881402987 ], [ -99.065670455362607, 21.165910818840452 ], [ -99.06590389114244, 21.165587588740308 ], [ -99.066292958271035, 21.165045396744187 ], [ -99.066659792463852, 21.164544909414552 ], [ -99.066885483923201, 21.164226531978773 ], [ -99.067074436851371, 21.163924166494208 ], [ -99.067319009135318, 21.163632199238062 ], [ -99.067563614152945, 21.163423625013227 ], [ -99.067830472448392, 21.163225467543917 ], [ -99.068086184377577, 21.162975191436015 ], [ -99.068397534502566, 21.16278743555749 ], [ -99.06877558453921, 21.16251626210558 ], [ -99.069053548532906, 21.162286825564262 ], [ -99.069460862451976, 21.161918056826067 ], [ -99.069927823571447, 21.161500911031304 ], [ -99.070472650587448, 21.161115001875636 ], [ -99.071059177116737, 21.160601400479919 ], [ -99.071370470856735, 21.160309401797001 ], [ -99.071781783778704, 21.159850577675869 ], [ -99.072048570971475, 21.159527325254668 ], [ -99.072270876429343, 21.159224939917653 ], [ -99.072415361963053, 21.159005975711835 ], [ -99.072504253225802, 21.158828732045144 ], [ -99.072570910447197, 21.158672346301874 ], [ -99.072640933677704, 21.158466199014182 ], [ -99.072685342722536, 21.15829939879066 ], [ -99.07270750726093, 21.158132608235725 ], [ -99.072707425480658, 21.15796582550762 ], [ -99.072673945076403, 21.157736514200774 ], [ -99.072629358665694, 21.157538480190411 ], [ -99.072573676941985, 21.157392571751117 ], [ -99.072506880129325, 21.15726751089856 ], [ -99.072426939302645, 21.157181307982633 ], [ -99.072246615139974, 21.157020736940897 ], [ -99.072029125672699, 21.156900859607784 ], [ -99.07175755953152, 21.156820785567849 ], [ -99.071405112539068, 21.156789642767205 ], [ -99.071042291392317, 21.156790632525119 ], [ -99.070663334525435, 21.156866184562173 ], [ -99.070376863075666, 21.15702632148518 ], [ -99.070276775857494, 21.157068646096651 ], [ -99.070160172447103, 21.157091936917972 ], [ -99.069971459101239, 21.157094558414883 ], [ -99.069809821662176, 21.157075578202996 ], [ -99.069556313199897, 21.157054836701811 ], [ -99.069375952207068, 21.157007136358992 ], [ -99.069251123356139, 21.156963903750455 ], [ -99.069084984385398, 21.15692952257244 ], [ -99.068890673753913, 21.156856028622766 ], [ -99.06870926700222, 21.156745347497793 ], [ -99.068645225883444, 21.156687397991387 ], [ -99.068515772329803, 21.156634432539008 ], [ -99.068214109586677, 21.156603689916878 ], [ -99.067905886102722, 21.156541056827834 ], [ -99.067713574071107, 21.156486886829594 ], [ -99.067519536749074, 21.156400917646806 ], [ -99.067293785959464, 21.156327386656749 ], [ -99.067046140615034, 21.156259675528492 ], [ -99.066612083048071, 21.156089123524691 ], [ -99.066173933246048, 21.15588445886177 ], [ -99.065670317235629, 21.155576437663225 ], [ -99.065223192723778, 21.155339833985689 ], [ -99.064849803720989, 21.15516023183331 ], [ -99.064403028480797, 21.154907750460556 ], [ -99.063955896064783, 21.154671709241303 ], [ -99.063716882034683, 21.154541196759215 ], [ -99.063417081656638, 21.154425398199681 ], [ -99.063075835856537, 21.154324684789742 ], [ -99.062758259035476, 21.154247682106945 ], [ -99.062500602751044, 21.154195651416234 ], [ -99.062216006271811, 21.154158986370756 ], [ -99.061906899569593, 21.154137163587727 ], [ -99.061715562050352, 21.154149367930184 ], [ -99.061331686581951, 21.154205338958896 ], [ -99.061009211776963, 21.154372236945395 ], [ -99.060731249746212, 21.154591239160371 ], [ -99.060475531210784, 21.154820656167349 ], [ -99.060153095706994, 21.155091792800391 ], [ -99.05985294597842, 21.155456733767274 ], [ -99.059719701031469, 21.156009246849848 ], [ -99.059653171063061, 21.156520038354902 ], [ -99.059564411759396, 21.157072534287387 ], [ -99.05947556327456, 21.157395704646987 ], [ -99.059408928388663, 21.157645901869053 ], [ -99.059242185469884, 21.157885709575385 ], [ -99.059019864887006, 21.158198503655413 ], [ -99.058886474021264, 21.158396602997591 ], [ -99.058569026653288, 21.158747997521917 ], [ -99.05829106897626, 21.159019112963271 ], [ -99.058057585988536, 21.159238094049609 ], [ -99.057835218706487, 21.159457072761505 ], [ -99.057546131542182, 21.159717768364487 ], [ -99.057245882951364, 21.159863803327188 ], [ -99.056955606272155, 21.160013567321531 ], [ -99.056661016562003, 21.16010148553616 ], [ -99.056341320502611, 21.160120855529922 ], [ -99.056004501874824, 21.160148968768542 ], [ -99.055704891906061, 21.160134691230613 ], [ -99.055470016565494, 21.16003600932553 ], [ -99.055264169098308, 21.159826711692922 ], [ -99.055076883738806, 21.159603925843779 ], [ -99.054907630045776, 21.159326831062785 ], [ -99.0547879361566, 21.159439084730007 ], [ -99.054786016920787, 21.159440884628982 ], [ -99.054707494129431, 21.159514525751241 ], [ -99.054529627994953, 21.159775180471744 ], [ -99.054462949216315, 21.159931560265697 ], [ -99.05446300641924, 21.16008791725617 ], [ -99.054429694528025, 21.16024428654805 ], [ -99.054351886089862, 21.160379823337738 ], [ -99.054307460397581, 21.160546618573093 ], [ -99.054251915183642, 21.160734265546729 ], [ -99.054163002487144, 21.1609219247871 ], [ -99.054040710541912, 21.161078320092663 ], [ -99.053951788566138, 21.161245130885224 ], [ -99.053862855673046, 21.161380669141057 ], [ -99.053862946244337, 21.161630842005387 ], [ -99.053885275020747, 21.16186015965005 ], [ -99.053929848905497, 21.162089471300309 ], [ -99.053985565054603, 21.162370896767655 ], [ -99.054074619792587, 21.162568921148264 ], [ -99.054163666930094, 21.162746098951132 ], [ -99.054252714342155, 21.162923274906635 ], [ -99.054364021039873, 21.163152564645088 ], [ -99.054430070348019, 21.163273577505752 ], [ -99.05446349549058, 21.163440348410681 ], [ -99.054441315260419, 21.163617561110918 ], [ -99.054352369456169, 21.163711403166658 ], [ -99.054230037844462, 21.163763562480302 ], [ -99.054074328388822, 21.163794883715706 ], [ -99.053996456050768, 21.163763637241303 ], [ -99.053896312078095, 21.163659431989053 ], [ -99.053762821746446, 21.163617778498036 ], [ -99.05359600133896, 21.163669949331901 ], [ -99.053495936057217, 21.163784644449485 ], [ -99.053462639548911, 21.163982707949618 ], [ -99.053540573794564, 21.164191161324108 ], [ -99.053651859030822, 21.164357906639697 ], [ -99.053863256825608, 21.164524620925803 ], [ -99.054019037570285, 21.164691352232449 ], [ -99.054130329576367, 21.16485809917581 ], [ -99.054130423589385, 21.165118696737942 ], [ -99.054130510751747, 21.165358445962905 ], [ -99.054108328799515, 21.165535658799357 ], [ -99.053974924393216, 21.165733754744213 ], [ -99.053785839298556, 21.165754660092215 ], [ -99.053574495805094, 21.165723456658892 ], [ -99.053407641794863, 21.165702661503868 ], [ -99.053263052690809, 21.165733980335666 ], [ -99.053151874332187, 21.165879947761205 ], [ -99.052996196644528, 21.166005082125903 ], [ -99.052907248159613, 21.16610934941729 ], [ -99.052796074867601, 21.166255318543048 ], [ -99.05267373081297, 21.16628662824569 ], [ -99.052518010466741, 21.166297101349578 ], [ -99.052362297719654, 21.166328419074517 ], [ -99.052162115882737, 21.166422297037705 ], [ -99.052050916981813, 21.166516144509561 ], [ -99.052084330742105, 21.166641221358816 ], [ -99.052151102035594, 21.16673501558472 ], [ -99.052251257229258, 21.166870496589329 ], [ -99.052329159300243, 21.166985132194061 ], [ -99.05244045110922, 21.167151880595846 ], [ -99.052529491598236, 21.167308209600467 ], [ -99.052618549318893, 21.167516659587292 ], [ -99.05259333670358, 21.167627502872637 ], [ -99.052571119146563, 21.167710901456104 ], [ -99.052433035994341, 21.167830056271747 ], [ -99.052311957267975, 21.167836229171076 ], [ -99.052143982612677, 21.167885174565363 ], [ -99.05200445040586, 21.167960760361446 ], [ -99.051808989820231, 21.167939408224569 ], [ -99.051670414338233, 21.167971335323195 ], [ -99.051648902251173, 21.16795957605294 ], [ -99.051649871635036, 21.167915351587162 ], [ -99.051641902860169, 21.167837489673854 ], [ -99.051611191678504, 21.167803998630085 ], [ -99.051565016473802, 21.16781388437095 ], [ -99.051523005776346, 21.167854482110943 ], [ -99.051469564556029, 21.167864795816328 ], [ -99.051416496196808, 21.16785810009463 ], [ -99.051395406738095, 21.167827063460198 ], [ -99.051369531312972, 21.167793665634768 ], [ -99.051326258665156, 21.167781486614427 ], [ -99.051251479450585, 21.167772103202378 ], [ -99.051184202382331, 21.167751520059916 ], [ -99.051144068556681, 21.167706502772162 ], [ -99.051121294742032, 21.167641966726482 ], [ -99.051119535679391, 21.167611871046251 ], [ -99.051074081467249, 21.167588871787537 ], [ -99.051060307788219, 21.167555141033571 ], [ -99.051027004946263, 21.167529540961386 ], [ -99.051022765932146, 21.167502232636171 ], [ -99.051013529660196, 21.167482200866871 ], [ -99.050979679891057, 21.16748154791075 ], [ -99.050919047389996, 21.167488887507972 ], [ -99.050891842035583, 21.167516155573946 ], [ -99.05084499554404, 21.167556659837491 ], [ -99.050812469627743, 21.167605947739268 ], [ -99.050808721633217, 21.167666567066611 ], [ -99.050799889274231, 21.167738434528776 ], [ -99.050796203408353, 21.167796219866858 ], [ -99.050754553025342, 21.167820374061421 ], [ -99.050717551862618, 21.167853125329604 ], [ -99.050655228403343, 21.167937574136886 ], [ -99.050498857405302, 21.168008862275428 ], [ -99.050461750057494, 21.168156758039515 ], [ -99.050390780201568, 21.168304568608466 ], [ -99.050378323701437, 21.168431385614486 ], [ -99.05027201826671, 21.16853597196544 ], [ -99.050159167860699, 21.168608099497586 ], [ -99.050051245591249, 21.168786393169025 ], [ -99.049879197115672, 21.168910698764172 ], [ -99.049641549814083, 21.168937877060053 ], [ -99.049379251117685, 21.168986133594576 ], [ -99.049205108600844, 21.169117731075573 ], [ -99.049131711684765, 21.169286202881608 ], [ -99.04897326953791, 21.169518375100736 ], [ -99.048775315646722, 21.169645234321035 ], [ -99.048745151300693, 21.169749200353909 ], [ -99.048590438082414, 21.169811553867248 ], [ -99.04855884234307, 21.169980832466138 ], [ -99.048523806852032, 21.170306864498301 ], [ -99.048518074087085, 21.170568118421006 ], [ -99.048513774478835, 21.170764059796856 ], [ -99.048468530224227, 21.170920006207329 ], [ -99.048353322930964, 21.171087670664956 ], [ -99.048168725679915, 21.171240926523129 ], [ -99.048065738322308, 21.171487236724467 ], [ -99.048071932736363, 21.171840199904924 ], [ -99.04817825016562, 21.172077483589483 ], [ -99.048300513482815, 21.172223597198471 ], [ -99.048382403468992, 21.172303587316456 ], [ -99.04836617522146, 21.172407819787342 ], [ -99.048308428539301, 21.172498183707312 ], [ -99.048083744319541, 21.172572256553632 ], [ -99.047810875261163, 21.172629442003682 ], [ -99.047580075951927, 21.172723943090819 ], [ -99.047381555406176, 21.172951005804055 ], [ -99.047322985415562, 21.173106424309577 ], [ -99.047235341689145, 21.173351205520444 ], [ -99.047070149088768, 21.173557736534555 ], [ -99.046978402790131, 21.173747041233565 ], [ -99.046776481686123, 21.173936374095362 ], [ -99.046666368220869, 21.174108476001503 ], [ -99.046813355979253, 21.17441816185632 ], [ -99.047052126103893, 21.174624578011578 ], [ -99.047254123746541, 21.174676140622395 ], [ -99.047456117575763, 21.174727707429145 ], [ -99.047749940151334, 21.174830866609955 ], [ -99.047951965825661, 21.174968466985462 ], [ -99.047878586676575, 21.175174971270398 ], [ -99.047750115528302, 21.175381491724039 ], [ -99.04743803577577, 21.175605269371271 ], [ -99.047309569343255, 21.175811789619726 ], [ -99.047272911585992, 21.176018284149428 ], [ -99.047364818443597, 21.176327984147527 ], [ -99.047364880080224, 21.176517263643625 ], [ -99.047254774219823, 21.176723777354042 ], [ -99.047181393042763, 21.176930281519578 ], [ -99.047254911598188, 21.177153953163302 ], [ -99.047475329157749, 21.177377581128088 ], [ -99.04771407777416, 21.177515171436337 ], [ -99.047879389728493, 21.177669985555628 ], [ -99.047934557213139, 21.177928077496915 ], [ -99.043079853317451, 21.178677242052487 ], [ -99.050111270687225, 21.207328184930155 ], [ -99.050438734562206, 21.209856037781073 ], [ -99.0509443009488, 21.211385179458489 ], [ -99.052557092237961, 21.212807077673048 ], [ -99.052486295433724, 21.213607197252347 ], [ -99.05234510662666, 21.215403966615529 ], [ -99.052226786354396, 21.215959628308315 ], [ -99.051919027752106, 21.217115428294363 ], [ -99.051943277432713, 21.21844892181473 ], [ -99.052370495891424, 21.219515584597524 ], [ -99.056070537236309, 21.222359165573007 ], [ -99.059320214955179, 21.223099945502405 ], [ -99.060719114383105, 21.223010532600938 ], [ -99.06148635365625, 21.22315700417359 ], [ -99.061881047473179, 21.223232352639528 ], [ -99.063114097100268, 21.223409689428937 ], [ -99.063317286041922, 21.223288009314768 ], [ -99.064228183344724, 21.22274251127644 ], [ -99.065366207368882, 21.222542040951303 ], [ -99.065845411796985, 21.222719513368862 ], [ -99.067524291605565, 21.223341270445168 ], [ -99.06835447386689, 21.223918780296934 ], [ -99.068663369323787, 21.225185478632 ], [ -99.072526078237971, 21.228759470532651 ], [ -99.072964178679271, 21.229484897857748 ], [ -99.073532110435622, 21.230425291602476 ], [ -99.073043053399445, 21.234954842766097 ], [ -99.073636103046908, 21.2353768546777 ], [ -99.073731175477903, 21.235776858475045 ], [ -99.073447828059557, 21.238811672604442 ], [ -99.071409861481257, 21.24139065865911 ], [ -99.070322819200996, 21.24262428021694 ], [ -99.069940490190746, 21.24305815597393 ], [ -99.068718122253301, 21.243825464063114 ], [ -99.066452470720165, 21.24448472519402 ], [ -99.066347051275514, 21.244515400226597 ], [ -99.062908833005423, 21.24525017058863 ], [ -99.059494286482845, 21.245962629963472 ], [ -99.056801775016979, 21.246971676700561 ], [ -99.055498019386121, 21.248238938712486 ], [ -99.05542783742807, 21.250483679432019 ], [ -99.051176739661813, 21.253429679971394 ], [ -99.051182062267259, 21.253743767720547 ], [ -99.051186520836666, 21.254007031552341 ], [ -99.051211405862745, 21.255475837856203 ], [ -99.051269901991247, 21.258928316848607 ], [ -99.051381869896929, 21.265536255579114 ], [ -99.051805997612874, 21.267059149894354 ], [ -99.052343977594816, 21.269990861003357 ], [ -99.051645630275914, 21.271391191237942 ], [ -99.050808404436097, 21.273069966698241 ], [ -99.050629863276924, 21.274700908922622 ], [ -99.051142088508655, 21.275324326086061 ], [ -99.052090192839614, 21.277650440481921 ], [ -99.0524750547156, 21.279784859981728 ], [ -99.053499568864936, 21.281055661360551 ], [ -99.053243812492695, 21.2816313510368 ], [ -99.054594573693294, 21.282605413789476 ], [ -99.054645493135922, 21.282598677519076 ], [ -99.055138496165227, 21.28253847007641 ], [ -99.054656265838517, 21.282766482702684 ], [ -99.054522449773899, 21.28299273011277 ], [ -99.054209021056593, 21.283103193284713 ], [ -99.053951093533684, 21.2831148690281 ], [ -99.053715253018481, 21.283131124712749 ], [ -99.053557535469096, 21.283232096243054 ], [ -99.053094491089155, 21.283277270220527 ], [ -99.052855860290109, 21.28321858192848 ], [ -99.052341143692729, 21.283187867554609 ], [ -99.051842005985051, 21.282944569315603 ], [ -99.051185340381465, 21.282499226727708 ], [ -99.050894609406484, 21.282385461110714 ], [ -99.050652330738032, 21.282493118839959 ], [ -99.050327575311641, 21.282715672768667 ], [ -99.05016276848778, 21.282679187811421 ], [ -99.050026592880471, 21.283013562468522 ], [ -99.049849368391364, 21.283193199921261 ], [ -99.049637488215723, 21.283130865520242 ], [ -99.049535930081504, 21.282900092478002 ], [ -99.049361321011403, 21.282125759188794 ], [ -99.04927505543408, 21.281907036395381 ], [ -99.049226302490794, 21.281783421461043 ], [ -99.049176136902773, 21.281656228694359 ], [ -99.048790066626793, 21.281432443792141 ], [ -99.048196263158815, 21.281291947998824 ], [ -99.047474660610646, 21.281781436943884 ], [ -99.047190306096908, 21.281983964984548 ], [ -99.047005130056618, 21.282121849737614 ], [ -99.046701771209257, 21.28217839819667 ], [ -99.046525138110127, 21.282129228574764 ], [ -99.046383613486299, 21.28189767104535 ], [ -99.046345857819929, 21.281593225979986 ], [ -99.046469546171579, 21.281221185544229 ], [ -99.046840811813439, 21.280709579246565 ], [ -99.046942662628908, 21.280320475175593 ], [ -99.046984142937205, 21.280050843833479 ], [ -99.046965366540064, 21.279903196040635 ], [ -99.046962740795848, 21.279882549840288 ], [ -99.046957624850478, 21.279842316515939 ], [ -99.046782066140779, 21.27974324022864 ], [ -99.046676951912289, 21.279674641552528 ], [ -99.046418550215463, 21.279707094134007 ], [ -99.046285933151154, 21.279775703363455 ], [ -99.046092934217654, 21.279875550249518 ], [ -99.045828546689748, 21.279978620087608 ], [ -99.045620975758851, 21.279969280702449 ], [ -99.045180519048387, 21.279949464147698 ], [ -99.044643273603171, 21.279934921454597 ], [ -99.044162150750822, 21.279729610164015 ], [ -99.043888814025024, 21.279632809202788 ], [ -99.043782014292432, 21.279439359368144 ], [ -99.043453377116663, 21.279433009024384 ], [ -99.043270030534316, 21.279487712754527 ], [ -99.043165706204036, 21.279560509221252 ], [ -99.043107580310817, 21.279601070653804 ], [ -99.04304891686796, 21.280043626620625 ], [ -99.042970509690647, 21.280578807756694 ], [ -99.042946252850484, 21.281277278650634 ], [ -99.042819221196922, 21.28142636932575 ], [ -99.04276052144543, 21.281495258898822 ], [ -99.042709105850903, 21.28155560339269 ], [ -99.042313045036963, 21.281686667017986 ], [ -99.041638506633788, 21.281852523504355 ], [ -99.041420835600817, 21.281901304578138 ], [ -99.041142909454948, 21.28196359073965 ], [ -99.040773345866143, 21.282201900049927 ], [ -99.040366738327833, 21.282306364996028 ], [ -99.040176232723397, 21.282651261458213 ], [ -99.039959082400657, 21.283433379119653 ], [ -99.039798549610765, 21.283862951173223 ], [ -99.039330329270697, 21.284213426682125 ], [ -99.039018023962655, 21.284201490814084 ], [ -99.038537611992595, 21.283937666761283 ], [ -99.037916559345874, 21.283692663422777 ], [ -99.037659711129209, 21.283250848496369 ], [ -99.037690253429432, 21.282872844867107 ], [ -99.037421613612523, 21.282563926596012 ], [ -99.037132664977989, 21.28257081826192 ], [ -99.036582164436439, 21.282934042959301 ], [ -99.036569110635014, 21.282942653884508 ], [ -99.036090855693303, 21.283397404197988 ], [ -99.035694856530029, 21.283826576518443 ], [ -99.034809006925357, 21.284218019431709 ], [ -99.034262033505598, 21.284240702058657 ], [ -99.033757879325407, 21.284334937908067 ], [ -99.033399222864318, 21.284636431905348 ], [ -99.032904623646772, 21.285304988148326 ], [ -99.032145562762182, 21.285876891265776 ], [ -99.031921586068052, 21.28595991188552 ], [ -99.0316638115996, 21.28596323216501 ], [ -99.031133644401521, 21.285565643944373 ], [ -99.030924132453279, 21.28539516694266 ], [ -99.030734439695834, 21.285133541181988 ], [ -99.03070943399446, 21.284815571750624 ], [ -99.030580514163034, 21.284617529314637 ], [ -99.030611078617341, 21.284239526846349 ], [ -99.030244917491785, 21.283920381759824 ], [ -99.029874501943183, 21.284196098999882 ], [ -99.029294579833348, 21.284839200563695 ], [ -99.029179726435387, 21.285211411296153 ], [ -99.028866499434599, 21.285513201723891 ], [ -99.028797109195764, 21.285636671498917 ], [ -99.028456519464356, 21.285567642099807 ], [ -99.028099378218712, 21.285444220080567 ], [ -99.027795503923031, 21.285321821101437 ], [ -99.027347004401705, 21.285428393417831 ], [ -99.02706964204782, 21.285514537504902 ], [ -99.026926177943508, 21.285773860564156 ], [ -99.026629955582308, 21.286109261199556 ], [ -99.026350675893923, 21.286824877626959 ], [ -99.026021889518702, 21.287226201906535 ], [ -99.025542890563713, 21.287187772524685 ], [ -99.025105339054505, 21.287083577365955 ], [ -99.024570343786806, 21.286964999003068 ], [ -99.024073942188465, 21.28690958449101 ], [ -99.023736098151147, 21.28701685920964 ], [ -99.023341972618809, 21.287158974502486 ], [ -99.022927414215346, 21.287621038815374 ], [ -99.022772290044131, 21.288004938266127 ], [ -99.022721122503768, 21.288697657584333 ], [ -99.022602193965426, 21.289252839432802 ], [ -99.022419571666305, 21.289473946858831 ], [ -99.02206040922988, 21.290018069120048 ], [ -99.020937582702359, 21.290761738504301 ], [ -99.020540499403666, 21.291236614052863 ], [ -99.019975075056479, 21.291606295252421 ], [ -99.019245344026643, 21.291854193025543 ], [ -99.018740806916057, 21.291965015246586 ], [ -99.017865048436462, 21.292098852219272 ], [ -99.017166931607306, 21.292122683762166 ], [ -99.016685054558607, 21.292412842349901 ], [ -99.016337069368419, 21.292476791678279 ], [ -99.015785182291268, 21.292434590741902 ], [ -99.015412565660483, 21.292606222529969 ], [ -99.015075882993372, 21.293161320569933 ], [ -99.014567686137326, 21.293998709714735 ], [ -99.014180104081788, 21.294444637255939 ], [ -99.013389000082654, 21.295162212700426 ], [ -99.012784500757888, 21.295370906902619 ], [ -99.011896224853743, 21.295353562766181 ], [ -99.011202984127493, 21.295356665421682 ], [ -99.01073949707849, 21.295218638021151 ], [ -99.00974107132275, 21.295253303684618 ], [ -99.009286832597752, 21.295298507691371 ], [ -99.008828439400929, 21.295331152938978 ], [ -99.008339997112188, 21.295652630793274 ], [ -99.0079551671475, 21.295973789796321 ], [ -99.007840167454233, 21.296150430252048 ], [ -99.007641023798413, 21.296113262352762 ], [ -99.007440514749518, 21.296138459441561 ], [ -99.007256760237283, 21.29620975731121 ], [ -99.007096667570607, 21.296214947123143 ], [ -99.006835184003009, 21.296184869018351 ], [ -99.006356585131243, 21.296026628420407 ], [ -99.005630402866998, 21.296311973628679 ], [ -99.005202893570313, 21.296553232972858 ], [ -99.004481811773189, 21.296809552482934 ], [ -99.004016087297799, 21.297063883657291 ], [ -99.003255558398379, 21.297494161372661 ], [ -99.002985906614228, 21.297630329999496 ], [ -99.002573214180799, 21.297805314496539 ], [ -99.002279364839922, 21.297957695538614 ], [ -99.001687526482215, 21.297996026389328 ], [ -99.001221998456799, 21.297949464102885 ], [ -99.00075213381254, 21.297898649386447 ], [ -99.000217142159215, 21.297779985660085 ], [ -98.999739296906412, 21.297687403937875 ], [ -98.999234740763853, 21.297606992773829 ], [ -98.998817590456909, 21.29752792037527 ], [ -98.998132780938874, 21.297440459312753 ], [ -98.997694993261831, 21.297514415108353 ], [ -98.997273622207771, 21.297556933952709 ], [ -98.996959966746459, 21.297633323563737 ], [ -98.99657980727504, 21.297651268433906 ], [ -98.996362201096559, 21.29767874219883 ], [ -98.996138088636982, 21.297693384779766 ], [ -98.995740787717892, 21.297737098054636 ], [ -98.995494792430961, 21.297821162868477 ], [ -98.995214611466636, 21.297917248250947 ], [ -98.995056007854103, 21.298034775481018 ], [ -98.994769202959375, 21.298124391120556 ], [ -98.994467112648152, 21.298289886823294 ], [ -98.994366684485541, 21.298535547716764 ], [ -98.994126315998088, 21.298670520876524 ], [ -98.993823231742411, 21.298880444237057 ], [ -98.993351846480209, 21.299347057548982 ], [ -98.992962456379004, 21.299479057196493 ], [ -98.99264660495453, 21.299260030917999 ], [ -98.992262525586597, 21.299314142455035 ], [ -98.991771645733735, 21.299230472023851 ], [ -98.991464520042797, 21.299038571397229 ], [ -98.991196872153623, 21.298593315924688 ], [ -98.990432494603425, 21.297911777832862 ], [ -98.989927718646229, 21.297743467712767 ], [ -98.989743488640656, 21.297576906075857 ], [ -98.989425121090449, 21.297496561886437 ], [ -98.989131248405556, 21.297485059747704 ], [ -98.988849610025525, 21.29748504149843 ], [ -98.988543487786231, 21.297427647108229 ], [ -98.988207832644704, 21.297413641757682 ], [ -98.987686020653967, 21.297617729997473 ], [ -98.987221359031963, 21.297731647070044 ], [ -98.98679410179291, 21.297878042737828 ], [ -98.986106360016123, 21.297920075719023 ], [ -98.985591898090277, 21.297985365563221 ], [ -98.98507526607618, 21.297959314361425 ], [ -98.984791537945, 21.297981506178459 ], [ -98.984476804609386, 21.298026906255902 ], [ -98.984182985160814, 21.298084629614511 ], [ -98.983830084369956, 21.298129276114018 ], [ -98.98356980977492, 21.298203543038081 ], [ -98.983099374321085, 21.298306660199707 ], [ -98.981884281652256, 21.298427374280323 ], [ -98.981691392228512, 21.298404672702738 ], [ -98.981300676310141, 21.29824612797746 ], [ -98.981091354243745, 21.297938777461859 ], [ -98.98097097836451, 21.297713212776483 ], [ -98.98086263961801, 21.297555315108919 ], [ -98.980766340683061, 21.297374860743211 ], [ -98.980583429882998, 21.297247087822843 ], [ -98.980294029239872, 21.297219526552588 ], [ -98.979943961074326, 21.297180567404666 ], [ -98.979687750222638, 21.29716733802324 ], [ -98.979175071069278, 21.297001626237783 ], [ -98.978814470812452, 21.296821694181709 ], [ -98.978526978415331, 21.29657388202763 ], [ -98.978289090378766, 21.296546793177804 ], [ -98.978093925423238, 21.296470809645594 ], [ -98.977855455424105, 21.296418017277603 ], [ -98.977657588575113, 21.29646219165453 ], [ -98.977450627266947, 21.296530232857116 ], [ -98.977381365555871, 21.296577578948046 ], [ -98.977073883303149, 21.296748933444817 ], [ -98.976461927329623, 21.29708996837179 ], [ -98.976299381598309, 21.297100574144917 ], [ -98.976095483153799, 21.297032420744063 ], [ -98.975997326564169, 21.296926555511792 ], [ -98.975832594162753, 21.296923043866286 ], [ -98.975643818650468, 21.296943348623298 ], [ -98.975446851644278, 21.296947471568725 ], [ -98.975043305294946, 21.297003607445578 ], [ -98.974825445629548, 21.297175620160218 ], [ -98.974553718356873, 21.297458775985948 ], [ -98.974553697288613, 21.297887581770325 ], [ -98.974646643982439, 21.29846860746558 ], [ -98.974747256705569, 21.298830973232764 ], [ -98.975090531887346, 21.29937408233916 ], [ -98.975404667199626, 21.299869176548981 ], [ -98.97571540525189, 21.300345769068723 ], [ -98.975606776432144, 21.300752464610454 ], [ -98.975405130318663, 21.301013892196096 ], [ -98.975028986035582, 21.301348002221545 ], [ -98.974769049272581, 21.301487120588707 ], [ -98.974709244224854, 21.301619577945679 ], [ -98.97463849120976, 21.301749181258067 ], [ -98.974613144721005, 21.301904237387291 ], [ -98.974725997401436, 21.302026234299706 ], [ -98.97483776965143, 21.303084841170953 ], [ -98.974181197201119, 21.303653512476757 ], [ -98.973706236129331, 21.30382573548156 ], [ -98.973406414727833, 21.30383583623049 ], [ -98.973192692063961, 21.303823592644907 ], [ -98.972971305243007, 21.303777001153883 ], [ -98.971578993109063, 21.303948679706075 ], [ -98.971030274592025, 21.304016336656282 ], [ -98.970622394547519, 21.304166063551431 ], [ -98.970276892063154, 21.30430348072532 ], [ -98.970035340605193, 21.304386860090297 ], [ -98.969824817463461, 21.304554065419779 ], [ -98.969675144947388, 21.30466528913324 ], [ -98.969624729009325, 21.30484934102358 ], [ -98.969611477149741, 21.30499537836231 ], [ -98.969746998141773, 21.305223965070912 ], [ -98.969841832792014, 21.305592231520237 ], [ -98.969854720798608, 21.30587363749159 ], [ -98.969732678663362, 21.305975199425728 ], [ -98.969407274311138, 21.306102119444802 ], [ -98.96910581684773, 21.306144830750625 ], [ -98.968841476530585, 21.306008472379983 ], [ -98.968584776204139, 21.305830145192552 ], [ -98.968325104450216, 21.305596634409579 ], [ -98.968122594414851, 21.305439066666516 ], [ -98.967959029877278, 21.30542007835891 ], [ -98.967694696274435, 21.305580213425284 ], [ -98.967576050832946, 21.305688709941364 ], [ -98.967029226801614, 21.305980897537253 ], [ -98.966738838954726, 21.3061050660319 ], [ -98.966241543942203, 21.306339310831557 ], [ -98.966023951663644, 21.30655200885646 ], [ -98.965963992348492, 21.306590004487781 ], [ -98.965598188872008, 21.30674227905342 ], [ -98.96530147040734, 21.30694051500825 ], [ -98.964852041577814, 21.306915852178008 ], [ -98.964622533517286, 21.30665144908922 ], [ -98.964698392742847, 21.306271031549784 ], [ -98.964668998232099, 21.305950755612333 ], [ -98.964635905148015, 21.305681626041217 ], [ -98.964736749105171, 21.30527022206142 ], [ -98.964632648632588, 21.305001920519437 ], [ -98.964316979998813, 21.304744314410542 ], [ -98.964175807270124, 21.304649799017977 ], [ -98.963922343463508, 21.304502048313328 ], [ -98.963680428338051, 21.304381508515579 ], [ -98.963460249743093, 21.304298941269852 ], [ -98.963316436138001, 21.304108579083564 ], [ -98.963165170555698, 21.303923636314448 ], [ -98.963009018248314, 21.303597435633218 ], [ -98.962976058390126, 21.303308612953149 ], [ -98.962943083022083, 21.303081679772365 ], [ -98.962855057904719, 21.30286505024382 ], [ -98.962811058163695, 21.302710320217084 ], [ -98.962667968079018, 21.302565880032258 ], [ -98.962498090837016, 21.302459484247812 ], [ -98.962314004748023, 21.302414222175301 ], [ -98.962118401473475, 21.302386077933345 ], [ -98.961948383631324, 21.302372297360584 ], [ -98.961726020343846, 21.302381751028108 ], [ -98.961498162831134, 21.30247082186494 ], [ -98.961296438403977, 21.302550018921831 ], [ -98.961129677118379, 21.302720039983335 ], [ -98.960869420756325, 21.302975808892121 ], [ -98.960628735156206, 21.303140897703745 ], [ -98.960374642150711, 21.30324331449761 ], [ -98.960128191939063, 21.303335477587783 ], [ -98.959905513321559, 21.303358791046552 ], [ -98.959666684213559, 21.303440712400114 ], [ -98.959413681996239, 21.303305748300811 ], [ -98.958775278096212, 21.302707333893743 ], [ -98.958432279429431, 21.302570439717552 ], [ -98.958090957531013, 21.302416407469224 ], [ -98.957748403399222, 21.302109604130187 ], [ -98.957318404383173, 21.301876384049628 ], [ -98.957155270535353, 21.301828613405526 ], [ -98.957016304775692, 21.301801485397942 ], [ -98.956879918983645, 21.301765557320248 ], [ -98.95670931276085, 21.301786278361256 ], [ -98.956513552786447, 21.301804053747304 ], [ -98.956108223696774, 21.302039959912715 ], [ -98.95585719087633, 21.302239635923712 ], [ -98.955634353574538, 21.302426809839268 ], [ -98.955454338956258, 21.302571290787476 ], [ -98.955275145846599, 21.302885622782359 ], [ -98.955111329586984, 21.303136724321227 ], [ -98.955066939138973, 21.303453738532074 ], [ -98.954926409710453, 21.303934606650255 ], [ -98.954926281514389, 21.304357513451659 ], [ -98.954904146032902, 21.304749473127082 ], [ -98.954904013278252, 21.305193008792788 ], [ -98.954859874189893, 21.305523071069494 ], [ -98.95483773646859, 21.305915027321099 ], [ -98.954765766366592, 21.306422292965149 ], [ -98.954617591015946, 21.306685615850061 ], [ -98.954345308322075, 21.306874792433629 ], [ -98.953908427427521, 21.306845614744965 ], [ -98.953549319496446, 21.306719235017063 ], [ -98.953307099314131, 21.306719166813995 ], [ -98.952910733969958, 21.30672937296529 ], [ -98.952668506961544, 21.306749934218132 ], [ -98.952596627705091, 21.306818882822729 ], [ -98.952552521312128, 21.307025167312108 ], [ -98.952563471098813, 21.307221151955542 ], [ -98.952658733275044, 21.307410790315053 ], [ -98.952794567567778, 21.307592548645658 ], [ -98.953003737317843, 21.307654495794175 ], [ -98.953168838966462, 21.307819578735955 ], [ -98.953296370360718, 21.308016265345636 ], [ -98.953377916786152, 21.308190970057723 ], [ -98.953421884604523, 21.308428223471591 ], [ -98.953311725383855, 21.308613858776535 ], [ -98.953168076657619, 21.308772995841704 ], [ -98.953073489416653, 21.308806397879398 ], [ -98.952780811286459, 21.308849342888017 ], [ -98.95245107266534, 21.30879792997764 ], [ -98.951873281298148, 21.308741590094161 ], [ -98.951405299031705, 21.308642589264611 ], [ -98.951200658408609, 21.308642587543932 ], [ -98.950863877131638, 21.30868731139007 ], [ -98.950671408671795, 21.308747613594655 ], [ -98.950476106388024, 21.308932779253624 ], [ -98.950320044932965, 21.309135597931416 ], [ -98.950277732383668, 21.309195651810789 ], [ -98.949853108873072, 21.309712232646103 ], [ -98.949483909618905, 21.309853047235418 ], [ -98.949109017679774, 21.310007619830788 ], [ -98.948789160976958, 21.310119406328486 ], [ -98.948622298464073, 21.310228695479935 ], [ -98.9485103720978, 21.310241759160704 ], [ -98.948391600461633, 21.310315866632525 ], [ -98.948276089462126, 21.310367092088104 ], [ -98.94813617854534, 21.310412735355996 ], [ -98.947852907460685, 21.310479408317494 ], [ -98.94765256432926, 21.310549343239444 ], [ -98.947262338859602, 21.310707261577502 ], [ -98.946996546517354, 21.310780983683877 ], [ -98.946745055087959, 21.310824399560964 ], [ -98.946442495253649, 21.310838753543383 ], [ -98.946139826756493, 21.310940822774228 ], [ -98.945847790464484, 21.310999789193676 ], [ -98.945683578094403, 21.311056334326516 ], [ -98.945589416677791, 21.311076385323744 ], [ -98.945290951723464, 21.311173806190951 ], [ -98.944960752120465, 21.311336584793448 ], [ -98.944691988537116, 21.310372074186766 ], [ -98.944423227822568, 21.3094075645106 ] ] ] ] } },
{ "type": "Feature", "properties": { "Nombre": "Bosques Mesófilos de la Sierra Madre Oriental", "hectareas": 205679.68 }, "geometry": { "type": "MultiPolygon", "coordinates": [ [ [ [ -98.183455115877123, 20.258372072424919 ], [ -98.183302790590901, 20.258275307988651 ], [ -98.18310003199953, 20.258082252992203 ], [ -98.18284683109502, 20.257792908853691 ], [ -98.182660881016005, 20.257631950680729 ], [ -98.18240667584773, 20.257534710139613 ], [ -98.182237544248565, 20.257405848214731 ], [ -98.181775367441546, 20.257129272139721 ], [ -98.181232496129709, 20.257030682906517 ], [ -98.180943828411557, 20.257029335105109 ], [ -98.180672052029323, 20.257044073835182 ], [ -98.18043424579318, 20.257058972148094 ], [ -98.180298992533764, 20.256946275693235 ], [ -98.18031748015143, 20.256658197053635 ], [ -98.180420369677805, 20.256466567956529 ], [ -98.180455590230068, 20.256226595917745 ], [ -98.180575379046303, 20.256051054999613 ], [ -98.180678099344419, 20.255891443144993 ], [ -98.180713907274864, 20.255539408740184 ], [ -98.180680703416598, 20.255395171069988 ], [ -98.180647750799992, 20.255202907428078 ], [ -98.180478875019929, 20.255026017832972 ], [ -98.180173647089148, 20.254944544838612 ], [ -98.17973284126353, 20.254814410210642 ], [ -98.179258403163203, 20.254620080317061 ], [ -98.17883481808488, 20.254441997341825 ], [ -98.178496062006928, 20.254280318747437 ], [ -98.178275740077481, 20.254199240429962 ], [ -98.17802137542806, 20.254134011921266 ], [ -98.177732628865883, 20.254148667550062 ], [ -98.177426728802658, 20.254195259993089 ], [ -98.176994940894858, 20.254186534777237 ], [ -98.176688703701259, 20.254297161224368 ], [ -98.176467454462625, 20.254392177152003 ], [ -98.176195946177344, 20.254358883075458 ], [ -98.175924934110739, 20.25422953640334 ], [ -98.175705796990854, 20.253924333453554 ], [ -98.175587787989471, 20.253763687294121 ], [ -98.175401681445649, 20.253634738933965 ], [ -98.175181532093973, 20.253521639838098 ], [ -98.174893378339306, 20.253424228748298 ], [ -98.174605986854246, 20.253182739499106 ], [ -98.174436518715666, 20.253117905414644 ], [ -98.174097516702986, 20.253004244869143 ], [ -98.173860384397571, 20.252891063621437 ], [ -98.17374253793497, 20.252698399594514 ], [ -98.173693128667992, 20.252410002206712 ], [ -98.173694398830662, 20.252169870296093 ], [ -98.173712558804482, 20.251945828030379 ], [ -98.173714337137895, 20.251609644598091 ], [ -98.173719536824237, 20.251579972776181 ], [ -98.173829975708784, 20.250949747397769 ], [ -98.173429874026979, 20.250727714511342 ], [ -98.172332605064611, 20.250640818233595 ], [ -98.171610726726982, 20.25058293645596 ], [ -98.170979197013096, 20.249830843183766 ], [ -98.17060525555344, 20.249529429458498 ], [ -98.170087967063097, 20.249023038839205 ], [ -98.169744088294081, 20.248503847638862 ], [ -98.169519845003805, 20.247919496772624 ], [ -98.169224645811781, 20.247327372788774 ], [ -98.16907830919881, 20.246792213601452 ], [ -98.168811744782388, 20.246425261034222 ], [ -98.168500089351596, 20.246128455652329 ], [ -98.168277421846824, 20.245916395594254 ], [ -98.167593325172703, 20.245519333573775 ], [ -98.166806488391529, 20.2451216655389 ], [ -98.166785649381055, 20.245111132974881 ], [ -98.165982080637804, 20.244741625693692 ], [ -98.165474444987979, 20.243890862768701 ], [ -98.165299047444776, 20.243214913682163 ], [ -98.164913761476498, 20.242734870296637 ], [ -98.164616925688776, 20.242452160941813 ], [ -98.164231351949752, 20.242028375003017 ], [ -98.163695544091254, 20.241800785454764 ], [ -98.163278105030457, 20.241516052179225 ], [ -98.162804911329573, 20.24098077119702 ], [ -98.162538823055101, 20.240529423791376 ], [ -98.162393483765229, 20.240054669017717 ], [ -98.16227650624235, 20.239374847681464 ], [ -98.162010572822282, 20.238895372987496 ], [ -98.161654681633919, 20.23849985610746 ], [ -98.161269125545786, 20.238076064047235 ], [ -98.161264711308931, 20.238057604420227 ], [ -98.161181579910561, 20.237709960620254 ], [ -98.161183995069393, 20.237259895091352 ], [ -98.161097668068678, 20.236668756788124 ], [ -98.15706193009153, 20.238196557303574 ], [ -98.156583704063181, 20.2375483686039 ], [ -98.156198410025979, 20.236928133727627 ], [ -98.156103979380205, 20.236423817169772 ], [ -98.156006252311002, 20.236161614073652 ], [ -98.155984256467363, 20.236102597284056 ], [ -98.155669986710549, 20.235826247599821 ], [ -98.155283825077618, 20.235366330611807 ], [ -98.15484848605756, 20.235020690594883 ], [ -98.154631494328655, 20.23472190223465 ], [ -98.154317715575459, 20.23435394274922 ], [ -98.153785337903869, 20.233984927365032 ], [ -98.153592147844606, 20.233777871884666 ], [ -98.153424100561622, 20.233410612675648 ], [ -98.153160156729612, 20.232813857737316 ], [ -98.152652940581973, 20.232284642149963 ], [ -98.152519400463632, 20.232035734170434 ], [ -98.152264468002485, 20.231560557493967 ], [ -98.151975119293681, 20.231169806852563 ], [ -98.151925158648595, 20.231074369445814 ], [ -98.15175875906786, 20.23075650754522 ], [ -98.151615012990391, 20.230389364716213 ], [ -98.151540509577742, 20.230235075004352 ], [ -98.151470904332157, 20.230090929645723 ], [ -98.151132609929007, 20.229768650673197 ], [ -98.151012329997783, 20.229608136831121 ], [ -98.150891463333849, 20.229446840670764 ], [ -98.150626157068757, 20.229102012894266 ], [ -98.150238915876955, 20.22884820555976 ], [ -98.150142953625917, 20.228771401173152 ], [ -98.149634327902419, 20.22836431443897 ], [ -98.149344244556318, 20.228110975580975 ], [ -98.149102480934559, 20.227903675213426 ], [ -98.149054536505631, 20.227788927927278 ], [ -98.148789486373346, 20.227398294617693 ], [ -98.148467549540811, 20.227176662834143 ], [ -98.148353924934952, 20.227098439003271 ], [ -98.14801601808891, 20.22670745109918 ], [ -98.147726304678699, 20.226385401018817 ], [ -98.147534754188996, 20.225880603608182 ], [ -98.147390647802197, 20.225582165559768 ], [ -98.1472948687844, 20.225329766248503 ], [ -98.147344818142088, 20.225078075143731 ], [ -98.147419425053258, 20.224757798382967 ], [ -98.147455843256054, 20.224509973848498 ], [ -98.14746987336062, 20.224414495653601 ], [ -98.147537315489501, 20.223831644493757 ], [ -98.147543085093929, 20.223781778539333 ], [ -98.147666765849465, 20.223370125473608 ], [ -98.147838148557753, 20.223119023455919 ], [ -98.147814613758598, 20.222981489577975 ], [ -98.147547952559179, 20.222888585853635 ], [ -98.147378567193371, 20.222773248389224 ], [ -98.147137812349484, 20.222382726322856 ], [ -98.147017752753641, 20.222130209595878 ], [ -98.146995217304678, 20.221809456307561 ], [ -98.14699721590631, 20.221443017638418 ], [ -98.146950264348433, 20.221145050801866 ], [ -98.146951886844064, 20.220847320192256 ], [ -98.147005210942922, 20.220614025578744 ], [ -98.147241535484028, 20.220638647031979 ], [ -98.147378305774367, 20.220662784051168 ], [ -98.147502941574757, 20.220628179074208 ], [ -98.147639710914959, 20.220652316739944 ], [ -98.147776161319982, 20.220735130658959 ], [ -98.147850124483313, 20.220864582350565 ], [ -98.14788732999159, 20.220888236638345 ], [ -98.14811153957956, 20.220854114469201 ], [ -98.148235983438781, 20.220854717600925 ], [ -98.148360309913102, 20.220878793980891 ], [ -98.148633904762846, 20.220915330895849 ], [ -98.148745722399639, 20.220951078313792 ], [ -98.148907380703392, 20.220975335185045 ], [ -98.149093993317081, 20.220987975677065 ], [ -98.149243198055444, 20.221012166820337 ], [ -98.149454644873487, 20.22103666482117 ], [ -98.149553881278379, 20.221095823925996 ], [ -98.149603212228797, 20.221178213827702 ], [ -98.149652616678367, 20.221248868323073 ], [ -98.149789250685416, 20.221296476940211 ], [ -98.149975799029122, 20.221320852874918 ], [ -98.150150094617473, 20.221309960245343 ], [ -98.150429074134735, 20.2211243508854 ], [ -98.150533110369722, 20.220727349376102 ], [ -98.150596347054432, 20.220366774349902 ], [ -98.150719737353782, 20.220220026377223 ], [ -98.151205505703118, 20.219907626453814 ], [ -98.151717034627879, 20.219620853389472 ], [ -98.151762150526181, 20.219581956424623 ], [ -98.152026733115648, 20.219353842798615 ], [ -98.152178057263882, 20.219004809975537 ], [ -98.152282853022754, 20.218614214866271 ], [ -98.152447731415336, 20.218555437480635 ], [ -98.152698810469559, 20.218596768321383 ], [ -98.152872564605616, 20.218748062144527 ], [ -98.153140845263096, 20.218705889526163 ], [ -98.15331573404228, 20.218556435711552 ], [ -98.153444520399916, 20.218270336473182 ], [ -98.153761371235859, 20.218039026712287 ], [ -98.154134088065121, 20.217826850934863 ], [ -98.154476092191388, 20.217702545364897 ], [ -98.154839623362321, 20.217588737036891 ], [ -98.155062452515551, 20.217432971036317 ], [ -98.155109921462767, 20.217217110496193 ], [ -98.155142622848757, 20.216989659632144 ], [ -98.155173252553624, 20.216776614713567 ], [ -98.155233652870876, 20.216318617800844 ], [ -98.155240002985792, 20.216270462836857 ], [ -98.155244731283744, 20.215840325565612 ], [ -98.155142642027698, 20.215655417774158 ], [ -98.154777428998344, 20.215356754216682 ], [ -98.154214604989662, 20.214995803094229 ], [ -98.15392859965236, 20.214674400574665 ], [ -98.15381592913927, 20.214344794221844 ], [ -98.153716093698534, 20.214033274650777 ], [ -98.153829079277259, 20.213643798457465 ], [ -98.153716396703445, 20.213424752662291 ], [ -98.153312707779079, 20.212966377832117 ], [ -98.152948077289665, 20.212464818217729 ], [ -98.152904390765357, 20.212108559334066 ], [ -98.152893806389486, 20.211335525908169 ], [ -98.153036194620526, 20.210644710576318 ], [ -98.153245620400682, 20.209994172613378 ], [ -98.153611255151844, 20.209635471326521 ], [ -98.15389026059087, 20.209403431052522 ], [ -98.154095795648232, 20.209101815754853 ], [ -98.154034850002091, 20.208849189810117 ], [ -98.154011523093885, 20.208752497184413 ], [ -98.153922208585172, 20.208580672375803 ], [ -98.153696974460942, 20.20849733433527 ], [ -98.153345508983762, 20.20849564108812 ], [ -98.153081824894855, 20.208510943290417 ], [ -98.15295827303467, 20.208609784550283 ], [ -98.152747486625387, 20.208592195114015 ], [ -98.152467212942085, 20.208425114425044 ], [ -98.152310223294805, 20.208208904402234 ], [ -98.152012464571371, 20.208025165688724 ], [ -98.151801499787211, 20.208040720045346 ], [ -98.151398224219747, 20.207873038968046 ], [ -98.151258982717948, 20.207623772419673 ], [ -98.15115489282627, 20.207374670899419 ], [ -98.150946265970347, 20.206959335475652 ], [ -98.150701409695344, 20.206742699558738 ], [ -98.150456922186521, 20.206459777940974 ], [ -98.150247668709753, 20.20616044814351 ], [ -98.150038496436736, 20.205844546738529 ], [ -98.149683079563488, 20.205703096820447 ], [ -98.149350187267174, 20.205519178080646 ], [ -98.149069652094795, 20.205401809506348 ], [ -98.148824530466541, 20.2052348888074 ], [ -98.148509216007, 20.205051058381372 ], [ -98.148421986754514, 20.204934625646572 ], [ -98.148352685279491, 20.204751982827553 ], [ -98.148248782255692, 20.204469734938169 ], [ -98.148092432957938, 20.204137518824094 ], [ -98.147690334709125, 20.203754387251948 ], [ -98.14748027848772, 20.203604207105322 ], [ -98.147182984986941, 20.20333759404549 ], [ -98.146621666510143, 20.203152566957268 ], [ -98.14630634847282, 20.202968728380814 ], [ -98.146026182853589, 20.202785064579228 ], [ -98.145798653557307, 20.202618230008596 ], [ -98.14563058329847, 20.202401401503774 ], [ -98.14535950051507, 20.202143093761993 ], [ -98.145152362001326, 20.201915330318759 ], [ -98.144945810708606, 20.201581753843659 ], [ -98.144610200279857, 20.201398712902794 ], [ -98.14430690259843, 20.2011704856947 ], [ -98.144085148418185, 20.200685660247157 ], [ -98.144038798158689, 20.200367977603953 ], [ -98.144024675284115, 20.200020217759555 ], [ -98.144010213591187, 20.199732923322365 ], [ -98.143835143404459, 20.19950531497776 ], [ -98.143467567763864, 20.199307001944632 ], [ -98.142891547613175, 20.199122791513886 ], [ -98.142410954583028, 20.199075093392423 ], [ -98.142235948264087, 20.1990852316302 ], [ -98.141953427912426, 20.199101596520805 ], [ -98.141866881073113, 20.199316105254788 ], [ -98.141898839920302, 20.199617481665356 ], [ -98.141821648787101, 20.19990247358092 ], [ -98.1415768715692, 20.200099447912578 ], [ -98.141299253092953, 20.200153585469781 ], [ -98.141013717268777, 20.200120478476148 ], [ -98.140820788585145, 20.200056119245019 ], [ -98.140602443378242, 20.199972493358427 ], [ -98.140443428097129, 20.199911590440099 ], [ -98.140074506850254, 20.199759178963358 ], [ -98.139895367433098, 20.199700337291979 ], [ -98.139778517756454, 20.199757611026413 ], [ -98.13936144965507, 20.1998160365738 ], [ -98.13905683252159, 20.199829663917505 ], [ -98.138896554853815, 20.199828878337513 ], [ -98.138840418552718, 20.199698186674375 ], [ -98.138637646311537, 20.199310691096347 ], [ -98.13855759330697, 20.198962445441083 ], [ -98.138436673090197, 20.198594677206902 ], [ -98.138380985403245, 20.198492378962044 ], [ -98.138172970048132, 20.198110253682369 ], [ -98.13788770393451, 20.197818976234831 ], [ -98.137777600178339, 20.197533059769142 ], [ -98.137730545618496, 20.197410869204507 ], [ -98.137787980687108, 20.197317599925118 ], [ -98.137700414412876, 20.197030964111914 ], [ -98.13768113365407, 20.196850857309016 ], [ -98.137697581876623, 20.19680270297621 ], [ -98.137817876157044, 20.196450512895876 ], [ -98.13780615557333, 20.196361592141027 ], [ -98.137688990147183, 20.196263185336374 ], [ -98.13762115142309, 20.19614155928425 ], [ -98.137406685442016, 20.19575704823502 ], [ -98.137425505153686, 20.195575881541018 ], [ -98.137411213127734, 20.195083416047282 ], [ -98.137338165270492, 20.194846432521057 ], [ -98.137248151670505, 20.194554409578394 ], [ -98.137086154734789, 20.194156211638408 ], [ -98.137069040335462, 20.194087961128727 ], [ -98.137011225288546, 20.193857402280933 ], [ -98.136586775252582, 20.193792353286923 ], [ -98.136386846549684, 20.193617938875004 ], [ -98.136077234202773, 20.19334783638385 ], [ -98.135879238515713, 20.192996666388364 ], [ -98.135709662711875, 20.192672570428044 ], [ -98.135425538202341, 20.192401790089875 ], [ -98.135142010510748, 20.192023259140701 ], [ -98.134944018252014, 20.191672087409763 ], [ -98.134925417044059, 20.191447405936898 ], [ -98.134917244680466, 20.191348698030811 ], [ -98.134891363247192, 20.190863679560241 ], [ -98.134465040823414, 20.190484444176295 ], [ -98.134208885948652, 20.19032154939223 ], [ -98.13400079019857, 20.190106682083325 ], [ -98.133868099672057, 20.189969673366633 ], [ -98.133527166349808, 20.189644736214099 ], [ -98.133013529513718, 20.189561384688893 ], [ -98.132557007719953, 20.189478318542839 ], [ -98.132015261371365, 20.189314016486094 ], [ -98.131616314386363, 20.189150418382891 ], [ -98.131210794182763, 20.188937810056768 ], [ -98.130941236727324, 20.189019147082778 ], [ -98.130793401260846, 20.189048981637452 ], [ -98.130576615637665, 20.188997257027108 ], [ -98.130403012546793, 20.188947658242952 ], [ -98.130161694781563, 20.188960255821573 ], [ -98.129899434809403, 20.188844341085272 ], [ -98.129655995191769, 20.18880343524657 ], [ -98.129558573969589, 20.188723776033129 ], [ -98.129482338687552, 20.188591447629953 ], [ -98.129448398678832, 20.188406555430944 ], [ -98.129470352522318, 20.188241743552016 ], [ -98.129500186834633, 20.18789884691143 ], [ -98.129501615598869, 20.187641553798837 ], [ -98.129481053842895, 20.187568875627932 ], [ -98.129346929704695, 20.187305749586685 ], [ -98.129209730852708, 20.187099945488278 ], [ -98.129022768294689, 20.186959168466153 ], [ -98.128826303290637, 20.186753071542967 ], [ -98.128482391820327, 20.186397052613049 ], [ -98.12814525015898, 20.186193697793353 ], [ -98.127958547514254, 20.18594137080796 ], [ -98.127966458311718, 20.185581389169691 ], [ -98.127969104202663, 20.185461003406402 ], [ -98.127965716415488, 20.185120134249576 ], [ -98.127977307566312, 20.184782486099667 ], [ -98.128001637267019, 20.184406409229425 ], [ -98.127906420399526, 20.184050247629894 ], [ -98.127991962329602, 20.183849215841278 ], [ -98.128081950787305, 20.183714056784268 ], [ -98.128119886189026, 20.183546323540643 ], [ -98.12809308962774, 20.183442760959807 ], [ -98.128066182389787, 20.183338770165978 ], [ -98.127923206504406, 20.183101554840686 ], [ -98.127750488012339, 20.182953380160868 ], [ -98.127577315658911, 20.182887045488368 ], [ -98.127543339230755, 20.182755925756762 ], [ -98.127509447736003, 20.182608439116567 ], [ -98.127527626141514, 20.182461210883769 ], [ -98.127649554622337, 20.18237996939564 ], [ -98.127912779320809, 20.182403579909096 ], [ -98.12813172217362, 20.182413972143912 ], [ -98.12839608299565, 20.182262048906804 ], [ -98.128233320264656, 20.182070377453908 ], [ -98.12811967137705, 20.181860936854147 ], [ -98.128126423984554, 20.181783910369198 ], [ -98.128153405303934, 20.181724777313562 ], [ -98.128154679582906, 20.18149571456534 ], [ -98.128289443227104, 20.181332268898689 ], [ -98.128499981456585, 20.181242727260241 ], [ -98.128722845890181, 20.18119146848213 ], [ -98.129019687902826, 20.181220028383692 ], [ -98.129324089546472, 20.181208598332105 ], [ -98.129350993296626, 20.181085292129083 ], [ -98.129378737078, 20.180958138891992 ], [ -98.129422708799893, 20.180798634877046 ], [ -98.129557436591284, 20.180691202354666 ], [ -98.12977589560127, 20.180616941991545 ], [ -98.13010296193471, 20.180512732703459 ], [ -98.130265704335883, 20.180360828347677 ], [ -98.13040202802739, 20.180106979790065 ], [ -98.130349898563139, 20.179775847244326 ], [ -98.130189556981961, 20.179495081548279 ], [ -98.130191250361307, 20.179189667841889 ], [ -98.130300450181764, 20.17896113913023 ], [ -98.13062494341716, 20.178835484014655 ], [ -98.131029536507498, 20.178862932478374 ], [ -98.131542347829281, 20.178840015126454 ], [ -98.131758910800357, 20.17871382495025 ], [ -98.131786597250141, 20.178586699177512 ], [ -98.131733478276274, 20.17843372757153 ], [ -98.131604416689143, 20.177966496140041 ], [ -98.131267144452437, 20.177602056501474 ], [ -98.130363589291107, 20.177307071192047 ], [ -98.129987387986489, 20.177025238653357 ], [ -98.1298006321081, 20.176642533936299 ], [ -98.129847075279201, 20.176384309945362 ], [ -98.130054219540966, 20.176202318487494 ], [ -98.130127912506495, 20.176107931791584 ], [ -98.130316431032, 20.17586647558727 ], [ -98.130671386698467, 20.175422747417528 ], [ -98.130785444238896, 20.175231127134765 ], [ -98.130931419146918, 20.174942138923651 ], [ -98.131019856250788, 20.174738936224092 ], [ -98.13101911954665, 20.174440338952955 ], [ -98.130940808467287, 20.174066057418294 ], [ -98.130935034682722, 20.174043826248131 ], [ -98.130925287056755, 20.173901724902297 ], [ -98.130959921066022, 20.173713968599824 ], [ -98.131065469772409, 20.173560668086534 ], [ -98.131200558284604, 20.173485392519005 ], [ -98.13131292831882, 20.173448283099535 ], [ -98.131398867323057, 20.173441237239469 ], [ -98.13150051340601, 20.173401061778861 ], [ -98.131610795899789, 20.173333023206769 ], [ -98.131658560569477, 20.173219717322375 ], [ -98.131677374750794, 20.173065467724467 ], [ -98.131623572283303, 20.172960838763188 ], [ -98.131572814807399, 20.172830765733817 ], [ -98.131493161341552, 20.172676073924585 ], [ -98.131516100008795, 20.172514105570432 ], [ -98.131555327103513, 20.172294251012445 ], [ -98.131643193057414, 20.172091042113387 ], [ -98.131722556499057, 20.171842383749251 ], [ -98.131753830026597, 20.171664703342703 ], [ -98.131731721867894, 20.171514973328421 ], [ -98.131646665882613, 20.171345282700109 ], [ -98.131542278144096, 20.171233328118348 ], [ -98.131471685716335, 20.171113703050526 ], [ -98.131461241334065, 20.171012850827779 ], [ -98.131500477541962, 20.170922700842091 ], [ -98.131626655434076, 20.170822189026556 ], [ -98.131877092409013, 20.17068894551339 ], [ -98.132102043088693, 20.170577957276855 ], [ -98.132333697343128, 20.170620464808181 ], [ -98.132558642781433, 20.170583958892507 ], [ -98.13270265971785, 20.170369195021966 ], [ -98.132709341122123, 20.170178396990753 ], [ -98.132584372722661, 20.170019651410666 ], [ -98.132432880555157, 20.169924759696574 ], [ -98.132315094134228, 20.16980285924204 ], [ -98.132222435623191, 20.169681352937637 ], [ -98.132225085069962, 20.16956466871698 ], [ -98.132298360010751, 20.169414929584363 ], [ -98.1323696283347, 20.16924854008095 ], [ -98.132400145657982, 20.169026935852273 ], [ -98.132324230522585, 20.168827170940727 ], [ -98.132231968149512, 20.168651572409978 ], [ -98.132140894836581, 20.168427063540051 ], [ -98.132084207582054, 20.168230401467337 ], [ -98.132069936364559, 20.168102272540665 ], [ -98.132175156267721, 20.167883991785946 ], [ -98.132301630979327, 20.167659487891747 ], [ -98.132272112222907, 20.167295131279214 ], [ -98.132172994077095, 20.167122979999395 ], [ -98.132054042388077, 20.167027739621926 ], [ -98.131866527915633, 20.166971101027155 ], [ -98.131645519241744, 20.166900547965124 ], [ -98.131439450579265, 20.166884911084036 ], [ -98.131193837690745, 20.166904622157901 ], [ -98.130972999349737, 20.1669249640853 ], [ -98.130725755308603, 20.166908878443412 ], [ -98.130568940575287, 20.166814024440647 ], [ -98.130487440064186, 20.166680499845661 ], [ -98.130484482279627, 20.166551214335112 ], [ -98.130513169254712, 20.166422242731503 ], [ -98.130582972170501, 20.16627663396919 ], [ -98.130675821682303, 20.16619940610455 ], [ -98.130818384794907, 20.166132296462624 ], [ -98.131283622910004, 20.166073592191232 ], [ -98.131460438738586, 20.16609794507583 ], [ -98.131572869096104, 20.16616796990531 ], [ -98.13164189724948, 20.166233767947784 ], [ -98.131817579817223, 20.166302536896065 ], [ -98.132111591404652, 20.166399998181291 ], [ -98.132368103245867, 20.166439340296513 ], [ -98.132551080428996, 20.166495545242967 ], [ -98.132795413232273, 20.166558482529844 ], [ -98.132978232650828, 20.166555180295322 ], [ -98.133087576692134, 20.166467817044765 ], [ -98.1331419901083, 20.166333972836462 ], [ -98.13315519933451, 20.166201802198383 ], [ -98.133092493011375, 20.166026254307418 ], [ -98.13280732491647, 20.165662291987434 ], [ -98.131401599501956, 20.163936104128108 ], [ -98.13056781049292, 20.162893340389505 ], [ -98.130177642773546, 20.16241487303197 ], [ -98.129891183935229, 20.162030941631954 ], [ -98.129736233948918, 20.161745092422134 ], [ -98.129726815911184, 20.161483101780128 ], [ -98.129839735206517, 20.16124142261754 ], [ -98.130094797870953, 20.160986950305734 ], [ -98.130421701231839, 20.16085888222662 ], [ -98.130681053543071, 20.160717511452525 ], [ -98.130914451451915, 20.160595910151731 ], [ -98.131039442382061, 20.160462566045069 ], [ -98.131175697314774, 20.160375963905651 ], [ -98.131314167095042, 20.160249556071349 ], [ -98.131529409224058, 20.160102976769572 ], [ -98.131737843441201, 20.159991611498384 ], [ -98.132018638076332, 20.159931558283606 ], [ -98.132267413911805, 20.1598825480702 ], [ -98.132535265577332, 20.15980358966252 ], [ -98.132829053572976, 20.159721926370054 ], [ -98.13308858896572, 20.159644334306531 ], [ -98.133426398667623, 20.159581771450913 ], [ -98.133554268715926, 20.159475667231092 ], [ -98.133597947711095, 20.159249074028153 ], [ -98.133590616901813, 20.159067720388741 ], [ -98.133438140370501, 20.158858367559915 ], [ -98.133402245967488, 20.158693625806883 ], [ -98.133450361629443, 20.158536616879072 ], [ -98.133583550266806, 20.158337460765079 ], [ -98.133614248922555, 20.15805560185121 ], [ -98.133650842289796, 20.157801614769049 ], [ -98.133683029011664, 20.157502783931193 ], [ -98.133715827900573, 20.157288062476816 ], [ -98.133707160653117, 20.15705791464412 ], [ -98.133653119343279, 20.156785295676759 ], [ -98.133549875672173, 20.15659358741776 ], [ -98.133343876488851, 20.156361713398457 ], [ -98.13312092007169, 20.156176751900595 ], [ -98.132869290110548, 20.15599439122818 ], [ -98.132589739306425, 20.155769652208051 ], [ -98.132440033632534, 20.155572961352423 ], [ -98.13240865184801, 20.155387667796088 ], [ -98.132451552630101, 20.155169679693213 ], [ -98.132608294063289, 20.155032422910882 ], [ -98.132792603520272, 20.154999642728292 ], [ -98.133223432575562, 20.155096984399282 ], [ -98.133506866680236, 20.15514407770495 ], [ -98.133679743225443, 20.155099506339997 ], [ -98.13380089189765, 20.154831889361454 ], [ -98.133981846470235, 20.15456933154147 ], [ -98.134232667180186, 20.154436246342708 ], [ -98.134279598198987, 20.154492353767633 ], [ -98.134786745086515, 20.154639608907253 ], [ -98.135353606573105, 20.155245871852131 ], [ -98.135434543387191, 20.155556830301148 ], [ -98.135639534206973, 20.156157994990188 ], [ -98.136397682845626, 20.156609091354504 ], [ -98.136509467855007, 20.156634219890826 ], [ -98.13674887757287, 20.156635212283458 ], [ -98.136976767354625, 20.156576617754812 ], [ -98.137320087948041, 20.156402215642427 ], [ -98.137480431364551, 20.156290277286541 ], [ -98.137686438501632, 20.156137312064079 ], [ -98.137759102448655, 20.156001993646466 ], [ -98.137780600107263, 20.155953017282236 ], [ -98.13778657716874, 20.155706767861691 ], [ -98.137723303751713, 20.15547223864845 ], [ -98.137668935637478, 20.15532041774733 ], [ -98.137651775135708, 20.155242600434491 ], [ -98.137600828766125, 20.155174571877243 ], [ -98.13757307721545, 20.155117297192234 ], [ -98.137796866211403, 20.154797960638884 ], [ -98.138113940802711, 20.154588324660779 ], [ -98.138724089194724, 20.15465155689871 ], [ -98.139585465284185, 20.154961110380732 ], [ -98.139808687425784, 20.154790949992414 ], [ -98.139991342517533, 20.153966451487467 ], [ -98.139951767773923, 20.153769467300481 ], [ -98.139916908248296, 20.153654646536424 ], [ -98.139902852108605, 20.153484135222868 ], [ -98.139938812927824, 20.153288030202816 ], [ -98.139987114771969, 20.153044576164319 ], [ -98.140009404758374, 20.152925848006632 ], [ -98.140016445173458, 20.152844638372777 ], [ -98.140011787533467, 20.152697959879227 ], [ -98.139986224942163, 20.152594439153958 ], [ -98.13989287325073, 20.152381126178994 ], [ -98.139705697200299, 20.152184463844716 ], [ -98.139506178606311, 20.151982125309122 ], [ -98.13945451280145, 20.151895683541451 ], [ -98.139382545273705, 20.151716269823297 ], [ -98.139385706665536, 20.151673938990189 ], [ -98.139404366308241, 20.151532109128851 ], [ -98.139430904598569, 20.151376223423494 ], [ -98.13948167518663, 20.151275023617575 ], [ -98.139610845432244, 20.151038714547877 ], [ -98.139662536552748, 20.150942172879173 ], [ -98.139733708942231, 20.150649964832411 ], [ -98.139694371056606, 20.150347426346997 ], [ -98.13958264702471, 20.150141608061347 ], [ -98.139470934264637, 20.150026765374403 ], [ -98.139393486786929, 20.149946045271946 ], [ -98.139270595999704, 20.149871186140803 ], [ -98.139116698608717, 20.149792636972769 ], [ -98.139024449264184, 20.149749580624931 ], [ -98.138812178352836, 20.149718767605179 ], [ -98.138531224660198, 20.149651082269617 ], [ -98.138474986473426, 20.149629012363402 ], [ -98.138346585338439, 20.149478522140804 ], [ -98.138340487803518, 20.149180675538211 ], [ -98.138329980265141, 20.149039015797399 ], [ -98.138242717216258, 20.148922578336254 ], [ -98.138050640220015, 20.148729632679935 ], [ -98.137869464395308, 20.148590094985298 ], [ -98.137557016388314, 20.148390768990751 ], [ -98.137409421734517, 20.148288692283352 ], [ -98.137349430799588, 20.148118925714542 ], [ -98.137335990791286, 20.147959876871813 ], [ -98.137295246479539, 20.147868867293919 ], [ -98.137252437068312, 20.147799616586962 ], [ -98.137141231006851, 20.14771714226444 ], [ -98.136948959463766, 20.147668684648874 ], [ -98.136737549036027, 20.147751647708997 ], [ -98.136604860922176, 20.147793788971523 ], [ -98.136378378664972, 20.147830997418623 ], [ -98.136217958709381, 20.147747416974255 ], [ -98.136137817966329, 20.147630535610016 ], [ -98.136137284568846, 20.147582990055572 ], [ -98.136113518026747, 20.147428006525118 ], [ -98.136099010066559, 20.147283550303417 ], [ -98.136200919682665, 20.146986717650304 ], [ -98.136012198568864, 20.14706280970837 ], [ -98.135256335491064, 20.14749796577436 ], [ -98.134829233340753, 20.147739521100981 ], [ -98.134459569059942, 20.147943997629568 ], [ -98.134259288731485, 20.148061106084427 ], [ -98.134040865062317, 20.148201218118331 ], [ -98.133998815414813, 20.148221969742661 ], [ -98.133527404394286, 20.148107440563955 ], [ -98.132982799817356, 20.148554250385605 ], [ -98.133342776361559, 20.148783149108791 ], [ -98.132967832373524, 20.149504688331639 ], [ -98.132941145595254, 20.149487957505993 ], [ -98.131757006272039, 20.148945472462646 ], [ -98.131491652786238, 20.148270413922781 ], [ -98.131104839228357, 20.148829993750947 ], [ -98.130884554331544, 20.149095752032164 ], [ -98.12962973446767, 20.148667657184046 ], [ -98.129756393037468, 20.148595420984545 ], [ -98.12981628407536, 20.148496310894497 ], [ -98.129700629455741, 20.148357683317109 ], [ -98.129453795802263, 20.148256055723827 ], [ -98.127992825967624, 20.14833600126148 ], [ -98.127671603752603, 20.148673789420016 ], [ -98.126835882786509, 20.148464312309532 ], [ -98.125563627202467, 20.148266138822976 ], [ -98.125557393790345, 20.148628293510399 ], [ -98.125553881929022, 20.148675876597569 ], [ -98.125465524732959, 20.148601989885339 ], [ -98.125139539694317, 20.148582866577517 ], [ -98.12474176326478, 20.148542309072106 ], [ -98.124739722519507, 20.148518980702669 ], [ -98.124574778103934, 20.148445608409208 ], [ -98.124024183850452, 20.148159942242675 ], [ -98.123310033353007, 20.148028666607125 ], [ -98.122825223596962, 20.147962376026864 ], [ -98.122309569831003, 20.147876426056687 ], [ -98.121812807981826, 20.147798523967268 ], [ -98.121599092584603, 20.147744861552962 ], [ -98.121359873365691, 20.147660494855504 ], [ -98.120870670977695, 20.147422818348929 ], [ -98.120503383234777, 20.147251994711894 ], [ -98.120098482478497, 20.147036274060557 ], [ -98.119674493348427, 20.146790444684381 ], [ -98.118922002253598, 20.14637014422448 ], [ -98.11886372075017, 20.146345765420435 ], [ -98.117962585885991, 20.145852565398847 ], [ -98.117934205727991, 20.145829898591717 ], [ -98.117542049085131, 20.145610890825157 ], [ -98.117232407244344, 20.145485726820521 ], [ -98.117156700993206, 20.145480472009844 ], [ -98.11676843674752, 20.145434653912705 ], [ -98.116247867658402, 20.145388197778747 ], [ -98.115966708679608, 20.145396070618208 ], [ -98.115085424090694, 20.145144702207315 ], [ -98.114624953232422, 20.145129741798574 ], [ -98.114127431293241, 20.145187006384187 ], [ -98.113635105162416, 20.145191280452966 ], [ -98.113278579496139, 20.145250707422104 ], [ -98.112852877482382, 20.145336585514354 ], [ -98.112236171742339, 20.145114459480894 ], [ -98.111996795134047, 20.144961701783348 ], [ -98.111608319739744, 20.144912734071497 ], [ -98.111277593814762, 20.144576634477556 ], [ -98.110918837781099, 20.144334964696807 ], [ -98.110648977280789, 20.144009173622432 ], [ -98.110510115908809, 20.143741314848544 ], [ -98.110476018715346, 20.143427341747717 ], [ -98.110200063036672, 20.143289800531974 ], [ -98.109529844713435, 20.143249690740859 ], [ -98.108682082484222, 20.143194552657768 ], [ -98.108279001099518, 20.14322153478253 ], [ -98.10796935212602, 20.14308328815472 ], [ -98.107639121466562, 20.142925409180098 ], [ -98.107411919671179, 20.142846156473606 ], [ -98.107081696879078, 20.1426882792118 ], [ -98.10660476190553, 20.142669586075858 ], [ -98.105933418214335, 20.142425777309231 ], [ -98.105079425511192, 20.142279513788147 ], [ -98.104201351436515, 20.142630831436268 ], [ -98.103663394836701, 20.143016920378045 ], [ -98.102837846732427, 20.14324601291883 ], [ -98.102319262192538, 20.143846048460489 ], [ -98.102086856218378, 20.144426005305675 ], [ -98.102330558572845, 20.145042338931287 ], [ -98.102460090457285, 20.14538160206347 ], [ -98.102453335700162, 20.145616281549639 ], [ -98.102337042737986, 20.145809971663542 ], [ -98.102026805622842, 20.145899835944551 ], [ -98.101776418373461, 20.145892288998741 ], [ -98.10149078157437, 20.145946586382991 ], [ -98.101199139346647, 20.146132399986378 ], [ -98.100956048986134, 20.146525698149315 ], [ -98.10064368843743, 20.146826751927666 ], [ -98.100265294681506, 20.146922569095793 ], [ -98.099852556607331, 20.146785087825581 ], [ -98.099297610930776, 20.146800230858005 ], [ -98.098831077170942, 20.146579232148031 ], [ -98.099028592786922, 20.146391537808348 ], [ -98.098485767302336, 20.146271736432247 ], [ -98.09787944364723, 20.145389659158042 ], [ -98.098088278521558, 20.143735747817878 ], [ -98.099039996369513, 20.14216338691179 ], [ -98.100738286224001, 20.140112831976658 ], [ -98.102533327695198, 20.138483956486336 ], [ -98.103143365271364, 20.137151036799903 ], [ -98.103295100805653, 20.135793857430446 ], [ -98.103305583125248, 20.135312360223786 ], [ -98.103631054034068, 20.133864252238904 ], [ -98.103299672786108, 20.133273966897899 ], [ -98.101814402616213, 20.130895506830672 ], [ -98.101556566174537, 20.129729542904794 ], [ -98.102091964620442, 20.128609213160363 ], [ -98.103198979649349, 20.12774135728743 ], [ -98.104394854490124, 20.126749164352045 ], [ -98.104787383148903, 20.125200980786687 ], [ -98.105918805685633, 20.123135964951341 ], [ -98.108462466319679, 20.120803396915274 ], [ -98.109476294077382, 20.120567568280766 ], [ -98.109751573564907, 20.120791930397882 ], [ -98.110970640908363, 20.121570292171121 ], [ -98.112028375245004, 20.121422957509591 ], [ -98.112468203407474, 20.121470357556106 ], [ -98.112928183794622, 20.121737743683337 ], [ -98.113700748460943, 20.12159797127563 ], [ -98.115573782718442, 20.120322405611386 ], [ -98.115924885879167, 20.120577128347172 ], [ -98.116135982780406, 20.12032107271957 ], [ -98.116382821893311, 20.120263155897277 ], [ -98.116587228169422, 20.120086077623057 ], [ -98.117068348254321, 20.120425929275786 ], [ -98.117283477364012, 20.12050344306601 ], [ -98.117448658276487, 20.120562959867911 ], [ -98.117950463301071, 20.120811663398538 ], [ -98.118166877191186, 20.121085197266801 ], [ -98.118507209110192, 20.121249806216593 ], [ -98.118612531739259, 20.121369372181618 ], [ -98.118683369688654, 20.121765738141516 ], [ -98.1197338618732, 20.122807957928725 ], [ -98.119781788658116, 20.122802981066638 ], [ -98.119887405196252, 20.122792012512711 ], [ -98.120281149244065, 20.122514685870982 ], [ -98.120331399457697, 20.122560465517157 ], [ -98.120161830691472, 20.122721226068492 ], [ -98.120181946065514, 20.122886661304499 ], [ -98.12064052858733, 20.122916302045169 ], [ -98.120761340621712, 20.122521830434685 ], [ -98.120884251735831, 20.122486484630585 ], [ -98.120993377800986, 20.122814922339998 ], [ -98.121025224701285, 20.123167558052476 ], [ -98.12114232854293, 20.123510305911314 ], [ -98.121165441783035, 20.123577954796552 ], [ -98.121284190103722, 20.123857775912413 ], [ -98.12167986823728, 20.124261879217187 ], [ -98.121734770879911, 20.124376269584019 ], [ -98.121913320319734, 20.124634569075933 ], [ -98.122294420679907, 20.124542105987469 ], [ -98.123302121558453, 20.124248807297018 ], [ -98.123958163092368, 20.124283825000948 ], [ -98.12460706430609, 20.124069889924449 ], [ -98.124771690581753, 20.123740271320717 ], [ -98.12467931479344, 20.123499616685717 ], [ -98.124666995321832, 20.123467521712634 ], [ -98.124313423048761, 20.123006406162748 ], [ -98.124401270756621, 20.122769286936769 ], [ -98.124688477501564, 20.12199404742076 ], [ -98.124339847877735, 20.121797965361047 ], [ -98.123782287740411, 20.121770361454779 ], [ -98.123895505396334, 20.121551471408267 ], [ -98.123899655547035, 20.121221228786212 ], [ -98.124010532551281, 20.121159694540957 ], [ -98.124269104176733, 20.121101783305591 ], [ -98.124303353604759, 20.121026949799969 ], [ -98.124368395513343, 20.120884833975623 ], [ -98.124534075034646, 20.120724329959906 ], [ -98.124587994117007, 20.120784871179673 ], [ -98.124709324157635, 20.120921099827605 ], [ -98.124860200967689, 20.120608424459519 ], [ -98.124702251687282, 20.120363888949683 ], [ -98.124784626913666, 20.120209952347214 ], [ -98.124883162361456, 20.120190353893893 ], [ -98.125096858634237, 20.119906083227416 ], [ -98.125552297845346, 20.119593048690469 ], [ -98.12595151404642, 20.119340660426872 ], [ -98.1260463265276, 20.119224596693016 ], [ -98.126293723353228, 20.118921749203647 ], [ -98.126296935051684, 20.118599033153192 ], [ -98.126298000736213, 20.11849194505411 ], [ -98.125814832931326, 20.11801606272239 ], [ -98.126015747955591, 20.117988139307013 ], [ -98.126393311846158, 20.118110988143314 ], [ -98.126495200517041, 20.118093334493672 ], [ -98.126696353993978, 20.118058481551063 ], [ -98.126833775985375, 20.118006169236438 ], [ -98.126979386289378, 20.1179507398532 ], [ -98.127115818935593, 20.117755756216837 ], [ -98.127215386227263, 20.117300032668485 ], [ -98.127079415655373, 20.116744690631979 ], [ -98.127171357196985, 20.11662386062569 ], [ -98.1276952553863, 20.116199794861181 ], [ -98.127689746883817, 20.116120702557563 ], [ -98.127669432867563, 20.115829008770838 ], [ -98.127661128657536, 20.11570977341799 ], [ -98.128007002033485, 20.115674008672912 ], [ -98.128104022511948, 20.115498089668566 ], [ -98.127722282007255, 20.115340210373759 ], [ -98.127711586930999, 20.114945219810014 ], [ -98.127403162456588, 20.114885138344292 ], [ -98.12753086077899, 20.114727119703872 ], [ -98.127592726126466, 20.114645708428718 ], [ -98.127646402146851, 20.114575074343044 ], [ -98.12784309098582, 20.114316245416326 ], [ -98.12790286663612, 20.114089140601653 ], [ -98.127916931617378, 20.113986557522104 ], [ -98.127947929627382, 20.113760464600304 ], [ -98.127993944931902, 20.113424834768264 ], [ -98.127994854658638, 20.113418202641082 ], [ -98.127973632815241, 20.113311205923441 ], [ -98.127990470127941, 20.113163198301891 ], [ -98.128028920842311, 20.112825188084951 ], [ -98.128064870435466, 20.112509167082099 ], [ -98.128031863464855, 20.112197838491081 ], [ -98.127895352249666, 20.111787719439594 ], [ -98.127758479040352, 20.111443118591449 ], [ -98.127734589496157, 20.111401272117934 ], [ -98.127655356425478, 20.111262483018692 ], [ -98.127613856551093, 20.11119505523882 ], [ -98.127483463054475, 20.11098319266447 ], [ -98.127474186562381, 20.110962019594382 ], [ -98.127392105135883, 20.110774676765853 ], [ -98.127369425820561, 20.110664923025006 ], [ -98.12732652772884, 20.110457317871202 ], [ -98.127196998981717, 20.11025326443411 ], [ -98.127157134931196, 20.11019046483958 ], [ -98.127007181490072, 20.109892531664936 ], [ -98.127021111601081, 20.109844603882994 ], [ -98.127057215345005, 20.109720382899482 ], [ -98.127119713930156, 20.109505343455016 ], [ -98.127216822014972, 20.109141394560861 ], [ -98.127317500663509, 20.108657183566027 ], [ -98.127465199509174, 20.108559981266602 ], [ -98.127522021660766, 20.108522586554678 ], [ -98.127554011267776, 20.108501533950275 ], [ -98.127640171727791, 20.10821295391839 ], [ -98.127800739839913, 20.107974011950265 ], [ -98.12785361193086, 20.107895332969822 ], [ -98.127949380722669, 20.108022829054857 ], [ -98.128053883579369, 20.108051259838597 ], [ -98.128097340927766, 20.108063083238218 ], [ -98.128196810204244, 20.107867607663678 ], [ -98.128133208471596, 20.107776753710397 ], [ -98.128085387276144, 20.107708443065256 ], [ -98.128138767408785, 20.1073867470948 ], [ -98.12827266643491, 20.107202647938891 ], [ -98.128444148338517, 20.10719659997125 ], [ -98.128669350480507, 20.107217646127264 ], [ -98.128739284377744, 20.107224181332004 ], [ -98.128844678768147, 20.10723396628206 ], [ -98.129180974150287, 20.107265187676472 ], [ -98.129248442344334, 20.107276935569939 ], [ -98.12932391939934, 20.107290078504654 ], [ -98.129609951428378, 20.10733988513099 ], [ -98.129759428384943, 20.107468273286788 ], [ -98.129815656730358, 20.107491136676927 ], [ -98.129975026515055, 20.107555937553894 ], [ -98.129979195907168, 20.107557632855766 ], [ -98.130206901464604, 20.107409827773502 ], [ -98.130301623081436, 20.107348343469628 ], [ -98.13041882076611, 20.107440756874151 ], [ -98.130445357089428, 20.107620742649541 ], [ -98.130475904358761, 20.107612780983278 ], [ -98.13060948362623, 20.107577967712061 ], [ -98.130704886784827, 20.107505294089858 ], [ -98.130766752575482, 20.107458168116686 ], [ -98.13098485308393, 20.107458116142237 ], [ -98.131004649078932, 20.107458111015529 ], [ -98.131059148437799, 20.107412102282709 ], [ -98.131064041836538, 20.107393695041548 ], [ -98.13129533141408, 20.107498488106739 ], [ -98.131573116388182, 20.107542904782587 ], [ -98.131711362008062, 20.107442215248742 ], [ -98.131606543837066, 20.107181764358682 ], [ -98.132351660985123, 20.106944054578275 ], [ -98.132675309850967, 20.106484721315788 ], [ -98.132634190807565, 20.1062578493061 ], [ -98.132886812317068, 20.106084371643622 ], [ -98.132724854027714, 20.105822398989268 ], [ -98.133443922937431, 20.105392087887033 ], [ -98.133368225527846, 20.105047371159078 ], [ -98.133421154014115, 20.104746804196076 ], [ -98.133424187198855, 20.104729576664813 ], [ -98.133647638449801, 20.104674606623178 ], [ -98.133889166557523, 20.104615189131604 ], [ -98.134226511397145, 20.104820733861349 ], [ -98.135078681242973, 20.104912367868646 ], [ -98.135902764020912, 20.104513897505282 ], [ -98.136446173406895, 20.105004923498615 ], [ -98.13759511305058, 20.104654902599748 ], [ -98.137595504320871, 20.104654783767685 ], [ -98.137595779441043, 20.104655101855535 ], [ -98.137655972011842, 20.10472463551443 ], [ -98.137746138749748, 20.104828794997868 ], [ -98.138080791304063, 20.105013952084448 ], [ -98.138351466801069, 20.105126613701785 ], [ -98.138537668724382, 20.105061657302141 ], [ -98.13861072909863, 20.104755047285636 ], [ -98.138903108100294, 20.104731691014361 ], [ -98.139151587694514, 20.104522590645029 ], [ -98.139473949165449, 20.104172885855586 ], [ -98.139975985583931, 20.104256427403897 ], [ -98.14031495219615, 20.103776290971112 ], [ -98.140412072726363, 20.103428334700325 ], [ -98.140473000647475, 20.103331013774678 ], [ -98.140405991072555, 20.103075710925236 ], [ -98.140414066200492, 20.103014193269406 ], [ -98.140282673413779, 20.102902820836789 ], [ -98.140107954735626, 20.102666661136443 ], [ -98.140031305506952, 20.102231230905545 ], [ -98.140022601963452, 20.102181786300974 ], [ -98.139907310055733, 20.10180749908271 ], [ -98.140050326923969, 20.101680989713692 ], [ -98.140393985922458, 20.101621805000018 ], [ -98.140462979465795, 20.101411278117943 ], [ -98.140499465064025, 20.101257137246215 ], [ -98.14069597181998, 20.101117476184523 ], [ -98.140793613814779, 20.100955388094999 ], [ -98.140915808680546, 20.100915653085348 ], [ -98.141077244995529, 20.100914997814961 ], [ -98.141290207619136, 20.100857725062298 ], [ -98.14134249767794, 20.100773790611072 ], [ -98.141722978397922, 20.100644565312113 ], [ -98.141999064438153, 20.10026069182052 ], [ -98.142297983842539, 20.099926045564537 ], [ -98.142397076767878, 20.099697708809121 ], [ -98.14252690370769, 20.099596947149411 ], [ -98.142704971479546, 20.099348229214748 ], [ -98.142505577958474, 20.098921217851707 ], [ -98.142509451404351, 20.098770371099 ], [ -98.142441242606779, 20.098507568297389 ], [ -98.142447051308409, 20.098441313340839 ], [ -98.142709389611142, 20.098290498988725 ], [ -98.142870647175258, 20.098314451149921 ], [ -98.142927410653613, 20.098462830938203 ], [ -98.14293812561057, 20.098677541453171 ], [ -98.143246523212426, 20.098805153137821 ], [ -98.143425072888803, 20.09896099249212 ], [ -98.14350321997297, 20.099121875458042 ], [ -98.143617230937608, 20.099169537652561 ], [ -98.144207221244642, 20.098952317552619 ], [ -98.144564026324801, 20.098837770796688 ], [ -98.144624394858994, 20.098432098619455 ], [ -98.144791902767949, 20.098210182038862 ], [ -98.144743551770219, 20.097956003936559 ], [ -98.144792717760012, 20.097863691543548 ], [ -98.14503973482455, 20.097787859168335 ], [ -98.145282736084226, 20.097716972511144 ], [ -98.145511171713864, 20.097469514753911 ], [ -98.145761863097064, 20.097342045665844 ], [ -98.145869706455372, 20.097335028990084 ], [ -98.14598530793441, 20.097327507253052 ], [ -98.146649066754165, 20.097587252642214 ], [ -98.147291385071185, 20.097489518194063 ], [ -98.147418532039055, 20.09753820199802 ], [ -98.147757955947355, 20.097376917874669 ], [ -98.1478065872179, 20.097413818019561 ], [ -98.148102517080673, 20.097500883541191 ], [ -98.148367433105093, 20.097522034183292 ], [ -98.1486431369635, 20.097730798012524 ], [ -98.14872345515937, 20.097841105201663 ], [ -98.148990984201845, 20.097970923980714 ], [ -98.149141994853721, 20.097979673785893 ], [ -98.149332649302266, 20.097694162042355 ], [ -98.149340338225613, 20.097423689263643 ], [ -98.149424257680991, 20.097224042506443 ], [ -98.149363997834627, 20.097024939896006 ], [ -98.149376718237505, 20.096995735010726 ], [ -98.149383871800126, 20.096979312945621 ], [ -98.149464687643118, 20.09678869783794 ], [ -98.149716206970069, 20.096848011775677 ], [ -98.149853332606099, 20.096749069239831 ], [ -98.150696802580214, 20.096931933759556 ], [ -98.151010285509003, 20.096742732649215 ], [ -98.150882468967623, 20.096457145854902 ], [ -98.151284484171441, 20.096015322031334 ], [ -98.151608014554952, 20.096092777555455 ], [ -98.15193380554804, 20.096202123637447 ], [ -98.152260947166226, 20.096073864287174 ], [ -98.152548613894282, 20.095815047701549 ], [ -98.152643400864136, 20.095647954316963 ], [ -98.153277377957707, 20.095582660995596 ], [ -98.153744979108481, 20.095406574295605 ], [ -98.154116633376717, 20.095195992607884 ], [ -98.154367219208964, 20.095144227435036 ], [ -98.154614708552103, 20.095183134481097 ], [ -98.154783057258925, 20.095393283281542 ], [ -98.155022750123123, 20.095437960765683 ], [ -98.155008464286169, 20.09511660801935 ], [ -98.155366198765051, 20.094951126101293 ], [ -98.155663210565692, 20.095111293251271 ], [ -98.156060790578849, 20.094894006460109 ], [ -98.156709412316872, 20.094942600705188 ], [ -98.157060862029667, 20.094664252979992 ], [ -98.157120049725023, 20.094477254316988 ], [ -98.157640936934428, 20.094064212066218 ], [ -98.157931308259506, 20.09406782345059 ], [ -98.158284564882777, 20.093733074243506 ], [ -98.158641204543514, 20.093509710443005 ], [ -98.159237031291724, 20.093052637653035 ], [ -98.159704740954552, 20.092569967703511 ], [ -98.15928999692126, 20.092398497506473 ], [ -98.159043676007599, 20.092170027111628 ], [ -98.158845865181235, 20.091942640761516 ], [ -98.1588721346033, 20.091746391511261 ], [ -98.159111149169206, 20.091452699633422 ], [ -98.159303772631588, 20.091343227497269 ], [ -98.159372139883672, 20.091251213947952 ], [ -98.159504816933293, 20.091072645499324 ], [ -98.159769531654263, 20.090811474067525 ], [ -98.160022279374417, 20.09069130314246 ], [ -98.160038590610753, 20.090653276828156 ], [ -98.160262319098948, 20.090322443819336 ], [ -98.160272886589695, 20.090176954477382 ], [ -98.159775586061272, 20.089651636561179 ], [ -98.159744830855487, 20.089610963765274 ], [ -98.158570002069538, 20.08868045364045 ], [ -98.158520773084405, 20.088419687892017 ], [ -98.158359244266407, 20.088125554735324 ], [ -98.15811204620347, 20.087714756929945 ], [ -98.158136197348554, 20.087237626894016 ], [ -98.157824591967128, 20.08694042262686 ], [ -98.157622820815945, 20.086765512454424 ], [ -98.157349894382151, 20.086564232343409 ], [ -98.157079133069601, 20.086126159040646 ], [ -98.157035581968259, 20.085845675105372 ], [ -98.157071933555699, 20.085479109777143 ], [ -98.15719080217778, 20.084867443041329 ], [ -98.157744808102095, 20.084197860699813 ], [ -98.158832733443816, 20.082882948965509 ], [ -98.159034774316581, 20.082694056757369 ], [ -98.159458671966092, 20.082452640456335 ], [ -98.159672201068062, 20.082111767175245 ], [ -98.159890708005165, 20.081835143715036 ], [ -98.159885741464862, 20.081346108672893 ], [ -98.160018193794244, 20.080882576773657 ], [ -98.160132031842991, 20.080484182611073 ], [ -98.160264770806236, 20.080082277130735 ], [ -98.160551612384864, 20.079937532833711 ], [ -98.160968498357832, 20.079731870387253 ], [ -98.161117779776077, 20.079291871841356 ], [ -98.161337229133707, 20.078731036208644 ], [ -98.161346550852954, 20.078702072358539 ], [ -98.161582148161941, 20.0779700026626 ], [ -98.161630779462584, 20.077818889711697 ], [ -98.162075021666524, 20.077444306759912 ], [ -98.162381015215303, 20.076915404028025 ], [ -98.16267736522542, 20.076177881525069 ], [ -98.162996444400576, 20.075787599802965 ], [ -98.163035410668741, 20.075739937234815 ], [ -98.163118838756091, 20.075637892809894 ], [ -98.163866237506909, 20.075010461579378 ], [ -98.164204970153335, 20.074709670798519 ], [ -98.164520786548806, 20.074430117300466 ], [ -98.164896894726979, 20.074190676750309 ], [ -98.165374226942802, 20.07410315617437 ], [ -98.165546992108446, 20.074028518044077 ], [ -98.165313818769121, 20.073421360641614 ], [ -98.164765233773124, 20.071486602012719 ], [ -98.16454778542213, 20.070579713852812 ], [ -98.164547276838377, 20.070516815644371 ], [ -98.164617876504295, 20.070129233981763 ], [ -98.164640213533644, 20.070012114927717 ], [ -98.164992491952347, 20.068727120517977 ], [ -98.165090200974149, 20.068370706153477 ], [ -98.166955621373546, 20.061565847255803 ], [ -98.168052434767802, 20.057564476549583 ], [ -98.16813350244324, 20.057268716601389 ], [ -98.168146458542552, 20.05722971452925 ], [ -98.168252526021348, 20.05720245119868 ], [ -98.168514663333809, 20.057117451250342 ], [ -98.169013872238196, 20.0570063978309 ], [ -98.169871273206383, 20.056696315788191 ], [ -98.170547485241556, 20.05640087947797 ], [ -98.171326806223419, 20.0557895451077 ], [ -98.172052457812683, 20.055255933346533 ], [ -98.172690174279964, 20.054776225680055 ], [ -98.173222023103989, 20.05438962100347 ], [ -98.173594146612174, 20.054143361683245 ], [ -98.174037976264131, 20.053882155315421 ], [ -98.174482636102709, 20.053604400343513 ], [ -98.174565191150435, 20.053551862080603 ], [ -98.17472031017482, 20.053453144026317 ], [ -98.175046795180108, 20.053274836562817 ], [ -98.175385299168894, 20.053073946436552 ], [ -98.17557234363035, 20.052958390170122 ], [ -98.175701834967384, 20.052866660540925 ], [ -98.175733677211355, 20.052844104716627 ], [ -98.175851458756767, 20.052760669186359 ], [ -98.176136090294861, 20.052456719034005 ], [ -98.176332342656067, 20.052277332663351 ], [ -98.176431193813031, 20.052151653846835 ], [ -98.176448800124732, 20.052129269706853 ], [ -98.176580228932622, 20.051882034408472 ], [ -98.176639917824602, 20.05175265886114 ], [ -98.176848814616037, 20.051305422435334 ], [ -98.177112037210904, 20.050749758108942 ], [ -98.177234596983865, 20.050457167849004 ], [ -98.17732615499196, 20.050238589159335 ], [ -98.177420648988758, 20.049892525293608 ], [ -98.178113785110909, 20.049494774029604 ], [ -98.178920320834393, 20.048802870413418 ], [ -98.179320107821553, 20.048418724165142 ], [ -98.179554296410075, 20.048197132017656 ], [ -98.179599154803157, 20.048148992987393 ], [ -98.179677774137119, 20.048068148513806 ], [ -98.179779707247548, 20.047971135021985 ], [ -98.179912709130605, 20.047860342424975 ], [ -98.180094807505412, 20.047681371305487 ], [ -98.180217236032448, 20.047573468322526 ], [ -98.180545000939929, 20.047285149028045 ], [ -98.180902853125176, 20.046985539137282 ], [ -98.180595455779667, 20.046469733457663 ], [ -98.180517983787354, 20.046343818704891 ], [ -98.180460928139027, 20.045914223618698 ], [ -98.180496867574718, 20.045674665827274 ], [ -98.180690339046734, 20.045498049392236 ], [ -98.180842359087833, 20.045556389835664 ], [ -98.180927144581659, 20.045360506364613 ], [ -98.180890999846326, 20.045327461416555 ], [ -98.179988771196605, 20.044869754483308 ], [ -98.179714721209905, 20.045484801775888 ], [ -98.179598445443204, 20.043910208743931 ], [ -98.179641139344724, 20.043865336501785 ], [ -98.179662104241643, 20.043917072547146 ], [ -98.179786073867703, 20.043832587266444 ], [ -98.179681793244015, 20.043364785895118 ], [ -98.179691949248948, 20.042973009385335 ], [ -98.179568005868191, 20.042745898734591 ], [ -98.179319122641985, 20.042711826171949 ], [ -98.179037052488738, 20.041532843522781 ], [ -98.179471626517071, 20.040987791699301 ], [ -98.179423449071578, 20.040944137510888 ], [ -98.178642969357156, 20.04036927630192 ], [ -98.178396615977206, 20.040222592863547 ], [ -98.17834927427225, 20.040200842853871 ], [ -98.178294554491231, 20.04017570382242 ], [ -98.178039564568053, 20.040064729040065 ], [ -98.17779678393039, 20.039958504298308 ], [ -98.17749091494187, 20.039772344638592 ], [ -98.177304485016009, 20.039583970876645 ], [ -98.177107299268613, 20.039313885578046 ], [ -98.177008562533388, 20.039171775400899 ], [ -98.176772690070763, 20.038890343662786 ], [ -98.176062055650178, 20.038036290289845 ], [ -98.175634408354853, 20.037510794129631 ], [ -98.175519962429604, 20.037370899945785 ], [ -98.175384727229499, 20.03724291699071 ], [ -98.175169784862121, 20.037023941730684 ], [ -98.17502796332127, 20.036878627623555 ], [ -98.17489540708867, 20.03666882727542 ], [ -98.17468112057341, 20.036240836672199 ], [ -98.174453131197779, 20.035842147702617 ], [ -98.174191666177435, 20.035474325770156 ], [ -98.17377143527797, 20.035031354647366 ], [ -98.173637189598082, 20.034744697814464 ], [ -98.173529193979732, 20.034476336626035 ], [ -98.173574880193499, 20.034148645470747 ], [ -98.173685969624472, 20.033772108052776 ], [ -98.173607413388595, 20.03375494454588 ], [ -98.174491876910679, 20.030540996206383 ], [ -98.174996573559298, 20.029600590684783 ], [ -98.17494730804502, 20.029562600517682 ], [ -98.174688415991355, 20.029257901327185 ], [ -98.163961132359645, 20.022457818599005 ], [ -98.164349601663446, 20.020948920795004 ], [ -98.164960959121345, 20.019250371876272 ], [ -98.165478486068437, 20.018423375464536 ], [ -98.165837563116142, 20.017901320674728 ], [ -98.166015235075875, 20.017576693954599 ], [ -98.166367189994332, 20.016947197152689 ], [ -98.166718708771199, 20.016399966550626 ], [ -98.167010808473975, 20.016099475189783 ], [ -98.167419283878118, 20.015772107188827 ], [ -98.167769496479949, 20.015471887518167 ], [ -98.168178690211704, 20.015007265336752 ], [ -98.168587016552124, 20.014707316726181 ], [ -98.168851204300097, 20.014187130143721 ], [ -98.168940539511354, 20.013775919997407 ], [ -98.169203572596942, 20.013475288992886 ], [ -98.169499149727031, 20.013335541342766 ], [ -98.169758617203655, 20.013031247332709 ], [ -98.169897338012674, 20.012561075692421 ], [ -98.169876321207354, 20.011741052262462 ], [ -98.170358572949723, 20.011430644035379 ], [ -98.1705408208162, 20.011200224610182 ], [ -98.170789048995744, 20.010723925589552 ], [ -98.171010890488859, 20.01018967951379 ], [ -98.171097763037679, 20.009694968110832 ], [ -98.171073497450152, 20.009316810693029 ], [ -98.171004524676079, 20.008813351382237 ], [ -98.170937232588415, 20.008241455863942 ], [ -98.170712326368673, 20.007670199709199 ], [ -98.170502762241085, 20.007128985488578 ], [ -98.170341966499961, 20.006574622195568 ], [ -98.169871875459691, 20.006498568672043 ], [ -98.169461973706845, 20.005703340859689 ], [ -98.170765355957755, 20.005849757092541 ], [ -98.170971722025797, 20.005099130326052 ], [ -98.171167271003, 20.004340340167708 ], [ -98.171452673423559, 20.00349888461049 ], [ -98.171416346883888, 20.003451728354637 ], [ -98.171451454474905, 20.002452380366169 ], [ -98.172535024932088, 20.002737545113522 ], [ -98.17260424995041, 20.002434044911013 ], [ -98.172678255470672, 20.001964229986338 ], [ -98.172709585411084, 20.001748633102043 ], [ -98.17291154433704, 20.000705267579367 ], [ -98.17299670193664, 20.00033970857703 ], [ -98.173397921633168, 19.999932118872419 ], [ -98.173515965978964, 19.99964427621202 ], [ -98.173960038175139, 19.998840716054605 ], [ -98.174244954564145, 19.998063616320156 ], [ -98.1742638969816, 19.997739392792766 ], [ -98.174201237090315, 19.997449055574595 ], [ -98.17279120095651, 19.995887456292554 ], [ -98.172542726124419, 19.995901640836454 ], [ -98.172504395597159, 19.995569816203091 ], [ -98.172355465509042, 19.99540487438675 ], [ -98.171937342788397, 19.995227445603273 ], [ -98.171093510793867, 19.994263361055229 ], [ -98.17115526418641, 19.994075614690878 ], [ -98.167953540725676, 19.990529443936619 ], [ -98.167773586701657, 19.989587726764739 ], [ -98.167616791072476, 19.988339530330794 ], [ -98.167141631189381, 19.987551775023839 ], [ -98.166468875505771, 19.987098248011247 ], [ -98.165478815949555, 19.986568167269542 ], [ -98.164688317076454, 19.985851365929705 ], [ -98.164100929721883, 19.98427230824819 ], [ -98.163988118094039, 19.982333787919568 ], [ -98.162505244959789, 19.980488065536068 ], [ -98.16226693398059, 19.980295295237987 ], [ -98.162240012201266, 19.980376623138827 ], [ -98.160427983017627, 19.978129571558824 ], [ -98.161511024755086, 19.97719884679087 ], [ -98.161936404358229, 19.976707951039938 ], [ -98.161997099290573, 19.97645124618348 ], [ -98.162151936646623, 19.975905129715319 ], [ -98.162442616598483, 19.975554639407363 ], [ -98.162417613124774, 19.975785836346699 ], [ -98.163619207541274, 19.976272941012311 ], [ -98.164046679675224, 19.974892184252006 ], [ -98.164215327052077, 19.974557924749472 ], [ -98.164832966316595, 19.973743521454622 ], [ -98.166614083768664, 19.979646976107404 ], [ -98.167833933544784, 19.983915086923009 ], [ -98.180614963933095, 19.991864168547977 ], [ -98.185320549861871, 19.999611588666678 ], [ -98.193393575450685, 20.01549424791261 ], [ -98.198039047809132, 20.02578145116286 ], [ -98.201366463805144, 20.035187651261182 ], [ -98.201138459271874, 20.043235208296288 ], [ -98.199475214944343, 20.054634197563249 ], [ -98.203496064882458, 20.071263453128715 ], [ -98.202855058129003, 20.094133937601569 ], [ -98.199719655981482, 20.109736667933912 ], [ -98.2026244320339, 20.118284923499136 ], [ -98.205707482016294, 20.136163615409668 ], [ -98.195537738658572, 20.146928982668168 ], [ -98.18382702580918, 20.148328894761278 ], [ -98.177440339583427, 20.151984417558211 ], [ -98.171406286324981, 20.159036240026392 ], [ -98.17087060520906, 20.160147417794796 ], [ -98.173800221565756, 20.182746958917122 ], [ -98.170077067170311, 20.185315225152177 ], [ -98.169238222353229, 20.18779972955117 ], [ -98.173052695956912, 20.194068237337572 ], [ -98.173679807036095, 20.197034164326695 ], [ -98.177860457556065, 20.197411542660852 ], [ -98.181376621848415, 20.199377551057527 ], [ -98.18127802370168, 20.201254904069547 ], [ -98.177241183282447, 20.204030932186381 ], [ -98.177197128734207, 20.206696523096582 ], [ -98.181843750750375, 20.211684223395935 ], [ -98.183878782270128, 20.216270597915582 ], [ -98.184780156464427, 20.218211649333426 ], [ -98.181386018370759, 20.222629874171066 ], [ -98.180637630262481, 20.223781159075422 ], [ -98.179614873864224, 20.224694242423375 ], [ -98.173625625704616, 20.22648233001501 ], [ -98.171589246162455, 20.228319972692468 ], [ -98.171076878618649, 20.231994264445973 ], [ -98.171801199380738, 20.233481962204394 ], [ -98.173336401095568, 20.234332464037227 ], [ -98.178280852332449, 20.235438830064648 ], [ -98.183192753872092, 20.237616820914269 ], [ -98.189236793502147, 20.238929596218281 ], [ -98.189656610459593, 20.239976449228742 ], [ -98.189076057704042, 20.240968731196109 ], [ -98.186237505150658, 20.242709368471417 ], [ -98.185192935236316, 20.244563045051947 ], [ -98.186139448103717, 20.246273961519901 ], [ -98.187894050531, 20.247447302769416 ], [ -98.187930034324779, 20.249325847321217 ], [ -98.191464440221409, 20.249586832643505 ], [ -98.196598615481349, 20.246617799099937 ], [ -98.198139851866742, 20.245468114138152 ], [ -98.201687040993491, 20.244842523292544 ], [ -98.203465689230427, 20.244648876173898 ], [ -98.2048669194929, 20.245583740883188 ], [ -98.204866593550832, 20.245647827976818 ], [ -98.204852222538193, 20.245813585701296 ], [ -98.204824317140307, 20.245979282919262 ], [ -98.204823732035422, 20.246094079776196 ], [ -98.204727674578777, 20.246361510577756 ], [ -98.204672910290029, 20.246488819394035 ], [ -98.204590952780279, 20.246641513341771 ], [ -98.204225811132119, 20.246614343219196 ], [ -98.204036737478859, 20.246549709552156 ], [ -98.203780411943143, 20.24640823688253 ], [ -98.203622031649701, 20.246335474969893 ], [ -98.203444496980353, 20.246343522525773 ], [ -98.203373824331024, 20.246449764110174 ], [ -98.203322815900606, 20.246558942527876 ], [ -98.203313830561484, 20.246689254400742 ], [ -98.20326522992562, 20.246791670970691 ], [ -98.203126958847989, 20.246895445814438 ], [ -98.203007592975538, 20.246972962763039 ], [ -98.20294187455886, 20.247058842906263 ], [ -98.202883829088321, 20.247172756220888 ], [ -98.202852218808857, 20.247264024119168 ], [ -98.202864648230118, 20.247480928087416 ], [ -98.202836869708392, 20.247621110886886 ], [ -98.202795444279303, 20.247786745905497 ], [ -98.202699827503011, 20.247964886444294 ], [ -98.202658522691536, 20.248105012392372 ], [ -98.202631013599913, 20.24819417322372 ], [ -98.20253533146392, 20.248385070878143 ], [ -98.202011015316671, 20.248884973669437 ], [ -98.201585790637111, 20.249027122068011 ], [ -98.201276780442527, 20.249138970120377 ], [ -98.20100029009383, 20.249225450081155 ], [ -98.200937648715353, 20.249268365336949 ], [ -98.200798089701507, 20.249363975248279 ], [ -98.200651100444233, 20.2494781600859 ], [ -98.200316156457916, 20.249626734319371 ], [ -98.200002618242948, 20.249722824294775 ], [ -98.199783501410181, 20.249860556843366 ], [ -98.199621467349417, 20.250062656526499 ], [ -98.19963499159762, 20.25011329711959 ], [ -98.199657249189571, 20.250196635511941 ], [ -98.199796076417002, 20.250279957117574 ], [ -98.200156635357843, 20.250367496380111 ], [ -98.200493655592851, 20.250482838232625 ], [ -98.200522175665824, 20.250562063557496 ], [ -98.200480608556063, 20.250621224280572 ], [ -98.200279580947367, 20.250672638183392 ], [ -98.199965384004415, 20.250773890204155 ], [ -98.199861840433869, 20.250839575357976 ], [ -98.199761522573269, 20.250989648523273 ], [ -98.199797527521142, 20.251087358612512 ], [ -98.199926139805626, 20.25121028209961 ], [ -98.199931987219244, 20.251301532423206 ], [ -98.199933208120925, 20.251320586892625 ], [ -98.199808286338168, 20.251427590367726 ], [ -98.199561182657106, 20.251505483833743 ], [ -98.199274996971639, 20.251588511977356 ], [ -98.1991614122893, 20.251657828696462 ], [ -98.199073569844202, 20.251833007446958 ], [ -98.198995599422787, 20.251864150312173 ], [ -98.198936496305635, 20.251887757563178 ], [ -98.198699238252175, 20.25198850106506 ], [ -98.198405528832467, 20.252203563716066 ], [ -98.198340718966691, 20.2522941646553 ], [ -98.198169018684609, 20.252534193665205 ], [ -98.198101365409258, 20.252862927929925 ], [ -98.198018608061886, 20.253076936396035 ], [ -98.197992269728672, 20.253145047690573 ], [ -98.198022542092858, 20.253504783503246 ], [ -98.198022343544366, 20.253745427819112 ], [ -98.197839131566553, 20.253975313436154 ], [ -98.197683986488855, 20.254051549662009 ], [ -98.197540411830062, 20.254122099530708 ], [ -98.197120012341557, 20.254173289300994 ], [ -98.196623359226649, 20.254142344135577 ], [ -98.196095688106183, 20.254127839688767 ], [ -98.19567653049576, 20.254227891449897 ], [ -98.195369949484132, 20.254286543272109 ], [ -98.195354317439993, 20.254305509627784 ], [ -98.195276497513575, 20.254399927214585 ], [ -98.195270350417019, 20.254618552481343 ], [ -98.195244473287531, 20.25475771136275 ], [ -98.195055765791381, 20.255091072052917 ], [ -98.194996116674474, 20.255178456752166 ], [ -98.194829340799544, 20.255422776873147 ], [ -98.194576361428304, 20.255718017886977 ], [ -98.194308225660436, 20.255850056733614 ], [ -98.19408828023154, 20.255942526649257 ], [ -98.194057391737502, 20.256110093776201 ], [ -98.19413369380969, 20.256377273950189 ], [ -98.194081076383384, 20.256545274683763 ], [ -98.193808801912681, 20.256645693780168 ], [ -98.193643271969108, 20.256782639497192 ], [ -98.193479854328459, 20.256866044460356 ], [ -98.193250340845282, 20.256860294249368 ], [ -98.193085863035733, 20.256820933424944 ], [ -98.192960549426189, 20.256908415616032 ], [ -98.192874401456933, 20.257122748248193 ], [ -98.192834337123529, 20.257366962644287 ], [ -98.19293656638402, 20.257546476163903 ], [ -98.193012847980896, 20.257695000586569 ], [ -98.192878946603514, 20.257878709558202 ], [ -98.192653221841951, 20.258085386808016 ], [ -98.192395674149822, 20.258217746996625 ], [ -98.192103361533384, 20.258216500552635 ], [ -98.191970304832154, 20.258137334394309 ], [ -98.191732828639516, 20.258088211970239 ], [ -98.191410602345243, 20.258006680303165 ], [ -98.191207926248822, 20.257973739880647 ], [ -98.191038529301821, 20.258016123336585 ], [ -98.190965635944877, 20.258144859370145 ], [ -98.190882211616227, 20.258296646826562 ], [ -98.190815017249633, 20.258363908101007 ], [ -98.190754956877399, 20.258424028111804 ], [ -98.190511259688449, 20.258469207871133 ], [ -98.190249761796579, 20.258444004512935 ], [ -98.190041963469071, 20.25831560413928 ], [ -98.189840267309677, 20.258268951530265 ], [ -98.189619889931933, 20.258259257887477 ], [ -98.189390563469644, 20.258253506585813 ], [ -98.189217121963992, 20.258324964493525 ], [ -98.188991642160786, 20.258237677749928 ], [ -98.188786345532108, 20.258228097199236 ], [ -98.188570736344218, 20.258331298296618 ], [ -98.188165615727968, 20.258396316332345 ], [ -98.187910898176852, 20.258339837994431 ], [ -98.187700775126387, 20.258295738586718 ], [ -98.187535059520599, 20.258398925650951 ], [ -98.187364048770903, 20.258465498912969 ], [ -98.187243384215108, 20.258456226700947 ], [ -98.186986841797264, 20.258436511952691 ], [ -98.186665052694252, 20.258439974105496 ], [ -98.186500746489628, 20.258512317686257 ], [ -98.186367146495726, 20.258646617712564 ], [ -98.186189772230549, 20.258894533158543 ], [ -98.186020726234403, 20.259135007241273 ], [ -98.185839977427591, 20.259214587722283 ], [ -98.185667575375561, 20.25928673541863 ], [ -98.185407697583074, 20.259295509924222 ], [ -98.185156991514205, 20.259266267382273 ], [ -98.184874949241234, 20.259198007944697 ], [ -98.184593554564927, 20.259106825183789 ], [ -98.184378080091477, 20.258979051378059 ], [ -98.184200823470377, 20.258872253531042 ], [ -98.183908625822198, 20.258721607832673 ], [ -98.183708653580879, 20.258597380880214 ], [ -98.183590456567146, 20.258468757503323 ], [ -98.183455115877123, 20.258372072424919 ] ] ], [ [ [ -98.196720251907678, 20.515552497719135 ], [ -98.194790756640913, 20.515504268137125 ], [ -98.194120380498489, 20.516397048416138 ], [ -98.192128664558325, 20.518470255025072 ], [ -98.189862074324523, 20.519019137150956 ], [ -98.187908171685052, 20.519578086593299 ], [ -98.186619646696428, 20.519849745903503 ], [ -98.184384858186235, 20.519185859455195 ], [ -98.182781478774956, 20.518841715784927 ], [ -98.181842400656009, 20.517908613632407 ], [ -98.180905741381068, 20.516975566748563 ], [ -98.180615234606293, 20.515754793575976 ], [ -98.180043860036989, 20.51331349065412 ], [ -98.180088045484595, 20.511495514647628 ], [ -98.18013332863076, 20.509979236931226 ], [ -98.180835641776454, 20.507873847278212 ], [ -98.181186105867212, 20.506973103142556 ], [ -98.180812675642514, 20.506897955049617 ], [ -98.179890470463349, 20.507244521677674 ], [ -98.176983072707827, 20.507473181147599 ], [ -98.175059829431248, 20.507123188003206 ], [ -98.171512510433018, 20.507335658379034 ], [ -98.170878733791412, 20.507018045363093 ], [ -98.169933679099131, 20.506386391807155 ], [ -98.166386371385371, 20.506598742601923 ], [ -98.164128371027132, 20.506848050270975 ], [ -98.161526122160481, 20.507689711257953 ], [ -98.158480689393855, 20.512770734292712 ], [ -98.154193459642315, 20.516302919799436 ], [ -98.151232530628718, 20.518655052732864 ], [ -98.149577362137336, 20.520130620982922 ], [ -98.147944291963057, 20.520998851431603 ], [ -98.146968444650511, 20.521278091135997 ], [ -98.145763947809982, 20.518516664248022 ], [ -98.146487957205139, 20.515502402818971 ], [ -98.147509414294177, 20.513706895008188 ], [ -98.152170882758, 20.508365275175731 ], [ -98.152882272394692, 20.505956298993475 ], [ -98.152934102301046, 20.50413625742479 ], [ -98.153331690416124, 20.501417687395705 ], [ -98.152857244743316, 20.495338333891365 ], [ -98.152332046803139, 20.491380719602379 ], [ -98.151767466909774, 20.488637849688569 ], [ -98.151172273197091, 20.486801469145494 ], [ -98.149937223970426, 20.484951168275778 ], [ -98.147839010654621, 20.479438639961256 ], [ -98.146336160995219, 20.475757956946502 ], [ -98.142567194904757, 20.472632227068711 ], [ -98.141284347323662, 20.472295768519682 ], [ -98.138728291512152, 20.471623063398397 ], [ -98.13522755603816, 20.470320731446431 ], [ -98.132997655686324, 20.469354552928468 ], [ -98.130472533312187, 20.467772975715356 ], [ -98.128253751029263, 20.46650534992412 ], [ -98.126033648186862, 20.465537050676499 ], [ -98.122837116769588, 20.464546107067189 ], [ -98.120614614950455, 20.463579935475295 ], [ -98.117442836275004, 20.461981652587511 ], [ -98.112666224572394, 20.460038378371468 ], [ -98.105614947696509, 20.458950795537181 ], [ -98.099870344882333, 20.457286263227306 ], [ -98.097665666776848, 20.455712356133763 ], [ -98.094827691564504, 20.453820503091045 ], [ -98.091997742145281, 20.45132094997177 ], [ -98.091370859812486, 20.450696990803127 ], [ -98.088600861842465, 20.446379896787622 ], [ -98.087808148354412, 20.440596271802082 ], [ -98.08859442608555, 20.435461125166558 ], [ -98.089686208355261, 20.4312410817091 ], [ -98.091722052452994, 20.427653149366172 ], [ -98.092074470254033, 20.426448788326269 ], [ -98.093744203338716, 20.424368771633215 ], [ -98.093485757336495, 20.422239230291858 ], [ -98.091654029505904, 20.41885586396323 ], [ -98.090746599249698, 20.416707380102945 ], [ -98.088853636467888, 20.415445307815464 ], [ -98.08793103368734, 20.413906525072033 ], [ -98.087006938252429, 20.412669349353443 ], [ -98.086397777570014, 20.411440273230149 ], [ -98.08514677846307, 20.410194675465075 ], [ -98.08388700445002, 20.40925275912933 ], [ -98.081658478171889, 20.408285876600623 ], [ -98.079698801397484, 20.405847133479845 ], [ -98.077783086936151, 20.406289902449892 ], [ -98.076782902862092, 20.406041663435232 ], [ -98.076780995978538, 20.406019565198573 ], [ -98.077068416198301, 20.404491434678285 ], [ -98.077256601667713, 20.40336483823744 ], [ -98.077317900547257, 20.403119760066975 ], [ -98.080398606892956, 20.401251729151252 ], [ -98.081619819190209, 20.400511198975956 ], [ -98.083813689375575, 20.399180814933629 ], [ -98.084629254425764, 20.398684094767905 ], [ -98.085498116338172, 20.398154904804507 ], [ -98.086148505809646, 20.397758772380428 ], [ -98.087312509150308, 20.39704980077364 ], [ -98.088375032687381, 20.396402624615984 ], [ -98.088433862864349, 20.395991087570533 ], [ -98.088604278516002, 20.394798961044327 ], [ -98.088645835126087, 20.394301632009128 ], [ -98.088669264179842, 20.394021237584813 ], [ -98.088609106828756, 20.393221388110085 ], [ -98.08858771359067, 20.392734939964285 ], [ -98.088573917665315, 20.392421255996851 ], [ -98.08858656060336, 20.391455765562579 ], [ -98.088634225716362, 20.390654581470049 ], [ -98.088648236747161, 20.390419083119575 ], [ -98.088988464229416, 20.389685325459727 ], [ -98.08938012770426, 20.389068707138204 ], [ -98.089797657735673, 20.388522430269916 ], [ -98.09041402068047, 20.387903257947219 ], [ -98.091105281419146, 20.3872832319698 ], [ -98.091748407951215, 20.386805021167966 ], [ -98.092519078033604, 20.386537262313134 ], [ -98.093159157747706, 20.386590824447836 ], [ -98.09389049743406, 20.386634756826716 ], [ -98.098301483425971, 20.383557029624455 ], [ -98.099029996965626, 20.383048690204991 ], [ -98.099732688464002, 20.382430824790116 ], [ -98.101500704222673, 20.380876199144708 ], [ -98.101937453334486, 20.38028357480065 ], [ -98.102043932633578, 20.376778143603147 ], [ -98.102085664495007, 20.375404231693707 ], [ -98.101882016364513, 20.375218111963505 ], [ -98.101978231583459, 20.375130096377983 ], [ -98.102314282482737, 20.374954248554079 ], [ -98.1030275870461, 20.374721149200525 ], [ -98.103341784802453, 20.374703034760174 ], [ -98.103635164477851, 20.374665080518579 ], [ -98.103950159272117, 20.374508854455261 ], [ -98.10432786335268, 20.374372679207386 ], [ -98.105333510182149, 20.374279185109234 ], [ -98.106067854397921, 20.37402645143192 ], [ -98.106781377551641, 20.373753875555817 ], [ -98.107283461557202, 20.373835368354065 ], [ -98.107742754864546, 20.374074484990434 ], [ -98.108388545043738, 20.373958288063974 ], [ -98.108021578296714, 20.373565020306192 ], [ -98.107953605483701, 20.373347233255075 ], [ -98.107933152038939, 20.372890508126979 ], [ -98.107841975976569, 20.372694343976573 ], [ -98.107843601758191, 20.372411680082717 ], [ -98.108099429288004, 20.372065086183522 ], [ -98.108078975674886, 20.37160835703245 ], [ -98.107906629406784, 20.371128987809534 ], [ -98.10785185032384, 20.37097662238838 ], [ -98.107647174530612, 20.370453722020169 ], [ -98.107441743209861, 20.370061279465588 ], [ -98.107257896253969, 20.369929873872724 ], [ -98.106820534226458, 20.369672103793793 ], [ -98.10662680586961, 20.369477153539194 ], [ -98.106543505890713, 20.369257638658912 ], [ -98.106524310193734, 20.368918951368595 ], [ -98.106738242485321, 20.368481871470557 ], [ -98.106696875817264, 20.368322322517308 ], [ -98.106740305109014, 20.368123375408555 ], [ -98.106888979966257, 20.368004633008109 ], [ -98.107376016041911, 20.367867705616494 ], [ -98.107940272969643, 20.367586696638508 ], [ -98.108284084406094, 20.367266285668254 ], [ -98.109022316111847, 20.366972671896068 ], [ -98.109259763357002, 20.366849974094436 ], [ -98.109497784357174, 20.366628148448324 ], [ -98.109841021501936, 20.366406861823176 ], [ -98.110288905715791, 20.366285232923634 ], [ -98.110683469378188, 20.366287243492295 ], [ -98.111051587691904, 20.366313902153557 ], [ -98.111421266751435, 20.366067962908545 ], [ -98.111500889580554, 20.365944458475333 ], [ -98.111765775864995, 20.365623638462836 ], [ -98.111951606370624, 20.365327199741259 ], [ -98.112163738923968, 20.365030891865466 ], [ -98.113060486475135, 20.364614156548441 ], [ -98.113986498063085, 20.364223848887821 ], [ -98.114185148911247, 20.364140117698252 ], [ -98.114637356255514, 20.363906425446963 ], [ -98.114972935978599, 20.363624943154843 ], [ -98.115207881337724, 20.363421614327901 ], [ -98.115609902654924, 20.363203396169897 ], [ -98.115646391516762, 20.363107374709561 ], [ -98.115593732764964, 20.36301093812369 ], [ -98.11552877897067, 20.362946700332039 ], [ -98.115413947980514, 20.362928391805578 ], [ -98.115298758062679, 20.36292127211296 ], [ -98.115172421730776, 20.362885840549733 ], [ -98.115072250287724, 20.362780832642752 ], [ -98.115017189559552, 20.362704570707045 ], [ -98.114956640222175, 20.362635033051994 ], [ -98.114898882872936, 20.362566118277282 ], [ -98.114782822271764, 20.362488205902508 ], [ -98.114673094698233, 20.362360361433101 ], [ -98.114570338147317, 20.362209228406432 ], [ -98.114506308960244, 20.362017701827671 ], [ -98.114289300941465, 20.361828814480134 ], [ -98.114252005669982, 20.361575651360692 ], [ -98.114285511218426, 20.361182940174015 ], [ -98.114085762220242, 20.361071797096439 ], [ -98.113780939797692, 20.361164807726524 ], [ -98.113434262221787, 20.361115688683547 ], [ -98.113331308172519, 20.360898616925883 ], [ -98.113307046119502, 20.360277257446313 ], [ -98.113293468345759, 20.359897724521684 ], [ -98.113343446463389, 20.359507481707439 ], [ -98.113440015862622, 20.359368536700895 ], [ -98.113551810820795, 20.359207683616106 ], [ -98.113493034911798, 20.358340328440168 ], [ -98.113327282449461, 20.357733352385701 ], [ -98.113115278582384, 20.356848382667561 ], [ -98.112503779771416, 20.354295728776712 ], [ -98.113130165233187, 20.354485894050338 ], [ -98.113834621367175, 20.354511627891949 ], [ -98.114367148437424, 20.354290802854386 ], [ -98.114734682558534, 20.353951269450302 ], [ -98.115178481496898, 20.353647407823686 ], [ -98.115574116873916, 20.353803659669815 ], [ -98.115951762755103, 20.353542786085587 ], [ -98.116305849387842, 20.353345466095334 ], [ -98.116539948751196, 20.352549489411999 ], [ -98.116613016407698, 20.351682902196924 ], [ -98.116410418192004, 20.351360784372083 ], [ -98.116275050108825, 20.351199553126328 ], [ -98.116241891666618, 20.351038839134699 ], [ -98.116446498529598, 20.351007764087438 ], [ -98.11669254388282, 20.351143364632478 ], [ -98.116873708364068, 20.351170106753553 ], [ -98.117074154202214, 20.351041586364396 ], [ -98.117222237199059, 20.350983583602197 ], [ -98.1173599378929, 20.350986415453875 ], [ -98.117401580799665, 20.350819935705761 ], [ -98.117369150999394, 20.350530784208772 ], [ -98.117405411803063, 20.350145654296529 ], [ -98.117945677502803, 20.35020125914459 ], [ -98.118281353356167, 20.350487500636714 ], [ -98.118590377558661, 20.350578170599977 ], [ -98.119211302391534, 20.350478729336029 ], [ -98.119667439926999, 20.350150274954817 ], [ -98.120055307548682, 20.349854660627056 ], [ -98.120552471801247, 20.349374201629939 ], [ -98.12186933568988, 20.349149521924737 ], [ -98.122708264415877, 20.348756729505705 ], [ -98.123367406259831, 20.348659850244328 ], [ -98.123999895521081, 20.348502834523064 ], [ -98.124589338002551, 20.347976795502785 ], [ -98.125158730811009, 20.347308410707157 ], [ -98.125679896427172, 20.346640882616985 ], [ -98.1261840044221, 20.346296346256793 ], [ -98.126893928716967, 20.345069427738714 ], [ -98.127194671484702, 20.344392888431859 ], [ -98.125407529482999, 20.343293057741061 ], [ -98.124768189628909, 20.34221434438783 ], [ -98.124238406269754, 20.3414807628136 ], [ -98.12447626505444, 20.340816859834664 ], [ -98.124942633056122, 20.339752210171508 ], [ -98.126299256996646, 20.337012926709793 ], [ -98.126835502865831, 20.336231014640205 ], [ -98.127228235858666, 20.336298360308568 ], [ -98.127598332315372, 20.336278414200272 ], [ -98.127946646906992, 20.336018620831172 ], [ -98.128131025310793, 20.336128510681842 ], [ -98.128568373348642, 20.336441715494711 ], [ -98.128639361809249, 20.336585860974605 ], [ -98.128769800625761, 20.336779617314892 ], [ -98.128945447844373, 20.336818782242769 ], [ -98.12917576057292, 20.336748323263084 ], [ -98.129358353596288, 20.336544831482751 ], [ -98.12939433470099, 20.336316786671212 ], [ -98.129465124206533, 20.336159011229881 ], [ -98.129651146341629, 20.336109513801723 ], [ -98.130128304575521, 20.336170701027054 ], [ -98.130932518184977, 20.336381324130368 ], [ -98.131310551099631, 20.336522804366194 ], [ -98.131528628920336, 20.336528354134579 ], [ -98.131792344338081, 20.336399447513216 ], [ -98.132118907330323, 20.336346516434361 ], [ -98.132471826785647, 20.336179573889222 ], [ -98.132580113032759, 20.336014533257391 ], [ -98.132622265983457, 20.335822705776533 ], [ -98.132948079377059, 20.335483285718333 ], [ -98.133323044538486, 20.33499454842352 ], [ -98.133719351221004, 20.334640801986982 ], [ -98.134096838953397, 20.334357763282028 ], [ -98.134509053547305, 20.334208267474576 ], [ -98.134777950090069, 20.334060513146305 ], [ -98.135166062982378, 20.334000571935533 ], [ -98.13601702826702, 20.33393105866277 ], [ -98.136404160695051, 20.333880827579307 ], [ -98.136572404548019, 20.333759907906849 ], [ -98.136761010687465, 20.333669562822067 ], [ -98.137165801255293, 20.333632297166339 ], [ -98.137544082359568, 20.333591600970639 ], [ -98.138113611815001, 20.33339855666765 ], [ -98.138480246388497, 20.333055143794869 ], [ -98.138714191116762, 20.332766677181496 ], [ -98.139158673986685, 20.332704358728918 ], [ -98.139503548740549, 20.332786725748324 ], [ -98.139690189831228, 20.332938666534314 ], [ -98.140045477453427, 20.332995983867239 ], [ -98.140326793202632, 20.333216043930534 ], [ -98.140615481126957, 20.333419905863177 ], [ -98.141051004901612, 20.333639060917385 ], [ -98.14166921592745, 20.33378767323596 ], [ -98.142027312266009, 20.333761936680499 ], [ -98.142504594368546, 20.333878532671111 ], [ -98.142727599367802, 20.334052528921823 ], [ -98.142886852926864, 20.334085591114363 ], [ -98.143069044761717, 20.333962513662719 ], [ -98.143274065315268, 20.333986563966381 ], [ -98.143745388243104, 20.334226345308632 ], [ -98.144211065071175, 20.334471168116192 ], [ -98.144557895708814, 20.334679570722535 ], [ -98.14501466189283, 20.334783027362377 ], [ -98.145259108375456, 20.334270834456589 ], [ -98.145413073860624, 20.333756338062472 ], [ -98.144848342585107, 20.33364822327561 ], [ -98.144264054226497, 20.333708248824511 ], [ -98.143953282469369, 20.333791561786828 ], [ -98.143695155595879, 20.333746021207254 ], [ -98.143367412446281, 20.333545163966374 ], [ -98.14313362628809, 20.333344770423452 ], [ -98.143088111774333, 20.333078886384286 ], [ -98.143254360572669, 20.332747620969826 ], [ -98.14330268003981, 20.332504333427476 ], [ -98.143114897253426, 20.332481275668343 ], [ -98.142786180819073, 20.332457525430229 ], [ -98.142622983054039, 20.332235335779878 ], [ -98.14264793850478, 20.33196979585713 ], [ -98.14295364970836, 20.33190488117949 ], [ -98.143461125073458, 20.332020321630949 ], [ -98.143679899138462, 20.331942239802217 ], [ -98.144100388067514, 20.33183348780269 ], [ -98.144240763009066, 20.331767262189597 ], [ -98.144365496375315, 20.331573184749963 ], [ -98.144454095747136, 20.331116143539241 ], [ -98.144686543040251, 20.330808381145232 ], [ -98.144911445011317, 20.330548889231878 ], [ -98.145140040230842, 20.330440148332173 ], [ -98.145455278934634, 20.330509473886544 ], [ -98.145778960199834, 20.330467047424534 ], [ -98.146131249643915, 20.330436953325442 ], [ -98.146610218647524, 20.330255563192548 ], [ -98.147007575769223, 20.330256925186863 ], [ -98.147541501537901, 20.330331413740694 ], [ -98.148019024211791, 20.330439287115706 ], [ -98.148604133894466, 20.330663087599461 ], [ -98.148986081390149, 20.330881739072129 ], [ -98.149463170899111, 20.330837755537033 ], [ -98.149932539315472, 20.330970703702022 ], [ -98.150478596522063, 20.331278564762854 ], [ -98.15096248464377, 20.331439011760402 ], [ -98.151508043622272, 20.331468425733881 ], [ -98.151998269428205, 20.331304267943786 ], [ -98.152350613035338, 20.331487655772573 ], [ -98.152895686013863, 20.331671977180935 ], [ -98.153280978960325, 20.331704122223396 ], [ -98.1536015343504, 20.331826794393333 ], [ -98.154082696564359, 20.331950242787567 ], [ -98.154627772857239, 20.33213455622176 ], [ -98.155205797528737, 20.332167631977711 ], [ -98.155430810895865, 20.332138438101328 ], [ -98.156105033717139, 20.332202253348193 ], [ -98.156554243860597, 20.332295262390392 ], [ -98.156875131799339, 20.332357370925997 ], [ -98.157195857014202, 20.332449755851318 ], [ -98.157613435948392, 20.332451768076552 ], [ -98.157846753826959, 20.332314065464033 ], [ -98.15822735951599, 20.331977631758193 ], [ -98.158747617300079, 20.331623077413756 ], [ -98.159049191184835, 20.331154714681727 ], [ -98.159310184340882, 20.330817702925348 ], [ -98.159570967751023, 20.330518276377816 ], [ -98.159890950086094, 20.330331888279581 ], [ -98.160370518112373, 20.330127471805319 ], [ -98.160910395425333, 20.329829383131209 ], [ -98.161410604116284, 20.329493516594688 ], [ -98.161690708343855, 20.329306934395689 ], [ -98.161951287426106, 20.329045086331593 ], [ -98.162353130898367, 20.328464443229738 ], [ -98.162553691743881, 20.328239891783078 ], [ -98.162874070902234, 20.327978329297924 ], [ -98.16325354732291, 20.327848598485122 ], [ -98.163838565944474, 20.327892441684916 ], [ -98.164103039020034, 20.328025478683436 ], [ -98.164206129142542, 20.328233428905854 ], [ -98.164334999039895, 20.328418337070609 ], [ -98.164626064073445, 20.328796878786733 ], [ -98.16523714907494, 20.329692852409046 ], [ -98.165516727418648, 20.329854896360935 ], [ -98.165671724186936, 20.329866494991485 ], [ -98.166184880975123, 20.329904895946932 ], [ -98.16668178619112, 20.330091308931816 ], [ -98.167041884937788, 20.330410856263679 ], [ -98.167450092742982, 20.33064137936665 ], [ -98.167609239956292, 20.330769707394932 ], [ -98.167722870692458, 20.330861389752851 ], [ -98.1680505401971, 20.331070456342061 ], [ -98.168359110843355, 20.331338059066553 ], [ -98.168832986315721, 20.331553231289657 ], [ -98.169116094707235, 20.331785208004561 ], [ -98.169337815536238, 20.332009632034346 ], [ -98.169494753922436, 20.332320212351867 ], [ -98.169671541806309, 20.33231457880818 ], [ -98.170187689629614, 20.332280515004349 ], [ -98.170207386742888, 20.33227921512507 ], [ -98.17038640854399, 20.332355233010453 ], [ -98.170487196251742, 20.3324586873598 ], [ -98.170659687774091, 20.332635744152647 ], [ -98.17103520669032, 20.332946784448612 ], [ -98.171427100899948, 20.332996557349549 ], [ -98.171681281585137, 20.33320817491591 ], [ -98.171923060403373, 20.333430879751475 ], [ -98.172385856960531, 20.333421704662769 ], [ -98.172762685991131, 20.33345661414079 ], [ -98.173104124175296, 20.333597419838163 ], [ -98.173567495626543, 20.333808571861908 ], [ -98.174240505043016, 20.334129752037278 ], [ -98.174757428563723, 20.334195792763072 ], [ -98.175093319015545, 20.334472979379544 ], [ -98.175384110475548, 20.334771150252198 ], [ -98.17580995782599, 20.335048759825927 ], [ -98.176146408636598, 20.335219944796926 ], [ -98.176775457111773, 20.335350108767237 ], [ -98.177788659560619, 20.335442178811686 ], [ -98.178345617244261, 20.335739577704164 ], [ -98.179357240060909, 20.335843029257703 ], [ -98.179985135982989, 20.335911775813344 ], [ -98.180263883177389, 20.336011782628631 ], [ -98.181143439874049, 20.336459290122956 ], [ -98.18130811132535, 20.336543073461446 ], [ -98.181382933865919, 20.336500154929681 ], [ -98.181763254260815, 20.336282005675262 ], [ -98.181627603052164, 20.335524677881477 ], [ -98.181490985965738, 20.334964742552362 ], [ -98.18083093885501, 20.334369455579292 ], [ -98.180344242381906, 20.334005242165649 ], [ -98.179753014878699, 20.333607672008149 ], [ -98.179407443610643, 20.332948055875356 ], [ -98.179236085123847, 20.332355056603397 ], [ -98.179274583684972, 20.331664343432212 ], [ -98.179417164162516, 20.33110571818986 ], [ -98.179594423231777, 20.330580154290185 ], [ -98.179805738338885, 20.330219249098331 ], [ -98.179823787698751, 20.329688022305998 ], [ -98.179686354433741, 20.329491524279955 ], [ -98.179378330997537, 20.328804592076004 ], [ -98.179380741788734, 20.328347623436549 ], [ -98.179486638484619, 20.327956414082671 ], [ -98.179626897355959, 20.327630637992314 ], [ -98.179697886521467, 20.327304571486895 ], [ -98.179665662319806, 20.326847406078866 ], [ -98.179563480892568, 20.326520527146346 ], [ -98.179471372188232, 20.326344647317285 ], [ -98.179392105570045, 20.32619328882685 ], [ -98.179221690861596, 20.325670201692148 ], [ -98.179149470282425, 20.325549166880563 ], [ -98.178895365516027, 20.325123312912925 ], [ -98.178695456588812, 20.324548542528898 ], [ -98.178563287012935, 20.32395271074536 ], [ -98.178497232985507, 20.323654929941046 ], [ -98.17856641657886, 20.323368355911104 ], [ -98.178636874189138, 20.322826701611046 ], [ -98.178439734510192, 20.32174183981985 ], [ -98.178301315385127, 20.321496627730646 ], [ -98.178205156052343, 20.321326278262937 ], [ -98.177936647747501, 20.320942438186034 ], [ -98.177871578745467, 20.32046390965899 ], [ -98.178009199649807, 20.320018250538556 ], [ -98.178501856835439, 20.31932675660034 ], [ -98.178534242758531, 20.318954688245221 ], [ -98.178511771169624, 20.318660260388025 ], [ -98.178477401710822, 20.318209946309459 ], [ -98.178540891207987, 20.31769487308939 ], [ -98.178970892794041, 20.316780613937585 ], [ -98.178973762565874, 20.316236605883685 ], [ -98.178916013524983, 20.31566369542616 ], [ -98.178980709131523, 20.314919523787136 ], [ -98.179117353266719, 20.314343117191591 ], [ -98.179283471668313, 20.313756357612831 ], [ -98.179537001276501, 20.312785786965314 ], [ -98.179393146967143, 20.312605664632983 ], [ -98.179098466604913, 20.311780573627786 ], [ -98.178959209113742, 20.311675071834735 ], [ -98.178673817806441, 20.311569170637636 ], [ -98.178566176312444, 20.311487078738075 ], [ -98.178354305693532, 20.311242424774221 ], [ -98.178203707210216, 20.311009826553271 ], [ -98.178122647175783, 20.310729041772294 ], [ -98.178071799011377, 20.31058273767842 ], [ -98.177969773209327, 20.310338793509786 ], [ -98.177894750732477, 20.309875877128675 ], [ -98.177923038321651, 20.309413447082726 ], [ -98.178105667072842, 20.309049106939614 ], [ -98.17841790801063, 20.308612377655933 ], [ -98.178625738290265, 20.308369887872956 ], [ -98.178808180384664, 20.308054245649064 ], [ -98.178888339911069, 20.307543358726953 ], [ -98.178890007986482, 20.307226903601116 ], [ -98.17886608805459, 20.306861593000033 ], [ -98.178687371040994, 20.306471223092313 ], [ -98.178534756822557, 20.306032311144111 ], [ -98.17857184094818, 20.30549753282282 ], [ -98.178696805801906, 20.305132116313853 ], [ -98.178849544293328, 20.304977094597323 ], [ -98.179030500101049, 20.304778295505976 ], [ -98.179195283303812, 20.304674417286908 ], [ -98.179474058264077, 20.30449613109506 ], [ -98.179928154932099, 20.304202890571048 ], [ -98.180269425753337, 20.303858719078914 ], [ -98.180420047455343, 20.30344929405021 ], [ -98.18024158979496, 20.302950961033819 ], [ -98.180025330601822, 20.302484857287801 ], [ -98.179949920048017, 20.302094973202294 ], [ -98.180037013411734, 20.301583622341251 ], [ -98.180132765757406, 20.300889134230815 ], [ -98.180047964418122, 20.300425825445227 ], [ -98.179941126804238, 20.299972209603776 ], [ -98.17983455626613, 20.299489482359817 ], [ -98.179610523832693, 20.29914444160271 ], [ -98.179406859116909, 20.298901916972429 ], [ -98.178793068405142, 20.298705817771015 ], [ -98.178660693507354, 20.298340372627713 ], [ -98.178521302990845, 20.297748438510073 ], [ -98.178215720170513, 20.297513405905228 ], [ -98.178130887757703, 20.297264375134056 ], [ -98.178136474376302, 20.297066630128299 ], [ -98.178260282589662, 20.296522342480067 ], [ -98.178258442935814, 20.295966219832724 ], [ -98.178196042476287, 20.295557188434081 ], [ -98.178067823735603, 20.294825840040588 ], [ -98.17837999036179, 20.294472986072314 ], [ -98.179077566748418, 20.293808366754149 ], [ -98.179303326226375, 20.293761172928665 ], [ -98.179566356943397, 20.293813106172575 ], [ -98.179957879712958, 20.294140168904878 ], [ -98.180445722076257, 20.294462109815779 ], [ -98.180834692992306, 20.294581985117784 ], [ -98.181157910296903, 20.294537019892374 ], [ -98.181520075047473, 20.294538528418226 ], [ -98.181755550546825, 20.294701702246872 ], [ -98.182005883815691, 20.294735048578186 ], [ -98.182308748660574, 20.294688534587365 ], [ -98.182665951240438, 20.294751629689053 ], [ -98.183035789091008, 20.294875937052709 ], [ -98.183329370343046, 20.294903604016675 ], [ -98.183611098277495, 20.294843027130145 ], [ -98.183840756649317, 20.294591700716559 ], [ -98.184117419863242, 20.294237133872077 ], [ -98.184343631390959, 20.294140905872997 ], [ -98.184615679373437, 20.294208882065416 ], [ -98.185113503649134, 20.294452376109955 ], [ -98.185343595242045, 20.29472990926574 ], [ -98.185676711970174, 20.294905740824465 ], [ -98.185794859769516, 20.29491366341427 ], [ -98.186087094201156, 20.294933259732666 ], [ -98.186429054400492, 20.294795465254555 ], [ -98.186712418241001, 20.294466782857949 ], [ -98.186869897466863, 20.294066062495823 ], [ -98.18717129271424, 20.293746441250967 ], [ -98.187587273871657, 20.29365325778712 ], [ -98.188172373989431, 20.293728454547765 ], [ -98.188740266814392, 20.294088544099576 ], [ -98.189091265893126, 20.294330798258311 ], [ -98.189523419032071, 20.294487942806803 ], [ -98.18994418495565, 20.294410832361933 ], [ -98.190155933561329, 20.294167180895801 ], [ -98.190286964454245, 20.294016407801276 ], [ -98.190412553301428, 20.293469284823296 ], [ -98.190467781943127, 20.29253815916411 ], [ -98.190655538401586, 20.292132349481722 ], [ -98.191073511915846, 20.29165411054548 ], [ -98.191448056395785, 20.291355122134988 ], [ -98.191735981227225, 20.291319973195158 ], [ -98.192135087895139, 20.291257028490556 ], [ -98.192493623736041, 20.291168756002584 ], [ -98.192965720959052, 20.291195264631845 ], [ -98.19334187280333, 20.291170005956108 ], [ -98.193704696519504, 20.291095842767131 ], [ -98.194151166683284, 20.290926643979201 ], [ -98.194483337696226, 20.290837364639987 ], [ -98.194751531287295, 20.290875020504448 ], [ -98.194919358040238, 20.290978239862451 ], [ -98.195049690307428, 20.29124760628083 ], [ -98.195180893877335, 20.291486045099596 ], [ -98.195375153697739, 20.291583737527262 ], [ -98.195591621368862, 20.291587319764652 ], [ -98.196125356251528, 20.291614675769512 ], [ -98.196489052096609, 20.291616781293758 ], [ -98.196859446724261, 20.291734904775666 ], [ -98.197247012355675, 20.291737580424048 ], [ -98.197825867678304, 20.291616978504045 ], [ -98.198189128034159, 20.291465812753017 ], [ -98.198583883594438, 20.291538001758315 ], [ -98.199011426110033, 20.291789077979555 ], [ -98.199365168664471, 20.291975983280693 ], [ -98.199656338429875, 20.292036685695102 ], [ -98.20011993694763, 20.292012661713322 ], [ -98.200447531430569, 20.292100444994038 ], [ -98.201190897021036, 20.292587842143444 ], [ -98.202175101768844, 20.293356417939872 ], [ -98.202790495041597, 20.293779455391189 ], [ -98.203342973428761, 20.294111446777887 ], [ -98.203750379331666, 20.294376177477723 ], [ -98.203994158358867, 20.29462771830724 ], [ -98.204223753358946, 20.294697095120711 ], [ -98.204892986523063, 20.294913806238966 ], [ -98.205412374918097, 20.295215735244348 ], [ -98.205684340631848, 20.295644215248135 ], [ -98.206034609583341, 20.296042214426542 ], [ -98.206305035552731, 20.296219258096716 ], [ -98.20649988792033, 20.296238836035684 ], [ -98.206718531578588, 20.29610685390022 ], [ -98.206948299943349, 20.295852172448541 ], [ -98.207216858532348, 20.295660705908123 ], [ -98.20776439347766, 20.295652581747071 ], [ -98.208235119288219, 20.295635266133697 ], [ -98.208716777348627, 20.295502001275022 ], [ -98.208998705192613, 20.2952741049791 ], [ -98.209346239646834, 20.29475027486048 ], [ -98.209692138245202, 20.294284768981047 ], [ -98.209909489366353, 20.293841142611942 ], [ -98.210007669853383, 20.293489762466006 ], [ -98.210298384870754, 20.293361726469268 ], [ -98.210935262440941, 20.293492073444853 ], [ -98.211523357909044, 20.293392268035532 ], [ -98.212179696020272, 20.293221300393146 ], [ -98.212662586641457, 20.292897836707105 ], [ -98.213065469437709, 20.292563541947924 ], [ -98.213544436005364, 20.292522498119297 ], [ -98.214091053089277, 20.292575849839082 ], [ -98.214619571029615, 20.292271162701873 ], [ -98.215038697494364, 20.29185780957641 ], [ -98.215505718246817, 20.291503770426981 ], [ -98.215948235497422, 20.291456582984782 ], [ -98.216192813332896, 20.291545831670458 ], [ -98.216376808545832, 20.291907964833239 ], [ -98.2166816905019, 20.292364584467634 ], [ -98.216961901419921, 20.292598312509529 ], [ -98.217493185679189, 20.292820101066994 ], [ -98.217950066087525, 20.292876157200226 ], [ -98.21845226441107, 20.292724784316881 ], [ -98.218820194919886, 20.29258153493759 ], [ -98.219193056582242, 20.292610744921973 ], [ -98.219497323836791, 20.292824289630147 ], [ -98.219775627008787, 20.292957453157804 ], [ -98.220154377977138, 20.292940919023167 ], [ -98.220466631550266, 20.29307853320104 ], [ -98.220709613078554, 20.293084575855495 ], [ -98.220953039473798, 20.293075347318194 ], [ -98.221458384552903, 20.293263581911621 ], [ -98.221855485709966, 20.293556057945473 ], [ -98.222263435760183, 20.293749502692791 ], [ -98.222607507277573, 20.293862073783796 ], [ -98.222916887799357, 20.293907709839182 ], [ -98.223242765718609, 20.293980862034203 ], [ -98.223491619188394, 20.294133421722211 ], [ -98.223678923983073, 20.294430817294131 ], [ -98.223940975691818, 20.294716875258189 ], [ -98.224090462242685, 20.294772662255145 ], [ -98.224175386891346, 20.294804355406665 ], [ -98.224263809702407, 20.294948092173122 ], [ -98.224480912253185, 20.295035140923936 ], [ -98.224767577816095, 20.295113035842146 ], [ -98.224999415258054, 20.295086134660544 ], [ -98.225291372698848, 20.294890759814756 ], [ -98.225791180160996, 20.294701247593483 ], [ -98.226245890805927, 20.294650399512101 ], [ -98.226588907901132, 20.29458536196643 ], [ -98.22696642012734, 20.294620840114003 ], [ -98.227272345260886, 20.294741530854775 ], [ -98.227591206815205, 20.294767760396283 ], [ -98.227823942140262, 20.294655513032279 ], [ -98.228016062844404, 20.29450293373247 ], [ -98.228334418952826, 20.294500997419611 ], [ -98.228750777307752, 20.294600133731272 ], [ -98.229143903996274, 20.294651985137843 ], [ -98.22931834169465, 20.294803632124587 ], [ -98.229446585749173, 20.295010258587514 ], [ -98.229745745002461, 20.295228140645836 ], [ -98.229930174551441, 20.295288842535868 ], [ -98.230214228300127, 20.295246776708989 ], [ -98.230507593255453, 20.295284559947895 ], [ -98.230703680006812, 20.295423304591733 ], [ -98.230817600674712, 20.295679021485515 ], [ -98.230934677883695, 20.295820767237029 ], [ -98.231195796793571, 20.295891703895034 ], [ -98.231593180998345, 20.296022436822632 ], [ -98.231887741448872, 20.296227824240908 ], [ -98.232045677781187, 20.296477583479074 ], [ -98.23213297804935, 20.29676002936575 ], [ -98.232089669614197, 20.297033626808187 ], [ -98.231934666456141, 20.297259609010155 ], [ -98.231932782466373, 20.297509122370538 ], [ -98.232060263727803, 20.297866671111063 ], [ -98.23218393093525, 20.298269187251861 ], [ -98.232390710014471, 20.298800873849114 ], [ -98.232433573872967, 20.299337566218547 ], [ -98.232500488481705, 20.299822744816563 ], [ -98.232589828332891, 20.300089342074735 ], [ -98.232580187063917, 20.300435533937176 ], [ -98.232671537124219, 20.300629243827803 ], [ -98.232947336237302, 20.300800176486536 ], [ -98.233246806904447, 20.300816718009237 ], [ -98.233809248560604, 20.300611135485955 ], [ -98.234152964774282, 20.300888728625523 ], [ -98.234477643486585, 20.3014556273842 ], [ -98.234822532850572, 20.301691852611487 ], [ -98.234936634069442, 20.301932706361448 ], [ -98.235029107397139, 20.302555941078403 ], [ -98.235243144846322, 20.302757874738184 ], [ -98.235407906785397, 20.302963974869087 ], [ -98.235596267864338, 20.303236355354951 ], [ -98.235878131951679, 20.30331718361894 ], [ -98.236141691908969, 20.303351411031183 ], [ -98.236206128153242, 20.303500710285494 ], [ -98.236196374453058, 20.303851268083346 ], [ -98.23626546152326, 20.304185322480734 ], [ -98.236406264844916, 20.3042935261422 ], [ -98.236476473615269, 20.304347479373416 ], [ -98.237085024697308, 20.30435900689362 ], [ -98.237765982193935, 20.304384106694027 ], [ -98.23827712419569, 20.30454498013027 ], [ -98.238591761897538, 20.304544533463329 ], [ -98.239140071076349, 20.304311055490956 ], [ -98.239649859037357, 20.304085900411113 ], [ -98.240348230383702, 20.304079678175398 ], [ -98.241008904256859, 20.30408427824279 ], [ -98.241440966975816, 20.303998593107575 ], [ -98.24183689566398, 20.304017611755668 ], [ -98.242220737610921, 20.304119347611735 ], [ -98.242395775287946, 20.303985307706185 ], [ -98.242385324185776, 20.303832853026204 ], [ -98.24256193060296, 20.30366762024607 ], [ -98.242905602289582, 20.303576747798257 ], [ -98.24308909983057, 20.303446858583204 ], [ -98.24315967962302, 20.30313882447879 ], [ -98.243308571408505, 20.302914548465214 ], [ -98.244251199753663, 20.302312542476724 ], [ -98.244710378539764, 20.301920246427976 ], [ -98.245261565664663, 20.301802436572078 ], [ -98.24589707042918, 20.301517752022697 ], [ -98.246586659758563, 20.301210083135828 ], [ -98.247295136360947, 20.301274711116786 ], [ -98.247866549287536, 20.301134802831346 ], [ -98.248285668717116, 20.301145149434056 ], [ -98.249359329085436, 20.301365048002026 ], [ -98.25074474706139, 20.301814188877792 ], [ -98.251173663334654, 20.301892846011356 ], [ -98.251997479746151, 20.301875509464455 ], [ -98.252284751571665, 20.301709963532886 ], [ -98.252427822969011, 20.301419847312324 ], [ -98.252804766268511, 20.301311685828829 ], [ -98.253356006185527, 20.301286126404083 ], [ -98.254029648831747, 20.30134188082198 ], [ -98.254269112507558, 20.301271296264069 ], [ -98.254507330819749, 20.301074378161832 ], [ -98.254548243467767, 20.301040558397752 ], [ -98.254985227643246, 20.300505677721279 ], [ -98.255576761009962, 20.300037369532397 ], [ -98.255938305850535, 20.299516670106335 ], [ -98.256368806690688, 20.2991923777283 ], [ -98.256634054626375, 20.298845284378924 ], [ -98.257013860741338, 20.298625723203518 ], [ -98.257417550392603, 20.298556423644865 ], [ -98.257571117361337, 20.298130509718597 ], [ -98.257613904579756, 20.297439774811398 ], [ -98.257545721616495, 20.296563791374634 ], [ -98.257100163270337, 20.295645010620216 ], [ -98.257094871473967, 20.294769942143379 ], [ -98.256934481131069, 20.293822861077707 ], [ -98.256526442097211, 20.292629902920481 ], [ -98.256092640465411, 20.291751214546924 ], [ -98.25606432606159, 20.291614717445288 ], [ -98.256050596651377, 20.291464588707118 ], [ -98.256045010418163, 20.291189985632823 ], [ -98.256001413171347, 20.290848613254784 ], [ -98.255980036474767, 20.290581984668943 ], [ -98.255959242074681, 20.290208721297759 ], [ -98.25598344662248, 20.289867637166747 ], [ -98.256008028407834, 20.289462614504014 ], [ -98.25599868873968, 20.289046738404938 ], [ -98.255988534759084, 20.288801470158479 ], [ -98.255991638604996, 20.288151096712298 ], [ -98.256028947724303, 20.287436928222604 ], [ -98.256031186862018, 20.2869678000481 ], [ -98.256082491317642, 20.286602415154338 ], [ -98.256198170110864, 20.286293649173977 ], [ -98.256366730889852, 20.285948177221456 ], [ -98.256585023711096, 20.285676347426257 ], [ -98.256878465255639, 20.285473744891132 ], [ -98.257056347959406, 20.285382516738586 ], [ -98.257292190593972, 20.285306977960389 ], [ -98.257795694408529, 20.285293805990481 ], [ -98.258144593643962, 20.285348860874777 ], [ -98.258339694201624, 20.285303763209861 ], [ -98.258534717357733, 20.285273974077732 ], [ -98.258900148689094, 20.285267864959877 ], [ -98.258988702829257, 20.285428973451477 ], [ -98.259118366160735, 20.285483099066575 ], [ -98.259483835539399, 20.285469338207676 ], [ -98.25977017412616, 20.285633128299814 ], [ -98.259987030498948, 20.285745035195038 ], [ -98.260122892270431, 20.285745609443079 ], [ -98.260231780773211, 20.285703378439329 ], [ -98.260322640771733, 20.285643998835926 ], [ -98.26043189937667, 20.285524933123984 ], [ -98.260478480842579, 20.285251921239126 ], [ -98.260614423770534, 20.285235419378388 ], [ -98.260705444641317, 20.285141888187301 ], [ -98.260706214323321, 20.284979673293218 ], [ -98.260734517992333, 20.284740738069129 ], [ -98.2609604722211, 20.284547499374536 ], [ -98.261051159754928, 20.284346269966036 ], [ -98.261175290822564, 20.284198710951554 ], [ -98.261243572743822, 20.283998028732352 ], [ -98.26135698674797, 20.28374465322711 ], [ -98.261458924977205, 20.283544113253701 ], [ -98.26156101874804, 20.283311840068929 ], [ -98.26158666825755, 20.282962893217913 ], [ -98.261725539614531, 20.282587550898089 ], [ -98.261975850139265, 20.282365399327748 ], [ -98.262188488305156, 20.282201826267549 ], [ -98.262351169759526, 20.282061539025111 ], [ -98.262314562700411, 20.281896916772773 ], [ -98.262427614924363, 20.281709429766263 ], [ -98.262640756309409, 20.281440127411752 ], [ -98.26289200352636, 20.281018268463608 ], [ -98.263134187561036, 20.280420993843077 ], [ -98.263324101263009, 20.279895561382315 ], [ -98.264014465730284, 20.280666265880193 ], [ -98.266248846702226, 20.281911732668409 ], [ -98.270024955446104, 20.282244843499871 ], [ -98.274344890236677, 20.281157999290627 ], [ -98.276372971888648, 20.280733756860489 ], [ -98.279157641718342, 20.280325747472602 ], [ -98.282194535959619, 20.279921590947072 ], [ -98.283468441547484, 20.279478802068567 ], [ -98.284255919649695, 20.278545624109569 ], [ -98.287527010635372, 20.278625574382414 ], [ -98.288534055962288, 20.278886014795027 ], [ -98.289542703187905, 20.278912914370043 ], [ -98.291059889305572, 20.278711843957861 ], [ -98.292349259740661, 20.277790875217129 ], [ -98.293135981097819, 20.276619527865446 ], [ -98.292190779816721, 20.274453497302208 ], [ -98.294509973924548, 20.27260747868694 ], [ -98.295799324764687, 20.271684219375455 ], [ -98.29730990886307, 20.271721035880478 ], [ -98.298543935603746, 20.272467689058416 ], [ -98.299285773455424, 20.273197810955352 ], [ -98.300749132818169, 20.275138300107653 ], [ -98.305670802553166, 20.27954397159251 ], [ -98.3071367856964, 20.281482202087144 ], [ -98.308868832689754, 20.282478984341935 ], [ -98.311912829928986, 20.282076674512425 ], [ -98.312675868118291, 20.281857082968525 ], [ -98.31366683366798, 20.282357341629918 ], [ -98.314406343814369, 20.283089603904461 ], [ -98.315376268080428, 20.284539507865535 ], [ -98.316367989861618, 20.285277876449953 ], [ -98.318106690930151, 20.286034338574623 ], [ -98.319365981068202, 20.286302952528398 ], [ -98.320618070688994, 20.286571381654714 ], [ -98.322105354298543, 20.287559819496252 ], [ -98.322586274124802, 20.288523894125337 ], [ -98.322814264222345, 20.289243738676184 ], [ -98.323058331640325, 20.28972586282956 ], [ -98.324791404445563, 20.290958332005918 ], [ -98.326500320893388, 20.292904527587723 ], [ -98.326713760002903, 20.294338346978112 ], [ -98.325896572050709, 20.296461587205847 ], [ -98.323836078774846, 20.298076268929755 ], [ -98.322806151900281, 20.299003797858461 ], [ -98.321516786662144, 20.299925041780146 ], [ -98.32049497027802, 20.300376530052908 ], [ -98.317710012565286, 20.300785303802822 ], [ -98.316895108220393, 20.302906299348642 ], [ -98.316870805879574, 20.303622315484375 ], [ -98.315849671867639, 20.304311904229877 ], [ -98.314827803444643, 20.304763356108051 ], [ -98.313835947247597, 20.304024965105125 ], [ -98.313088220865325, 20.303766447834924 ], [ -98.312079321915903, 20.303741970179384 ], [ -98.31055461814924, 20.30394534604347 ], [ -98.309998302569412, 20.305834477217527 ], [ -98.310485691294431, 20.306560649421201 ], [ -98.310462132522588, 20.307512531474764 ], [ -98.310181535564098, 20.308458174456774 ], [ -98.309652789107361, 20.309159678898972 ], [ -98.310882231743662, 20.310618209336468 ], [ -98.311371326767059, 20.311106308252935 ], [ -98.311332393201056, 20.312534049929482 ], [ -98.31079714681195, 20.313473518053542 ], [ -98.310539130111422, 20.313943484943721 ], [ -98.310265011340476, 20.314651175767292 ], [ -98.311989396530379, 20.316121716669972 ], [ -98.313483489147899, 20.316870039631453 ], [ -98.314475437591639, 20.317608441041592 ], [ -98.315475556036915, 20.317870803175655 ], [ -98.316734409855812, 20.317901313176684 ], [ -98.318267349234475, 20.317224106017154 ], [ -98.319731457060357, 20.319164485798403 ], [ -98.320977379172263, 20.319670878398888 ], [ -98.321684777025524, 20.321592924791144 ], [ -98.322167480300735, 20.322318953036426 ], [ -98.323661636053885, 20.323069446205093 ], [ -98.32870446306778, 20.323191327161066 ], [ -98.329682035638058, 20.324641363733704 ], [ -98.330123650822088, 20.3267950742995 ], [ -98.330078392383186, 20.328463067244719 ], [ -98.330514383471538, 20.331090614586444 ], [ -98.330993115331935, 20.332054640507511 ], [ -98.331971609028415, 20.333030725376233 ], [ -98.332444660421231, 20.334470846966092 ], [ -98.333694819122684, 20.334739121454891 ], [ -98.337990084407124, 20.334604535562747 ], [ -98.343011648582902, 20.335439773660376 ], [ -98.344726316926881, 20.335424318146025 ], [ -98.34506934931548, 20.334652447112873 ], [ -98.34990105868313, 20.334417032682545 ], [ -98.354652099430538, 20.336549365379714 ], [ -98.35481461356494, 20.338369760760422 ], [ -98.355224962814759, 20.33929125159106 ], [ -98.353479048147676, 20.344744255824033 ], [ -98.355934403107455, 20.34597785241991 ], [ -98.356896039067095, 20.347411474403149 ], [ -98.355897403284231, 20.350206427909097 ], [ -98.356194022426209, 20.353030163462098 ], [ -98.357125238069059, 20.354077532848287 ], [ -98.356918513900524, 20.357555954952627 ], [ -98.353006302237389, 20.361383242045811 ], [ -98.351822883057991, 20.365137606322378 ], [ -98.351876770002477, 20.367329637015988 ], [ -98.353837174354595, 20.368472030627913 ], [ -98.356339582726022, 20.368064841475551 ], [ -98.357880236532836, 20.366221710819136 ], [ -98.357278259923916, 20.3652684036858 ], [ -98.35819421030854, 20.361707163162091 ], [ -98.35954413369474, 20.360156544857499 ], [ -98.361228953636555, 20.358938231955015 ], [ -98.363114697746823, 20.358831407239503 ], [ -98.369201883763452, 20.354318793135945 ], [ -98.370233586672214, 20.353418159969483 ], [ -98.371506117995239, 20.351786230516705 ], [ -98.374254480254933, 20.350173622377646 ], [ -98.37594080492083, 20.350953133863779 ], [ -98.376512859378849, 20.352576912028351 ], [ -98.375360825489494, 20.354649443809279 ], [ -98.372018225924563, 20.357166367537133 ], [ -98.371895977637877, 20.361812488725569 ], [ -98.372788142769849, 20.364770615673983 ], [ -98.372522449239554, 20.37126844093466 ], [ -98.373681760242846, 20.371531949741239 ], [ -98.374926153544479, 20.370595520453797 ], [ -98.376695803340809, 20.370429058760465 ], [ -98.380480179285826, 20.373338120644945 ], [ -98.385759419338896, 20.37440258389524 ], [ -98.386719426245151, 20.373486511449812 ], [ -98.385660320393256, 20.370642412744893 ], [ -98.386293887792434, 20.36934212558549 ], [ -98.389611602607928, 20.371811240260421 ], [ -98.390528516658549, 20.372687984674837 ], [ -98.391695495489941, 20.372665789409481 ], [ -98.393839744771256, 20.370085966476644 ], [ -98.397677486318983, 20.368296903556267 ], [ -98.397760366867701, 20.367171756113962 ], [ -98.396561689687616, 20.364324445957191 ], [ -98.391183127516797, 20.357622474959708 ], [ -98.39040635133361, 20.35447219032292 ], [ -98.385599238702767, 20.348096583363176 ], [ -98.385835522901971, 20.345283333238932 ], [ -98.386926668680431, 20.343950863534918 ], [ -98.389382428756619, 20.343018185127622 ], [ -98.390795317569513, 20.344042757152327 ], [ -98.394120997744778, 20.352054414370571 ], [ -98.399842857117648, 20.360671611794594 ], [ -98.405969470218494, 20.365488260609514 ], [ -98.410478674609124, 20.367472536319514 ], [ -98.414614957971949, 20.368107601348051 ], [ -98.416705667120652, 20.367619412574797 ], [ -98.41668125409636, 20.365727475826048 ], [ -98.415697106139064, 20.364751796060865 ], [ -98.412797419355101, 20.362830607082802 ], [ -98.407351303998283, 20.361268760730706 ], [ -98.405290750039114, 20.359448896706024 ], [ -98.404048033550069, 20.356988419671758 ], [ -98.404185186709469, 20.350474007032563 ], [ -98.406320763758544, 20.342950098141397 ], [ -98.408076763851, 20.34228631887985 ], [ -98.408685625125358, 20.342808685315688 ], [ -98.412539998808626, 20.343890707221735 ], [ -98.414682814049669, 20.350039325079962 ], [ -98.41816866248007, 20.357963524704211 ], [ -98.423555789640204, 20.363755320121886 ], [ -98.432900326098022, 20.364257932347165 ], [ -98.431475964519265, 20.365798026456481 ], [ -98.42939057195268, 20.368052775402404 ], [ -98.428109680608443, 20.36943764058049 ], [ -98.426216757469064, 20.37148414872533 ], [ -98.418294133408637, 20.380048698487307 ], [ -98.409757161538451, 20.386069088887101 ], [ -98.408358629470058, 20.387055258806463 ], [ -98.400282918466516, 20.392749301774472 ], [ -98.398117819951807, 20.394275725533522 ], [ -98.39575960140624, 20.395938228852515 ], [ -98.394650959431686, 20.396719776469705 ], [ -98.393403341922763, 20.397599276155482 ], [ -98.391707449981666, 20.398794750065083 ], [ -98.39149393946434, 20.398945256845227 ], [ -98.389272035197848, 20.400511463968641 ], [ -98.386212716232109, 20.402667851342279 ], [ -98.386148790390294, 20.402712908371043 ], [ -98.386079565992034, 20.402602971939942 ], [ -98.385948450437937, 20.402378737497543 ], [ -98.385867979370474, 20.402239618207947 ], [ -98.385741217879342, 20.402032496237354 ], [ -98.385665782257732, 20.401884991971674 ], [ -98.385574484280269, 20.401790972939715 ], [ -98.385453551909194, 20.401725732039132 ], [ -98.385303788057598, 20.401659238821036 ], [ -98.385177714836004, 20.401606348876332 ], [ -98.385016143901339, 20.401531637146956 ], [ -98.384916059179062, 20.401496373842164 ], [ -98.384748013991072, 20.401483874728228 ], [ -98.384610431482272, 20.401501582080719 ], [ -98.38446826845346, 20.40151067585327 ], [ -98.384323368124015, 20.401532177777248 ], [ -98.384162307303427, 20.401528348626286 ], [ -98.384030093203847, 20.401525205166024 ], [ -98.383920180995389, 20.401497645135031 ], [ -98.383789315839692, 20.401444073122814 ], [ -98.38366893028369, 20.401358432843232 ], [ -98.383554243257976, 20.401303133464999 ], [ -98.383550190905652, 20.401301180160203 ], [ -98.383402862663189, 20.401233609035476 ], [ -98.383238389036919, 20.401177536419375 ], [ -98.383070305357023, 20.401076587071643 ], [ -98.382969636754112, 20.400973272094486 ], [ -98.382824622078672, 20.400909157260998 ], [ -98.382724735477368, 20.400866526599955 ], [ -98.382618925993711, 20.400775562480817 ], [ -98.382498708551722, 20.400683688611398 ], [ -98.382337291822424, 20.400603307993325 ], [ -98.382206261368594, 20.400555967368899 ], [ -98.382070104828173, 20.40052041107122 ], [ -98.381972637788749, 20.400477270505817 ], [ -98.381853733095809, 20.400426249249481 ], [ -98.381726646332339, 20.400411319360597 ], [ -98.381639788477429, 20.400421159259512 ], [ -98.381556964913344, 20.400460010600508 ], [ -98.381422909190789, 20.400435843117538 ], [ -98.381341624950423, 20.400327318586584 ], [ -98.381253993740387, 20.4001863256712 ], [ -98.381191235549736, 20.400014741189949 ], [ -98.381250240289276, 20.399877237416952 ], [ -98.381277418400899, 20.399760521224291 ], [ -98.381190197132881, 20.399604229883007 ], [ -98.381097470660777, 20.399473888140708 ], [ -98.380958919489686, 20.39934812559321 ], [ -98.380854712312242, 20.399287247855796 ], [ -98.380731289594195, 20.399225345786952 ], [ -98.380590600131711, 20.399179474824567 ], [ -98.38037750707079, 20.399142652950601 ], [ -98.380189582082721, 20.399154055317528 ], [ -98.380071505229566, 20.399162017288489 ], [ -98.380014790551726, 20.399213962538784 ], [ -98.379916360721339, 20.399296665153155 ], [ -98.379795166756196, 20.399331200322422 ], [ -98.37961574276224, 20.399294611867369 ], [ -98.379475766788545, 20.39922210924291 ], [ -98.37929690449468, 20.399164555879359 ], [ -98.379130061591056, 20.399107288469647 ], [ -98.378926872780298, 20.3990599279233 ], [ -98.378764412896331, 20.399018639638641 ], [ -98.378601087981039, 20.399009647889333 ], [ -98.37839704950143, 20.398994016737248 ], [ -98.378266968634705, 20.399001124478183 ], [ -98.37810613869749, 20.39898878979 ], [ -98.377927429100865, 20.398925568739092 ], [ -98.377772651829645, 20.398866886281017 ], [ -98.377633790678473, 20.398842600983428 ], [ -98.377458765673282, 20.398821422946117 ], [ -98.37728144316425, 20.398796221185563 ], [ -98.377128174312944, 20.398771025250269 ], [ -98.377018159459652, 20.398747426555467 ], [ -98.376941798403024, 20.398724629519911 ], [ -98.376856733114664, 20.398667606859252 ], [ -98.376769947401755, 20.398585029500456 ], [ -98.3766772151927, 20.398544833192698 ], [ -98.376584376735892, 20.398508603088924 ], [ -98.376454797400953, 20.398497011197783 ], [ -98.376326938499446, 20.398510973852655 ], [ -98.376201377093494, 20.398528959937746 ], [ -98.376111189734331, 20.398573302501962 ], [ -98.376062904443657, 20.398669670834934 ], [ -98.375998020031815, 20.398757139061544 ], [ -98.375908288123838, 20.398784483257316 ], [ -98.375853246763498, 20.398863681433987 ], [ -98.375830173128435, 20.399006575136152 ], [ -98.375795292862918, 20.399141249906183 ], [ -98.375742320965301, 20.399232970743054 ], [ -98.375670801747944, 20.399298735880503 ], [ -98.375608073805793, 20.399305745540516 ], [ -98.375544066110152, 20.399270768839258 ], [ -98.375454846582258, 20.399189266617292 ], [ -98.375352392623242, 20.399152806581046 ], [ -98.375249148746349, 20.399145810125617 ], [ -98.375156511239581, 20.399191794678735 ], [ -98.375117217557346, 20.399311622897407 ], [ -98.375038349707907, 20.39938231533344 ], [ -98.374971257948118, 20.39946235996285 ], [ -98.374968796681316, 20.399554150585331 ], [ -98.37490395671729, 20.399639918582775 ], [ -98.374811455498005, 20.399680803464999 ], [ -98.374689117147312, 20.399668248741953 ], [ -98.374559947121739, 20.399641356787427 ], [ -98.374446965931, 20.39963866343707 ], [ -98.374238046166099, 20.3997153266269 ], [ -98.374053012771626, 20.399798228749194 ], [ -98.373827754455789, 20.399945940228584 ], [ -98.373616386868761, 20.400113826621585 ], [ -98.373416749294677, 20.400292764928217 ], [ -98.373291919946126, 20.400462714505348 ], [ -98.373286706289264, 20.400657061428657 ], [ -98.373254667749706, 20.400775361457509 ], [ -98.373117069256239, 20.400793625013648 ], [ -98.373003661492845, 20.400806795646446 ], [ -98.372876544945214, 20.40079299157734 ], [ -98.372778216016044, 20.400871723416348 ], [ -98.372709829955198, 20.400999928933416 ], [ -98.372672086102327, 20.401151544155297 ], [ -98.37256888998283, 20.401322009267478 ], [ -98.372432358463641, 20.401479772804819 ], [ -98.372170824364673, 20.401634554492947 ], [ -98.371901284621629, 20.401639464108452 ], [ -98.371670511233177, 20.40163395866519 ], [ -98.37145359747467, 20.401560179902589 ], [ -98.371221348097549, 20.401520053252295 ], [ -98.371074102602918, 20.401539218761027 ], [ -98.370948964957506, 20.40172049877938 ], [ -98.370776981179631, 20.401854736075485 ], [ -98.370471039300739, 20.401881423460242 ], [ -98.370470774069119, 20.401881447066678 ], [ -98.370145792093709, 20.401890700166124 ], [ -98.36989247043725, 20.401918672219288 ], [ -98.369623690829116, 20.401895247330334 ], [ -98.36942970588278, 20.401863401971067 ], [ -98.369308370378576, 20.401813446683207 ], [ -98.369232906711076, 20.401757215772417 ], [ -98.369132673761513, 20.401727608169079 ], [ -98.369055354175245, 20.401650921852589 ], [ -98.36898469847857, 20.401594805609367 ], [ -98.368834349332772, 20.401550393940486 ], [ -98.368676971263298, 20.401499010623375 ], [ -98.368511651085413, 20.401474652179907 ], [ -98.368346513619073, 20.401443494249023 ], [ -98.368210222836254, 20.401413025000675 ], [ -98.368131259991387, 20.401397532003958 ], [ -98.368097013156799, 20.401329244441381 ], [ -98.367974232485267, 20.401333115960266 ], [ -98.367852730541401, 20.401289392231174 ], [ -98.367737892272217, 20.401266238563139 ], [ -98.367608082692541, 20.401263138242541 ], [ -98.367466436410083, 20.401252951422521 ], [ -98.367279116418487, 20.401241673505531 ], [ -98.367156883936616, 20.40122514644688 ], [ -98.367027439845387, 20.401208447019698 ], [ -98.366833273768336, 20.401183397672835 ], [ -98.36668201211134, 20.401172980416163 ], [ -98.366552933611644, 20.401142681976676 ], [ -98.366438278437045, 20.401112728026121 ], [ -98.366310479324781, 20.401034834255359 ], [ -98.366218190210674, 20.400978199840434 ], [ -98.366103900777262, 20.400934647036031 ], [ -98.365952624223837, 20.40092479566486 ], [ -98.365745891038912, 20.400919855640101 ], [ -98.36553693678735, 20.400908058585436 ], [ -98.36539956561576, 20.400917816035065 ], [ -98.365225469114833, 20.4008620607692 ], [ -98.365084981259628, 20.400808809494404 ], [ -98.364956589045306, 20.400753012332288 ], [ -98.364865077700074, 20.400667480084792 ], [ -98.364814127508993, 20.400594256753529 ], [ -98.36477677783806, 20.400551975009847 ], [ -98.364713987805587, 20.400561246617634 ], [ -98.364580510462162, 20.400605114740589 ], [ -98.364435379382897, 20.400635096827859 ], [ -98.364285745259565, 20.400653631678729 ], [ -98.364107554200757, 20.400660711192998 ], [ -98.363963550662206, 20.400648763821778 ], [ -98.363775138575008, 20.400588695818797 ], [ -98.363653882506483, 20.400535903032502 ], [ -98.363551186854124, 20.400508500737072 ], [ -98.363478907478253, 20.400423427499291 ], [ -98.363400006719743, 20.400405665627066 ], [ -98.363291375579735, 20.400420077192368 ], [ -98.363163406803082, 20.400437995061292 ], [ -98.363045495500913, 20.400439711135927 ], [ -98.362936864295762, 20.400454122448579 ], [ -98.362834987343376, 20.400485704393748 ], [ -98.362744901006721, 20.400526072848447 ], [ -98.362666818704369, 20.400567295321789 ], [ -98.362588980274793, 20.400599452027613 ], [ -98.362512178490761, 20.400593079346809 ], [ -98.362416135492182, 20.400497231703653 ], [ -98.362295383161637, 20.400425739775805 ], [ -98.362154576730845, 20.400384384580413 ], [ -98.361980710967728, 20.400320126507218 ], [ -98.361792513695477, 20.400252123555195 ], [ -98.361659620626369, 20.400184876467847 ], [ -98.361492265449982, 20.400146854327986 ], [ -98.361334190294698, 20.400121527428713 ], [ -98.361241934389412, 20.400063756822163 ], [ -98.361106287146882, 20.400009483722631 ], [ -98.360896013745702, 20.399957393644335 ], [ -98.360711954108538, 20.399914435149093 ], [ -98.360487593470467, 20.399849534004549 ], [ -98.360228358740258, 20.39982915569929 ], [ -98.359998382217768, 20.399794168969773 ], [ -98.359819963219351, 20.399809742567772 ], [ -98.359700321621176, 20.399965064202842 ], [ -98.359538463100407, 20.400080254098235 ], [ -98.359323468270333, 20.400292825106774 ], [ -98.359232146154568, 20.40055768319619 ], [ -98.359193434146462, 20.400834006279688 ], [ -98.359102630239562, 20.401079599740044 ], [ -98.359003553378642, 20.401275101488647 ], [ -98.358809908129246, 20.401409373858286 ], [ -98.358555104615917, 20.401492288004004 ], [ -98.358249559779026, 20.401583625266511 ], [ -98.357982995668507, 20.401656618315858 ], [ -98.357812853441487, 20.401811296407146 ], [ -98.357544960479316, 20.401933583615246 ], [ -98.357229791529122, 20.401935673508795 ], [ -98.35693677670632, 20.401919016322442 ], [ -98.356634161674947, 20.40190156161292 ], [ -98.356381753474338, 20.401895514682529 ], [ -98.356138960845598, 20.40188969771614 ], [ -98.355908187673322, 20.401884168359345 ], [ -98.355721753659523, 20.40184001294211 ], [ -98.355511815531884, 20.40177544996801 ], [ -98.355281689752474, 20.401835137176079 ], [ -98.355048141777786, 20.40202174421637 ], [ -98.35481785260491, 20.402176678494495 ], [ -98.354680362339352, 20.402279974217194 ], [ -98.354486599336781, 20.402329192362451 ], [ -98.354256227680651, 20.402397943775838 ], [ -98.354060172211319, 20.40253215259828 ], [ -98.353891028311722, 20.402560415169809 ], [ -98.353650142410984, 20.402722086139914 ], [ -98.353433008245574, 20.402922893239747 ], [ -98.353202139778077, 20.403110089026129 ], [ -98.353093450202209, 20.40321381731497 ], [ -98.352876672504721, 20.403401350560035 ], [ -98.352547563048361, 20.403566254714896 ], [ -98.352302599498557, 20.403753112159677 ], [ -98.352114722399619, 20.403914746920226 ], [ -98.351983997399671, 20.404051162579101 ], [ -98.351708216566848, 20.404071138039882 ], [ -98.351271496854835, 20.40404072553806 ], [ -98.3510445028531, 20.404081806001617 ], [ -98.35065658813636, 20.404210769716435 ], [ -98.350317331194475, 20.404334444777891 ], [ -98.349920432084076, 20.404518248504623 ], [ -98.349580871172876, 20.404650702367046 ], [ -98.349465310107547, 20.404695039324757 ], [ -98.349279085302484, 20.404766486912628 ], [ -98.349052437659211, 20.404866498376862 ], [ -98.348911122713588, 20.404915832930811 ], [ -98.348656483073825, 20.405015171839452 ], [ -98.34846612177671, 20.405151205251517 ], [ -98.348376756660286, 20.405351177146741 ], [ -98.348349304654121, 20.405660919008113 ], [ -98.348480452861949, 20.405881786804748 ], [ -98.348555269740089, 20.406139856505941 ], [ -98.3485596985455, 20.406421183300452 ], [ -98.348554158325143, 20.40662629591079 ], [ -98.348416781190878, 20.406725053476176 ], [ -98.348235091567702, 20.406861301406472 ], [ -98.347950443195941, 20.406890753098857 ], [ -98.347624467904424, 20.40693622113298 ], [ -98.347338288278578, 20.407022332636597 ], [ -98.347039353484035, 20.407135352168158 ], [ -98.346714229412555, 20.407225411312552 ], [ -98.346467011120595, 20.407291708440091 ], [ -98.346336864488208, 20.407375237003404 ], [ -98.346191461289507, 20.407458426157827 ], [ -98.346074877679911, 20.407609737987194 ], [ -98.346012912848622, 20.407820122041805 ], [ -98.345998272889688, 20.408095183631154 ], [ -98.345919689863706, 20.408332560325519 ], [ -98.34579001053271, 20.408502372945488 ], [ -98.345682563532222, 20.40873962309054 ], [ -98.345580047506132, 20.408883440278309 ], [ -98.345408887239131, 20.408985919509998 ], [ -98.34512582587432, 20.409045454078914 ], [ -98.344855856733332, 20.409065614278816 ], [ -98.344476023167061, 20.409056485466614 ], [ -98.344234902027353, 20.409077337925506 ], [ -98.344065548680049, 20.409112955657193 ], [ -98.343962051773602, 20.409204019260169 ], [ -98.343942476923502, 20.409483069183441 ], [ -98.343946942213222, 20.409762697057374 ], [ -98.343914383575836, 20.409988138977511 ], [ -98.343852380742987, 20.41014596960532 ], [ -98.343708625365579, 20.410302401916759 ], [ -98.343535425673849, 20.410391222710231 ], [ -98.343307637998052, 20.41045264985593 ], [ -98.343065873296425, 20.410437149418236 ], [ -98.342827809667725, 20.410493841931796 ], [ -98.342470093421781, 20.410645128196428 ], [ -98.34224911534362, 20.410810474792402 ], [ -98.342001814913701, 20.41097065219115 ], [ -98.341773688229964, 20.411044542508577 ], [ -98.341551715361987, 20.411157702118484 ], [ -98.34136402753299, 20.411248439985751 ], [ -98.341197032432149, 20.411196796508676 ], [ -98.341021107625878, 20.411208439759836 ], [ -98.340876906956794, 20.411292285500977 ], [ -98.340791047697863, 20.41131468162973 ], [ -98.340765461843318, 20.411321355154985 ], [ -98.340657494399537, 20.411310819807561 ], [ -98.340471523716076, 20.411338096165398 ], [ -98.340270227909855, 20.41130943950682 ], [ -98.340134312638369, 20.411353795331728 ], [ -98.339980725178108, 20.411428909674264 ], [ -98.339719799055842, 20.411470256806563 ], [ -98.339513725798028, 20.41144035021118 ], [ -98.33931775982893, 20.411392543240773 ], [ -98.339174959255885, 20.411335810047674 ], [ -98.339116392514725, 20.411277702360771 ], [ -98.338996543106461, 20.411261777012925 ], [ -98.338914120163366, 20.411196291252292 ], [ -98.338858586810048, 20.411115010306542 ], [ -98.338738921730183, 20.411092285430694 ], [ -98.338646309663829, 20.411136548369957 ], [ -98.338567901538369, 20.411278106786469 ], [ -98.338498163378716, 20.411366010789081 ], [ -98.338414983071871, 20.411417304425051 ], [ -98.338349316147031, 20.411532521437117 ], [ -98.338292912317655, 20.411661001992666 ], [ -98.338264896603036, 20.411807175411983 ], [ -98.338220328689275, 20.411942744693118 ], [ -98.338215447889624, 20.412122926976849 ], [ -98.338182025271678, 20.412291082509537 ], [ -98.338096833560883, 20.412416602066422 ], [ -98.338013974791338, 20.41245599669351 ], [ -98.337893525825024, 20.412462168295168 ], [ -98.337830866570158, 20.412466329397088 ], [ -98.337798094019206, 20.412521671384507 ], [ -98.33777717293502, 20.412583535522231 ], [ -98.337740068058025, 20.412621196782943 ], [ -98.337667623584522, 20.412631358993313 ], [ -98.337607521825149, 20.412629911779977 ], [ -98.337518571223796, 20.412627769860745 ], [ -98.337403099093564, 20.412627824132915 ], [ -98.337349487998864, 20.412653181218669 ], [ -98.337328889085896, 20.412703146466608 ], [ -98.337315588251599, 20.412838901582862 ], [ -98.337312379618226, 20.412957323337885 ], [ -98.337340178359852, 20.413085563501678 ], [ -98.337327325555364, 20.413301026135212 ], [ -98.337322548147014, 20.413381103092696 ], [ -98.337329182802335, 20.413757738438189 ], [ -98.33729108866433, 20.413920678708934 ], [ -98.337179551195135, 20.414130610750881 ], [ -98.336987416600408, 20.41420762896422 ], [ -98.336758329717341, 20.414316641894843 ], [ -98.336513734354597, 20.414376520524009 ], [ -98.336270490178833, 20.414386536918329 ], [ -98.336062401377433, 20.414430851729627 ], [ -98.335901266155943, 20.414606703237812 ], [ -98.335743663109938, 20.414652233850177 ], [ -98.335429362964376, 20.414709864486266 ], [ -98.335201149573194, 20.414786578234935 ], [ -98.33494195146902, 20.414763890137511 ], [ -98.334683198994696, 20.414724769854814 ], [ -98.334527377648527, 20.414704572235635 ], [ -98.334400420031642, 20.414861968514046 ], [ -98.334343811315762, 20.414997813913303 ], [ -98.334229450571129, 20.415045519121964 ], [ -98.334010799332376, 20.415035713301275 ], [ -98.333739257676797, 20.415024632270221 ], [ -98.333537472665014, 20.415102547605557 ], [ -98.333342162039898, 20.415207833920874 ], [ -98.333255789449296, 20.415287964152451 ], [ -98.333154324749358, 20.415303661469924 ], [ -98.333007550713262, 20.41530465876501 ], [ -98.332947730749581, 20.415381460121829 ], [ -98.332872256308704, 20.415503242639033 ], [ -98.332737047617272, 20.415609977299955 ], [ -98.332614981507618, 20.415675639007709 ], [ -98.332514552390819, 20.415741822349247 ], [ -98.332408530893261, 20.415836786904656 ], [ -98.332312525467856, 20.415917251368722 ], [ -98.332164895548388, 20.416038427610705 ], [ -98.331966957504321, 20.41606313735274 ], [ -98.331753789584198, 20.416028513299864 ], [ -98.331578441993088, 20.416018614414938 ], [ -98.331384199710982, 20.41599578596248 ], [ -98.33118272973482, 20.415973349902604 ], [ -98.331035442444147, 20.415904594020397 ], [ -98.330890728602867, 20.415829663262905 ], [ -98.330716996263348, 20.415760269129922 ], [ -98.330617468882537, 20.415704571658591 ], [ -98.330423381028908, 20.415676075866369 ], [ -98.330253503669951, 20.415641927152521 ], [ -98.330107964271505, 20.415686042156075 ], [ -98.330084870185786, 20.415827797673462 ], [ -98.330117213813452, 20.416054237358118 ], [ -98.330132908801701, 20.416185022187996 ], [ -98.330086080988011, 20.416314865446161 ], [ -98.330011530785114, 20.416491099417062 ], [ -98.329919193347592, 20.416613607739489 ], [ -98.329816450380491, 20.416676331666533 ], [ -98.329610017523351, 20.416659443609323 ], [ -98.329435007757638, 20.416637076779466 ], [ -98.329221516461388, 20.41661434801836 ], [ -98.329063012644724, 20.416604285768216 ], [ -98.328961715735261, 20.416613747572487 ], [ -98.328832992014782, 20.416747283712706 ], [ -98.328785685714351, 20.41689469161113 ], [ -98.328806187801845, 20.417025592725444 ], [ -98.328761466666364, 20.417077809770085 ], [ -98.328608866689194, 20.417116083180677 ], [ -98.328417615594887, 20.41716022724135 ], [ -98.328237535441176, 20.417147375365786 ], [ -98.328090220666567, 20.417168199349891 ], [ -98.328027669710735, 20.417256839709989 ], [ -98.327989837416638, 20.417321129519713 ], [ -98.32786919895031, 20.417334092557923 ], [ -98.327762280155625, 20.417461917520914 ], [ -98.327691451439989, 20.417501030300532 ], [ -98.327430479053518, 20.417543489785874 ], [ -98.327273503469954, 20.417654230217888 ], [ -98.327114369801791, 20.417755846642951 ], [ -98.326972898750739, 20.417915721849628 ], [ -98.326802361857034, 20.418082832805116 ], [ -98.326560174833688, 20.418142187063705 ], [ -98.326325431075944, 20.418193215953117 ], [ -98.326053500454762, 20.418284736131337 ], [ -98.325751208569557, 20.418342637303521 ], [ -98.325516679791662, 20.418385732376013 ], [ -98.325175258392534, 20.418467067462622 ], [ -98.324889579241102, 20.418533306107989 ], [ -98.324533732065035, 20.418614291222376 ], [ -98.324235800310532, 20.418688737358401 ], [ -98.323941381851128, 20.418722444910443 ], [ -98.323805468117584, 20.418702355488051 ], [ -98.323675412468617, 20.418683131461776 ], [ -98.323427582387794, 20.418596062278766 ], [ -98.323178689318041, 20.418459639298309 ], [ -98.322881944646284, 20.418313554308604 ], [ -98.322721235959506, 20.418207611713001 ], [ -98.322531862013363, 20.418182621716678 ], [ -98.322372432584359, 20.418118099582191 ], [ -98.322180793413963, 20.418087951510966 ], [ -98.321977549791896, 20.418042213990951 ], [ -98.321756505854751, 20.418031765785116 ], [ -98.321578875589111, 20.418017264321943 ], [ -98.321343129213119, 20.418016665676728 ], [ -98.321208635087345, 20.418008309916786 ], [ -98.321013620637956, 20.418013798786763 ], [ -98.32087567205636, 20.418132363827667 ], [ -98.320784295119324, 20.418307619851291 ], [ -98.320711119720499, 20.418432854456196 ], [ -98.320683960920832, 20.41863517822118 ], [ -98.320692527103091, 20.418762390158101 ], [ -98.320633236617667, 20.418907805145015 ], [ -98.320532087897817, 20.419088494623047 ], [ -98.320338716276055, 20.419298704225788 ], [ -98.32018781938423, 20.419450974712571 ], [ -98.320104732989961, 20.419586742125233 ], [ -98.320033158331512, 20.41974149856285 ], [ -98.319932255001191, 20.419913121961109 ], [ -98.319789708767061, 20.420112087059213 ], [ -98.319629687227902, 20.420245992796463 ], [ -98.319600965805037, 20.420593994393144 ], [ -98.319556003514535, 20.42083160772717 ], [ -98.319481928239199, 20.421078155412626 ], [ -98.319360388122277, 20.421212425168388 ], [ -98.319297178891432, 20.421413309863656 ], [ -98.319117921556597, 20.42154674977434 ], [ -98.319042706116662, 20.421746776896995 ], [ -98.318893946941003, 20.421908737021052 ], [ -98.318782111989108, 20.422128289385395 ], [ -98.318655113639863, 20.422286240097684 ], [ -98.318528423636721, 20.422432858448154 ], [ -98.318320409235412, 20.422473749601284 ], [ -98.318075177061189, 20.422467813588206 ], [ -98.317843104658863, 20.422508688720242 ], [ -98.317551053467128, 20.422455125490007 ], [ -98.317245715455428, 20.422447732967392 ], [ -98.31705064812688, 20.422454916618509 ], [ -98.316841170799108, 20.422461184100644 ], [ -98.316718133521661, 20.422561963471747 ], [ -98.316598409084122, 20.422656325755604 ], [ -98.316465142967928, 20.42274671768919 ], [ -98.316369014640046, 20.422818300418417 ], [ -98.316277711428754, 20.422904781547338 ], [ -98.316191503630449, 20.422996312932714 ], [ -98.316053835447065, 20.423190540877336 ], [ -98.316095326516887, 20.42343364963968 ], [ -98.316270838493296, 20.423702683761181 ], [ -98.316536363340745, 20.423846892174701 ], [ -98.316618987189827, 20.423921183545175 ], [ -98.31677354277916, 20.424060153306108 ], [ -98.316961387044415, 20.424318145572517 ], [ -98.317263286670524, 20.424451893731561 ], [ -98.317543011967246, 20.424516498862829 ], [ -98.317811981859691, 20.424534350063841 ], [ -98.318055122184091, 20.424528896017875 ], [ -98.318230421457173, 20.424452626922509 ], [ -98.318563880878713, 20.424311013101356 ], [ -98.318833578732637, 20.42421378152445 ], [ -98.319033552466351, 20.424114862183966 ], [ -98.319301367245103, 20.424086756776695 ], [ -98.319595320279944, 20.424070623110783 ], [ -98.319765082120156, 20.424109316880397 ], [ -98.319812440055969, 20.424225561268187 ], [ -98.319819756190867, 20.424398669641089 ], [ -98.319738636313289, 20.424638810896983 ], [ -98.319660568389807, 20.424855212497548 ], [ -98.31960631410611, 20.424992244931513 ], [ -98.31942996317612, 20.425195495618578 ], [ -98.319337666630801, 20.425492632256326 ], [ -98.319243906583111, 20.42575514718914 ], [ -98.319144522554922, 20.425959126176913 ], [ -98.319094918802904, 20.426190391286561 ], [ -98.318958775238713, 20.426418995195458 ], [ -98.318912408585476, 20.426619721263503 ], [ -98.318968053986424, 20.426873378123023 ], [ -98.319005838363552, 20.427076140719937 ], [ -98.318946616670999, 20.427307173258015 ], [ -98.31882331123613, 20.427506037517826 ], [ -98.318709082640709, 20.427724966034013 ], [ -98.318553408981202, 20.427963870071192 ], [ -98.318398028004495, 20.428192008282636 ], [ -98.318211995360556, 20.428308841408526 ], [ -98.318010308567622, 20.428293753691907 ], [ -98.317859112962765, 20.428279887954794 ], [ -98.317710321728512, 20.428266080271989 ], [ -98.317602126437407, 20.428263461045184 ], [ -98.317461497629907, 20.428391598262337 ], [ -98.317327263382381, 20.428549940669878 ], [ -98.317277671009094, 20.428780639061664 ], [ -98.317322797455162, 20.429155378330037 ], [ -98.317459066103979, 20.429363927984692 ], [ -98.317710142582897, 20.429597369465551 ], [ -98.317913549333269, 20.429814347899118 ], [ -98.318071964776891, 20.43009317305367 ], [ -98.318166327016272, 20.430338696221533 ], [ -98.318196477895683, 20.430645034215775 ], [ -98.31821232944209, 20.430858039601258 ], [ -98.318173404846334, 20.431050441496204 ], [ -98.318065292971923, 20.43122132403969 ], [ -98.317924059535272, 20.43137156009352 ], [ -98.317768955106558, 20.431501048568581 ], [ -98.317602214308863, 20.431616080419673 ], [ -98.31740808310181, 20.431765035500547 ], [ -98.317258048990922, 20.431885007407146 ], [ -98.317161174010153, 20.431996627365752 ], [ -98.317120522503359, 20.432164039756806 ], [ -98.317117275229151, 20.432724716344428 ], [ -98.317132202141792, 20.433236504858019 ], [ -98.31715372491162, 20.433771132981786 ], [ -98.317206864800553, 20.434205035057566 ], [ -98.317343354881075, 20.434389920549396 ], [ -98.31735304948657, 20.434403052753023 ], [ -98.317509392733058, 20.434581471493633 ], [ -98.317714273170509, 20.434744622232181 ], [ -98.317900474140473, 20.434886908802319 ], [ -98.318043827413945, 20.435012282231842 ], [ -98.318105429237406, 20.435135676819932 ], [ -98.318109324027787, 20.435257674649343 ], [ -98.318001841576219, 20.43540532632403 ], [ -98.317873274373227, 20.435532055810551 ], [ -98.317776397287062, 20.435643676493861 ], [ -98.317601708621623, 20.435873616176696 ], [ -98.317418636512215, 20.43605799326301 ], [ -98.317273695951059, 20.436255767187102 ], [ -98.317162402319269, 20.436454922614367 ], [ -98.317086233863989, 20.436689515050237 ], [ -98.317089042876447, 20.436939627478782 ], [ -98.317088845073897, 20.436946886566073 ], [ -98.31708414844914, 20.437119246158705 ], [ -98.317019882630589, 20.43727021170163 ], [ -98.316868112696753, 20.437453645272655 ], [ -98.316761399206698, 20.437572965302301 ], [ -98.316646719767604, 20.437631423969229 ], [ -98.316482873633404, 20.437639930477928 ], [ -98.316340451831664, 20.437656893537447 ], [ -98.316210732043984, 20.437649216297686 ], [ -98.31606416528588, 20.43764169795439 ], [ -98.315918262670309, 20.437609814784196 ], [ -98.315783162463461, 20.437622985676168 ], [ -98.31565802006233, 20.437623923744198 ], [ -98.315547412816073, 20.437621244799082 ], [ -98.315402694539699, 20.437634182397595 ], [ -98.315307482223389, 20.437684606677159 ], [ -98.315239795424091, 20.43778445919666 ], [ -98.31524715278033, 20.437955869848995 ], [ -98.315235613891502, 20.438114348919587 ], [ -98.315193356935012, 20.438252239106426 ], [ -98.315064666245746, 20.438295048383416 ], [ -98.31499216992367, 20.438394784349519 ], [ -98.314890309424314, 20.438512519790905 ], [ -98.314867040988503, 20.43865994186018 ], [ -98.314797690432343, 20.438732538204494 ], [ -98.314641149123617, 20.438737817763418 ], [ -98.314470313882296, 20.438826099167944 ], [ -98.314410349369098, 20.43890742768447 ], [ -98.314252540784651, 20.438959169770634 ], [ -98.31419750274965, 20.43912453291335 ], [ -98.314046298659321, 20.439286998963166 ], [ -98.31391382053998, 20.439468629504159 ], [ -98.313925747399992, 20.439737107501013 ], [ -98.313957059050111, 20.440088836675411 ], [ -98.314055812670247, 20.440349779711664 ], [ -98.314155194188558, 20.440675942509255 ], [ -98.314327089902591, 20.440901802879626 ], [ -98.314538067641422, 20.441018045626247 ], [ -98.314651117139334, 20.441195986294954 ], [ -98.314716399956311, 20.441360862804281 ], [ -98.314800919528125, 20.441526205315231 ], [ -98.314960444685923, 20.441676354845526 ], [ -98.315089050531867, 20.44181328133477 ], [ -98.315198883430384, 20.441932743099922 ], [ -98.315254075359093, 20.442026500432444 ], [ -98.31527094317434, 20.442202111009927 ], [ -98.315260541796562, 20.442407111938948 ], [ -98.31525655618195, 20.442553300615259 ], [ -98.315225125981272, 20.442823563908394 ], [ -98.315193927382083, 20.443085327908957 ], [ -98.315174726169474, 20.443260064974371 ], [ -98.31510419388897, 20.443464176556358 ], [ -98.315077052566664, 20.443665370220121 ], [ -98.315057495790981, 20.443853139691377 ], [ -98.315088080638716, 20.44405516471118 ], [ -98.315126945419891, 20.444218267469005 ], [ -98.315229535535011, 20.444338687955977 ], [ -98.315267108219317, 20.444460935565207 ], [ -98.315300566881618, 20.44455756862288 ], [ -98.315381536414563, 20.444588446675809 ], [ -98.315490851777795, 20.444638722154892 ], [ -98.315539912421997, 20.44469264120205 ], [ -98.315586223538872, 20.444847419286404 ], [ -98.315635588165023, 20.444978457407061 ], [ -98.31567054050214, 20.445108579478987 ], [ -98.315679428023955, 20.44522389534874 ], [ -98.315726264663041, 20.445359408236165 ], [ -98.315747299045654, 20.44547048231323 ], [ -98.315734035099297, 20.445603972688492 ], [ -98.315722651905929, 20.445647003889032 ], [ -98.315712573613936, 20.445685100694142 ], [ -98.315633786670475, 20.445750665396705 ], [ -98.315513997003237, 20.445819772986816 ], [ -98.315385376451047, 20.445859749677624 ], [ -98.315273202178687, 20.445914299575509 ], [ -98.315153535773604, 20.445978873895847 ], [ -98.315076380578375, 20.446072827791763 ], [ -98.314982778918662, 20.446152208308494 ], [ -98.314883415485838, 20.446178151324702 ], [ -98.314792141045913, 20.446260423103205 ], [ -98.314696057174814, 20.446342578326888 ], [ -98.314619859431403, 20.446401401297873 ], [ -98.314529867165675, 20.446436643096401 ], [ -98.314445827624311, 20.446430071140909 ], [ -98.314338879040008, 20.446469438026078 ], [ -98.314247480449524, 20.446556242493752 ], [ -98.314044716024355, 20.446579679765115 ], [ -98.314005586204331, 20.446690997480363 ], [ -98.314002263623195, 20.446812821773758 ], [ -98.313931261005564, 20.446857595332883 ], [ -98.313894520228231, 20.446969537934198 ], [ -98.313840065768417, 20.447113370285653 ], [ -98.313786770305427, 20.447214705772954 ], [ -98.313760158033418, 20.447308182822034 ], [ -98.313697104622207, 20.447414384847658 ], [ -98.31356331717339, 20.447467275886048 ], [ -98.313400812562861, 20.447514367909108 ], [ -98.313263993098872, 20.44750198027624 ], [ -98.313193237192323, 20.447537687517485 ], [ -98.313072230267807, 20.44756310489031 ], [ -98.312957169757695, 20.447635160250911 ], [ -98.312818788859715, 20.447680001334437 ], [ -98.312749216146599, 20.447760530028194 ], [ -98.312687553085965, 20.447815735424957 ], [ -98.312558898878706, 20.447856843041407 ], [ -98.312481586204228, 20.447956462015529 ], [ -98.312348818166001, 20.447971954756941 ], [ -98.312304830782935, 20.448084855456358 ], [ -98.312282145407309, 20.448210746525639 ], [ -98.312271143313126, 20.448349394814365 ], [ -98.312251721114848, 20.448532065013701 ], [ -98.312246216843249, 20.448733783623883 ], [ -98.312202917586347, 20.448909638077264 ], [ -98.312170613149945, 20.449035296045327 ], [ -98.312207349442986, 20.449188142657224 ], [ -98.312230183239365, 20.449321374257668 ], [ -98.312187919713452, 20.449459264869027 ], [ -98.312183265709535, 20.449629819211779 ], [ -98.312138597319802, 20.449767651551532 ], [ -98.312016119258814, 20.449846897585839 ], [ -98.312007888732822, 20.449848060677365 ], [ -98.311786634693675, 20.449879323300948 ], [ -98.311498253677669, 20.449865527658282 ], [ -98.311377754703287, 20.44987224508003 ], [ -98.311257255716924, 20.449878962406373 ], [ -98.311069857578133, 20.44986818144648 ], [ -98.310834720803385, 20.449843201594049 ], [ -98.310622247510707, 20.449781348940423 ], [ -98.310403086213668, 20.449700055760339 ], [ -98.31028473763358, 20.449628011357362 ], [ -98.310125694665601, 20.44954817583973 ], [ -98.31000666564546, 20.449501062750823 ], [ -98.309788935159773, 20.449455524435191 ], [ -98.309584302443739, 20.4494590655971 ], [ -98.309387348062657, 20.44944578273212 ], [ -98.309199548341525, 20.449449731732781 ], [ -98.309009566618954, 20.44953357467978 ], [ -98.308857100616152, 20.449653481698135 ], [ -98.308699821168474, 20.449949609110792 ], [ -98.3086500166973, 20.450363445517233 ], [ -98.308649761464636, 20.450725186187025 ], [ -98.308633162471168, 20.450980501103263 ], [ -98.308578077816762, 20.451323334511965 ], [ -98.308581028509437, 20.451525622525235 ], [ -98.308581428568019, 20.451553051533089 ], [ -98.30855496268876, 20.45181719923643 ], [ -98.308478496067295, 20.451885652043142 ], [ -98.30835439856962, 20.451935938966233 ], [ -98.308371237523716, 20.452024232891166 ], [ -98.308313993290682, 20.452093719075368 ], [ -98.308220687507159, 20.452073877826614 ], [ -98.308137975967156, 20.452018572480696 ], [ -98.308004026990133, 20.452077125093993 ], [ -98.307833758809096, 20.452143868198984 ], [ -98.307639695724887, 20.452288846923086 ], [ -98.307447273316441, 20.452373763001521 ], [ -98.307277716691573, 20.452414440678307 ], [ -98.307100073764772, 20.452398788648587 ], [ -98.307006287949761, 20.452396512072308 ], [ -98.306860778814666, 20.452437773028219 ], [ -98.306671096596645, 20.45242239523953 ], [ -98.306527388148368, 20.452485812691318 ], [ -98.306346678864315, 20.452582351832323 ], [ -98.306293379932612, 20.452771570652761 ], [ -98.306227747237457, 20.452971830083786 ], [ -98.306152804986212, 20.453160523431624 ], [ -98.3060652769001, 20.453281437842008 ], [ -98.305921241995776, 20.453356753929398 ], [ -98.305681945009837, 20.453395736485486 ], [ -98.305524677621776, 20.453514957123272 ], [ -98.305387476685411, 20.453780384738515 ], [ -98.305272522508602, 20.454024239450181 ], [ -98.305174134558513, 20.454190249996351 ], [ -98.305074271098363, 20.454322204463747 ], [ -98.304891420295689, 20.454496936582704 ], [ -98.30473566930344, 20.45456062703586 ], [ -98.304627453217023, 20.454557998525868 ], [ -98.304554661573007, 20.454667930130675 ], [ -98.304444911414762, 20.45472139759497 ], [ -98.304242907827089, 20.454716490594098 ], [ -98.304043352705833, 20.454622056219105 ], [ -98.303880489766016, 20.454505832867273 ], [ -98.303646397543929, 20.454354425540647 ], [ -98.303399661904464, 20.454225390794377 ], [ -98.303142393049853, 20.454129552906924 ], [ -98.302929591016166, 20.454079588461198 ], [ -98.302627937791172, 20.454110813915012 ], [ -98.30250214625508, 20.454222858487334 ], [ -98.302661459590581, 20.454556726503398 ], [ -98.302748920039832, 20.454702303977339 ], [ -98.302804327607376, 20.454876019676473 ], [ -98.302828924390354, 20.455120429137747 ], [ -98.302805424953519, 20.455363669830849 ], [ -98.302770288882641, 20.455592452672015 ], [ -98.302630470224045, 20.455689414517366 ], [ -98.302310225929219, 20.455696373471895 ], [ -98.302096599981951, 20.455676439057061 ], [ -98.301748676318454, 20.455639631709452 ], [ -98.301415584957567, 20.45558844203352 ], [ -98.301157834145343, 20.455510166133212 ], [ -98.300961414609603, 20.455477040340106 ], [ -98.300656793964535, 20.455440716331502 ], [ -98.300338132396234, 20.455389875154598 ], [ -98.300033946726018, 20.455425570037086 ], [ -98.299696481344625, 20.455446279774904 ], [ -98.299332174977494, 20.455480510990423 ], [ -98.299129440779126, 20.455590114382989 ], [ -98.299059885681061, 20.455933161260322 ], [ -98.299081729288801, 20.456277864597922 ], [ -98.299260570640556, 20.456425667249494 ], [ -98.299561221229055, 20.456519164980861 ], [ -98.299878706088165, 20.456613071537582 ], [ -98.300012632495694, 20.456731430690166 ], [ -98.300004782568209, 20.457018144385874 ], [ -98.300041445699918, 20.45734903309852 ], [ -98.300017987625765, 20.457678459773508 ], [ -98.299873836328729, 20.457933508547899 ], [ -98.299880027367365, 20.458234739152495 ], [ -98.299805182026944, 20.458507349696173 ], [ -98.29969240140673, 20.458671306483396 ], [ -98.299521019182862, 20.458778271280792 ], [ -98.299371280577148, 20.458885762355024 ], [ -98.299351011856558, 20.458887358647953 ], [ -98.299195228036453, 20.458899624203635 ], [ -98.299007895944683, 20.458885995166369 ], [ -98.298850058139948, 20.458937722118051 ], [ -98.29868070796708, 20.458970457629885 ], [ -98.298503879233195, 20.459012650114609 ], [ -98.298305918672284, 20.459035617039444 ], [ -98.298156178815006, 20.459143106940601 ], [ -98.297985678460378, 20.459305658183968 ], [ -98.297810490898328, 20.45955144517767 ], [ -98.297677707196812, 20.459742697265977 ], [ -98.297523401868389, 20.460016775538964 ], [ -98.297419227696054, 20.460217795834094 ], [ -98.297374415057263, 20.460448044111221 ], [ -98.297273267820955, 20.4605385716639 ], [ -98.297155427473882, 20.460535703712399 ], [ -98.297018860271692, 20.460513668644531 ], [ -98.296814072591246, 20.460434406267652 ], [ -98.296659772555813, 20.460356939563887 ], [ -98.296394614353702, 20.460285279226657 ], [ -98.296172216586555, 20.460233937653129 ], [ -98.295923194265185, 20.460188184627381 ], [ -98.295683170413938, 20.460165330568255 ], [ -98.295466418961169, 20.460171393150183 ], [ -98.295269217350096, 20.460166591329585 ], [ -98.295021512907397, 20.460160559412344 ], [ -98.294821825598106, 20.46024641763201 ], [ -98.294568083817751, 20.460285031523149 ], [ -98.294419594728552, 20.460434506968152 ], [ -98.294295325275982, 20.460578335127249 ], [ -98.294274606406063, 20.460719582347242 ], [ -98.294313469884671, 20.460794239913078 ], [ -98.294397486302145, 20.46080195632241 ], [ -98.294504479748142, 20.460849355820542 ], [ -98.294544816078385, 20.460958069657206 ], [ -98.294487483267702, 20.461030384289085 ], [ -98.294385078541751, 20.461078920828541 ], [ -98.294281372039535, 20.461087168050764 ], [ -98.294204104036382, 20.461096626183409 ], [ -98.294201773258607, 20.461181620566698 ], [ -98.294162747179428, 20.461288401463314 ], [ -98.294133430346207, 20.461479903024863 ], [ -98.294033504104249, 20.461613550914343 ], [ -98.293980293150724, 20.461798800400192 ], [ -98.293973937473012, 20.462030551888322 ], [ -98.293882647613628, 20.462288017916713 ], [ -98.293866271722507, 20.462446381334914 ], [ -98.293759844547182, 20.462553788428337 ], [ -98.293639329458031, 20.462648378082964 ], [ -98.293539106575352, 20.462792791742704 ], [ -98.293497833927105, 20.462926974726308 ], [ -98.293488905554042, 20.462956001251555 ], [ -98.293326592922867, 20.462995139607223 ], [ -98.29318084637984, 20.463132206901555 ], [ -98.293096633512192, 20.463307061875497 ], [ -98.29302219568666, 20.463476484910323 ], [ -98.292874727310377, 20.463588561638595 ], [ -98.292775000347405, 20.463714842736191 ], [ -98.292705387364521, 20.463883816241196 ], [ -98.292697930230332, 20.464067912510423 ], [ -98.292728517321251, 20.464268812076703 ], [ -98.292724428966153, 20.464417835908886 ], [ -98.292651451331736, 20.464533995634312 ], [ -98.292546203033027, 20.464598338130092 ], [ -98.292414919647314, 20.464646736868925 ], [ -98.292301616684085, 20.464741501441235 ], [ -98.292228638511631, 20.464857660994287 ], [ -98.292226642292732, 20.464859053912264 ], [ -98.292150124405225, 20.464912448571969 ], [ -98.292041480479384, 20.464925110119474 ], [ -98.291907511739566, 20.464983649175291 ], [ -98.291759112986512, 20.465041836420426 ], [ -98.291653723920632, 20.465111278002592 ], [ -98.291510710248133, 20.465148616906944 ], [ -98.291345336285417, 20.465211493092795 ], [ -98.291201886977589, 20.465264697372916 ], [ -98.291072313196921, 20.465250765589804 ], [ -98.290931398832157, 20.465211608797734 ], [ -98.290774785050644, 20.465130677413917 ], [ -98.290640945861895, 20.465096795927497 ], [ -98.290544596922189, 20.465012230469675 ], [ -98.290430853269925, 20.464947653199125 ], [ -98.29028075503885, 20.464892395610029 ], [ -98.290152426184108, 20.46483313260584 ], [ -98.28988914505058, 20.464692898388602 ], [ -98.289710747705669, 20.464616537805412 ], [ -98.289506315942489, 20.464524232833913 ], [ -98.289314244885077, 20.464507641346582 ], [ -98.289153314028894, 20.464496345205816 ], [ -98.289026450457641, 20.464559024088583 ], [ -98.288918639829177, 20.46462897172044 ], [ -98.288632650217266, 20.464614624608863 ], [ -98.288379334241966, 20.464637362669755 ], [ -98.288176117976874, 20.464676064829529 ], [ -98.28804505085742, 20.464716526977934 ], [ -98.287898347359871, 20.46471294774879 ], [ -98.287826610672482, 20.464783774767273 ], [ -98.287797195767766, 20.464796903011781 ], [ -98.287719406322481, 20.464831622981972 ], [ -98.287655880663507, 20.464866361628516 ], [ -98.287780161326339, 20.465072950627061 ], [ -98.287835125936454, 20.465349858660005 ], [ -98.287812726331452, 20.465639621440946 ], [ -98.287734606981431, 20.465942767063545 ], [ -98.287671322024437, 20.466231532402062 ], [ -98.287557648489553, 20.466427212554564 ], [ -98.287425637471344, 20.466589558577255 ], [ -98.287265871345795, 20.466710969457164 ], [ -98.287082296527984, 20.46673540730869 ], [ -98.286925815124903, 20.466737258686312 ], [ -98.286762741498848, 20.466716268576963 ], [ -98.286610914424486, 20.466723903331122 ], [ -98.286376640452005, 20.466666587376682 ], [ -98.286117989561674, 20.46662058326265 ], [ -98.285898510840525, 20.466637906161004 ], [ -98.285705954404449, 20.466638875648684 ], [ -98.285521133358429, 20.466708642087251 ], [ -98.285366175405244, 20.466830168413832 ], [ -98.28528916516882, 20.467005195741194 ], [ -98.285247918468798, 20.467192436465833 ], [ -98.285160767600374, 20.46729860781538 ], [ -98.285017089506141, 20.467272419276973 ], [ -98.284960995157476, 20.467299400199366 ], [ -98.284934592666744, 20.467384374260405 ], [ -98.284872114797068, 20.467468467451795 ], [ -98.28471997519101, 20.467487432947493 ], [ -98.284501897075856, 20.467453757039486 ], [ -98.284297781777795, 20.46743743215789 ], [ -98.284066899654533, 20.467431793511338 ], [ -98.283878061341312, 20.467472542337774 ], [ -98.283655911007912, 20.467499436001358 ], [ -98.283479798884159, 20.467514979658301 ], [ -98.283304486494131, 20.467588944859546 ], [ -98.283113637169265, 20.46770278815454 ], [ -98.282985146811669, 20.467824391801628 ], [ -98.282897728784505, 20.467940194639439 ], [ -98.282791428851482, 20.468042494857563 ], [ -98.282736589880528, 20.468198784420231 ], [ -98.282644891309332, 20.468295204164832 ], [ -98.282468778032452, 20.468310746661725 ], [ -98.282286966050663, 20.468358469407583 ], [ -98.282067866468594, 20.46853682764284 ], [ -98.281922776989447, 20.468736839628477 ], [ -98.281805592606077, 20.468884801288638 ], [ -98.281622313955211, 20.468985786627297 ], [ -98.281411453057473, 20.46903960261179 ], [ -98.281136438885639, 20.469150819613613 ], [ -98.280982752969805, 20.469225877925211 ], [ -98.280794441472963, 20.469247357510255 ], [ -98.280638708918772, 20.469309324163937 ], [ -98.28046356421433, 20.469377053251943 ], [ -98.28032749596349, 20.469511510963034 ], [ -98.280202376465155, 20.469685360149018 ], [ -98.280119321270519, 20.470079671783829 ], [ -98.280054695043191, 20.470503918776959 ], [ -98.280126643358315, 20.470950216423482 ], [ -98.28019777809584, 20.471338658885294 ], [ -98.280283322243662, 20.471553380416619 ], [ -98.280221646871311, 20.471957854636337 ], [ -98.280102757553479, 20.472167578348028 ], [ -98.27991676892448, 20.472191948862974 ], [ -98.279548522675739, 20.472192584234044 ], [ -98.279240934525063, 20.472175423568274 ], [ -98.278957836529415, 20.472230305011824 ], [ -98.278725666857639, 20.472271122125552 ], [ -98.278507912078609, 20.472312858474577 ], [ -98.278272352115351, 20.472301993668594 ], [ -98.278044570923271, 20.472358226488122 ], [ -98.277804859042305, 20.472498085265507 ], [ -98.277597864798736, 20.47258601175928 ], [ -98.27735901062735, 20.472694705054781 ], [ -98.277271804226203, 20.472889892560278 ], [ -98.277225751010505, 20.47316376799931 ], [ -98.277218335734077, 20.473432918698435 ], [ -98.277296771421931, 20.473730819662901 ], [ -98.277400271243962, 20.473817837166788 ], [ -98.277569975452224, 20.473947866396522 ], [ -98.277701182177395, 20.474077520670932 ], [ -98.277710930257996, 20.474247863750879 ], [ -98.277621894501607, 20.474334707006903 ], [ -98.277508807195758, 20.474420961801837 ], [ -98.277303339683556, 20.474453357936369 ], [ -98.277116362923422, 20.474426102572512 ], [ -98.276880658874688, 20.474420335295772 ], [ -98.276699039675805, 20.474460685364942 ], [ -98.276568100748122, 20.47458335866953 ], [ -98.276491824729447, 20.474818504664473 ], [ -98.2765317615182, 20.475116031260089 ], [ -98.276430652304953, 20.475291599968305 ], [ -98.276418127828407, 20.475484078925362 ], [ -98.276532514403954, 20.47561275571978 ], [ -98.27680848379029, 20.475642189407562 ], [ -98.2770236849409, 20.475780703878375 ], [ -98.277152457496129, 20.475998753759047 ], [ -98.277334971707617, 20.47618806653583 ], [ -98.277490764092676, 20.476386364648082 ], [ -98.277620661885408, 20.476563616549345 ], [ -98.27772575891872, 20.476767478447858 ], [ -98.277779081581812, 20.476928681551609 ], [ -98.27774958340126, 20.477213169330057 ], [ -98.277704311483532, 20.477546034748524 ], [ -98.277651728777826, 20.47779480288013 ], [ -98.277549963384033, 20.477994171390247 ], [ -98.277424068672985, 20.478283105294096 ], [ -98.277306154032232, 20.478544450559045 ], [ -98.277291710851983, 20.478556723994153 ], [ -98.277170604216536, 20.478659640833296 ], [ -98.27703825473445, 20.478658670719394 ], [ -98.2768469153295, 20.478702185517989 ], [ -98.27661931012868, 20.478751616868113 ], [ -98.276414679036179, 20.478753413599673 ], [ -98.276202067093436, 20.478782798605316 ], [ -98.275964450209955, 20.478846159415646 ], [ -98.275720507707291, 20.478964365758657 ], [ -98.275556327693252, 20.47907034865619 ], [ -98.275458915875632, 20.479198945397133 ], [ -98.275454558118838, 20.479357036728786 ], [ -98.275620253490317, 20.479458052543798 ], [ -98.275842550262979, 20.479601278811501 ], [ -98.275894013324475, 20.479829912612001 ], [ -98.27591661364184, 20.480057840034277 ], [ -98.275917379402117, 20.480292037325835 ], [ -98.275854343465809, 20.480483280792729 ], [ -98.27573192567381, 20.480645853982427 ], [ -98.27561309986649, 20.480765421608002 ], [ -98.275530758730454, 20.480958460582226 ], [ -98.275503941445137, 20.481145487373162 ], [ -98.2754386243558, 20.481244817935593 ], [ -98.275323187088418, 20.481328746165211 ], [ -98.275167859861995, 20.481375408636694 ], [ -98.275067244448607, 20.481445524040588 ], [ -98.274920929299824, 20.481427199702583 ], [ -98.274814691374317, 20.481439341366293 ], [ -98.274728726055969, 20.481501876945135 ], [ -98.274694473641034, 20.481609339006692 ], [ -98.274555779669726, 20.481663779344725 ], [ -98.27445316466769, 20.481719102917872 ], [ -98.274300038848594, 20.481773189684787 ], [ -98.27411383282751, 20.481804919572525 ], [ -98.273914007625649, 20.481806830737568 ], [ -98.273775109992044, 20.481868636648652 ], [ -98.273621766264853, 20.481843334713041 ], [ -98.273539769532945, 20.481761943951128 ], [ -98.273448978669833, 20.481737606718088 ], [ -98.273258555843896, 20.481747685558183 ], [ -98.273089389703799, 20.481772460280823 ], [ -98.272834133857586, 20.481776981499994 ], [ -98.272614535032389, 20.481797685270095 ], [ -98.272365900907317, 20.481823914647517 ], [ -98.272077455761433, 20.481810043937958 ], [ -98.271907212975904, 20.481786594325513 ], [ -98.271680757788019, 20.481794087320022 ], [ -98.271369586402528, 20.48181878276894 ], [ -98.271164606571588, 20.481833038445409 ], [ -98.271044246133371, 20.481920812039064 ], [ -98.270954788367106, 20.482197026387034 ], [ -98.270872905779086, 20.482460384943398 ], [ -98.27077960320959, 20.482788670938685 ], [ -98.270622893176181, 20.482972513872916 ], [ -98.27042913692874, 20.483103282824608 ], [ -98.27019750557767, 20.483211009388341 ], [ -98.270008805807237, 20.483420150598608 ], [ -98.269851390048885, 20.48362949149729 ], [ -98.269732955500174, 20.483908964405266 ], [ -98.269677880032944, 20.484334580847548 ], [ -98.269626042584875, 20.484642903459285 ], [ -98.269467533659949, 20.484804587647485 ], [ -98.269237443427258, 20.484943536931983 ], [ -98.268964686995588, 20.484971437638475 ], [ -98.268678792783533, 20.485039274212188 ], [ -98.268470161529805, 20.485185552848112 ], [ -98.268384510138546, 20.48541082800277 ], [ -98.26835761476643, 20.485687441956749 ], [ -98.268277551294659, 20.485971824444324 ], [ -98.268117187537086, 20.486287691926854 ], [ -98.267896146327928, 20.486534595545194 ], [ -98.267648629706912, 20.486781416552635 ], [ -98.267489656680993, 20.487046852766721 ], [ -98.267343106597536, 20.487211096610476 ], [ -98.267230450497209, 20.487368233466942 ], [ -98.267022502922828, 20.487489578298081 ], [ -98.266799829474166, 20.487795410975725 ], [ -98.266592777272834, 20.488058532952198 ], [ -98.266517875732404, 20.488155924261015 ], [ -98.26635524317517, 20.488205234139599 ], [ -98.26611679081951, 20.488298045269776 ], [ -98.265856251158112, 20.488406190681548 ], [ -98.265651050692711, 20.488515126712251 ], [ -98.265404316089047, 20.488646291101109 ], [ -98.265239787296849, 20.488764163109675 ], [ -98.265049105293869, 20.488957374175364 ], [ -98.264825170096088, 20.489134459183067 ], [ -98.264680041558179, 20.489421212866901 ], [ -98.264584031740355, 20.48975963735823 ], [ -98.264464656600836, 20.490072539263966 ], [ -98.264349699018126, 20.490225648823809 ], [ -98.264242169411233, 20.490458324055652 ], [ -98.264136707607733, 20.490616202826867 ], [ -98.264018654349016, 20.490794185294671 ], [ -98.263848989858531, 20.491010592260693 ], [ -98.263738630245598, 20.491258507500607 ], [ -98.263650925972101, 20.491369859718986 ], [ -98.263616391830865, 20.491413706031164 ], [ -98.263420728404725, 20.49152570876511 ], [ -98.263147894307878, 20.491729942359033 ], [ -98.262957683525769, 20.491818830423551 ], [ -98.262778503964213, 20.492031033602764 ], [ -98.262593236050876, 20.492202261280887 ], [ -98.262497784661704, 20.492346209444264 ], [ -98.262435210046931, 20.492519883352497 ], [ -98.262276401111137, 20.492691760598266 ], [ -98.262200192755486, 20.492836181296454 ], [ -98.262099974755543, 20.493152387995767 ], [ -98.261974315082568, 20.493431113099685 ], [ -98.261879370631647, 20.493643683632488 ], [ -98.261736159446784, 20.493860738720361 ], [ -98.261547917766606, 20.494052305357226 ], [ -98.26131312452388, 20.494273347535874 ], [ -98.261081410299823, 20.494470082929443 ], [ -98.260937350136757, 20.494717736029983 ], [ -98.260808004740937, 20.494955544141856 ], [ -98.260697881236112, 20.495107636472248 ], [ -98.260549457573575, 20.495251983279168 ], [ -98.26042026198499, 20.495397369502637 ], [ -98.260240911120249, 20.495528481461474 ], [ -98.260086289525191, 20.49563581882267 ], [ -98.259946602733379, 20.495725378230993 ], [ -98.259788361843377, 20.495789532310944 ], [ -98.259610181092881, 20.495791390178919 ], [ -98.259486976828256, 20.495720318624922 ], [ -98.259479285565007, 20.495718368614366 ], [ -98.259350725365238, 20.495685783017599 ], [ -98.259199005400163, 20.495688290828252 ], [ -98.259023575469129, 20.495677741031244 ], [ -98.258873393188836, 20.495624717665276 ], [ -98.258665823957145, 20.495557808684694 ], [ -98.258497590472814, 20.495461247094486 ], [ -98.258295355041028, 20.495462511989572 ], [ -98.258052069002062, 20.49546843748006 ], [ -98.257868041773492, 20.495507573325181 ], [ -98.257689013807124, 20.495540027567031 ], [ -98.257583693323198, 20.495605480766557 ], [ -98.25756464559538, 20.495771718336865 ], [ -98.257525663040212, 20.495962414878189 ], [ -98.257456946864309, 20.496096811509553 ], [ -98.257322088445861, 20.496272675520803 ], [ -98.257145488032236, 20.496478132287599 ], [ -98.257035013798614, 20.496642688268189 ], [ -98.256858930539067, 20.496829445588023 ], [ -98.256768272136256, 20.497147586387616 ], [ -98.256805656656383, 20.497449030808827 ], [ -98.256881781326882, 20.497742355725752 ], [ -98.256826310823158, 20.498093682926573 ], [ -98.256757085239741, 20.498507045015366 ], [ -98.25675047888339, 20.498575612732214 ], [ -98.256733432526147, 20.49875255364573 ], [ -98.256657104926276, 20.498900938766127 ], [ -98.256557349460834, 20.499026066422939 ], [ -98.256416341183197, 20.499249976325437 ], [ -98.256299997417912, 20.499365623329854 ], [ -98.256184551608058, 20.499535727144572 ], [ -98.256075424148037, 20.499651551543327 ], [ -98.255932241424858, 20.499780146733361 ], [ -98.255773745472283, 20.499940118689061 ], [ -98.255619288033657, 20.500041218817564 ], [ -98.255582259466749, 20.500063959666406 ], [ -98.255477250957412, 20.500128448678296 ], [ -98.255256318552213, 20.500282914656918 ], [ -98.255065035631645, 20.500379281329835 ], [ -98.255061012326891, 20.500381308003611 ], [ -98.254911331326682, 20.50039690353838 ], [ -98.254706682878449, 20.500398104470374 ], [ -98.254267607613315, 20.500432660283735 ], [ -98.253932884077699, 20.500436895840789 ], [ -98.253659180358156, 20.500410879164811 ], [ -98.253380838409896, 20.500378510476761 ], [ -98.25319345035642, 20.500338375517742 ], [ -98.25317743146617, 20.500334944564077 ], [ -98.252972876332947, 20.500245987725645 ], [ -98.252763683171978, 20.500150679080598 ], [ -98.252540701198356, 20.500031782381694 ], [ -98.252318584779573, 20.499968475582588 ], [ -98.252098669800972, 20.499912594060532 ], [ -98.251900593914286, 20.499850445743142 ], [ -98.25168610382984, 20.499859338617828 ], [ -98.251395232495796, 20.499931558171582 ], [ -98.25119097763482, 20.500092099439161 ], [ -98.251062883580829, 20.500284002235674 ], [ -98.250890498065417, 20.500423781110999 ], [ -98.250807512083284, 20.500638342170042 ], [ -98.250716318328074, 20.500888423921374 ], [ -98.250581210464802, 20.501072782276996 ], [ -98.250431668576738, 20.5012567849151 ], [ -98.250260680907246, 20.501346131954399 ], [ -98.250022132231621, 20.501354429757324 ], [ -98.249740675769743, 20.501347494045657 ], [ -98.249394456628707, 20.501332157355737 ], [ -98.249173068338393, 20.501359614166894 ], [ -98.24910458776435, 20.501368107468469 ], [ -98.248751167545535, 20.501352024796361 ], [ -98.248455074780296, 20.501265341626805 ], [ -98.248198070076086, 20.50115807436741 ], [ -98.247839430126021, 20.501156603679359 ], [ -98.247555773185709, 20.501142238262084 ], [ -98.247289299231682, 20.501202577066149 ], [ -98.247147565004894, 20.501451977694536 ], [ -98.247152551724383, 20.501879075012983 ], [ -98.247273242054661, 20.502387275998696 ], [ -98.247380147327775, 20.50278513304217 ], [ -98.247421458072182, 20.503117865155115 ], [ -98.247364360389625, 20.503353476470501 ], [ -98.247123349731837, 20.503536921956847 ], [ -98.247064042461602, 20.503576685820345 ], [ -98.246782384353125, 20.503765532719786 ], [ -98.24651008290455, 20.503948772663012 ], [ -98.246236272501392, 20.504099654109016 ], [ -98.246030903027147, 20.504299854060729 ], [ -98.245758398349366, 20.504403703239635 ], [ -98.245649163444085, 20.504380339492389 ], [ -98.245425759199861, 20.504332556461865 ], [ -98.245125716926779, 20.504214582499451 ], [ -98.244778003049277, 20.50407955473348 ], [ -98.244396169638435, 20.503959561082571 ], [ -98.244080812974829, 20.503872960935105 ], [ -98.243766139028907, 20.503675238652999 ], [ -98.243571291382281, 20.503496917424727 ], [ -98.243520992839265, 20.503380923082446 ], [ -98.243460441972985, 20.503241284908412 ], [ -98.243489129993222, 20.502815584981462 ], [ -98.243481507817648, 20.502483683216244 ], [ -98.243476091512434, 20.502072451565784 ], [ -98.243452953610444, 20.501692536360547 ], [ -98.243224656481672, 20.50141869497347 ], [ -98.242932748407981, 20.501095085220111 ], [ -98.242470243526128, 20.500846647193846 ], [ -98.242106127357701, 20.500695898577675 ], [ -98.241489440526294, 20.500538344398166 ], [ -98.241019041419719, 20.500573789562957 ], [ -98.240404688406372, 20.500937957360048 ], [ -98.239854613683903, 20.501414282241871 ], [ -98.239572654960185, 20.501944294416564 ], [ -98.239435442200687, 20.50263608517702 ], [ -98.239539139177325, 20.503321354556824 ], [ -98.239371882102148, 20.504141120134737 ], [ -98.239236432777005, 20.504769447860163 ], [ -98.239019212861535, 20.504962541496013 ], [ -98.238741827010301, 20.505068525839707 ], [ -98.238442300559782, 20.505191540493033 ], [ -98.238051610335035, 20.505303228563807 ], [ -98.237589222563201, 20.505396132131317 ], [ -98.237130876276254, 20.505401751167827 ], [ -98.237129264730342, 20.505401771200518 ], [ -98.236751320868251, 20.50540149846135 ], [ -98.236464571733464, 20.505411418508046 ], [ -98.236019748480572, 20.505478668158478 ], [ -98.235649500840552, 20.505547761176793 ], [ -98.23532423438337, 20.505644049588703 ], [ -98.234924633456814, 20.50581618199617 ], [ -98.234456456133387, 20.506030278282012 ], [ -98.234102798009161, 20.506195039872662 ], [ -98.233888436593602, 20.506573771003101 ], [ -98.233690070668686, 20.506924239437293 ], [ -98.233406749169276, 20.507501840618545 ], [ -98.233554534223259, 20.508590803710383 ], [ -98.233535939523946, 20.509257744530409 ], [ -98.233497135339221, 20.509345841476911 ], [ -98.233338688269697, 20.50970555816053 ], [ -98.233131757906847, 20.509927476804677 ], [ -98.232890828944846, 20.510118415528904 ], [ -98.232365630682068, 20.510132065369422 ], [ -98.231876834815466, 20.510135273968949 ], [ -98.231422999954617, 20.510093416760157 ], [ -98.230917635368485, 20.510172761927809 ], [ -98.230524044424271, 20.510301370892584 ], [ -98.230514782308845, 20.510312389680312 ], [ -98.230322346929853, 20.51054133496736 ], [ -98.230326519489864, 20.510909445226311 ], [ -98.230477304713489, 20.51137247996046 ], [ -98.230595674812648, 20.51178934887481 ], [ -98.230862522471028, 20.512148087926104 ], [ -98.230981282324066, 20.512261971577566 ], [ -98.228949567486325, 20.514533138447128 ], [ -98.226591261089268, 20.518115104460243 ], [ -98.221693482607918, 20.520724485562759 ], [ -98.217764014677599, 20.523053847395214 ], [ -98.215467174325084, 20.524511905301729 ], [ -98.213818743225843, 20.52568439231332 ], [ -98.212521695720383, 20.526259998693398 ], [ -98.20738739707258, 20.525524273030676 ], [ -98.202900310685891, 20.524806789128277 ], [ -98.200018143579754, 20.524126981710232 ], [ -98.197149240646269, 20.523148048613912 ], [ -98.195561553990643, 20.522500494050931 ], [ -98.195622641760764, 20.520075052050959 ], [ -98.196637334694614, 20.518582991996436 ], [ -98.197300487370384, 20.517690018749892 ], [ -98.197644787569203, 20.517090746622614 ], [ -98.197667965583449, 20.516181783075282 ], [ -98.196720251907678, 20.515552497719135 ] ] ], [ [ [ -98.683788388675239, 21.079605496160397 ], [ -98.681972494396504, 21.077562632533841 ], [ -98.6792243330964, 21.075488143064387 ], [ -98.677203769642787, 21.073515649820514 ], [ -98.673235274824179, 21.072018032446337 ], [ -98.671220968303629, 21.072437009804904 ], [ -98.670162230928312, 21.073412250852464 ], [ -98.668316100748839, 21.080609796587286 ], [ -98.66691809460751, 21.084543089085443 ], [ -98.665896935174317, 21.085460138700295 ], [ -98.664196072679687, 21.085221079456446 ], [ -98.659152517331663, 21.075992130870183 ], [ -98.658686982882813, 21.074101030204226 ], [ -98.659328417874562, 21.06763962872315 ], [ -98.662448387299875, 21.064742386722422 ], [ -98.662509965097627, 21.061966617969595 ], [ -98.659563014944581, 21.059063835081485 ], [ -98.6588618468882, 21.056248706155518 ], [ -98.65909124490868, 21.053433514154314 ], [ -98.662462794411397, 21.042228704879829 ], [ -98.662089779148729, 21.038461067168697 ], [ -98.660662612382069, 21.036955120023922 ], [ -98.658098864661724, 21.036454351705487 ], [ -98.652101622849173, 21.041178356202842 ], [ -98.649820186689936, 21.044772120706163 ], [ -98.646494340140293, 21.048179577357679 ], [ -98.644648539221279, 21.053096528492187 ], [ -98.636544456824254, 21.057544549171396 ], [ -98.634661383083326, 21.055715194015043 ], [ -98.632738431766725, 21.049878097836821 ], [ -98.631486823088878, 21.050733094679646 ], [ -98.627840487171355, 21.052919251419414 ], [ -98.62553615082706, 21.056428244209169 ], [ -98.623513518714176, 21.058241770230367 ], [ -98.614480008979129, 21.059142243134897 ], [ -98.611650997483764, 21.056973983493091 ], [ -98.610863896190494, 21.054252002871959 ], [ -98.612718573749575, 21.049512598412882 ], [ -98.609337118766703, 21.044818133960085 ], [ -98.610238219803577, 21.042337834007348 ], [ -98.612000043091044, 21.040226034111381 ], [ -98.619195812339299, 21.034697439783507 ], [ -98.620194345891932, 21.033716704352546 ], [ -98.620210905806729, 21.031901986091139 ], [ -98.617196737559397, 21.030678139024502 ], [ -98.615189716765016, 21.030824255714563 ], [ -98.61111629389535, 21.033762850889765 ], [ -98.608155688395456, 21.033483857599354 ], [ -98.607140833048362, 21.032519738986156 ], [ -98.60616440756597, 21.031565543305131 ], [ -98.603203713449872, 21.031483841998426 ], [ -98.602144336229955, 21.032381434708874 ], [ -98.601220451119843, 21.033463545233019 ], [ -98.600991420281886, 21.035164635013384 ], [ -98.597932163900438, 21.037928070848292 ], [ -98.596877875535228, 21.03881213273996 ], [ -98.593965300564847, 21.039114767367654 ], [ -98.591158037361794, 21.038598364231628 ], [ -98.590088002220057, 21.037716844134739 ], [ -98.589372379360839, 21.035915262447734 ], [ -98.590279852947432, 21.034245215778199 ], [ -98.592126695122118, 21.033174690096271 ], [ -98.593179026474587, 21.03036208650644 ], [ -98.593285713765198, 21.02853349537342 ], [ -98.594826703279281, 21.025697756789071 ], [ -98.595590781348903, 21.022143617686318 ], [ -98.598817925016107, 21.018270000448496 ], [ -98.600862596588627, 21.016434655594594 ], [ -98.607645279248288, 21.014706880174753 ], [ -98.611642644998525, 21.012946528235858 ], [ -98.613741189235526, 21.010111666000157 ], [ -98.612733543447334, 21.009154562301163 ], [ -98.609758052285713, 21.008144700855659 ], [ -98.606744475431384, 21.008551950195095 ], [ -98.604127204773008, 21.007711024403761 ], [ -98.600907639486323, 21.00421800624536 ], [ -98.599869539011564, 21.0032283768955 ], [ -98.598763335930144, 21.004170259207491 ], [ -98.598328643395504, 21.007509361737839 ], [ -98.596665935649654, 21.009722992589047 ], [ -98.587837430479325, 21.010662663939666 ], [ -98.585259371761893, 21.013899391050316 ], [ -98.583564251167374, 21.014807584600433 ], [ -98.579537111972087, 21.015915387241723 ], [ -98.57533399157623, 21.015864295477119 ], [ -98.574508242963304, 21.016599033150236 ], [ -98.572243911852112, 21.025149460517639 ], [ -98.570198775686734, 21.026982164913598 ], [ -98.564163179916036, 21.028745544488174 ], [ -98.561051452925994, 21.031457148406066 ], [ -98.559113377200347, 21.031549629384166 ], [ -98.556166797102833, 21.03044407008738 ], [ -98.553215468460422, 21.027543666494992 ], [ -98.547706880804299, 21.026085146874589 ], [ -98.546326255540563, 21.024608659443555 ], [ -98.545203048277216, 21.020823737885387 ], [ -98.542478825292761, 21.017941885358869 ], [ -98.541517593058742, 21.016041501234508 ], [ -98.541672048174149, 21.010404620392165 ], [ -98.545943473308128, 21.006939202848969 ], [ -98.546783904120375, 21.004882218019034 ], [ -98.546768901682412, 20.997553533361835 ], [ -98.544158747186685, 20.994386182618769 ], [ -98.545119533688663, 20.99262689613272 ], [ -98.544540666319349, 20.988541260021972 ], [ -98.545240766100264, 20.9871481664882 ], [ -98.545517542013826, 20.985117032264192 ], [ -98.547339357860238, 20.983408986859221 ], [ -98.548347442488478, 20.982909953984681 ], [ -98.552384155272506, 20.982438496093067 ], [ -98.551392044998764, 20.98146545960568 ], [ -98.550437648740754, 20.98052956997876 ], [ -98.547508916643864, 20.97764324548584 ], [ -98.54549411404065, 20.977177941312039 ], [ -98.542480193513782, 20.977522637676731 ], [ -98.535331327904601, 20.981126795336824 ], [ -98.533301719629122, 20.982925269944214 ], [ -98.532233185067696, 20.983799455435268 ], [ -98.53081396804879, 20.983844354056117 ], [ -98.529189051030059, 20.98474671487056 ], [ -98.526220965062819, 20.987426758055484 ], [ -98.525396308785943, 20.997291028730572 ], [ -98.518987895552144, 21.010231803855035 ], [ -98.517584867260737, 21.011694995191068 ], [ -98.515563251673768, 21.012597265428255 ], [ -98.508481521662844, 21.014350438560218 ], [ -98.507467060969887, 21.015266553950646 ], [ -98.507095163784584, 21.020660244835277 ], [ -98.50623826791778, 21.023696829923967 ], [ -98.504225474044972, 21.025180000159761 ], [ -98.500204392395005, 21.02573680726174 ], [ -98.497077045535192, 21.026307204715479 ], [ -98.496161736979161, 21.027121160893536 ], [ -98.495962490325965, 21.03004119774269 ], [ -98.493085750390392, 21.032861212042196 ], [ -98.491895824523539, 21.035586068388056 ], [ -98.489888731810041, 21.037393654007623 ], [ -98.486869038682528, 21.038086580444332 ], [ -98.4839303049243, 21.036326346375745 ], [ -98.481946463048757, 21.029841499564746 ], [ -98.479253978347387, 21.024958037673688 ], [ -98.478666371028766, 21.021184929904365 ], [ -98.474538491159961, 21.017330139568212 ], [ -98.474546461593278, 21.01554924676368 ], [ -98.476568772725329, 21.013617453310705 ], [ -98.478522099849684, 21.012750419606174 ], [ -98.485318673565672, 21.01267784283085 ], [ -98.488661423021327, 21.011157453910943 ], [ -98.498564258106896, 21.011772816939832 ], [ -98.502606839767182, 21.011395800489634 ], [ -98.503636903592636, 21.009227662366236 ], [ -98.50074555678043, 21.005009412823437 ], [ -98.500738442908897, 21.000076754276783 ], [ -98.501807041441182, 20.995400182701392 ], [ -98.501883698846868, 20.988822298844969 ], [ -98.502455925928103, 20.986230786140265 ], [ -98.504333122365978, 20.984179646412048 ], [ -98.504844154590685, 20.977614026053459 ], [ -98.505872556762583, 20.969912258789147 ], [ -98.502599392175853, 20.962382022772896 ], [ -98.498441085366892, 20.950636461989937 ], [ -98.496130055713451, 20.944682340534335 ], [ -98.490079737562795, 20.94219968911883 ], [ -98.486027304793765, 20.942106447096641 ], [ -98.482983396083227, 20.942512781912708 ], [ -98.479994382152896, 20.940540377789983 ], [ -98.480076590706346, 20.937209449869446 ], [ -98.480116270025249, 20.935783310604521 ], [ -98.479139942914088, 20.934331469539405 ], [ -98.473105035024261, 20.932765080409066 ], [ -98.471050458344209, 20.933668201396657 ], [ -98.465382769731519, 20.937346316127872 ], [ -98.463330425424289, 20.938251659261674 ], [ -98.458156725511358, 20.942415147558222 ], [ -98.450481114744605, 20.945093248929091 ], [ -98.448445993814062, 20.945520086855222 ], [ -98.445911610014875, 20.94546336463182 ], [ -98.444905181792066, 20.945437658252398 ], [ -98.442378549569497, 20.944904610983503 ], [ -98.440418782377805, 20.942478956431973 ], [ -98.439420076387407, 20.941979216092946 ], [ -98.437367547050371, 20.94288194557322 ], [ -98.434810486510983, 20.943775133628836 ], [ -98.432293579791136, 20.943242145549522 ], [ -98.431811950711037, 20.942277993123067 ], [ -98.42982240565145, 20.940802129272452 ], [ -98.429325707920228, 20.940316332615708 ], [ -98.428319321314362, 20.940290516987087 ], [ -98.425250576200341, 20.941171569063105 ], [ -98.423709641261595, 20.94208609732922 ], [ -98.421641882354251, 20.943466977893209 ], [ -98.421084484160531, 20.945357434042055 ], [ -98.420559557252005, 20.946298022788081 ], [ -98.41904137481724, 20.946262412920404 ], [ -98.415989929566948, 20.946667243206011 ], [ -98.411899423723199, 20.947998222603818 ], [ -98.410862720452215, 20.948926750241139 ], [ -98.409808544579548, 20.950329043099643 ], [ -98.40870356508232, 20.953635943389212 ], [ -98.407679495708479, 20.954088299008497 ], [ -98.406756979485436, 20.950733689937614 ], [ -98.404833421031114, 20.946881325085158 ], [ -98.403361203712322, 20.944943109408523 ], [ -98.404048312463672, 20.938293551092368 ], [ -98.405123040533766, 20.935938899706581 ], [ -98.405695802006747, 20.933570156026324 ], [ -98.407335815133408, 20.928851122358051 ], [ -98.408442977783835, 20.925546610645462 ], [ -98.410533556426827, 20.923213579982576 ], [ -98.412593818393887, 20.921834965715501 ], [ -98.420697367816459, 20.922025238133475 ], [ -98.423198777699056, 20.923034498365908 ], [ -98.424212334319748, 20.923058249724217 ], [ -98.425228244365499, 20.923084318238491 ], [ -98.427906276974568, 20.917434279676289 ], [ -98.429539997059308, 20.913189102989509 ], [ -98.432721478508924, 20.908024972201499 ], [ -98.434276976647936, 20.906634289342758 ], [ -98.436856046387732, 20.904791062275805 ], [ -98.445104408516997, 20.899270783794464 ], [ -98.448726480992988, 20.896498805872184 ], [ -98.450803310684066, 20.894643674886701 ], [ -98.451327825346624, 20.893703014793687 ], [ -98.452381126316482, 20.892300488603492 ], [ -98.453434465039564, 20.890895689160374 ], [ -98.456035543962983, 20.888102095804005 ], [ -98.457593043805332, 20.886708982859098 ], [ -98.46120963722791, 20.883938887648302 ], [ -98.463298657090405, 20.881605200167822 ], [ -98.466420865161453, 20.878347112301793 ], [ -98.470593535299997, 20.873684010633362 ], [ -98.475247650573394, 20.869982511655731 ], [ -98.479916299118059, 20.865807071705468 ], [ -98.480969084668118, 20.864404374991423 ], [ -98.48199228588561, 20.863949287969348 ], [ -98.484569886447147, 20.86210530843633 ], [ -98.486126672810414, 20.860716463699948 ], [ -98.487661200760186, 20.860273118034904 ], [ -98.491276467064054, 20.857502360567715 ], [ -98.495549020495062, 20.849031947352834 ], [ -98.497152623917387, 20.845738442066487 ], [ -98.499272643287981, 20.841978104752631 ], [ -98.503988970921654, 20.835897515782122 ], [ -98.504124617704861, 20.830666969527325 ], [ -98.503682275662129, 20.828277077028229 ], [ -98.502308757647356, 20.822531015895986 ], [ -98.502333404150676, 20.821581045789866 ], [ -98.500875922794009, 20.81916787404062 ], [ -98.497412556052311, 20.816232234858468 ], [ -98.491367978095667, 20.815140487488389 ], [ -98.49035516184955, 20.81511945097489 ], [ -98.478643569611577, 20.817705619215957 ], [ -98.468091470393929, 20.814605458718741 ], [ -98.456075593234957, 20.809567215217186 ], [ -98.451077123914089, 20.807068964945071 ], [ -98.449583360601466, 20.806321524576145 ], [ -98.449641445013697, 20.80608858313461 ], [ -98.449816468444581, 20.805617182023148 ], [ -98.450066570530339, 20.805027906621294 ], [ -98.45019159158592, 20.80469792402997 ], [ -98.450491889054149, 20.804202865843955 ], [ -98.450666868048557, 20.803684336468383 ], [ -98.450816925182124, 20.803330770893048 ], [ -98.450824101161686, 20.803318377366278 ], [ -98.450967062711996, 20.803071459297758 ], [ -98.451067120463605, 20.802859312338466 ], [ -98.451116939119501, 20.802505821230614 ], [ -98.451591007614297, 20.800879737111497 ], [ -98.452282316922904, 20.799960084633753 ], [ -98.453342636885083, 20.798079157000227 ], [ -98.454402867655105, 20.796200491672447 ], [ -98.455966955409977, 20.794333533805901 ], [ -98.45648576489377, 20.793869194946137 ], [ -98.457523373144056, 20.79294051239113 ], [ -98.458082041640722, 20.791050177192879 ], [ -98.458128959545988, 20.789192239124407 ], [ -98.458589902539742, 20.788885038804384 ], [ -98.458933701479197, 20.788363969597103 ], [ -98.459152967224441, 20.788317148548778 ], [ -98.459489794338566, 20.788245223059871 ], [ -98.46051605399542, 20.788127950443879 ], [ -98.460987929237774, 20.787647444158182 ], [ -98.461246519360785, 20.787045771968547 ], [ -98.461761561858097, 20.786444902278788 ], [ -98.462275890256194, 20.786044856157783 ], [ -98.462631309981688, 20.785416233236219 ], [ -98.46287379898807, 20.785319471215463 ], [ -98.463230555524888, 20.785177110647993 ], [ -98.463232396562532, 20.784654964978461 ], [ -98.463277402324053, 20.784012458518866 ], [ -98.462853240884257, 20.783087327626415 ], [ -98.462642933278318, 20.78212270012374 ], [ -98.462517830841207, 20.781238666602849 ], [ -98.462136278188723, 20.780353834440035 ], [ -98.461711854942664, 20.779509028875509 ], [ -98.460857891972864, 20.779265362731866 ], [ -98.460516965344226, 20.778983134512504 ], [ -98.46098938553331, 20.778341967824883 ], [ -98.461248242375348, 20.777659963728688 ], [ -98.461763394058963, 20.777018929738567 ], [ -98.461949013246041, 20.77654414166787 ], [ -98.462108431995659, 20.7761363689165 ], [ -98.462665746807247, 20.775656123885412 ], [ -98.463110891380524, 20.775392077866602 ], [ -98.463548389133834, 20.775310181282403 ], [ -98.463923565187258, 20.775114344655019 ], [ -98.46407954544388, 20.774696559173083 ], [ -98.463995764286224, 20.77421431374027 ], [ -98.464382532003086, 20.77361303498083 ], [ -98.464557301114681, 20.77252910860858 ], [ -98.464345725479134, 20.771925968526954 ], [ -98.464139148294151, 20.771808896938932 ], [ -98.46369056465241, 20.771591206234671 ], [ -98.463690289325243, 20.771591072812438 ], [ -98.462866260124045, 20.771159970387568 ], [ -98.462525249425795, 20.77081073358114 ], [ -98.46164621023938, 20.770170302356405 ], [ -98.461188252288608, 20.769157744622976 ], [ -98.46076400595858, 20.768272772178005 ], [ -98.460511135831041, 20.767267840897446 ], [ -98.461067712384292, 20.766988425340458 ], [ -98.460984791914768, 20.766265185867077 ], [ -98.460561549015395, 20.765099059169209 ], [ -98.460308826953238, 20.764053962696128 ], [ -98.460099413254298, 20.762848338559216 ], [ -98.459888911092378, 20.762433914227572 ], [ -98.459124120126006, 20.761758048541854 ], [ -98.458672555440685, 20.761075060689286 ], [ -98.45827109891114, 20.760392031751532 ], [ -98.457468260081185, 20.759096662692546 ], [ -98.457242221133114, 20.75846061946617 ], [ -98.456514262906936, 20.756835295254408 ], [ -98.456363449136902, 20.756269883817534 ], [ -98.456037191277588, 20.755610354375953 ], [ -98.45541069290438, 20.755375206267143 ], [ -98.454734073942234, 20.755116530038681 ], [ -98.454257661561201, 20.754622060000631 ], [ -98.454007044375359, 20.754504434606492 ], [ -98.453781272682022, 20.754151153134234 ], [ -98.453480369038289, 20.753821491389932 ], [ -98.452979077826981, 20.75351554703397 ], [ -98.452653228661191, 20.753303722209374 ], [ -98.452377502119944, 20.753115423063011 ], [ -98.452245851551822, 20.75306454976117 ], [ -98.452245608990438, 20.753064456099281 ], [ -98.452205411954793, 20.753048922502959 ], [ -98.451951490756443, 20.75295080014557 ], [ -98.451425113265444, 20.752597743149902 ], [ -98.451099288297129, 20.75240947959945 ], [ -98.450673158962829, 20.752103471817488 ], [ -98.450322144752775, 20.751750279216932 ], [ -98.449832340269154, 20.751520510633963 ], [ -98.449728872399689, 20.751345700623546 ], [ -98.451256858412904, 20.750301686615984 ], [ -98.451276599761641, 20.749866561826828 ], [ -98.45139986826976, 20.749760349815187 ], [ -98.451572122059915, 20.749611931181477 ], [ -98.451710529970626, 20.749482733353542 ], [ -98.452072367389462, 20.749144969884554 ], [ -98.452549640502738, 20.748763129911939 ], [ -98.452799833844367, 20.748508347887523 ], [ -98.453208274079742, 20.748360562627369 ], [ -98.45332840541657, 20.748450585700898 ], [ -98.453709009698287, 20.748735797890902 ], [ -98.454516795193712, 20.748546860072185 ], [ -98.454838515837281, 20.748259145264356 ], [ -98.454999564116207, 20.748095949714536 ], [ -98.455017816748992, 20.74807745428188 ], [ -98.455284101307285, 20.748127380832372 ], [ -98.45558815666935, 20.748068848766181 ], [ -98.455860183447015, 20.747900246863548 ], [ -98.456084841504918, 20.747763331647736 ], [ -98.456386284709239, 20.747761919841963 ], [ -98.456504266733546, 20.747739207586253 ], [ -98.456814386032164, 20.747679506542198 ], [ -98.457251780866599, 20.747243243563716 ], [ -98.457431189763113, 20.747032288417291 ], [ -98.457566137670199, 20.746907285431682 ], [ -98.457929004303779, 20.746908430443618 ], [ -98.458257536455406, 20.746844507692678 ], [ -98.458551337186009, 20.746829190799481 ], [ -98.458889348266283, 20.747067912817418 ], [ -98.459438484249276, 20.746993511380413 ], [ -98.459840460206038, 20.74687213684853 ], [ -98.460144555206554, 20.746608899927974 ], [ -98.460478483960912, 20.746492281652014 ], [ -98.46079498990774, 20.746413172286463 ], [ -98.461049776605847, 20.746209351304628 ], [ -98.461327434752278, 20.746135604453695 ], [ -98.461474683702505, 20.74602799066184 ], [ -98.461625364355044, 20.745926229175137 ], [ -98.461693964575971, 20.745803267713249 ], [ -98.4619486765082, 20.745766287870566 ], [ -98.462216650441633, 20.745767125725653 ], [ -98.46236349968521, 20.74591869957279 ], [ -98.462557293107764, 20.746052287679543 ], [ -98.462749830270695, 20.746126939952759 ], [ -98.46295510001427, 20.746319618645273 ], [ -98.463251742745726, 20.746543672982941 ], [ -98.46351429143094, 20.746451974684348 ], [ -98.463764355776419, 20.746269209861261 ], [ -98.463977823834341, 20.746064629746012 ], [ -98.464266494709562, 20.745826876724706 ], [ -98.464773406501067, 20.745768797050033 ], [ -98.46514778108174, 20.745741683680631 ], [ -98.465148087118692, 20.7457417107399 ], [ -98.46541525629182, 20.74576537493741 ], [ -98.465594517344925, 20.745816772554409 ], [ -98.465773778558741, 20.745868169055477 ], [ -98.466234046661384, 20.745790181236703 ], [ -98.466747988897438, 20.745969634796335 ], [ -98.466880523008129, 20.746015911766907 ], [ -98.46747874995485, 20.746103617295489 ], [ -98.467685636699272, 20.74613394803573 ], [ -98.46827160988245, 20.745866412880897 ], [ -98.468363272940422, 20.745824562102513 ], [ -98.468777832768083, 20.745357091764497 ], [ -98.469170736170668, 20.745204653700839 ], [ -98.469653970401822, 20.745039043675455 ], [ -98.469716522300928, 20.744791552176356 ], [ -98.470062208772063, 20.744799369906872 ], [ -98.470699858978179, 20.74494271624441 ], [ -98.471519286306972, 20.74417080828837 ], [ -98.471881059813342, 20.743984828409218 ], [ -98.472334084972672, 20.742978612531765 ], [ -98.472491254252205, 20.742613417973388 ], [ -98.473417216806027, 20.742131656195017 ], [ -98.473984461567412, 20.740852279278641 ], [ -98.474688769163535, 20.740285162880006 ], [ -98.475607628581628, 20.739175446845536 ], [ -98.476012689764289, 20.738925330370826 ], [ -98.476851453662704, 20.738944155187713 ], [ -98.477353764589935, 20.739265190958172 ], [ -98.478024490095379, 20.738744746359508 ], [ -98.479364115920063, 20.738964320125596 ], [ -98.480095779147234, 20.738765135147485 ], [ -98.482150180841714, 20.738809185978955 ], [ -98.483820379604737, 20.738235653105402 ], [ -98.485030533887937, 20.738517431377311 ], [ -98.48583030819448, 20.738285961071394 ], [ -98.486383718300246, 20.737989776803488 ], [ -98.487202542701496, 20.738158801855803 ], [ -98.487996061409419, 20.737808674951932 ], [ -98.492069696033582, 20.736949845737243 ], [ -98.492321063616657, 20.736586375126958 ], [ -98.495252318105926, 20.736859714200634 ], [ -98.49581228948793, 20.736922167536378 ], [ -98.496811139456838, 20.736830126979218 ], [ -98.497076331158098, 20.736708381073338 ], [ -98.497472666192678, 20.736488595178947 ], [ -98.497900765182791, 20.736161657082356 ], [ -98.498267837232945, 20.735829878791844 ], [ -98.498611231540465, 20.735432794944131 ], [ -98.498823954474958, 20.735142509042454 ], [ -98.499334449500921, 20.734725280266684 ], [ -98.499840331178206, 20.734451154272275 ], [ -98.500248321524353, 20.734222678219648 ], [ -98.50060669260202, 20.734223718106655 ], [ -98.500964908149015, 20.734270689181134 ], [ -98.501372250564216, 20.734241251387214 ], [ -98.501797030325221, 20.733859708686616 ], [ -98.502254085014144, 20.733570126153069 ], [ -98.502841604359986, 20.733234983379926 ], [ -98.503087199239346, 20.732852923924117 ], [ -98.503202522045072, 20.732455171539364 ], [ -98.503610501625928, 20.732226686843063 ], [ -98.504180180477846, 20.732366128273533 ], [ -98.504309598615919, 20.732642095430702 ], [ -98.504355839390882, 20.73305009433972 ], [ -98.504695519799355, 20.733498114076799 ], [ -98.504863485298259, 20.734820040207168 ], [ -98.505668201415503, 20.73568488151928 ], [ -98.506639404740284, 20.736906425583918 ], [ -98.507287194189644, 20.73805036677744 ], [ -98.507260253192996, 20.739156216751301 ], [ -98.507646109978253, 20.739753064080816 ], [ -98.507858032509233, 20.740299078231686 ], [ -98.507949482528772, 20.740654165881661 ], [ -98.50807090002796, 20.740981355089168 ], [ -98.508090384159701, 20.741033861071369 ], [ -98.508090699860034, 20.741036271935329 ], [ -98.508091517110941, 20.741042521589428 ], [ -98.508216958686546, 20.742001773275696 ], [ -98.508095704249271, 20.742870179172531 ], [ -98.508007138441414, 20.743116789966461 ], [ -98.50800660624823, 20.743118270406008 ], [ -98.507827240836164, 20.743617706242983 ], [ -98.508138646314606, 20.744189405294026 ], [ -98.510383468708739, 20.744496736269298 ], [ -98.511383969549243, 20.744518289722262 ], [ -98.51278925188376, 20.74436022360722 ], [ -98.514200178279864, 20.743848907672824 ], [ -98.514204139302961, 20.743847472956457 ], [ -98.51422985591357, 20.743838152509561 ], [ -98.514246090534684, 20.743832269225184 ], [ -98.51426478670605, 20.743825493115008 ], [ -98.51450612479762, 20.743738031251084 ], [ -98.515970000484103, 20.743228085311159 ], [ -98.516140307804577, 20.743143816493227 ], [ -98.516653911544225, 20.742889680145897 ], [ -98.517216760391619, 20.742383882332074 ], [ -98.517795611245504, 20.741219276019759 ], [ -98.517796321825742, 20.740159942332902 ], [ -98.51740756595342, 20.739680761300992 ], [ -98.516595328525213, 20.739121847780694 ], [ -98.515756369275991, 20.738632979759462 ], [ -98.515678549956746, 20.738461632434642 ], [ -98.515400070076055, 20.737848458054913 ], [ -98.51486697983762, 20.737130754775372 ], [ -98.514511833368985, 20.736299173705216 ], [ -98.514439660044076, 20.736179914660248 ], [ -98.514508561024087, 20.735404542068494 ], [ -98.514695080202614, 20.734937734098587 ], [ -98.514687230794479, 20.734231331958213 ], [ -98.514515015301001, 20.734109920700195 ], [ -98.514079695875481, 20.73348848328094 ], [ -98.514089994039907, 20.73306496469808 ], [ -98.514217673420092, 20.732794009580346 ], [ -98.514401258371407, 20.732536852735681 ], [ -98.514493324117851, 20.732322377843104 ], [ -98.514288265901641, 20.732150018978796 ], [ -98.513968772522745, 20.732041751302638 ], [ -98.513717061870821, 20.732169876122633 ], [ -98.51341966244722, 20.732297874603887 ], [ -98.513122607212637, 20.73231850443447 ], [ -98.512984983214778, 20.732489899804101 ], [ -98.513029920772482, 20.732726231696006 ], [ -98.512837655647601, 20.733161716544046 ], [ -98.512521452885906, 20.733357539056726 ], [ -98.512311839233476, 20.733442098612606 ], [ -98.512016461790111, 20.733500315261178 ], [ -98.511724048902451, 20.733444886052293 ], [ -98.511479237061465, 20.733552996328513 ], [ -98.511233400972941, 20.733701701110675 ], [ -98.510903480469082, 20.73375912407727 ], [ -98.510532624848381, 20.73386277147489 ], [ -98.510059863174845, 20.733867259469754 ], [ -98.509804140718131, 20.733463192902242 ], [ -98.509652523049681, 20.733335771863626 ], [ -98.509315416730828, 20.733276728560043 ], [ -98.509032886543977, 20.733218921788062 ], [ -98.50877061464962, 20.733223186979167 ], [ -98.508530433069581, 20.733217685421771 ], [ -98.508278530600123, 20.733242706516641 ], [ -98.508023811533207, 20.733402834217134 ], [ -98.507752340471782, 20.733455203368123 ], [ -98.507397781116651, 20.733505667272308 ], [ -98.507090986699353, 20.733316376709208 ], [ -98.506802935898136, 20.733205624992014 ], [ -98.506438063135548, 20.733119152522907 ], [ -98.506910254767945, 20.732932290828874 ], [ -98.507131012402525, 20.732618826478539 ], [ -98.507307831725726, 20.732453367529214 ], [ -98.507383146832908, 20.732270847799633 ], [ -98.507512171295133, 20.73213377384792 ], [ -98.507624562497469, 20.731945813719722 ], [ -98.50776159287328, 20.731791037924388 ], [ -98.507922535472957, 20.731524948764172 ], [ -98.508369536124462, 20.731456141287183 ], [ -98.508879089688335, 20.731285227471574 ], [ -98.509302988736394, 20.731057395726911 ], [ -98.509489881055558, 20.730797119518304 ], [ -98.509630118089007, 20.730599283125809 ], [ -98.51015956353676, 20.730590236641429 ], [ -98.51026740820565, 20.73033873502678 ], [ -98.510343407085387, 20.730012435112187 ], [ -98.510541848048732, 20.729741850585022 ], [ -98.510731745022525, 20.729365246996124 ], [ -98.510875697588077, 20.728956283834364 ], [ -98.51097488554646, 20.728679192217189 ], [ -98.511432397658027, 20.7286877282449 ], [ -98.511609912031631, 20.72856428192118 ], [ -98.511774940689847, 20.728509735289617 ], [ -98.51214485407381, 20.728603034727641 ], [ -98.512621350091521, 20.728719976158565 ], [ -98.513104528777262, 20.728723934242009 ], [ -98.513576729099483, 20.728421046756068 ], [ -98.513960522796637, 20.728170694814779 ], [ -98.51379880963789, 20.727689641988196 ], [ -98.513538739522176, 20.727083593903558 ], [ -98.513449399253531, 20.726883185235305 ], [ -98.513452236593622, 20.726598572258169 ], [ -98.513674761816134, 20.726503373431868 ], [ -98.514139560516398, 20.726510985674775 ], [ -98.514491911291799, 20.726574480052186 ], [ -98.514805419966066, 20.726672749327417 ], [ -98.515116275972815, 20.726711538653586 ], [ -98.515393985889304, 20.726534233334363 ], [ -98.515406101298112, 20.726199356040091 ], [ -98.515426508619598, 20.725924013515318 ], [ -98.515447033050279, 20.725611948246986 ], [ -98.51568224411821, 20.725355564366641 ], [ -98.516034239687556, 20.725228033817142 ], [ -98.516307753357211, 20.725210443874765 ], [ -98.51667846309617, 20.725340006777905 ], [ -98.516834084350648, 20.725542404359469 ], [ -98.516938528668987, 20.726351338894805 ], [ -98.517045267812975, 20.726518464358744 ], [ -98.51724899111106, 20.726781780536466 ], [ -98.517638905000865, 20.72679068971561 ], [ -98.517859777149241, 20.726690972854719 ], [ -98.518118601666572, 20.726740535407036 ], [ -98.518353800913133, 20.726758441670043 ], [ -98.518509426316726, 20.726960837750749 ], [ -98.518684583184466, 20.727163288735895 ], [ -98.519113487324191, 20.727343705124799 ], [ -98.519424706372405, 20.727309796937469 ], [ -98.519764075830295, 20.727312987816038 ], [ -98.519981473581268, 20.727158856579148 ], [ -98.52036925873071, 20.727032495032823 ], [ -98.520738015823881, 20.726796839231916 ], [ -98.521029354626933, 20.726542762700596 ], [ -98.521301269699435, 20.72630683692072 ], [ -98.521515413511324, 20.725961509184703 ], [ -98.521866887408407, 20.725759068784932 ], [ -98.522216330978196, 20.725505152088065 ], [ -98.522430476959258, 20.725159823400745 ], [ -98.522625079662788, 20.724869064617344 ], [ -98.522761801828509, 20.724505312785187 ], [ -98.522917837142103, 20.724159825723326 ], [ -98.523203127739109, 20.723878316206367 ], [ -98.523607146767546, 20.723662787270325 ], [ -98.523857729309739, 20.723374620759518 ], [ -98.523956667986553, 20.723208896974917 ], [ -98.524130541782085, 20.722884408451215 ], [ -98.52428504072634, 20.722614028384065 ], [ -98.524420553720645, 20.72227137971101 ], [ -98.524479132639797, 20.721964624763707 ], [ -98.524537593092731, 20.721693979105837 ], [ -98.524787670424047, 20.721568295164051 ], [ -98.52501859252132, 20.721424500578841 ], [ -98.525578004184652, 20.721276810743447 ], [ -98.525847116995806, 20.721205335435471 ], [ -98.525905237425519, 20.721043011107792 ], [ -98.525867389136664, 20.72086236823554 ], [ -98.525829760153371, 20.720609511104172 ], [ -98.525945450149223, 20.720465397740814 ], [ -98.526099488113459, 20.720339447167444 ], [ -98.526387859701373, 20.720249971576298 ], [ -98.526618671855317, 20.720142280546032 ], [ -98.526945284072099, 20.720107072449277 ], [ -98.527329797002935, 20.719981749550822 ], [ -98.527522808583186, 20.719675366837748 ], [ -98.527926697583069, 20.719495936457207 ], [ -98.528394431434663, 20.719244361001088 ], [ -98.528753203003077, 20.719104993152982 ], [ -98.528962835366698, 20.718909078714717 ], [ -98.529113009453908, 20.718628787857469 ], [ -98.529322386617821, 20.718517081557128 ], [ -98.529770907429167, 20.718321815177312 ], [ -98.530159797759211, 20.718098320447588 ], [ -98.530369772015547, 20.717790123335547 ], [ -98.530609786181472, 20.717425865742658 ], [ -98.530939117479932, 20.717146065898703 ], [ -98.531538065297497, 20.716586293081676 ], [ -98.531987871569783, 20.715969979089568 ], [ -98.532228481835972, 20.715409233248767 ], [ -98.532289753158139, 20.714904136009654 ], [ -98.532270076817539, 20.714683527462419 ], [ -98.531981126986722, 20.714297271078859 ], [ -98.532057554101854, 20.713935252879804 ], [ -98.531951145536297, 20.713334616498589 ], [ -98.531988402550695, 20.713282708188551 ], [ -98.532217008131155, 20.712964196262309 ], [ -98.532250309157746, 20.712603542544322 ], [ -98.53216081761289, 20.712345519010317 ], [ -98.53214244177002, 20.711937923734048 ], [ -98.532644484633735, 20.711302757411296 ], [ -98.532310499278623, 20.711200667815501 ], [ -98.532062251842063, 20.711001828831698 ], [ -98.531923298651975, 20.710675552360609 ], [ -98.531549770740369, 20.710559342973831 ], [ -98.531121474508325, 20.710450702765716 ], [ -98.530655949810779, 20.710127948633907 ], [ -98.530554613160916, 20.709981224338197 ], [ -98.530482203255872, 20.709831646189141 ], [ -98.530523615504237, 20.709568975949093 ], [ -98.530585255243267, 20.709449271728381 ], [ -98.530738828411501, 20.709237266128298 ], [ -98.53076862339887, 20.708994441963114 ], [ -98.530445304045756, 20.708846934225534 ], [ -98.530149624087244, 20.709968638623305 ], [ -98.529072606042703, 20.703993918898508 ], [ -98.530165472988244, 20.704789952119551 ], [ -98.53050056544555, 20.704511564311357 ], [ -98.531114455620568, 20.704146651904999 ], [ -98.531247249541892, 20.703951352544742 ], [ -98.531081100293179, 20.703636686035484 ], [ -98.530896329288083, 20.703339422998909 ], [ -98.530748965560463, 20.702954983533694 ], [ -98.530731029503656, 20.702477924533099 ], [ -98.530955298998819, 20.702007214254255 ], [ -98.531197487023093, 20.701746025377869 ], [ -98.531550817336282, 20.701572425684382 ], [ -98.531922823332565, 20.701363959118481 ], [ -98.532406241067306, 20.701155794829351 ], [ -98.533033107066359, 20.700756249518403 ], [ -98.533376559429101, 20.700233449949053 ], [ -98.533342353760503, 20.699638141345549 ], [ -98.53346002176221, 20.699062474887477 ], [ -98.534227058156631, 20.698421778994238 ], [ -98.535211901393296, 20.698340009801782 ], [ -98.536132846573636, 20.698461521437 ], [ -98.536915368198592, 20.698526286992564 ], [ -98.537286697542257, 20.698326766402396 ], [ -98.537892600984762, 20.698498300685344 ], [ -98.538212279797506, 20.698538837174222 ], [ -98.53848978503423, 20.698378094226467 ], [ -98.539048042227662, 20.698158364436015 ], [ -98.540257045826749, 20.698107494693236 ], [ -98.540279405498993, 20.697845252177064 ], [ -98.539831150398967, 20.697555413390411 ], [ -98.539700835739879, 20.696927566109053 ], [ -98.538869491360373, 20.696501804356544 ], [ -98.538776618397463, 20.696053614469232 ], [ -98.538694485229001, 20.69559112397339 ], [ -98.538768463354884, 20.695433673511953 ], [ -98.538872042158019, 20.695051594252316 ], [ -98.538867176976922, 20.694697367924388 ], [ -98.538924212671347, 20.694629841819093 ], [ -98.539127967562095, 20.694388608298233 ], [ -98.539255153764984, 20.69424927262148 ], [ -98.539458799986278, 20.694016930004068 ], [ -98.539738906396948, 20.693691579302236 ], [ -98.53999178483852, 20.693506967573459 ], [ -98.540143166100265, 20.693438380392745 ], [ -98.540293895552821, 20.693370087671685 ], [ -98.540442341531076, 20.693466253078 ], [ -98.54066622801372, 20.693431186204769 ], [ -98.540717971611713, 20.693423082440869 ], [ -98.540869027558728, 20.693354641416288 ], [ -98.541095796378841, 20.693240222913698 ], [ -98.541475110187577, 20.692963302805666 ], [ -98.541678750669703, 20.692730956536128 ], [ -98.541805188208812, 20.692638650094946 ], [ -98.542030837542853, 20.692594774760135 ], [ -98.542155785128386, 20.692596527679768 ], [ -98.542457520441829, 20.692483159651957 ], [ -98.542684286450779, 20.692368738859656 ], [ -98.542986765829156, 20.692208338640711 ], [ -98.543644306023779, 20.691723632313867 ], [ -98.544097834056203, 20.691494787020577 ], [ -98.544523767313592, 20.691430196452526 ], [ -98.544799021196241, 20.691410533650796 ], [ -98.544898978599647, 20.691411934544991 ], [ -98.545150730780463, 20.691297860856714 ], [ -98.545505415282733, 20.690997065412756 ], [ -98.545784014729946, 20.690765765712712 ], [ -98.546010775996663, 20.690651340138373 ], [ -98.546388959154683, 20.690444953699256 ], [ -98.547419457951861, 20.690083056806152 ], [ -98.548775923499207, 20.689655153991687 ], [ -98.549402503614189, 20.68954631799982 ], [ -98.549778823380933, 20.689457499732224 ], [ -98.550179759668268, 20.689392545425864 ], [ -98.55003836477384, 20.688849600337409 ], [ -98.54994620650622, 20.688354385191108 ], [ -98.54980221407267, 20.687976045780594 ], [ -98.549682097379147, 20.687668601425489 ], [ -98.549534764789968, 20.687501898418724 ], [ -98.549362444186357, 20.687334846268456 ], [ -98.549218454477241, 20.686956506592306 ], [ -98.549124071073877, 20.68660238188933 ], [ -98.548982311455006, 20.686082951062669 ], [ -98.548937905442017, 20.685729524636571 ], [ -98.548843523655918, 20.685375399175264 ], [ -98.54867491961231, 20.684973194469372 ], [ -98.548602926868597, 20.684784025095201 ], [ -98.548511888843166, 20.68421826279015 ], [ -98.548515917771525, 20.68369069502354 ], [ -98.548555303881713, 20.682883845149533 ], [ -98.548770619155619, 20.682252824049879 ], [ -98.548464279892258, 20.681469432195563 ], [ -98.54777554250505, 20.680983918857471 ], [ -98.547537984540199, 20.68046094528319 ], [ -98.547355532468302, 20.679727276000108 ], [ -98.547362898685876, 20.679421397226733 ], [ -98.547213383194944, 20.678358853218864 ], [ -98.54705083658601, 20.67783747886077 ], [ -98.546892258018133, 20.677151400663412 ], [ -98.54655866971946, 20.676461588288404 ], [ -98.546195547990919, 20.67595947461518 ], [ -98.545701693063279, 20.674654168803553 ], [ -98.545433481558049, 20.674365949323008 ], [ -98.544876595490038, 20.673600743799486 ], [ -98.544355489680683, 20.672389017426301 ], [ -98.543732687867319, 20.671245740660183 ], [ -98.543244584638686, 20.670740952131034 ], [ -98.542834888837533, 20.670096588923652 ], [ -98.54267633703158, 20.669410506584725 ], [ -98.542556440288024, 20.66919607447873 ], [ -98.542623459856799, 20.668491268691906 ], [ -98.542441239535336, 20.668234429630836 ], [ -98.542334702890358, 20.668084266706298 ], [ -98.542256285158686, 20.668118943115708 ], [ -98.542226881303563, 20.668131945461816 ], [ -98.541957768928498, 20.668111093695906 ], [ -98.541805739260568, 20.668030813910441 ], [ -98.541671225506192, 20.667929125964267 ], [ -98.541363392391958, 20.66763135958389 ], [ -98.541181142363399, 20.667573143265436 ], [ -98.540973686906938, 20.667732356959295 ], [ -98.540958008338322, 20.667739104400979 ], [ -98.540810018133499, 20.667802793484988 ], [ -98.540646880420056, 20.667689810059692 ], [ -98.540655291616829, 20.667361110552129 ], [ -98.540317407657852, 20.667186521510118 ], [ -98.540183421459361, 20.666826562333352 ], [ -98.539903764084542, 20.666761166682257 ], [ -98.539561952311445, 20.666877047456989 ], [ -98.539495733957892, 20.666855534322046 ], [ -98.539475162204866, 20.666848851023921 ], [ -98.539249171381229, 20.666775430256578 ], [ -98.538780240149933, 20.666383162168213 ], [ -98.538817766622486, 20.666083104313302 ], [ -98.538847069827384, 20.665848788172863 ], [ -98.538640547373177, 20.665607474949454 ], [ -98.53839499772883, 20.665486258351866 ], [ -98.538286646577248, 20.66528682680293 ], [ -98.538079252722341, 20.664967264134432 ], [ -98.537907270403068, 20.664640778316606 ], [ -98.537794779100508, 20.664619958603687 ], [ -98.537772185864526, 20.664660336163145 ], [ -98.537627714732182, 20.664918534694717 ], [ -98.537303795844906, 20.665051548665939 ], [ -98.536998570946182, 20.665150850864208 ], [ -98.536636243946461, 20.665003786872362 ], [ -98.536582155999028, 20.664981833257315 ], [ -98.536858833267345, 20.664776742086723 ], [ -98.536981442689338, 20.664632530894021 ], [ -98.53689276929552, 20.664261324121636 ], [ -98.536609413323575, 20.664200912040119 ], [ -98.536416821893908, 20.664023103670786 ], [ -98.536328540140047, 20.663709395031187 ], [ -98.536140895789273, 20.663363707253897 ], [ -98.535834692022959, 20.663361247206723 ], [ -98.535614716808738, 20.663322480352775 ], [ -98.535446380081225, 20.663241157516687 ], [ -98.535011042178851, 20.663265602643417 ], [ -98.534840836778585, 20.663622019922848 ], [ -98.534696210793726, 20.664091625235134 ], [ -98.534481259571209, 20.664400928321083 ], [ -98.534224444520461, 20.664571610575425 ], [ -98.534004068262547, 20.66419829413686 ], [ -98.533911780255124, 20.663893799146837 ], [ -98.533827985309671, 20.663635220747764 ], [ -98.533703518418335, 20.663357601484083 ], [ -98.53327108688319, 20.663605315157568 ], [ -98.533256091032086, 20.663405313257794 ], [ -98.533474098415979, 20.663167696193046 ], [ -98.533835396394636, 20.663089286829802 ], [ -98.53388414631327, 20.662841065203303 ], [ -98.533397350274697, 20.662716905015866 ], [ -98.532463975838553, 20.663417099313886 ], [ -98.532094825095086, 20.663442314882676 ], [ -98.531499970384658, 20.66390709771548 ], [ -98.531465188776551, 20.664100080893373 ], [ -98.531229832599394, 20.664173082999671 ], [ -98.530420661796725, 20.665121719620515 ], [ -98.530886030840492, 20.665435045731911 ], [ -98.531476720112536, 20.665875629761686 ], [ -98.531570780769613, 20.666053526182097 ], [ -98.531660381265681, 20.666417885013384 ], [ -98.531621634864251, 20.66657835707867 ], [ -98.531606369296512, 20.666929611483212 ], [ -98.531605186302627, 20.667315639342707 ], [ -98.531473177468754, 20.667771494218176 ], [ -98.531339845171999, 20.667958413589176 ], [ -98.531285793915956, 20.668034187329244 ], [ -98.531191534353525, 20.668349771498644 ], [ -98.531115716890753, 20.668735592156121 ], [ -98.531057961738867, 20.669314477594781 ], [ -98.531020904766294, 20.669405002986519 ], [ -98.531011694202576, 20.669427505355603 ], [ -98.530941451836171, 20.669599101072468 ], [ -98.530824048201879, 20.669948849014535 ], [ -98.530520864507807, 20.670188695210424 ], [ -98.530217066954222, 20.670625454949171 ], [ -98.529936333393664, 20.671127912592571 ], [ -98.529724436104047, 20.671966476266256 ], [ -98.529560566599983, 20.672294216416461 ], [ -98.529443090884897, 20.67266584261769 ], [ -98.529400808796268, 20.672900233093436 ], [ -98.529372082142132, 20.673059476541034 ], [ -98.529328443183203, 20.673145464977633 ], [ -98.529179985227856, 20.673437999874093 ], [ -98.529161406745914, 20.67347460821151 ], [ -98.529157107144897, 20.673491243152043 ], [ -98.529020127665646, 20.674021200677842 ], [ -98.529088102641694, 20.674612128813294 ], [ -98.529057736392602, 20.675074722179843 ], [ -98.529039279624286, 20.675355889478563 ], [ -98.529037465108715, 20.675842575220585 ], [ -98.528756453192315, 20.676432545596146 ], [ -98.528601994964149, 20.676643513254714 ], [ -98.528480926028493, 20.676808877128558 ], [ -98.528452706144449, 20.676847421623812 ], [ -98.528085056288674, 20.677277012391894 ], [ -98.528079091352211, 20.677283981753131 ], [ -98.52756547267046, 20.677851437282825 ], [ -98.527170468028018, 20.678349849797719 ], [ -98.527098312166132, 20.67844089421785 ], [ -98.52667856099599, 20.678746054071659 ], [ -98.52653845321862, 20.679496707309681 ], [ -98.526285674953144, 20.679691303840926 ], [ -98.525810392655856, 20.679885283579274 ], [ -98.525512847380298, 20.680163444011473 ], [ -98.525362562367576, 20.680790740318795 ], [ -98.525346252975538, 20.681264965826625 ], [ -98.52515700692112, 20.681633388013026 ], [ -98.525051333425282, 20.68183910984094 ], [ -98.524369583219823, 20.681979646717348 ], [ -98.523486324164011, 20.682000948054064 ], [ -98.522552596394732, 20.6820221041454 ], [ -98.522282555641098, 20.682021356796451 ], [ -98.521795589987576, 20.682020006144029 ], [ -98.521313587264231, 20.681999711456982 ], [ -98.520861191998193, 20.682254781527948 ], [ -98.520354804737238, 20.682799317607621 ], [ -98.519731758208394, 20.68322882820058 ], [ -98.519140889833139, 20.683650469144638 ], [ -98.518556011645728, 20.683749499056116 ], [ -98.51837112695604, 20.683711704199716 ], [ -98.518196522935781, 20.683676011331229 ], [ -98.517708326915823, 20.683674645950433 ], [ -98.517441501537206, 20.683771422103931 ], [ -98.51738847999755, 20.684054131327116 ], [ -98.5173875044471, 20.684362702393432 ], [ -98.517310979049071, 20.684623597529065 ], [ -98.517158893221207, 20.684836801841108 ], [ -98.517006742784162, 20.685073744979771 ], [ -98.516804034817412, 20.685334286211635 ], [ -98.516578028994573, 20.685373822212295 ], [ -98.516349749404839, 20.68535674445204 ], [ -98.516098899627735, 20.685083371694649 ], [ -98.515894101593076, 20.685135277654478 ], [ -98.515816029082302, 20.685155065251642 ], [ -98.515764180553234, 20.6852998861891 ], [ -98.515894548817144, 20.685664048252825 ], [ -98.516019439797745, 20.686067926150347 ], [ -98.516089875627799, 20.686856079637515 ], [ -98.515861180899776, 20.687353908596425 ], [ -98.51570863828816, 20.687709534356713 ], [ -98.515656434015156, 20.688255339497275 ], [ -98.515299217404802, 20.688532977368567 ], [ -98.51509192105722, 20.688792022213228 ], [ -98.514825096745085, 20.689202016478497 ], [ -98.514439540258039, 20.689241200241405 ], [ -98.513873706190026, 20.689408735495334 ], [ -98.51343704238954, 20.689359179387743 ], [ -98.513204810678474, 20.689459010556156 ], [ -98.512885915724951, 20.689690790358824 ], [ -98.512820046340906, 20.68986401545957 ], [ -98.512740359695258, 20.690073580823633 ], [ -98.512603850091836, 20.690280763264447 ], [ -98.512111710602099, 20.690624650686836 ], [ -98.511803173137537, 20.690599451267275 ], [ -98.511548107856356, 20.690710493813302 ], [ -98.511474323052283, 20.69087483954856 ], [ -98.511394181360117, 20.691053343943391 ], [ -98.511326913827531, 20.691405739844011 ], [ -98.510948083376519, 20.691499609195017 ], [ -98.510933346006823, 20.691498838042541 ], [ -98.510468689193488, 20.691474516204899 ], [ -98.510351107479181, 20.691466148094623 ], [ -98.510123828855242, 20.691135979229408 ], [ -98.50985236268356, 20.691149169707458 ], [ -98.509738774815531, 20.690879018014076 ], [ -98.509487570525067, 20.690522248731753 ], [ -98.509296673919323, 20.690305579217217 ], [ -98.509102016815859, 20.690113423114457 ], [ -98.508770871223916, 20.690120460884106 ], [ -98.50843049280239, 20.690358992738044 ], [ -98.50820049637845, 20.690542320261159 ], [ -98.508119828846986, 20.690636582584446 ], [ -98.507997854955391, 20.690779111483522 ], [ -98.507794894228525, 20.691110845593744 ], [ -98.507718655706014, 20.691276784794383 ], [ -98.507733622384222, 20.691350134217021 ], [ -98.507833877798561, 20.691564049034792 ], [ -98.507984518655746, 20.691801848268955 ], [ -98.508110005358475, 20.692015843947839 ], [ -98.507781338011142, 20.692204794789678 ], [ -98.507250702839926, 20.692416914862456 ], [ -98.506796307666235, 20.692463087021473 ], [ -98.506392609766777, 20.692480072329936 ], [ -98.506114263446904, 20.692674762750016 ], [ -98.505987625994905, 20.692816824109737 ], [ -98.506112957553285, 20.693078284759473 ], [ -98.506288838700399, 20.69331615839236 ], [ -98.506439708471603, 20.693482746552064 ], [ -98.506640832429468, 20.693720692252018 ], [ -98.506286380070264, 20.694075730624427 ], [ -98.505424264955153, 20.694197290757163 ], [ -98.505146359897907, 20.694291437265626 ], [ -98.504948953753868, 20.694458023622357 ], [ -98.504787656166229, 20.69444957406672 ], [ -98.50443938295912, 20.694408089816584 ], [ -98.50408646775729, 20.694288390570595 ], [ -98.503589904883441, 20.694198734884235 ], [ -98.503199140457099, 20.694261476503435 ], [ -98.502927102960484, 20.694364475943274 ], [ -98.502679178429986, 20.694659369777312 ], [ -98.502242862936811, 20.694710339669385 ], [ -98.501742828832434, 20.694605527292961 ], [ -98.50156647343195, 20.69456856107422 ], [ -98.501150390064225, 20.694583323858922 ], [ -98.500879739898281, 20.694825080784735 ], [ -98.500696044348786, 20.69497041999502 ], [ -98.500570607742063, 20.695069664609207 ], [ -98.500320973116033, 20.695515260889881 ], [ -98.500304080817941, 20.695789199415174 ], [ -98.500498838708594, 20.695949430541948 ], [ -98.500773515323928, 20.696038782957103 ], [ -98.500899383310283, 20.696134091722758 ], [ -98.500772427068611, 20.696371092892534 ], [ -98.500645471344598, 20.696608094020245 ], [ -98.500389259891847, 20.696799471510559 ], [ -98.500011698639, 20.69666771693484 ], [ -98.499500464339363, 20.696747459776084 ], [ -98.499160077634329, 20.696977991654766 ], [ -98.498598991532148, 20.697191908666966 ], [ -98.498156560238243, 20.697470037643601 ], [ -98.497837203436532, 20.697765259307783 ], [ -98.497608979936061, 20.698096915343587 ], [ -98.497401667902608, 20.698408900535266 ], [ -98.497258257916982, 20.699050762274968 ], [ -98.497254958173784, 20.699108261229178 ], [ -98.497231230486051, 20.699521701171072 ], [ -98.497220161727583, 20.699880055883089 ], [ -98.496462913166511, 20.699925315698362 ], [ -98.49592939521348, 20.700117668347289 ], [ -98.495084496141786, 20.700473236908771 ], [ -98.494472472574657, 20.700913997622937 ], [ -98.494278617643729, 20.701269530576052 ], [ -98.49407927932252, 20.701384714732932 ], [ -98.493934262815628, 20.701337106984788 ], [ -98.493535798863462, 20.701152321460313 ], [ -98.493034631341146, 20.701214710526823 ], [ -98.492514641033338, 20.701381865525072 ], [ -98.491996039681723, 20.70157992334196 ], [ -98.491332740823381, 20.701881331436468 ], [ -98.490764474269739, 20.702122593886887 ], [ -98.490276653597775, 20.702126398900397 ], [ -98.489741914226343, 20.702068933429359 ], [ -98.489130462443214, 20.702099050059264 ], [ -98.489019492705239, 20.702274354970786 ], [ -98.489070004857865, 20.702474077884187 ], [ -98.488754318930845, 20.702745171492342 ], [ -98.488303145072777, 20.703071299980596 ], [ -98.48775760527721, 20.703094851044341 ], [ -98.486959309555317, 20.703220160102482 ], [ -98.486348071853172, 20.703250263406982 ], [ -98.485784546648276, 20.703488876082918 ], [ -98.485273894391312, 20.703894357866979 ], [ -98.48447784787048, 20.704932305927791 ], [ -98.484133803699763, 20.7051766747031 ], [ -98.48394736283602, 20.705672439240963 ], [ -98.483576706377818, 20.706006343088855 ], [ -98.482344808420649, 20.70561772937042 ], [ -98.481325899470505, 20.705287610999054 ], [ -98.480838846810457, 20.70535155320945 ], [ -98.480212702333276, 20.705415081464302 ], [ -98.480084410739565, 20.70540164470286 ], [ -98.479355252725185, 20.70532527418937 ], [ -98.478752735420031, 20.705258034549512 ], [ -98.478265756951345, 20.705300168369941 ], [ -98.477336751642042, 20.705798838497227 ], [ -98.476802587454515, 20.706080668998283 ], [ -98.476254591885649, 20.706257885609944 ], [ -98.476010167881867, 20.706310132025965 ], [ -98.475625499687268, 20.706167645575082 ], [ -98.475319062979437, 20.706032546896225 ], [ -98.475133748473553, 20.705988373350731 ], [ -98.474924351861191, 20.706205778357855 ], [ -98.474589520631412, 20.706624575263781 ], [ -98.474417420901176, 20.7071550918191 ], [ -98.474114714859098, 20.707532140671681 ], [ -98.473744922966532, 20.707940475844381 ], [ -98.473543493704454, 20.7080816026006 ], [ -98.473307923804782, 20.708411602967171 ], [ -98.473206207650705, 20.708773512127024 ], [ -98.472987869364871, 20.708961830602313 ], [ -98.472535549354674, 20.709023436636254 ], [ -98.47201645815457, 20.70902184518534 ], [ -98.471512438033741, 20.708901436721963 ], [ -98.471406805443806, 20.708864272712916 ], [ -98.471298781179115, 20.708826266572725 ], [ -98.471005763171163, 20.708723174592841 ], [ -98.470629372614582, 20.708898724371512 ], [ -98.470384389898925, 20.709110024354139 ], [ -98.47028952992585, 20.7093747929088 ], [ -98.47021333315277, 20.709674965143307 ], [ -98.469761785223156, 20.709850282039824 ], [ -98.469498445033764, 20.709937824658081 ], [ -98.469328478519046, 20.710184691897627 ], [ -98.469177493910152, 20.710378602526365 ], [ -98.469087926763009, 20.710428774916018 ], [ -98.468115389141261, 20.71006315209306 ], [ -98.468032866730539, 20.709950971876513 ], [ -98.467789174597343, 20.709791180837897 ], [ -98.467507221938277, 20.709825655477779 ], [ -98.466999190780172, 20.710036128154876 ], [ -98.466468016080526, 20.71026711968587 ], [ -98.466071654300677, 20.710778342385073 ], [ -98.465712935205701, 20.711272011530902 ], [ -98.465505017862981, 20.711624787509891 ], [ -98.46531391607931, 20.712068444416222 ], [ -98.465104253591036, 20.712338047221003 ], [ -98.464711301266448, 20.712455332162346 ], [ -98.464281774306059, 20.712449310117613 ], [ -98.463990301711931, 20.7125190626479 ], [ -98.46380819826858, 20.712805935197441 ], [ -98.463239025606725, 20.713283595597808 ], [ -98.462862303613122, 20.713547480354123 ], [ -98.46265499970076, 20.713723540573401 ], [ -98.462442701965983, 20.714172157032486 ], [ -98.461210368323464, 20.71301965263708 ], [ -98.460928534748618, 20.71311733951055 ], [ -98.460341824109676, 20.713312100319229 ], [ -98.460465731101849, 20.713678260637419 ], [ -98.460534834918889, 20.714069483463078 ], [ -98.460443126009949, 20.714539868238898 ], [ -98.460192797972638, 20.715096453356093 ], [ -98.459894950041075, 20.715475013993935 ], [ -98.459248772833405, 20.716136213247687 ], [ -98.458055306774824, 20.716999788302878 ], [ -98.457212730505404, 20.71775443644469 ], [ -98.456813148668758, 20.718240106376285 ], [ -98.456029285238202, 20.719211861300071 ], [ -98.455193284837506, 20.719862426412622 ], [ -98.454619355058398, 20.720249379838442 ], [ -98.45441235705222, 20.720521425056941 ], [ -98.454409318064421, 20.720526528170911 ], [ -98.454203266196515, 20.720872513947711 ], [ -98.454154809820935, 20.721288441263852 ], [ -98.453291013511858, 20.721818416525778 ], [ -98.452819076731757, 20.72212219523308 ], [ -98.452458669453932, 20.722562506374381 ], [ -98.451853080785185, 20.722988020059404 ], [ -98.451021638401031, 20.723234521134724 ], [ -98.450623178514206, 20.723266469510676 ], [ -98.450167138746409, 20.723522175350727 ], [ -98.449717307712461, 20.723727513924796 ], [ -98.449321951184061, 20.723745440678091 ], [ -98.449141220034662, 20.723987085955024 ], [ -98.448699483094103, 20.724207750640939 ], [ -98.448382335618518, 20.724428122589977 ], [ -98.448359197338618, 20.724444201005575 ], [ -98.447945120662681, 20.72461485236073 ], [ -98.447859907522414, 20.724904581913407 ], [ -98.447807943654041, 20.7254488493964 ], [ -98.447729198722783, 20.726125968348398 ], [ -98.447670439324668, 20.726919616443375 ], [ -98.447363338552805, 20.727593634773335 ], [ -98.446551058892098, 20.728057593732736 ], [ -98.445558651272449, 20.728480549474472 ], [ -98.444811177624587, 20.728682585542892 ], [ -98.444311200351876, 20.728858929693164 ], [ -98.443826842317776, 20.729021604125343 ], [ -98.443388717149176, 20.729233188207115 ], [ -98.443312252599895, 20.72934649179356 ], [ -98.443331277156943, 20.729554097771288 ], [ -98.443402377292017, 20.729643862164746 ], [ -98.443560373399023, 20.729843331535669 ], [ -98.443912023744389, 20.730127749792256 ], [ -98.443972231925557, 20.730320968373189 ], [ -98.444063217375955, 20.730606840362768 ], [ -98.444080067962361, 20.730925105602726 ], [ -98.444098406728671, 20.731285929843921 ], [ -98.443943869191017, 20.731701855606971 ], [ -98.443790404430274, 20.73205634427871 ], [ -98.443462718443755, 20.732472600731612 ], [ -98.442942683970699, 20.732706609846097 ], [ -98.442337986910019, 20.732826251506133 ], [ -98.441862689901342, 20.733083534779492 ], [ -98.44162561607574, 20.733441670328208 ], [ -98.441342238829847, 20.733799474970628 ], [ -98.441253056750469, 20.734192309519663 ], [ -98.441233076591033, 20.734308164495751 ], [ -98.440177172969072, 20.735860305950936 ], [ -98.440490553275936, 20.737330121069675 ], [ -98.440477508770286, 20.737364731573507 ], [ -98.4403314836362, 20.73767352508769 ], [ -98.440085870183253, 20.737956436144827 ], [ -98.439866883962281, 20.738133413126892 ], [ -98.439665844407614, 20.738378119540371 ], [ -98.43941131950929, 20.73863819326483 ], [ -98.439035906466103, 20.738787377787919 ], [ -98.438639559963065, 20.738811236435637 ], [ -98.438135569376684, 20.7387093044075 ], [ -98.437964883970409, 20.738730999237525 ], [ -98.437732959161181, 20.738841926567705 ], [ -98.437188138271765, 20.739102509348843 ], [ -98.435886073328334, 20.739725261141913 ], [ -98.435636651372462, 20.739844553440289 ], [ -98.434987335117839, 20.740786685950237 ], [ -98.434823130067215, 20.74173616023187 ], [ -98.434514286554005, 20.742155566250116 ], [ -98.434318983709005, 20.742759375391955 ], [ -98.434001654687819, 20.74303699102142 ], [ -98.433857414149045, 20.743163179504894 ], [ -98.433575039617921, 20.743047654030836 ], [ -98.432726531865427, 20.743086048762539 ], [ -98.432348555428248, 20.743123000268032 ], [ -98.431034743332773, 20.743639401686451 ], [ -98.430142142481969, 20.743932859814294 ], [ -98.429649963985682, 20.74412583310929 ], [ -98.42828976473362, 20.744338521300737 ], [ -98.428026869309107, 20.744488472593957 ], [ -98.427608909412115, 20.745853619193678 ], [ -98.42746609616006, 20.746072345682112 ], [ -98.427113323926719, 20.746612633360659 ], [ -98.426523419109699, 20.74751608961575 ], [ -98.426203197869242, 20.747990215316552 ], [ -98.425847979097739, 20.748458232613416 ], [ -98.425510507685402, 20.748929289634269 ], [ -98.423646558903613, 20.747722156053698 ], [ -98.423620332763463, 20.747478542413493 ], [ -98.423539998113654, 20.747124542884283 ], [ -98.423507580515263, 20.746981694027227 ], [ -98.423543144459288, 20.746558739101847 ], [ -98.423428049217065, 20.746156003088974 ], [ -98.422619065498111, 20.745479013271638 ], [ -98.422128206764725, 20.745091529520458 ], [ -98.421736225480444, 20.744753307323503 ], [ -98.421481970573268, 20.744332637305462 ], [ -98.421447813201851, 20.744276123551039 ], [ -98.42150956615238, 20.743806664835041 ], [ -98.421581800704558, 20.743559629084459 ], [ -98.421959831477935, 20.743472995075823 ], [ -98.421841113052224, 20.743094759223563 ], [ -98.421794258532529, 20.742905827310654 ], [ -98.42167554109389, 20.742527590578039 ], [ -98.42157867327191, 20.742337915592753 ], [ -98.421375014773176, 20.742096068504019 ], [ -98.421357956127281, 20.742075811652619 ], [ -98.42110946818309, 20.741978001181117 ], [ -98.420936791125143, 20.74183425722282 ], [ -98.420940740990872, 20.741599020884276 ], [ -98.421254449613727, 20.741442232907982 ], [ -98.421672250623118, 20.741233417535998 ], [ -98.421903627280315, 20.740860382569327 ], [ -98.42193337085115, 20.740578469799921 ], [ -98.421913496693179, 20.740272291221011 ], [ -98.421717788747841, 20.740010558330308 ], [ -98.421544718077214, 20.739890339944846 ], [ -98.421422845028516, 20.739700292279885 ], [ -98.421453774779863, 20.739347809436151 ], [ -98.42165777287471, 20.739115545029289 ], [ -98.42171378603976, 20.739001858854635 ], [ -98.421968507001296, 20.738484863268017 ], [ -98.422249890317786, 20.738112570582107 ], [ -98.422316120129281, 20.737982993520458 ], [ -98.422405058035935, 20.737808991251569 ], [ -98.422661038497338, 20.73745984987233 ], [ -98.422914649279136, 20.737251849689073 ], [ -98.423066657853155, 20.737136459803757 ], [ -98.423271045964782, 20.736880669002211 ], [ -98.423577823238389, 20.736485221399697 ], [ -98.423785365009763, 20.736041241117821 ], [ -98.424192455445009, 20.735479470060504 ], [ -98.424445690465632, 20.735044885564697 ], [ -98.424480632808326, 20.734851553565399 ], [ -98.424512342419021, 20.734452021225565 ], [ -98.42454129123918, 20.734217155762899 ], [ -98.424349529779491, 20.733720189572715 ], [ -98.424255818549696, 20.733342325293147 ], [ -98.424269408878288, 20.733119888388725 ], [ -98.424290289333555, 20.732778127735195 ], [ -98.424372009075441, 20.732379338231574 ], [ -98.424526771521286, 20.732099279861774 ], [ -98.424579541965613, 20.731935356380749 ], [ -98.424558086403124, 20.731723271975191 ], [ -98.424488985879904, 20.731369303535526 ], [ -98.424567549755579, 20.73115870347938 ], [ -98.424581274760399, 20.731106520818393 ], [ -98.424647691048818, 20.730854007957337 ], [ -98.424700854800719, 20.730666560030844 ], [ -98.424807182801516, 20.730291665128576 ], [ -98.425113154880734, 20.729943261829213 ], [ -98.425178778961481, 20.729865112271465 ], [ -98.425335203930771, 20.7296788339812 ], [ -98.425444917499505, 20.729548180305819 ], [ -98.426002114623799, 20.729132913568133 ], [ -98.426256889430704, 20.728854336508221 ], [ -98.426441078446359, 20.728612283891213 ], [ -98.426717216355627, 20.728249393607729 ], [ -98.426978291015374, 20.727594436252094 ], [ -98.427362416053001, 20.727058950215397 ], [ -98.427694560305568, 20.726640341089183 ], [ -98.427801665519382, 20.726218396276415 ], [ -98.427935743505557, 20.725679202890273 ], [ -98.428222600454319, 20.724977566731113 ], [ -98.428236888647319, 20.72494687388301 ], [ -98.428559855708087, 20.724253146777848 ], [ -98.42869617216283, 20.724036696496277 ], [ -98.428765397387082, 20.723926777760852 ], [ -98.429148718673488, 20.723438334812389 ], [ -98.429478490097821, 20.723160864065189 ], [ -98.429886810846554, 20.722672789353918 ], [ -98.430116564182228, 20.722393836561178 ], [ -98.430320133711476, 20.72218508433804 ], [ -98.430597532368807, 20.722048013972518 ], [ -98.43075069968414, 20.721862044544839 ], [ -98.430903473767188, 20.721699598495444 ], [ -98.430962942785683, 20.721531052061628 ], [ -98.431109648295958, 20.721115259729174 ], [ -98.431236858145411, 20.72087816783872 ], [ -98.431411544704417, 20.720611548335338 ], [ -98.431617592816636, 20.720404404402231 ], [ -98.431839372516436, 20.720212159190737 ], [ -98.432014278173753, 20.7198861623067 ], [ -98.431983861510147, 20.719574329935853 ], [ -98.431842527653103, 20.719366039648175 ], [ -98.431858001271891, 20.719318587106279 ], [ -98.431892149844344, 20.7192138566508 ], [ -98.432145063357623, 20.719140467059294 ], [ -98.432508451369415, 20.719082289123193 ], [ -98.432761424975979, 20.718994057171049 ], [ -98.43285693590127, 20.718786552215544 ], [ -98.432905135225141, 20.718564044439493 ], [ -98.432984803614204, 20.718371329018634 ], [ -98.433174889146841, 20.718208665681843 ], [ -98.433318431642562, 20.717823182629157 ], [ -98.433465595051842, 20.717523669531747 ], [ -98.433092708668198, 20.717280614757918 ], [ -98.432458090659964, 20.717200057168 ], [ -98.431960689215103, 20.717197992074979 ], [ -98.431065572253672, 20.716902451480269 ], [ -98.430255317894421, 20.716864680768662 ], [ -98.430147299491622, 20.71677093005696 ], [ -98.429958268280942, 20.716651550238971 ], [ -98.429737324085053, 20.716621129651642 ], [ -98.429437488134539, 20.716575601979329 ], [ -98.429201253564727, 20.716411528923409 ], [ -98.429280555740732, 20.716274597567082 ], [ -98.429518180057173, 20.71606756095197 ], [ -98.42974012244585, 20.715830787837604 ], [ -98.429961952550286, 20.715623702744892 ], [ -98.430104667831529, 20.715460885739958 ], [ -98.430279294474687, 20.715209109123201 ], [ -98.430474473169511, 20.715286964273997 ], [ -98.430856640236556, 20.715322172232622 ], [ -98.431225199697252, 20.715215238026992 ], [ -98.431464008682667, 20.715079424838855 ], [ -98.43177984995566, 20.715065625719152 ], [ -98.432001400489, 20.714932756741117 ], [ -98.432412811087289, 20.714696600271523 ], [ -98.432558732298702, 20.714412027622394 ], [ -98.432734014368449, 20.713906370751154 ], [ -98.432917970711785, 20.713378100284281 ], [ -98.433321209056714, 20.713128864082467 ], [ -98.433547268160041, 20.712845036708181 ], [ -98.433781686863, 20.7126441219987 ], [ -98.433952746438266, 20.712469870008103 ], [ -98.434178817637857, 20.712264742537887 ], [ -98.434577264187055, 20.712039001788874 ], [ -98.434959398186962, 20.711816245703442 ], [ -98.435300448548873, 20.711748724318284 ], [ -98.435625172424693, 20.711601675411337 ], [ -98.435924489008471, 20.711561997197837 ], [ -98.436151075038282, 20.711471225202907 ], [ -98.436529240761331, 20.711288574274572 ], [ -98.436656603993725, 20.711149277531547 ], [ -98.437010944166005, 20.710895684146202 ], [ -98.437087125439319, 20.710826219868391 ], [ -98.437341065318307, 20.710594673000603 ], [ -98.437698147846476, 20.710176411298296 ], [ -98.438052090989245, 20.709946339880027 ], [ -98.438329460512662, 20.709809255857593 ], [ -98.43868379498609, 20.709555658855621 ], [ -98.439090090348316, 20.709185180140352 ], [ -98.439270516404051, 20.708857443577873 ], [ -98.439476651419128, 20.708787422330229 ], [ -98.439709214545601, 20.708912569466186 ], [ -98.439867726805673, 20.708982775892597 ], [ -98.440087424950761, 20.709058848447658 ], [ -98.440321742002752, 20.70911752139963 ], [ -98.440680173742294, 20.709298819330154 ], [ -98.441021144434828, 20.709385156909498 ], [ -98.441452796681361, 20.709476834167269 ], [ -98.441776128897715, 20.709496929013316 ], [ -98.442364514642676, 20.70950226813018 ], [ -98.442786922427004, 20.709636167665089 ], [ -98.44334989519065, 20.709880962537042 ], [ -98.443303712502484, 20.709659926405138 ], [ -98.443046328899229, 20.709371942761734 ], [ -98.44262464919332, 20.709039250612747 ], [ -98.442296620218045, 20.708795214350879 ], [ -98.441780399322738, 20.708616832762527 ], [ -98.441907143183471, 20.708339531471029 ], [ -98.442295989708569, 20.708348609673529 ], [ -98.442266012587169, 20.708102179044502 ], [ -98.441910853755687, 20.707968171418607 ], [ -98.442301662584825, 20.707433740594819 ], [ -98.44245221983175, 20.706738228066403 ], [ -98.442559433140403, 20.706397057145463 ], [ -98.442817067783096, 20.706146599336641 ], [ -98.443062168373373, 20.705607491421933 ], [ -98.443230798392847, 20.705309178461505 ], [ -98.443523503441767, 20.705109923025219 ], [ -98.443853331437651, 20.704938716941562 ], [ -98.44416328620143, 20.704693111223367 ], [ -98.44419704603294, 20.704229080746344 ], [ -98.444406542309707, 20.703977533872298 ], [ -98.444663589420415, 20.703779693913749 ], [ -98.444959487488532, 20.703656419249953 ], [ -98.445354534412914, 20.703140304204581 ], [ -98.445281081468693, 20.702670442327946 ], [ -98.445282768330841, 20.702206587029597 ], [ -98.445355896809147, 20.701477896768736 ], [ -98.44540489242182, 20.700925837949772 ], [ -98.445335935196994, 20.700505932761327 ], [ -98.445361038131779, 20.700064239452061 ], [ -98.445620979551109, 20.699645392614215 ], [ -98.445739807021354, 20.699270268830009 ], [ -98.445858473011228, 20.698939321327146 ], [ -98.4458598372876, 20.698563815301721 ], [ -98.445697236394381, 20.698055253293841 ], [ -98.445698359720836, 20.697746015034738 ], [ -98.445559175172264, 20.697259618846207 ], [ -98.445595235925808, 20.696812461320366 ], [ -98.445831437811307, 20.696528918662732 ], [ -98.445966972657061, 20.696213462702065 ], [ -98.445886022781849, 20.695376088694971 ], [ -98.44585345637158, 20.695091680749417 ], [ -98.445894435443208, 20.694621707110567 ], [ -98.44590364719177, 20.694336709474342 ], [ -98.446261100019584, 20.694387191768598 ], [ -98.446433988397033, 20.694633631803974 ], [ -98.44659435084543, 20.694858322517153 ], [ -98.44678058216121, 20.695120457519106 ], [ -98.446944495367262, 20.695386702163521 ], [ -98.447173748768265, 20.695803724164268 ], [ -98.447402323869369, 20.696170789398053 ], [ -98.447462288752249, 20.696472179148159 ], [ -98.447483238270308, 20.696577472274857 ], [ -98.447548105513007, 20.696897662396537 ], [ -98.447599382464603, 20.697252764650969 ], [ -98.447617537414487, 20.697686779562165 ], [ -98.447582523444112, 20.698025424404559 ], [ -98.447617644302127, 20.698488028387317 ], [ -98.447864081618391, 20.69887575300222 ], [ -98.448032879755345, 20.699111523997079 ], [ -98.448049642613725, 20.699134937033925 ], [ -98.448181306697194, 20.699358957708583 ], [ -98.448305655204592, 20.699553086470392 ], [ -98.448419754539117, 20.699715679786994 ], [ -98.448579239982863, 20.699996097411265 ], [ -98.44870417909614, 20.70020618916918 ], [ -98.448886644920677, 20.700400866188001 ], [ -98.4490174496826, 20.700563656962167 ], [ -98.449146874453561, 20.700736685839249 ], [ -98.44921636760219, 20.700895725885751 ], [ -98.449340869213216, 20.700747509469856 ], [ -98.449469877175943, 20.70068124688548 ], [ -98.449584722290481, 20.700631408544542 ], [ -98.449683508773035, 20.700620130613416 ], [ -98.449890764543639, 20.700571098480559 ], [ -98.450104316452354, 20.700513949455466 ], [ -98.450356344180832, 20.700463181343061 ], [ -98.450644929865504, 20.70044851779242 ], [ -98.450851483235979, 20.700382026832326 ], [ -98.451081863480113, 20.70027332050503 ], [ -98.451322109873871, 20.700079300902445 ], [ -98.451536766286452, 20.699991613212006 ], [ -98.451788477053583, 20.699967248502045 ], [ -98.451909284161374, 20.700021756980753 ], [ -98.452076950581144, 20.700025889386556 ], [ -98.452274070534301, 20.700014971065688 ], [ -98.452521938499046, 20.699938160412206 ], [ -98.45276952785089, 20.699938947100975 ], [ -98.452922000950508, 20.699755534050684 ], [ -98.453170956665559, 20.699634266464528 ], [ -98.453473967695359, 20.699560467185098 ], [ -98.453711765154267, 20.69955394710745 ], [ -98.454342730732193, 20.699475081202397 ], [ -98.454871199094242, 20.699399156222693 ], [ -98.455317526404158, 20.699214334493647 ], [ -98.455483305449278, 20.699013105110652 ], [ -98.455632909436105, 20.698718703437969 ], [ -98.455831923369047, 20.69845549515281 ], [ -98.455981175258628, 20.698269711579218 ], [ -98.456262403143825, 20.698084386615896 ], [ -98.456708779902883, 20.697884037484734 ], [ -98.45709319817685, 20.697679686052595 ], [ -98.457682753333202, 20.697432470986577 ], [ -98.458110129438609, 20.697267763459056 ], [ -98.458479080598764, 20.696978337037475 ], [ -98.458921019346192, 20.696855186773877 ], [ -98.459318863778563, 20.696718063724845 ], [ -98.459883393085704, 20.696203356273838 ], [ -98.459758968068456, 20.695901936298487 ], [ -98.459567432503349, 20.695589898975516 ], [ -98.459334696835896, 20.695155075139628 ], [ -98.459310799941093, 20.695105574684845 ], [ -98.4591105844423, 20.694690839155093 ], [ -98.458900209819703, 20.69425909683283 ], [ -98.458790377560376, 20.693703771641879 ], [ -98.458750373812933, 20.693384478499041 ], [ -98.458836479775059, 20.693105116919266 ], [ -98.458905779820583, 20.692880277565298 ], [ -98.459141652208757, 20.692017137614108 ], [ -98.459349321514253, 20.690659927940022 ], [ -98.459412176675031, 20.689637093509354 ], [ -98.459187333693095, 20.68839119545472 ], [ -98.458919753189434, 20.687614192693172 ], [ -98.458670272317462, 20.686837606863907 ], [ -98.458601874023032, 20.686624693874268 ], [ -98.458491911998649, 20.685806345644373 ], [ -98.458542974383775, 20.685372430131309 ], [ -98.458871258892628, 20.684957382815302 ], [ -98.459329399891416, 20.684632372170036 ], [ -98.45995772478318, 20.684373473600136 ], [ -98.46027408987392, 20.683908411722516 ], [ -98.46049091273251, 20.68320484957437 ], [ -98.460153526520216, 20.682466390166308 ], [ -98.460071382074034, 20.681965995588364 ], [ -98.460037620093502, 20.681357777149337 ], [ -98.460168128480987, 20.680635998221714 ], [ -98.460340377205412, 20.679834339854949 ], [ -98.460306872433179, 20.678869942386907 ], [ -98.460295426127175, 20.678660881397239 ], [ -98.460280510948081, 20.678388452959705 ], [ -98.46027680636351, 20.677958210288551 ], [ -98.46024195248603, 20.67760134641566 ], [ -98.460252515540361, 20.677198653789667 ], [ -98.460402810419367, 20.67683068485692 ], [ -98.460658347430723, 20.676466242212665 ], [ -98.461031836931895, 20.676027742909266 ], [ -98.461363970746547, 20.675424333904857 ], [ -98.461969348295085, 20.675255381075026 ], [ -98.462633837316162, 20.675091766072658 ], [ -98.463237740924839, 20.674839290104732 ], [ -98.463634910152635, 20.674620501882565 ], [ -98.463978595180777, 20.67412754126989 ], [ -98.464286640504127, 20.672732225236821 ], [ -98.464536485443745, 20.671807991041881 ], [ -98.464595175526298, 20.671141702410917 ], [ -98.464642544991477, 20.670516406026696 ], [ -98.464587737133456, 20.669947013294429 ], [ -98.464216444399497, 20.66933384421867 ], [ -98.463841390306101, 20.668954859327936 ], [ -98.46344190956836, 20.668626952802722 ], [ -98.463332562154719, 20.668312276086141 ], [ -98.463275003523762, 20.667841360528428 ], [ -98.46343333253111, 20.667662073424911 ], [ -98.463561385159636, 20.66751707101195 ], [ -98.463685953291744, 20.667241283899092 ], [ -98.463999223064377, 20.667068574993326 ], [ -98.464672643276472, 20.666791693265893 ], [ -98.465318056451906, 20.6666667772812 ], [ -98.465715548479025, 20.666440391485978 ], [ -98.466444415246656, 20.666365359136091 ], [ -98.467415201422384, 20.66613808473344 ], [ -98.467960338036733, 20.665611698503071 ], [ -98.468446526819832, 20.664946301561525 ], [ -98.468949754848992, 20.664755689520668 ], [ -98.469001346287385, 20.664736147349835 ], [ -98.469240588109443, 20.664418910897371 ], [ -98.469358601955733, 20.66396387895869 ], [ -98.469485381325029, 20.663349265349428 ], [ -98.46955230546746, 20.663263515907268 ], [ -98.469842863786383, 20.662891220194393 ], [ -98.470012879904331, 20.66257030940109 ], [ -98.470265554629236, 20.662497563859809 ], [ -98.470536159366461, 20.662467886713735 ], [ -98.4709736202268, 20.662683595492698 ], [ -98.471410401940602, 20.662890488941841 ], [ -98.471929092745896, 20.662879445437429 ], [ -98.472609543136016, 20.662676770009934 ], [ -98.473037072286814, 20.662359316618186 ], [ -98.473610573827486, 20.66216549162268 ], [ -98.474008456512493, 20.661826493709519 ], [ -98.474112331356537, 20.661250352660193 ], [ -98.474321189488052, 20.660624555522389 ], [ -98.474800772211154, 20.6601326971826 ], [ -98.4749900716767, 20.659955412867976 ], [ -98.475137468519989, 20.659817370545451 ], [ -98.475785301277242, 20.659621324598813 ], [ -98.476216027893599, 20.659535369309062 ], [ -98.47677083870343, 20.659385133300116 ], [ -98.477434564215898, 20.659362113486523 ], [ -98.478068699940977, 20.659300039665847 ], [ -98.478478273680395, 20.659242358447408 ], [ -98.478636703692445, 20.658598596662102 ], [ -98.478454004277154, 20.657864107876268 ], [ -98.478942303346784, 20.657321769289595 ], [ -98.479153652561237, 20.657013171624545 ], [ -98.479509269628792, 20.65678436584367 ], [ -98.4801135653763, 20.656548218916974 ], [ -98.480694047811298, 20.656281763987248 ], [ -98.480717791326342, 20.656270784071101 ], [ -98.481017390421783, 20.656132227749708 ], [ -98.481455050073649, 20.655965606047573 ], [ -98.481834095139092, 20.655846377109594 ], [ -98.48225834648207, 20.655734288309979 ], [ -98.48280010144687, 20.655838216754802 ], [ -98.483180865465158, 20.655901852815685 ], [ -98.483751258892028, 20.655903488996653 ], [ -98.483783621605369, 20.655903581784148 ], [ -98.484025019746397, 20.655523892582366 ], [ -98.484157624876644, 20.654940425362948 ], [ -98.484354603296183, 20.654703461915666 ], [ -98.484717228237812, 20.654587622479266 ], [ -98.485275163222838, 20.65457979714536 ], [ -98.486013780301946, 20.654396724382178 ], [ -98.486491114305565, 20.653821208094168 ], [ -98.4866081799574, 20.65298707965308 ], [ -98.486463706897197, 20.652244474527137 ], [ -98.486538924561259, 20.651790769795024 ], [ -98.48678585031027, 20.651241763886961 ], [ -98.48686181470525, 20.650963283871427 ], [ -98.486953376040077, 20.650627626124308 ], [ -98.48702822350991, 20.650052352901429 ], [ -98.487335048804567, 20.649763904643624 ], [ -98.487607575063095, 20.649643529077252 ], [ -98.488083300273033, 20.649564328059366 ], [ -98.488604763886158, 20.649764672935035 ], [ -98.489067463551933, 20.649942745354824 ], [ -98.489741370225858, 20.649986179059827 ], [ -98.490256185623963, 20.649586501983389 ], [ -98.490421839534534, 20.649206695894019 ], [ -98.489999218653296, 20.64915511800427 ], [ -98.489753810582982, 20.649046518518066 ], [ -98.489590685763133, 20.648830283799299 ], [ -98.489539881999136, 20.648610873158585 ], [ -98.490037413779703, 20.648355974709514 ], [ -98.490305198227929, 20.647997608532336 ], [ -98.49037714418256, 20.647715735172522 ], [ -98.490537105216077, 20.647361632322156 ], [ -98.490990087092072, 20.646977728331553 ], [ -98.491266203097453, 20.646522841532512 ], [ -98.491163324073938, 20.645771731523183 ], [ -98.49151126819325, 20.645580595271369 ], [ -98.491807956250284, 20.645771441950707 ], [ -98.491984527770043, 20.645897273135013 ], [ -98.492158992290172, 20.646104226452518 ], [ -98.492433230766991, 20.646092873129284 ], [ -98.492589484098318, 20.646086404256089 ], [ -98.493046259467746, 20.645808590575612 ], [ -98.493180004674429, 20.645388165573461 ], [ -98.493363236608147, 20.645078014791334 ], [ -98.493697413409308, 20.644887581193608 ], [ -98.494094508789189, 20.644810028182125 ], [ -98.49448417679119, 20.644535597373249 ], [ -98.494846729523587, 20.644340511167503 ], [ -98.494938896120217, 20.643911046196596 ], [ -98.495081043895013, 20.643635067741943 ], [ -98.495015257202297, 20.643049643125241 ], [ -98.49482869617934, 20.642436062264675 ], [ -98.495054457731584, 20.641540019935569 ], [ -98.495281942429799, 20.640779623822898 ], [ -98.495802783257659, 20.639863056926778 ], [ -98.495174898069777, 20.637963634790953 ], [ -98.495168688349423, 20.636628713942301 ], [ -98.494396752515868, 20.635083678168293 ], [ -98.493964351406618, 20.634295411764228 ], [ -98.493721525303911, 20.633423384823566 ], [ -98.493335191194333, 20.632665548125185 ], [ -98.492964279553576, 20.632041579022975 ], [ -98.492707989678777, 20.63162104174193 ], [ -98.492588486851076, 20.631424953952632 ], [ -98.492158738111556, 20.630622853481139 ], [ -98.491592442975119, 20.62979919339438 ], [ -98.490969359598537, 20.628145157810511 ], [ -98.490397543681198, 20.626973699228284 ], [ -98.490291422436712, 20.625590722781439 ], [ -98.490069090602375, 20.62414252878326 ], [ -98.49006075124359, 20.624089826779272 ], [ -98.489849091028802, 20.62275229969682 ], [ -98.489687305390845, 20.62167798903441 ], [ -98.489603363629669, 20.621120589056741 ], [ -98.489597380429018, 20.620426200818976 ], [ -98.489504075716113, 20.619656736805741 ], [ -98.489004836467799, 20.618525811631489 ], [ -98.488782422357176, 20.617875121491739 ], [ -98.488387059616784, 20.617356601211597 ], [ -98.487921056527782, 20.616954966200101 ], [ -98.487584889721305, 20.616268228012288 ], [ -98.487281874077695, 20.615632815526805 ], [ -98.486990204476498, 20.614560495173151 ], [ -98.487053786750934, 20.613995682500008 ], [ -98.486885580528721, 20.613404741156391 ], [ -98.486664144994734, 20.61286257904251 ], [ -98.486326304664772, 20.612368702802129 ], [ -98.486036394057948, 20.612015324147027 ], [ -98.485748781592207, 20.611757816854759 ], [ -98.485482448440294, 20.611388336163248 ], [ -98.4853546606859, 20.610716037520085 ], [ -98.485004166060705, 20.609982000727573 ], [ -98.484581442515349, 20.608866965600555 ], [ -98.48406874961411, 20.607884772046347 ], [ -98.483838399955388, 20.607208181505751 ], [ -98.483595686343861, 20.606518280435317 ], [ -98.48329132019056, 20.60611251110322 ], [ -98.482734715661692, 20.605977185282899 ], [ -98.481924938828314, 20.605699628659512 ], [ -98.481405050168135, 20.605394684377924 ], [ -98.480942932420746, 20.604919473859333 ], [ -98.480855809886791, 20.604687625335004 ], [ -98.480891698201646, 20.604472690442222 ], [ -98.48098045078001, 20.604224834193037 ], [ -98.481086951490695, 20.603927400291749 ], [ -98.481017073651898, 20.603794859022742 ], [ -98.480771034431626, 20.603761035045125 ], [ -98.480454620364682, 20.603743544870532 ], [ -98.480226728636495, 20.603544357655004 ], [ -98.480122078547083, 20.603295915127298 ], [ -98.480105620817881, 20.602965031958313 ], [ -98.480123986047602, 20.602733503829125 ], [ -98.48019504019544, 20.602518675423259 ], [ -98.480353950145314, 20.602320650845776 ], [ -98.480547795443499, 20.602188896744526 ], [ -98.480794279472732, 20.602090390487781 ], [ -98.481086620652533, 20.60195133727612 ], [ -98.481181513489574, 20.601635622453575 ], [ -98.481109704581655, 20.601397574249251 ], [ -98.481030312809509, 20.601118592060132 ], [ -98.480752192442367, 20.60093379338625 ], [ -98.480536334957137, 20.600760048546881 ], [ -98.480320305240198, 20.600637212493009 ], [ -98.480006940738491, 20.600493720307675 ], [ -98.479823448141786, 20.600350618426006 ], [ -98.479726947160572, 20.600085587069767 ], [ -98.479683834959602, 20.599814527075154 ], [ -98.479587294587859, 20.599559679052255 ], [ -98.479501138014072, 20.599437232972583 ], [ -98.479350112067365, 20.599294227901002 ], [ -98.479296553628643, 20.599131153326301 ], [ -98.47929717603904, 20.598947875075538 ], [ -98.479265401450562, 20.598744135354124 ], [ -98.479125645810058, 20.598468794251183 ], [ -98.479083224971262, 20.598214113180013 ], [ -98.479040798632937, 20.597959427479516 ], [ -98.478976905032681, 20.597653771625751 ], [ -98.479010028348384, 20.597460407574854 ], [ -98.479018728641122, 20.597358265690385 ], [ -98.479032572633827, 20.597195738034277 ], [ -98.479011549978168, 20.597012398711698 ], [ -98.478870031880021, 20.596603181352851 ], [ -98.478787002823324, 20.596468276055617 ], [ -98.478704323221166, 20.596232380429601 ], [ -98.478704242427597, 20.596113189239489 ], [ -98.478704197271227, 20.59604679347855 ], [ -98.478812293315073, 20.595822694518169 ], [ -98.478848874016862, 20.595587157824859 ], [ -98.478945233135562, 20.595306916327097 ], [ -98.478945995341689, 20.595082493114596 ], [ -98.478827422594449, 20.594880156448607 ], [ -98.478696618506532, 20.594767547988933 ], [ -98.47858966098002, 20.594655014540926 ], [ -98.478518871096924, 20.594430376658003 ], [ -98.478459849044427, 20.594250658983356 ], [ -98.478472691733913, 20.593981388195942 ], [ -98.478532934092129, 20.593802029747945 ], [ -98.478629178636027, 20.593555455278189 ], [ -98.478949924405072, 20.59333471977477 ], [ -98.479233478347567, 20.593111395406563 ], [ -98.479429569028625, 20.592833791163233 ], [ -98.479481579502149, 20.592542417613664 ], [ -98.47953062005017, 20.592365902927817 ], [ -98.479560722346548, 20.592063571149456 ], [ -98.479645200601425, 20.591748617903047 ], [ -98.479721515355266, 20.591535895661345 ], [ -98.479775996757212, 20.591256100948303 ], [ -98.480015594932851, 20.591113710070363 ], [ -98.480197339976328, 20.590777684530835 ], [ -98.480178244071766, 20.59038602323233 ], [ -98.480226187225455, 20.590041602003257 ], [ -98.48019161711747, 20.589776551829942 ], [ -98.480131248092761, 20.589436384534519 ], [ -98.480180458116237, 20.588998892898779 ], [ -98.480490304196749, 20.588715608032615 ], [ -98.480845720891864, 20.588617120543983 ], [ -98.481169064807133, 20.588541619937587 ], [ -98.481557402959965, 20.588376939318362 ], [ -98.48209346208624, 20.588044408154467 ], [ -98.482393789368061, 20.587941348337068 ], [ -98.482414532588862, 20.587934230007797 ], [ -98.482430926310855, 20.587988666772272 ], [ -98.482556813231142, 20.588406696791871 ], [ -98.482619453128294, 20.588529270191113 ], [ -98.48268209219988, 20.588651842647181 ], [ -98.482750554630968, 20.588785809770091 ], [ -98.48288739456568, 20.588948087221233 ], [ -98.483125308073795, 20.589136317097971 ], [ -98.483356247900929, 20.589282507607948 ], [ -98.483510338872293, 20.589354942719861 ], [ -98.483552154049065, 20.589374599103138 ], [ -98.483820583261362, 20.589323694690702 ], [ -98.484019273991095, 20.589455128494453 ], [ -98.484107876879364, 20.589521758578982 ], [ -98.484208685500164, 20.589673638465371 ], [ -98.484413892324923, 20.589841519536595 ], [ -98.484585704676476, 20.589999862415329 ], [ -98.484736548257146, 20.590099570204167 ], [ -98.484926339994871, 20.590181085134684 ], [ -98.485123094813076, 20.589988201177583 ], [ -98.485430350978149, 20.589906000009609 ], [ -98.485757277559273, 20.589769523607291 ], [ -98.48595857916618, 20.58967830203138 ], [ -98.48606690130768, 20.589660768206478 ], [ -98.486213097849941, 20.589637105020316 ], [ -98.486359294364718, 20.589613440787566 ], [ -98.486710815579968, 20.58950083504628 ], [ -98.486963950923155, 20.589292740034175 ], [ -98.487217462183665, 20.589061128634501 ], [ -98.487470595921863, 20.588853032850995 ], [ -98.487919369974492, 20.588906461386294 ], [ -98.488389540132502, 20.58900502710328 ], [ -98.488848164628834, 20.58932015617107 ], [ -98.489183607726929, 20.589512490576659 ], [ -98.489606656994397, 20.589612592659599 ], [ -98.489855641564375, 20.589663176058277 ], [ -98.49040695263885, 20.589553402469473 ], [ -98.491109236271498, 20.589375206283943 ], [ -98.491535675951013, 20.589263654461398 ], [ -98.491835362413184, 20.589267911589847 ], [ -98.492110827565284, 20.589224779462839 ], [ -98.492531618508409, 20.589465974836941 ], [ -98.49280444883091, 20.589587458019071 ], [ -98.493202526859406, 20.589687197199115 ], [ -98.49352718746286, 20.589691805642722 ], [ -98.493751953560519, 20.589694995164137 ], [ -98.49419960343829, 20.58981895778394 ], [ -98.494450847634738, 20.589728434885831 ], [ -98.49462792290926, 20.589589815401414 ], [ -98.495081214957921, 20.589361027122482 ], [ -98.495428969596745, 20.589483568651385 ], [ -98.495827048270627, 20.589583301848307 ], [ -98.496152461912246, 20.589540871794629 ], [ -98.49630305770404, 20.589495962967028 ], [ -98.496943735377116, 20.590046049806688 ], [ -98.497232901415387, 20.590708762352204 ], [ -98.497552681040702, 20.591019078903319 ], [ -98.49764994747531, 20.591185110597095 ], [ -98.497969728224049, 20.591495426364077 ], [ -98.49799470268124, 20.591495780247822 ], [ -98.498265663182849, 20.591734838629566 ], [ -98.49853925367708, 20.591809279618545 ], [ -98.498887767080873, 20.591884782229066 ], [ -98.499287356738066, 20.591890440495884 ], [ -98.499759617013595, 20.592038259410923 ], [ -98.499956033381324, 20.592252737116333 ], [ -98.500152450372838, 20.592467214604003 ], [ -98.500422290482717, 20.592776819370435 ], [ -98.500594859322476, 20.592920393716604 ], [ -98.500990700186392, 20.59316121471791 ], [ -98.50133734231261, 20.593354294964406 ], [ -98.501507662649729, 20.593638967648214 ], [ -98.501676857226684, 20.593994190301704 ], [ -98.501823329545928, 20.594207959356819 ], [ -98.501969802305553, 20.59442172921289 ], [ -98.502067075658417, 20.594587758498413 ], [ -98.502286973260027, 20.594896653100125 ], [ -98.502285097925451, 20.59501423642887 ], [ -98.502304447109921, 20.59536733875019 ], [ -98.502375996238925, 20.595580047953149 ], [ -98.502472895879791, 20.595769594170637 ], [ -98.502671946034127, 20.595819452365472 ], [ -98.50292094590715, 20.595870017344961 ], [ -98.503270971799822, 20.595851444693661 ], [ -98.503470396255693, 20.595877785685037 ], [ -98.503720231189007, 20.595827204581241 ], [ -98.503796196445364, 20.595811824745336 ], [ -98.504022096219742, 20.595744452495822 ], [ -98.504272595343892, 20.595700948887952 ], [ -98.504808753144914, 20.59586664243712 ], [ -98.505420674434163, 20.595954176246245 ], [ -98.505863959294899, 20.5962377528042 ], [ -98.508635344968525, 20.595767523752233 ], [ -98.512248011300201, 20.594224355827109 ], [ -98.514075550731803, 20.592195412166461 ], [ -98.517680257954495, 20.588193214289621 ], [ -98.518713012187291, 20.587046520580891 ], [ -98.52109838532057, 20.584397883329004 ], [ -98.521267420613512, 20.58410064667147 ], [ -98.521358649449823, 20.583925247208633 ], [ -98.521406229072596, 20.583667763821204 ], [ -98.521495282202778, 20.583576803617042 ], [ -98.521521063772852, 20.58341748727322 ], [ -98.521542439675102, 20.583242193183718 ], [ -98.521506435720013, 20.583143839833554 ], [ -98.521492651201356, 20.583024446556241 ], [ -98.521536480001387, 20.582819045294094 ], [ -98.521553289616534, 20.582634007298932 ], [ -98.521566246767023, 20.582505018247254 ], [ -98.521609287043376, 20.582472750247835 ], [ -98.521693959717268, 20.582409270771887 ], [ -98.521883018098009, 20.582363122820837 ], [ -98.522050207486487, 20.582324413688919 ], [ -98.522176591697161, 20.582280236076514 ], [ -98.522338966565101, 20.582241416670655 ], [ -98.522522655569801, 20.582216692809098 ], [ -98.522701340457246, 20.582199225963247 ], [ -98.522886708184529, 20.582015768988526 ], [ -98.522978648541084, 20.581812600244625 ], [ -98.523000256359609, 20.58153467743557 ], [ -98.522931603592383, 20.581207629361703 ], [ -98.522913223897433, 20.580892503081468 ], [ -98.522937238841408, 20.580614635447091 ], [ -98.522947951819546, 20.580485564420588 ], [ -98.522958189895277, 20.580362214641784 ], [ -98.523095762347438, 20.580164057394672 ], [ -98.523191902092833, 20.580078361686905 ], [ -98.523314126161893, 20.580008571545346 ], [ -98.523565795296037, 20.579869155851888 ], [ -98.523622924663755, 20.579708287234443 ], [ -98.523552111823889, 20.579558673530876 ], [ -98.523430983132187, 20.579398838385757 ], [ -98.523373850284855, 20.579287050393013 ], [ -98.52331633230375, 20.579174508731533 ], [ -98.523209399282749, 20.578931075958419 ], [ -98.523068125155831, 20.578711808647544 ], [ -98.522779931551838, 20.578399027160643 ], [ -98.522723968194967, 20.578333222059346 ], [ -98.52245732582422, 20.578019682884683 ], [ -98.522298081520901, 20.577750105246096 ], [ -98.522262736351195, 20.57753268966043 ], [ -98.522316585631557, 20.57721864682679 ], [ -98.52288121613617, 20.5768039958683 ], [ -98.523533708377983, 20.57634428505942 ], [ -98.524042079393908, 20.575962934946009 ], [ -98.524279238667717, 20.575544772591499 ], [ -98.524337939625411, 20.575042017367423 ], [ -98.524330045862456, 20.574600116130799 ], [ -98.524261728015446, 20.573979353556503 ], [ -98.524162178242335, 20.573449170966597 ], [ -98.523970142170612, 20.57305013039133 ], [ -98.523793453638532, 20.572709844685988 ], [ -98.523710113575589, 20.572298542640407 ], [ -98.52370394325996, 20.571976892984722 ], [ -98.523775175584404, 20.57164226771399 ], [ -98.523921548908305, 20.571382505458587 ], [ -98.524154879315248, 20.571299941907846 ], [ -98.524376539217528, 20.571202935746363 ], [ -98.524735410641, 20.57110849413947 ], [ -98.524892460847383, 20.570995269644708 ], [ -98.524915317890901, 20.570762173233199 ], [ -98.524813027563241, 20.570525653460248 ], [ -98.524673086779998, 20.570254819267493 ], [ -98.524531308887774, 20.570055389323525 ], [ -98.524464147201428, 20.569951223120817 ], [ -98.524376534048173, 20.569893086815028 ], [ -98.524227069922958, 20.569898747404089 ], [ -98.52407903526948, 20.569848871163241 ], [ -98.523974092267267, 20.56971549053204 ], [ -98.523857581561884, 20.569563700657586 ], [ -98.523804380911457, 20.569385004483138 ], [ -98.523721334456894, 20.569149490556221 ], [ -98.523609989317933, 20.568516407121891 ], [ -98.523635386800493, 20.567997584618837 ], [ -98.523604695543298, 20.567692954166741 ], [ -98.523397206656071, 20.567333253890887 ], [ -98.52341816937934, 20.567080268923348 ], [ -98.523667130373653, 20.566858006418876 ], [ -98.523783026023736, 20.566659356026189 ], [ -98.523751678233666, 20.566473787726558 ], [ -98.523606900673158, 20.566297537222685 ], [ -98.523516037468028, 20.566178653861009 ], [ -98.52341459892267, 20.56600282575015 ], [ -98.523356528492087, 20.565732726499981 ], [ -98.523348492249809, 20.565390055654987 ], [ -98.523415098507172, 20.564860834800406 ], [ -98.523434910003644, 20.564091258364911 ], [ -98.523712164407272, 20.563518083174902 ], [ -98.523924330058009, 20.562853830869575 ], [ -98.524121715655014, 20.562279745643043 ], [ -98.524135180926635, 20.5622405813853 ], [ -98.524150670669172, 20.561638748793911 ], [ -98.524089974489101, 20.561216034296031 ], [ -98.524056731489779, 20.56098451953552 ], [ -98.523826627945482, 20.560661729167609 ], [ -98.523581997675166, 20.560154889198305 ], [ -98.523407776917296, 20.560000081052646 ], [ -98.523231135625764, 20.559752224605518 ], [ -98.522903524246033, 20.559662523491266 ], [ -98.52270538319388, 20.55950149796579 ], [ -98.522635998173797, 20.559203356851953 ], [ -98.522696068126294, 20.558834458804146 ], [ -98.522929786765459, 20.55864247067996 ], [ -98.522961264141841, 20.558635818199537 ], [ -98.523120373023858, 20.558442125840159 ], [ -98.52357316187026, 20.558346431293142 ], [ -98.523754207262527, 20.558236025443748 ], [ -98.523854663098376, 20.55798202218293 ], [ -98.523868654870654, 20.557919245429847 ], [ -98.523917281818399, 20.557701071701523 ], [ -98.524002348314625, 20.557296454581401 ], [ -98.524014658943415, 20.557143449314964 ], [ -98.524016511289233, 20.557120432156857 ], [ -98.524118278642632, 20.556908986026102 ], [ -98.524229671724711, 20.556417080791505 ], [ -98.524214007533274, 20.556162490569829 ], [ -98.524195713833436, 20.555865154519907 ], [ -98.523850491286765, 20.555337308171374 ], [ -98.523817202383455, 20.555020340950438 ], [ -98.523811809332258, 20.55496899120168 ], [ -98.524198233521943, 20.55445728316419 ], [ -98.524361944875139, 20.554271633748144 ], [ -98.52437899536001, 20.554170525191566 ], [ -98.52429161895472, 20.554075106128799 ], [ -98.524210353120267, 20.553986360493671 ], [ -98.524009016198548, 20.55384060301348 ], [ -98.523933761657048, 20.553786122243039 ], [ -98.523777387167087, 20.553593164775673 ], [ -98.523771042412548, 20.553465438902791 ], [ -98.523830362819723, 20.553312562173861 ], [ -98.523926322434605, 20.553045982683269 ], [ -98.523991812185443, 20.552840513364064 ], [ -98.524117292343917, 20.552456099422965 ], [ -98.524348780530133, 20.552163128819213 ], [ -98.524619328942549, 20.552036621202458 ], [ -98.524944909260512, 20.552017403153123 ], [ -98.525212730386457, 20.551996866089077 ], [ -98.525520700227091, 20.551538933991175 ], [ -98.525640633942061, 20.551276303199849 ], [ -98.525715892455324, 20.551065386190878 ], [ -98.525751594088604, 20.550800833102361 ], [ -98.525716817641353, 20.550467762697156 ], [ -98.525577497383679, 20.55019945944753 ], [ -98.525556213192701, 20.550158470865231 ], [ -98.525521438554648, 20.549918959712485 ], [ -98.52533162084633, 20.549622042585359 ], [ -98.525311834186411, 20.549592563837511 ], [ -98.525141454054989, 20.549338725895684 ], [ -98.525068624602085, 20.549200513996642 ], [ -98.524978445689683, 20.549029378796202 ], [ -98.524827836815888, 20.548893257092196 ], [ -98.524733600091182, 20.548718730424593 ], [ -98.524728287211161, 20.548714908512338 ], [ -98.524485357885396, 20.548540120837057 ], [ -98.524492343367768, 20.548362234674205 ], [ -98.524672047115203, 20.548209838496113 ], [ -98.524842940758717, 20.548025487669193 ], [ -98.525068907680222, 20.547853167267295 ], [ -98.525261970553728, 20.547743035193069 ], [ -98.525387940176273, 20.547526472146256 ], [ -98.525366147083574, 20.547384277754588 ], [ -98.525359074061541, 20.547338128421927 ], [ -98.525131267756549, 20.547207616469002 ], [ -98.5249393496197, 20.547140536432156 ], [ -98.524844888370396, 20.547107520423026 ], [ -98.52485735850513, 20.547090794377112 ], [ -98.524957308245334, 20.546856060088054 ], [ -98.525199564822202, 20.54668559034026 ], [ -98.525406087274064, 20.546540265244651 ], [ -98.52553743223875, 20.546314781655994 ], [ -98.525582431076742, 20.546237530431569 ], [ -98.525695431943291, 20.54596340210631 ], [ -98.525746765363763, 20.545559152189384 ], [ -98.525778341288856, 20.545264341407194 ], [ -98.525787962261703, 20.54517451685237 ], [ -98.525888681510366, 20.544909747736153 ], [ -98.526005237131358, 20.54449734714921 ], [ -98.526137298135112, 20.544231025175186 ], [ -98.526443401662789, 20.544125739658543 ], [ -98.526626792766038, 20.543972006161866 ], [ -98.528401516612917, 20.544372897492149 ], [ -98.536160674634701, 20.548471199170709 ], [ -98.539739292858172, 20.553345100099079 ], [ -98.543263982681211, 20.559959623927437 ], [ -98.551046717556247, 20.56318676036005 ], [ -98.557463282268785, 20.565509384569136 ], [ -98.560461330412579, 20.575164557730293 ], [ -98.561645804119536, 20.583034578631516 ], [ -98.566665848221817, 20.585760771862752 ], [ -98.573448843427812, 20.592014922217512 ], [ -98.582183102770969, 20.594388651268819 ], [ -98.584160557362253, 20.595537620067347 ], [ -98.586311954634922, 20.596096201560346 ], [ -98.588478664683066, 20.596144756898582 ], [ -98.592246257623074, 20.596995755791678 ], [ -98.595985007326959, 20.599374764735199 ], [ -98.598701499350554, 20.598925122803266 ], [ -98.599303378946658, 20.596643176416595 ], [ -98.599861947524985, 20.595889008468031 ], [ -98.602844787538587, 20.595955579624558 ], [ -98.603371227162853, 20.596477659981176 ], [ -98.605493039609954, 20.598312287327154 ], [ -98.607383772037949, 20.598608455797137 ], [ -98.609811331496473, 20.598918820659812 ], [ -98.612511008862967, 20.599232931795584 ], [ -98.616815033981567, 20.60060332084409 ], [ -98.619759677212215, 20.602199723878364 ], [ -98.621628915111344, 20.603261879083092 ], [ -98.623176684762726, 20.606101936882983 ], [ -98.621210093174369, 20.609120360221546 ], [ -98.621171797536874, 20.610650534126147 ], [ -98.621957677228679, 20.611688650602556 ], [ -98.623025997327403, 20.61222268441907 ], [ -98.623842227008723, 20.612240780714544 ], [ -98.624649701303312, 20.612512715426117 ], [ -98.625185044429031, 20.612780884114041 ], [ -98.625971024028885, 20.613816714641544 ], [ -98.625397369562336, 20.615080995582129 ], [ -98.625107720660608, 20.615584920442775 ], [ -98.626176962369783, 20.616372990733229 ], [ -98.62670116396356, 20.616894945270506 ], [ -98.626954105600149, 20.617667196781678 ], [ -98.627999420068264, 20.619221375253666 ], [ -98.629006548447975, 20.622305737872807 ], [ -98.629204693430438, 20.625369930584476 ], [ -98.629098866912415, 20.629704407114385 ], [ -98.629022441916632, 20.632764808633713 ], [ -98.630037612583223, 20.635339020971763 ], [ -98.631325838788172, 20.638173311081573 ], [ -98.632371362359578, 20.63972748374508 ], [ -98.636559239328747, 20.645431621251852 ], [ -98.643702164732176, 20.65248008514892 ], [ -98.647713112778931, 20.654863867268784 ], [ -98.65064423810864, 20.656969764219291 ], [ -98.654116515980576, 20.65883117914775 ], [ -98.65669354597523, 20.664245381438526 ], [ -98.656900143102803, 20.666801713339478 ], [ -98.657410554258931, 20.668087679114539 ], [ -98.657647254849223, 20.669623954614096 ], [ -98.657328404183289, 20.671404359017643 ], [ -98.656991612191263, 20.674200560646913 ], [ -98.658028957273942, 20.676010723087177 ], [ -98.6582277838789, 20.679077268870941 ], [ -98.657105842501537, 20.680583753276448 ], [ -98.657067933579327, 20.682114018610989 ], [ -98.657594975148754, 20.682633678442766 ], [ -98.65944036949918, 20.684715613188711 ], [ -98.66134892432882, 20.684247076924738 ], [ -98.662188364171314, 20.683247003574621 ], [ -98.664377850782429, 20.682528267384171 ], [ -98.665712846725413, 20.683321900683595 ], [ -98.667307483850166, 20.684631567471683 ], [ -98.670510827994278, 20.686489012670926 ], [ -98.671586195322945, 20.686768823653605 ], [ -98.672671259457502, 20.687046570455976 ], [ -98.673752950588423, 20.687070186753555 ], [ -98.674577392202835, 20.686577815115946 ], [ -98.675416804371025, 20.685575400104423 ], [ -98.676523610682281, 20.684578813956367 ], [ -98.68034534690679, 20.683643661967714 ], [ -98.681437147546987, 20.683157080035127 ], [ -98.682536167425681, 20.682670647807079 ], [ -98.684214812472263, 20.68066573205915 ], [ -98.685892472183141, 20.678404465211091 ], [ -98.686472063646562, 20.676885985125178 ], [ -98.68757866142667, 20.675891592195523 ], [ -98.691638692715514, 20.676233849657073 ], [ -98.694056351997105, 20.677307047746659 ], [ -98.694644674998472, 20.678773774353907 ], [ -98.701769434734629, 20.682321505202577 ], [ -98.706301237180682, 20.688525744968953 ], [ -98.715190095191787, 20.693805389455385 ], [ -98.722210157777283, 20.701419245929227 ], [ -98.727046873416768, 20.695416951658295 ], [ -98.737118105039855, 20.696313416064022 ], [ -98.743321233028823, 20.6926852976787 ], [ -98.752606640536584, 20.696982241407405 ], [ -98.752742902699069, 20.706144504420216 ], [ -98.754055662878272, 20.711600519605359 ], [ -98.756725627089807, 20.720476566633607 ], [ -98.762585059220797, 20.731797610748345 ], [ -98.766384462653434, 20.738662872874585 ], [ -98.777525173241841, 20.740255272440741 ], [ -98.788290842251271, 20.742519456418336 ], [ -98.792897992444225, 20.746007636644205 ], [ -98.803267522474343, 20.749956881597434 ], [ -98.807104013566871, 20.755465462020627 ], [ -98.814757050586607, 20.767162475472492 ], [ -98.817511358013718, 20.772986219223792 ], [ -98.815465520926764, 20.78312178865124 ], [ -98.818832215587804, 20.79337042230717 ], [ -98.82229533730019, 20.799549222574861 ], [ -98.820685534784204, 20.806640817071809 ], [ -98.817908006845158, 20.817099411819129 ], [ -98.814757102258554, 20.828228518680433 ], [ -98.814856847840375, 20.839427839692618 ], [ -98.811064204532258, 20.847149969075687 ], [ -98.811345768688213, 20.850549544649745 ], [ -98.811912213417386, 20.857006239824919 ], [ -98.811056958398851, 20.862757226838717 ], [ -98.809499542675212, 20.867477245179209 ], [ -98.805501544804656, 20.875161085978011 ], [ -98.805081819353191, 20.875150028689589 ], [ -98.802183078730849, 20.870769980521676 ], [ -98.798283964674908, 20.866548110268777 ], [ -98.79089895981302, 20.860342752928489 ], [ -98.787749280809052, 20.855081527980904 ], [ -98.786863961819179, 20.842309277768752 ], [ -98.785697098804576, 20.842668071527299 ], [ -98.783887220228934, 20.849546623055407 ], [ -98.78292522747789, 20.850519950311565 ], [ -98.780697542926262, 20.851135362240822 ], [ -98.775349694023774, 20.850428054390228 ], [ -98.76476094057756, 20.84707782220228 ], [ -98.761708911006849, 20.847952230328957 ], [ -98.762684943528413, 20.848912116939317 ], [ -98.763660989948434, 20.849871997943897 ], [ -98.768354137188084, 20.852115253382273 ], [ -98.771536105501355, 20.85569204702394 ], [ -98.774465702446548, 20.85761875425607 ], [ -98.779507250392669, 20.857319201067611 ], [ -98.781500036428326, 20.857853529176612 ], [ -98.78238426170617, 20.858725150576202 ], [ -98.782385221952367, 20.860605787427179 ], [ -98.782223523546079, 20.862324198112411 ], [ -98.781292709031234, 20.86340253640644 ], [ -98.781315749634146, 20.865469666232794 ], [ -98.782559381556752, 20.865543538539765 ], [ -98.784567460358659, 20.864633086514999 ], [ -98.786337805784598, 20.864581915971211 ], [ -98.789121869648113, 20.868379098417861 ], [ -98.794195798396785, 20.870284759034913 ], [ -98.795912996217268, 20.872167431661246 ], [ -98.796454599436387, 20.874057166300087 ], [ -98.795783158257677, 20.876613340254298 ], [ -98.794911678478954, 20.878648082135374 ], [ -98.791935802155663, 20.881169434261068 ], [ -98.791745736914152, 20.884184902900788 ], [ -98.790846246965657, 20.885059804278566 ], [ -98.790783921928863, 20.886156483067609 ], [ -98.793194966733708, 20.887697628756431 ], [ -98.799680293754733, 20.889160907913919 ], [ -98.800390287100768, 20.891995640111169 ], [ -98.799375739893037, 20.893852748512202 ], [ -98.793494404354391, 20.899359911094695 ], [ -98.79232731225413, 20.904981924295182 ], [ -98.786283264099808, 20.908573006585669 ], [ -98.782544311727747, 20.909751033129147 ], [ -98.781690381115922, 20.911336937881959 ], [ -98.781827782040196, 20.917916568976768 ], [ -98.782995597152862, 20.920781512780259 ], [ -98.785871922140018, 20.923691516884084 ], [ -98.786093008075156, 20.928088254086482 ], [ -98.788617651947547, 20.933098381847049 ], [ -98.788329342423367, 20.934657682823456 ], [ -98.786230746517745, 20.935473328392707 ], [ -98.783644043822093, 20.935289528572142 ], [ -98.777799949617275, 20.930050459981768 ], [ -98.776846386111131, 20.928122395074812 ], [ -98.776821994210437, 20.921572319820942 ], [ -98.774099135461071, 20.916800575252879 ], [ -98.773731859823513, 20.913988790314871 ], [ -98.774778987484694, 20.908371137603343 ], [ -98.773344485178569, 20.905967844044053 ], [ -98.769474945152496, 20.902621446438754 ], [ -98.768574250060169, 20.899709903876229 ], [ -98.767575656166827, 20.898767701117237 ], [ -98.766599227746823, 20.897807813002707 ], [ -98.766630256863266, 20.8939994942161 ], [ -98.761760920761901, 20.88928418498578 ], [ -98.756496377695271, 20.886661038087368 ], [ -98.753978649977427, 20.879645215585789 ], [ -98.751164644193366, 20.875919303325546 ], [ -98.750050497373365, 20.876678232528729 ], [ -98.749845280851005, 20.885287663464432 ], [ -98.74874525623413, 20.888059130744008 ], [ -98.744542620358871, 20.890653271393038 ], [ -98.740688316003741, 20.891514727428273 ], [ -98.737430830879148, 20.891354367161718 ], [ -98.73567626686777, 20.892033719712138 ], [ -98.736683509069394, 20.893504902567688 ], [ -98.744610617236859, 20.894833485449549 ], [ -98.747624690984182, 20.894480335768989 ], [ -98.751652767469423, 20.893021222491726 ], [ -98.754657771923718, 20.893042061158521 ], [ -98.757633715620628, 20.89396966219573 ], [ -98.760542414326295, 20.896792327120867 ], [ -98.761158366819416, 20.898686074100905 ], [ -98.760442435923906, 20.9005492824257 ], [ -98.759428133012449, 20.90146694967655 ], [ -98.758413761739291, 20.902386878208734 ], [ -98.756299855253545, 20.90706067839346 ], [ -98.757292186758363, 20.908061811631537 ], [ -98.758541175445302, 20.908029362466909 ], [ -98.759458260795824, 20.907241211305355 ], [ -98.761807722505935, 20.907629108425049 ], [ -98.763959474632117, 20.912128054972523 ], [ -98.764196346202411, 20.917546024129159 ], [ -98.76392923107079, 20.919418789040993 ], [ -98.762998878368251, 20.920254334699216 ], [ -98.763752614247323, 20.924258587893231 ], [ -98.763823112239621, 20.926952963851576 ], [ -98.764761552448292, 20.927893930075381 ], [ -98.764927455654544, 20.929632963164199 ], [ -98.769475003754565, 20.936453575805057 ], [ -98.768490454366187, 20.938236319547656 ], [ -98.764944127931543, 20.938592243259333 ], [ -98.76246337863671, 20.93912269124273 ], [ -98.761525476249446, 20.939964887870147 ], [ -98.75852742906568, 20.939912592418583 ], [ -98.756628049016271, 20.938059579039852 ], [ -98.755810635943632, 20.936905606034916 ], [ -98.755641936392522, 20.935186910806205 ], [ -98.754667688004375, 20.934229241662425 ], [ -98.753719401421023, 20.933297074061187 ], [ -98.751690867649728, 20.933201736421132 ], [ -98.750638743327741, 20.934173014862822 ], [ -98.751560418515112, 20.935206725955648 ], [ -98.751516564942875, 20.939829335980736 ], [ -98.752461812610591, 20.940788680069616 ], [ -98.753149360924652, 20.943623268109022 ], [ -98.752355259352399, 20.946410460493908 ], [ -98.749327013393227, 20.948204052165934 ], [ -98.745511816707918, 20.94628058603616 ], [ -98.74432906710372, 20.946255364096576 ], [ -98.743328793085283, 20.947173261352361 ], [ -98.743321624967123, 20.948268883433862 ], [ -98.744198352282396, 20.94916556759777 ], [ -98.743108223986084, 20.955596742038942 ], [ -98.741107890859496, 20.957017361928663 ], [ -98.739093374096043, 20.957525636562426 ], [ -98.735096774183958, 20.957301820385574 ], [ -98.729413728916711, 20.952329685197668 ], [ -98.726306482773552, 20.948610479177631 ], [ -98.725407713037498, 20.947731366644113 ], [ -98.720295394104255, 20.948808136114693 ], [ -98.716464751640544, 20.948326492886221 ], [ -98.715328723051087, 20.947473977598658 ], [ -98.714281993035613, 20.948406570925997 ], [ -98.714207805081273, 20.951249922544708 ], [ -98.715129262243266, 20.952286132797401 ], [ -98.721927088557393, 20.952616029772219 ], [ -98.724185676294113, 20.953392768077514 ], [ -98.731441171067274, 20.961538672837023 ], [ -98.73695178040154, 20.963378511456803 ], [ -98.738644786175755, 20.965179747167511 ], [ -98.738858572817037, 20.96682459464019 ], [ -98.739849624108487, 20.967791816388797 ], [ -98.741880370835872, 20.967817019649452 ], [ -98.748212159795798, 20.961572409045765 ], [ -98.749142166106125, 20.960566762451414 ], [ -98.750074736683004, 20.95955435964375 ], [ -98.751103751175975, 20.958648364863901 ], [ -98.752316996658919, 20.957914167154943 ], [ -98.754344999218787, 20.957746310009011 ], [ -98.756192634127629, 20.956844073691713 ], [ -98.756986571668008, 20.956069168306549 ], [ -98.761204138692804, 20.953229831473699 ], [ -98.765188353375493, 20.954267161382958 ], [ -98.767179430346374, 20.95472904812306 ], [ -98.768903923686224, 20.954021430194238 ], [ -98.771291060298381, 20.951562775594397 ], [ -98.774266220477173, 20.951169670328447 ], [ -98.777219608350009, 20.951685787960589 ], [ -98.778227883658971, 20.952646305062828 ], [ -98.780187918184865, 20.952689928946949 ], [ -98.78131678494627, 20.951738203963664 ], [ -98.784276897413278, 20.950861358880626 ], [ -98.79220382771598, 20.953877599492586 ], [ -98.795981125277322, 20.952048973183885 ], [ -98.799155359175174, 20.952015743836888 ], [ -98.801039519973216, 20.954033523060026 ], [ -98.802084142238172, 20.958760647551976 ], [ -98.805906024560471, 20.964523715546132 ], [ -98.805860267653429, 20.96635132200354 ], [ -98.803854987413658, 20.968205980451074 ], [ -98.805007081378122, 20.972688086128947 ], [ -98.804518886211696, 20.9755500467144 ], [ -98.797857204167016, 20.975739434074541 ], [ -98.793623092864621, 20.977349834256785 ], [ -98.788655791060009, 20.97678034769779 ], [ -98.786628112295929, 20.978139749686623 ], [ -98.785825607094921, 20.981907079493997 ], [ -98.787368224092148, 20.988530194062481 ], [ -98.788961842222747, 20.992311662819024 ], [ -98.7881915594037, 20.994119526642837 ], [ -98.785520839010658, 20.993865945844817 ], [ -98.783354414788718, 20.991211274589322 ], [ -98.781424398455158, 20.986451639110214 ], [ -98.778532587330062, 20.983631879023672 ], [ -98.769558994720938, 20.980583683125136 ], [ -98.767340481900106, 20.981328512170823 ], [ -98.765486522900815, 20.981477551643909 ], [ -98.761586652645974, 20.98433288993116 ], [ -98.760526669687437, 20.985215628876993 ], [ -98.7563613475983, 20.987849682640839 ], [ -98.756214231636179, 20.98984531893068 ], [ -98.757238167749449, 20.99076322234821 ], [ -98.759281690284581, 20.991777631043071 ], [ -98.761326124970864, 20.995367060568416 ], [ -98.766081155756055, 20.999367825030699 ], [ -98.769964840493984, 21.004150889053626 ], [ -98.769665709550551, 21.007656605348181 ], [ -98.767788375739613, 21.011582687925532 ], [ -98.766782728657219, 21.012509746273096 ], [ -98.766720872248015, 21.015387512155758 ], [ -98.768635591265365, 21.017256673614135 ], [ -98.774472576576159, 21.019406087577792 ], [ -98.776205165761922, 21.020613361980683 ], [ -98.777532964539105, 21.022177350390248 ], [ -98.780454344068403, 21.0287458452175 ], [ -98.782322983028507, 21.029828869252782 ], [ -98.78224752443333, 21.032581596102681 ], [ -98.778516089775167, 21.034612920394533 ], [ -98.776647441888713, 21.037162199938322 ], [ -98.77649614995471, 21.039039847665226 ], [ -98.778379651453136, 21.042839004860923 ], [ -98.778546557842702, 21.045660392981901 ], [ -98.772832454791086, 21.058698976689858 ], [ -98.771015897991759, 21.067118840326142 ], [ -98.771353930082469, 21.072575771696581 ], [ -98.769331483837007, 21.073347537322721 ], [ -98.768492021787281, 21.072569715378553 ], [ -98.768392577009053, 21.067147317488224 ], [ -98.765653484110288, 21.060425746819035 ], [ -98.765455478982432, 21.057601385653967 ], [ -98.765805797972746, 21.054790908222692 ], [ -98.767834524358548, 21.05294164152377 ], [ -98.767455137339113, 21.0416666382859 ], [ -98.768270460444015, 21.035086191925053 ], [ -98.767170865735451, 21.030559349065765 ], [ -98.766080362784095, 21.028775675259599 ], [ -98.763967146067159, 21.027920954197885 ], [ -98.761417902278467, 21.027814736466699 ], [ -98.758861834326879, 21.025884218885718 ], [ -98.753659236437727, 21.017866983361209 ], [ -98.751751818253723, 21.013499855997505 ], [ -98.74968363783816, 21.013095114963495 ], [ -98.748706998993754, 21.01401586914729 ], [ -98.749341335681976, 21.01966730493821 ], [ -98.748517725155736, 21.022453998722725 ], [ -98.74719074416565, 21.023070078908479 ], [ -98.7413078797899, 21.024024615015602 ], [ -98.740459986201529, 21.025211253708605 ], [ -98.744366430453383, 21.029147003933701 ], [ -98.744808546178362, 21.035547664314336 ], [ -98.744045589020203, 21.039215960783441 ], [ -98.740056360218531, 21.041980511615829 ], [ -98.738911492801378, 21.047639490904878 ], [ -98.737538713303181, 21.050133122178 ], [ -98.735570825652303, 21.052049087841848 ], [ -98.732982490826458, 21.052041396870401 ], [ -98.728954672776794, 21.045527577202922 ], [ -98.726932048579897, 21.046412202985433 ], [ -98.724780647988098, 21.050105135090011 ], [ -98.721874316698006, 21.050056403747771 ], [ -98.720882291821098, 21.049109422961656 ], [ -98.719929844950769, 21.047233061212623 ], [ -98.720052015867608, 21.04112797923333 ], [ -98.722125692525083, 21.03884013922319 ], [ -98.723012275869479, 21.035081571200777 ], [ -98.722119209299152, 21.031464060305211 ], [ -98.721332095130833, 21.030344520777 ], [ -98.720365200457522, 21.029364052550086 ], [ -98.720524838691745, 21.022810621614447 ], [ -98.721592788892238, 21.020036117522409 ], [ -98.729724569926489, 21.013637773301632 ], [ -98.731807573165895, 21.010841846904405 ], [ -98.734646914355039, 21.00305715772371 ], [ -98.733174809565767, 20.995817802242374 ], [ -98.732236461135301, 20.992970850341944 ], [ -98.728352921591508, 20.989144242491903 ], [ -98.726330906539374, 20.988150295744354 ], [ -98.725331226240641, 20.988727809394113 ], [ -98.725047638207243, 20.990951912818677 ], [ -98.727893736023972, 20.99571379928306 ], [ -98.728055578585611, 20.998498772345762 ], [ -98.726049079326629, 21.000338842064515 ], [ -98.724032864724634, 21.000887748970218 ], [ -98.708004854272573, 21.001489125763875 ], [ -98.702046523198973, 20.999829129879803 ], [ -98.697124162280062, 20.996913991212317 ], [ -98.695171617991207, 20.995948352428897 ], [ -98.693316076591216, 20.994968907977874 ], [ -98.690821767231796, 20.994914871125204 ], [ -98.689127765108708, 20.995817422107237 ], [ -98.688968775807837, 21.000514886818195 ], [ -98.685870767119866, 21.003192911237328 ], [ -98.684444265130594, 21.003234545809669 ], [ -98.683909728210764, 21.004631857377461 ], [ -98.686794570158909, 21.006103397038139 ], [ -98.688839035200346, 21.006184042697452 ], [ -98.691555666438376, 21.007424965269887 ], [ -98.697560088565282, 21.012140169093868 ], [ -98.699992126735964, 21.017311157298046 ], [ -98.701457362040571, 21.018751739955107 ], [ -98.701334872959066, 21.021285620983708 ], [ -98.699474189270887, 21.023062737619629 ], [ -98.699344012467122, 21.024232900810723 ], [ -98.701914763741158, 21.026613973988326 ], [ -98.703281593952696, 21.029018936972491 ], [ -98.703121706249675, 21.031699501803363 ], [ -98.701075837508697, 21.033533913184179 ], [ -98.694164912918609, 21.035381056130717 ], [ -98.691111762389724, 21.037188999494099 ], [ -98.688037423878583, 21.03808662176694 ], [ -98.686008160603819, 21.039921205429692 ], [ -98.685085362021425, 21.041868267935417 ], [ -98.684863135462209, 21.046476013579969 ], [ -98.688746702053621, 21.050319741388048 ], [ -98.689563550540683, 21.052386224432283 ], [ -98.691623004593268, 21.055130786095557 ], [ -98.691592575586114, 21.056958830594546 ], [ -98.686533993431041, 21.060581476602795 ], [ -98.687023360857225, 21.062500212263377 ], [ -98.694775616124389, 21.067006227487344 ], [ -98.703488075561538, 21.067464475334475 ], [ -98.705982591448688, 21.07042925121516 ], [ -98.707272520674479, 21.076097499094903 ], [ -98.706829155125376, 21.07959564424835 ], [ -98.706027846903595, 21.08072869820689 ], [ -98.704060529613798, 21.080906352782613 ], [ -98.699084924750167, 21.079546503761737 ], [ -98.696026462598596, 21.079661904594939 ], [ -98.696017777807953, 21.081492716014026 ], [ -98.698917809693398, 21.086261101273724 ], [ -98.704738511964251, 21.092018173736857 ], [ -98.704609381065964, 21.094724468579749 ], [ -98.703578679933926, 21.095643835005159 ], [ -98.702496358680307, 21.096498551653305 ], [ -98.697666690716659, 21.096755004967541 ], [ -98.694599982709107, 21.099257113980705 ], [ -98.693546482586399, 21.100214496078696 ], [ -98.692477292069128, 21.103973658750995 ], [ -98.691433075027845, 21.105829728474671 ], [ -98.690233819719722, 21.109465820790827 ], [ -98.688298230860426, 21.111087018705636 ], [ -98.687007336287721, 21.109797506058655 ], [ -98.686740684531699, 21.108548345784346 ], [ -98.687199316198374, 21.097678764665091 ], [ -98.684590172674064, 21.088764317597988 ], [ -98.683788388675239, 21.079605496160397 ] ] ] ] } }
]
}
