{
"type": "FeatureCollection",
"name": "sitios_de_conserv",
"crs": { "type": "name", "properties": { "name": "urn:ogc:def:crs:OGC:1.3:CRS84" } },
"features": [
{ "type": "Feature", "properties": { "CUENCA": "Golfo Centro", "Prioridad": "Alta", "Tipo": "Bosque" }, "geometry": { "type": "MultiPolygon", "coordinates": [ [ [ [ -98.18183511077163, 20.413302848157379 ], [ -98.179151438609921, 20.41775264401161 ], [ -98.17783010446351, 20.411093602311709 ], [ -98.180849521531414, 20.410204792402808 ], [ -98.18183511077163, 20.413302848157379 ] ] ], [ [ [ -98.179151438609921, 20.41775264401161 ], [ -98.181155508212498, 20.4227289584122 ], [ -98.178279239112896, 20.426275458025362 ], [ -98.174943386661354, 20.425216780110844 ], [ -98.176303511626116, 20.4231613441702 ], [ -98.17906685433789, 20.424422592342808 ], [ -98.177207564960341, 20.418891730090248 ], [ -98.179151438609921, 20.41775264401161 ] ] ], [ [ [ -98.134895247961254, 20.433804773309333 ], [ -98.132736640673258, 20.433414778922327 ], [ -98.133960528557438, 20.432896444636107 ], [ -98.133482983221356, 20.431066407697237 ], [ -98.125471922098981, 20.438276090422004 ], [ -98.125461701221766, 20.440083398155448 ], [ -98.123582071651867, 20.440073943246105 ], [ -98.12359231448977, 20.438266636421403 ], [ -98.119553827140138, 20.439180710511419 ], [ -98.119102479349408, 20.436952776835298 ], [ -98.131960233126463, 20.429032521530658 ], [ -98.136691121346317, 20.430492018416778 ], [ -98.139666927388262, 20.426941145115261 ], [ -98.144528233611979, 20.426339569162469 ], [ -98.147510921538725, 20.422551539008097 ], [ -98.150707049672803, 20.421091687776453 ], [ -98.149853579105553, 20.417195596450707 ], [ -98.153061633211024, 20.416574680546397 ], [ -98.15415032702893, 20.412816304574356 ], [ -98.157659999088622, 20.413253396963345 ], [ -98.158517552401719, 20.410424690202916 ], [ -98.16277819280792, 20.409933577851213 ], [ -98.168320743122578, 20.413458421368606 ], [ -98.17729606295849, 20.413225435250389 ], [ -98.176945998195222, 20.422671610123238 ], [ -98.17421395898586, 20.420970657588537 ], [ -98.173021423353859, 20.424529455828143 ], [ -98.171600054967669, 20.424042725885766 ], [ -98.171614564696171, 20.421331726088976 ], [ -98.172820527018246, 20.420885612770967 ], [ -98.171210179712602, 20.417221389572696 ], [ -98.168438177973826, 20.41604944544455 ], [ -98.171080580127949, 20.413960009761578 ], [ -98.167277347587643, 20.413568903169811 ], [ -98.167469426802029, 20.415478247314081 ], [ -98.165065826812636, 20.415878324896777 ], [ -98.158760452404508, 20.414550926015117 ], [ -98.156948203056217, 20.416167414341469 ], [ -98.154984426859201, 20.419856265540528 ], [ -98.155934242269453, 20.422318321270019 ], [ -98.15329436263211, 20.427678645110152 ], [ -98.150896331266281, 20.429365128592536 ], [ -98.153715600668249, 20.429378854028396 ], [ -98.154053984276032, 20.432554097779306 ], [ -98.165385904638569, 20.438756775630672 ], [ -98.158279719355789, 20.44177414804242 ], [ -98.156470808543389, 20.441140135735559 ], [ -98.157234203085338, 20.45056953380848 ], [ -98.153477888448464, 20.45084141944902 ], [ -98.143793643590286, 20.445500008634173 ], [ -98.147057575640147, 20.443805305929967 ], [ -98.144875390695191, 20.442149501724874 ], [ -98.140523236373454, 20.44421970152867 ], [ -98.139157739323096, 20.447862536021987 ], [ -98.142805821830081, 20.450048964737874 ], [ -98.143253127314381, 20.45191975457692 ], [ -98.13872737032456, 20.454925045361644 ], [ -98.134605859025726, 20.455397244123894 ], [ -98.124091462567051, 20.451736190300011 ], [ -98.123834862340289, 20.449660917534466 ], [ -98.127563311080678, 20.449158301084854 ], [ -98.127533830080807, 20.451518020031752 ], [ -98.136709226008534, 20.44556163859313 ], [ -98.133136765177383, 20.441217529695262 ], [ -98.134895247961254, 20.433804773309333 ] ], [ [ -98.149938640873742, 20.429993983611961 ], [ -98.151025870514673, 20.434775514408916 ], [ -98.147663022143291, 20.434831116280019 ], [ -98.151072937871049, 20.436964575777289 ], [ -98.152191530532789, 20.434553398847701 ], [ -98.150896331266281, 20.429365128592536 ], [ -98.149938640873742, 20.429993983611961 ] ], [ [ -98.14737319324766, 20.444908657711746 ], [ -98.148201763714624, 20.444120227961253 ], [ -98.147057575640147, 20.443805305929967 ], [ -98.14737319324766, 20.444908657711746 ] ], [ [ -98.137102158083877, 20.448504632505564 ], [ -98.138901141167935, 20.449252309124908 ], [ -98.136709226008534, 20.44556163859313 ], [ -98.137102158083877, 20.448504632505564 ] ] ], [ [ [ -98.163098517669113, 20.432135266388702 ], [ -98.166090075099433, 20.432951820273082 ], [ -98.166556886205456, 20.436101848873133 ], [ -98.163074070801173, 20.436653583196446 ], [ -98.165225028992396, 20.434404694339495 ], [ -98.163098517669113, 20.432135266388702 ] ] ], [ [ [ -98.185886148756751, 20.495423300317494 ], [ -98.187521914947112, 20.499198372959381 ], [ -98.186226367879229, 20.501828842009019 ], [ -98.18246554682915, 20.501811173462809 ], [ -98.182455959638574, 20.503618494685913 ], [ -98.185276607643473, 20.503631755000129 ], [ -98.185267052491156, 20.505439077114254 ], [ -98.182431987137591, 20.508136796531801 ], [ -98.182403211610904, 20.513558755067283 ], [ -98.184123357496929, 20.516308399075946 ], [ -98.189103809203786, 20.517039623510829 ], [ -98.191990162671971, 20.515384881866247 ], [ -98.193177244110501, 20.516878140994116 ], [ -98.200567308212953, 20.514721584511484 ], [ -98.200844605226294, 20.512977928534621 ], [ -98.18898515225105, 20.513589640809148 ], [ -98.194655170149616, 20.508193940681331 ], [ -98.199234549684405, 20.507412985568852 ], [ -98.212579919454697, 20.496528235349889 ], [ -98.213156348574273, 20.498024935255881 ], [ -98.211110182219372, 20.499642665375578 ], [ -98.210238030263497, 20.503337069909783 ], [ -98.207157076623133, 20.504190752212015 ], [ -98.211173444346144, 20.505065081067521 ], [ -98.21536493476286, 20.495898761136949 ], [ -98.221676502551318, 20.49762560941555 ], [ -98.228683364986921, 20.493165277893493 ], [ -98.231824592124255, 20.49371576699496 ], [ -98.229316040866024, 20.495699625869651 ], [ -98.230443371428819, 20.4966083174759 ], [ -98.228509917091841, 20.499272699109415 ], [ -98.225719760037705, 20.501105773619607 ], [ -98.22383933975739, 20.501097377532847 ], [ -98.223852990445138, 20.498386367845903 ], [ -98.220291530093974, 20.499604381211185 ], [ -98.220664489294762, 20.501748622898294 ], [ -98.223260273271407, 20.50133107995806 ], [ -98.220775847474997, 20.505148383248727 ], [ -98.205214034975995, 20.514669239814264 ], [ -98.205560192413742, 20.517456840124943 ], [ -98.214665258685173, 20.518628065641995 ], [ -98.218540827248773, 20.515934501257053 ], [ -98.224715087033843, 20.515099159395483 ], [ -98.226601006551732, 20.512857673047655 ], [ -98.227916478859399, 20.513739310853833 ], [ -98.226926762299072, 20.517888379002798 ], [ -98.227981139181637, 20.518655064505147 ], [ -98.228472518667246, 20.514673382963796 ], [ -98.230625653363617, 20.51606325979137 ], [ -98.229361611754712, 20.520121476152177 ], [ -98.222305090998276, 20.523731504374982 ], [ -98.219028346893595, 20.522764325224067 ], [ -98.222230456910964, 20.51696292913169 ], [ -98.213518966113696, 20.521330347384975 ], [ -98.216617957296066, 20.52256570345601 ], [ -98.213763620308185, 20.525188670355671 ], [ -98.206175886867499, 20.52545300445437 ], [ -98.204609420806364, 20.522589601274703 ], [ -98.200230963577297, 20.520871311760022 ], [ -98.196181626751695, 20.522135591944103 ], [ -98.200207490742088, 20.525389624519295 ], [ -98.197951051870959, 20.526155863113161 ], [ -98.1912499892467, 20.524921675625702 ], [ -98.188772085606814, 20.523095689014458 ], [ -98.186647769823978, 20.526821538395108 ], [ -98.182188149666658, 20.526210488393069 ], [ -98.180692899438327, 20.52885795493815 ], [ -98.176389711862299, 20.527235383250851 ], [ -98.17066932052245, 20.516183227144044 ], [ -98.172960977142665, 20.508126068448281 ], [ -98.169082388719502, 20.503911088459841 ], [ -98.165195914780966, 20.50411499835386 ], [ -98.16257247225316, 20.500465250305666 ], [ -98.160568595257672, 20.493120895158615 ], [ -98.168893346426756, 20.485580679809001 ], [ -98.16051875227862, 20.479378237845651 ], [ -98.163522429871179, 20.476895130489535 ], [ -98.169428926093261, 20.478036461750587 ], [ -98.172368820556386, 20.481231914077807 ], [ -98.179796399915872, 20.482601094447965 ], [ -98.181523877347388, 20.48569398107907 ], [ -98.178366322330859, 20.492909981033421 ], [ -98.185886148756751, 20.495423300317494 ] ], [ [ -98.225733377661697, 20.498394762725116 ], [ -98.22574245485572, 20.496587421352984 ], [ -98.223852990445138, 20.498386367845903 ], [ -98.225733377661697, 20.498394762725116 ] ], [ [ -98.201767851742119, 20.518659994567887 ], [ -98.20092782234029, 20.515986992071149 ], [ -98.199796900470147, 20.518848264876393 ], [ -98.198870462036965, 20.517545053731865 ], [ -98.195145079541348, 20.520883863288905 ], [ -98.200230963577297, 20.520871311760022 ], [ -98.201767851742119, 20.518659994567887 ] ], [ [ -98.18150614520475, 20.505421384819034 ], [ -98.18119017327119, 20.50431808989137 ], [ -98.180361430258415, 20.50510661106231 ], [ -98.18150614520475, 20.505421384819034 ] ], [ [ -98.179973875217399, 20.515621170657983 ], [ -98.180848427763635, 20.513287940700145 ], [ -98.17958719701619, 20.512641782586666 ], [ -98.179973875217399, 20.515621170657983 ] ], [ [ -98.183357718101576, 20.521637423714949 ], [ -98.18933828164127, 20.519466443210423 ], [ -98.185195356008478, 20.518993981300429 ], [ -98.183357718101576, 20.521637423714949 ] ], [ [ -98.207696924781132, 20.509827361640308 ], [ -98.205938145393887, 20.508245925305072 ], [ -98.202901093224312, 20.512237973513283 ], [ -98.207696924781132, 20.509827361640308 ] ], [ [ -98.214203967884629, 20.504151751120805 ], [ -98.220513400791731, 20.504503359976951 ], [ -98.213492434265902, 20.501954503173977 ], [ -98.214203967884629, 20.504151751120805 ] ] ], [ [ [ -98.205929712806423, 20.527789107813877 ], [ -98.202083511633134, 20.526301948455711 ], [ -98.207725668963008, 20.526327812774362 ], [ -98.205929712806423, 20.527789107813877 ] ] ], [ [ [ -98.15626444311863, 20.519310183925121 ], [ -98.15700594999096, 20.51524459353956 ], [ -98.168703775071108, 20.522302557382524 ], [ -98.166811139855596, 20.531123532765935 ], [ -98.163698263345168, 20.53498309607156 ], [ -98.165346869156707, 20.539579293102943 ], [ -98.16446695757412, 20.541143917978683 ], [ -98.160109581803582, 20.542587726705946 ], [ -98.154144919102976, 20.537125672020203 ], [ -98.156921541471718, 20.532146587922369 ], [ -98.15127958608177, 20.530579166743149 ], [ -98.151187332418573, 20.523036247423654 ], [ -98.15626444311863, 20.519310183925121 ] ] ], [ [ [ -98.004473001709911, 20.483141975373325 ], [ -98.008611402890864, 20.482921771870853 ], [ -98.0091473405584, 20.474225369596617 ], [ -98.012294284405471, 20.469108751105992 ], [ -98.014526443453647, 20.468797126096131 ], [ -98.01890312450476, 20.470123645086094 ], [ -98.026387181123496, 20.476318025606005 ], [ -98.034195808915484, 20.478110558743019 ], [ -98.036347230161766, 20.48398442247607 ], [ -98.034224144011688, 20.485463304530924 ], [ -98.011451185717064, 20.48555958002623 ], [ -98.012414386757072, 20.481950446353338 ], [ -98.008642618126174, 20.483736271263279 ], [ -98.004473001709911, 20.483141975373325 ] ], [ [ -98.013562496469788, 20.481647605858111 ], [ -98.012743197804355, 20.480850546108172 ], [ -98.012414386757072, 20.481950446353338 ], [ -98.013562496469788, 20.481647605858111 ] ] ], [ [ [ -98.083805411416364, 20.502733996368434 ], [ -98.086660670724072, 20.49918364173206 ], [ -98.092510146676801, 20.496747619583317 ], [ -98.098545516232875, 20.497330317291723 ], [ -98.092678079770565, 20.50569497077143 ], [ -98.095409330650696, 20.511938647224994 ], [ -98.093286201217623, 20.513741573931242 ], [ -98.087047542563397, 20.513351346682533 ], [ -98.086042464139609, 20.514793056190513 ], [ -98.091599815793046, 20.520147984289792 ], [ -98.07937779930306, 20.52798144576942 ], [ -98.071313420433441, 20.528128404266958 ], [ -98.066190809321455, 20.531525525244842 ], [ -98.062312391174871, 20.531282377510585 ], [ -98.062365538254156, 20.53372552286805 ], [ -98.062193400842858, 20.531697621185238 ], [ -98.061155459805477, 20.532376720512126 ], [ -98.05942077174339, 20.529652125653854 ], [ -98.0596136462961, 20.533039478136338 ], [ -98.056490658804037, 20.532612475231524 ], [ -98.057816628668732, 20.531443060872217 ], [ -98.056416075085522, 20.528096051769225 ], [ -98.057215079033185, 20.52350415148036 ], [ -98.052415691635986, 20.517514760589989 ], [ -98.059587572889129, 20.510700173818165 ], [ -98.063490601729754, 20.510717142020333 ], [ -98.067495128464159, 20.506993506779594 ], [ -98.067247864142701, 20.499964860803356 ], [ -98.071206416847019, 20.497968815871939 ], [ -98.070902032111249, 20.502073523725681 ], [ -98.072574656801365, 20.503513350188634 ], [ -98.071857937806428, 20.505326567830917 ], [ -98.073311463949906, 20.507701741512044 ], [ -98.072239583729299, 20.514207018957087 ], [ -98.075396370852516, 20.510707555676685 ], [ -98.078803509100609, 20.512119800021821 ], [ -98.086868766888657, 20.511364125131657 ], [ -98.09000353966178, 20.508517020364369 ], [ -98.084241847047565, 20.504569151032427 ], [ -98.083805411416364, 20.502733996368434 ] ] ], [ [ [ -98.134649048402423, 20.570660317016788 ], [ -98.131907960911889, 20.573016846761981 ], [ -98.130501944956109, 20.566522514329019 ], [ -98.136401583378557, 20.564804708820226 ], [ -98.134800090676094, 20.55809421091428 ], [ -98.124372776937079, 20.558408213022357 ], [ -98.124277373160012, 20.556714513032858 ], [ -98.131851162747978, 20.552529372034453 ], [ -98.129116280920002, 20.546546820211852 ], [ -98.13055597083509, 20.544634523276873 ], [ -98.135395644190353, 20.547193191705915 ], [ -98.136376065172101, 20.544459324769761 ], [ -98.133868959656667, 20.537630178309186 ], [ -98.141335451924988, 20.538384455121438 ], [ -98.138621775330421, 20.550850194259372 ], [ -98.144745056612848, 20.557179972096549 ], [ -98.149451209754218, 20.548295815057596 ], [ -98.158110406786278, 20.543058306333489 ], [ -98.158277068697416, 20.545549343520861 ], [ -98.156588290812678, 20.546717397075255 ], [ -98.157420269086444, 20.550933635436198 ], [ -98.152622806415991, 20.552331330614813 ], [ -98.152183241883449, 20.554515507511695 ], [ -98.153916735064755, 20.564027979880791 ], [ -98.152734357727709, 20.565332755324366 ], [ -98.147956665128618, 20.562042331453991 ], [ -98.146594307405465, 20.566307211542934 ], [ -98.142604595963959, 20.568490694277184 ], [ -98.132775993833434, 20.569203665562203 ], [ -98.134649048402423, 20.570660317016788 ] ] ], [ [ [ -98.142591637052902, 20.56942331970053 ], [ -98.139169164965097, 20.573871125799343 ], [ -98.138821917115777, 20.572086596867212 ], [ -98.136940671026835, 20.57207722884074 ], [ -98.142591637052902, 20.56942331970053 ] ] ], [ [ [ -98.065645452220679, 20.628361763912004 ], [ -98.064681632446934, 20.626986127407509 ], [ -98.068687986120381, 20.621625473740142 ], [ -98.074353575510457, 20.619009935400804 ], [ -98.074631204961264, 20.609708889852072 ], [ -98.080379242376623, 20.610201208432024 ], [ -98.082357295202911, 20.614525035233608 ], [ -98.097158537211641, 20.613964901461749 ], [ -98.100478270302162, 20.621114282323632 ], [ -98.098661030337936, 20.624055126793085 ], [ -98.094650387016657, 20.625507069418742 ], [ -98.087073475646122, 20.622007971078531 ], [ -98.087299091701055, 20.624913386098029 ], [ -98.08479281042672, 20.630622058214268 ], [ -98.079219089260761, 20.626484553144991 ], [ -98.07373244220355, 20.628386123749042 ], [ -98.065645452220679, 20.628361763912004 ] ] ] ] } },
{ "type": "Feature", "properties": { "CUENCA": "Golfo Centro", "Prioridad": "Alta", "Tipo": "Selva" }, "geometry": { "type": "MultiPolygon", "coordinates": [ [ [ [ -98.169652061950387, 20.412903444560413 ], [ -98.16783038268936, 20.413353142184622 ], [ -98.167161133734538, 20.411862273840999 ], [ -98.169652061950387, 20.412903444560413 ] ] ], [ [ [ -98.142483603775005, 20.421190743570243 ], [ -98.144501284258467, 20.422167780645875 ], [ -98.149347719864551, 20.417157815695692 ], [ -98.148146697856177, 20.416700103305235 ], [ -98.14876455820972, 20.412145420645917 ], [ -98.15415032702893, 20.412816304574356 ], [ -98.153061633211024, 20.416574680546397 ], [ -98.149853579105553, 20.417195596450707 ], [ -98.150707049672803, 20.421091687776453 ], [ -98.144033876404947, 20.426568202995043 ], [ -98.14081270523117, 20.426514566365018 ], [ -98.143641749886442, 20.425461254445931 ], [ -98.14093722838777, 20.424381207405414 ], [ -98.142483603775005, 20.421190743570243 ] ] ], [ [ [ -98.112402832031748, 20.422847409196674 ], [ -98.112938759754101, 20.419767350099896 ], [ -98.114652409175065, 20.419450756772083 ], [ -98.122061814918368, 20.425947060456291 ], [ -98.125813157213543, 20.42308236026107 ], [ -98.129667469760932, 20.425524903175113 ], [ -98.126457657673129, 20.430147917821575 ], [ -98.130639122078961, 20.42785150770467 ], [ -98.139622657154746, 20.427334849825542 ], [ -98.136691121346317, 20.430492018416778 ], [ -98.131960233126463, 20.429032521530658 ], [ -98.119102479349408, 20.436952776835298 ], [ -98.117054965336692, 20.431004169315646 ], [ -98.117870079254772, 20.426391065072178 ], [ -98.112402832031748, 20.422847409196674 ] ] ], [ [ [ -98.092934213167794, 20.496595375041156 ], [ -98.086660670724072, 20.49918364173206 ], [ -98.083760081486105, 20.50280143661826 ], [ -98.084241847047565, 20.504569151032427 ], [ -98.090115680567038, 20.507757279492566 ], [ -98.086868766888657, 20.511364125131657 ], [ -98.078803509100609, 20.512119800021821 ], [ -98.07579228087485, 20.510619846339996 ], [ -98.07326304997747, 20.514045633399967 ], [ -98.071804520678043, 20.51399932437932 ], [ -98.073252910327142, 20.511196629681194 ], [ -98.071857937806428, 20.505326567830917 ], [ -98.07273264940595, 20.504056203191105 ], [ -98.070902032111249, 20.502073523725681 ], [ -98.071161457470268, 20.497897355295478 ], [ -98.068687747707472, 20.498488187604703 ], [ -98.076677336576083, 20.493703949947822 ], [ -98.078190865648793, 20.486830200823878 ], [ -98.080501070909648, 20.48912703575094 ], [ -98.085418519176102, 20.490036201327676 ], [ -98.085064936008763, 20.495238861442814 ], [ -98.092934213167794, 20.496595375041156 ] ] ], [ [ [ -98.011372774956385, 20.455809256741617 ], [ -98.017093843179836, 20.454739287060988 ], [ -98.021260757753666, 20.449233263583832 ], [ -98.024130660724907, 20.452721588656157 ], [ -98.0173214741463, 20.465812419011929 ], [ -98.014392564242712, 20.466599554515785 ], [ -98.011477105498656, 20.462120851184523 ], [ -98.014432931733694, 20.4602741946862 ], [ -98.015965356159242, 20.461017424761987 ], [ -98.016644711057111, 20.457739998112704 ], [ -98.011372774956385, 20.455809256741617 ] ], [ [ -98.018425374186634, 20.456087799941219 ], [ -98.0172814000275, 20.455772032410056 ], [ -98.017596101549287, 20.456875582500743 ], [ -98.018425374186634, 20.456087799941219 ] ] ], [ [ [ -98.012714749813483, 20.466874002440829 ], [ -98.014392564242712, 20.466599554515785 ], [ -98.013862310424599, 20.467771012082999 ], [ -98.012714749813483, 20.466874002440829 ] ] ], [ [ [ -97.999251693418984, 20.511627817475443 ], [ -98.000476609512162, 20.506707116177793 ], [ -98.012400138454026, 20.502111781359783 ], [ -98.017043436902313, 20.495657599514743 ], [ -98.016752030479751, 20.49796028030018 ], [ -98.01891433993778, 20.499078399668843 ], [ -98.018787192200406, 20.494900351673586 ], [ -98.020800176531992, 20.493745415323964 ], [ -98.022203466044303, 20.494965124769696 ], [ -98.023089686547237, 20.499184203811687 ], [ -98.020841962817968, 20.507058262989634 ], [ -98.01686905012042, 20.513984334735575 ], [ -98.009644902771129, 20.510157622485721 ], [ -98.004848886177442, 20.513336088645712 ], [ -98.003283928746853, 20.51692967562709 ], [ -98.008990549615007, 20.51663557433784 ], [ -98.008797353784885, 20.519456167466178 ], [ -98.000269579038147, 20.522971575930697 ], [ -97.998030600881592, 20.518205689895471 ], [ -97.994538224732011, 20.520003201693111 ], [ -97.994856897662103, 20.515355330519817 ], [ -97.999251693418984, 20.511627817475443 ] ], [ [ -98.019448139545432, 20.49932737043979 ], [ -98.017799679399729, 20.500626140696504 ], [ -98.019580479239039, 20.500888779578975 ], [ -98.019448139545432, 20.49932737043979 ] ] ], [ [ [ -98.057215079033185, 20.52350415148036 ], [ -98.056416075085522, 20.528096051769225 ], [ -98.057816628668732, 20.531443060872217 ], [ -98.056490658804037, 20.532612475231524 ], [ -98.0596136462961, 20.533039478136338 ], [ -98.05942077174339, 20.529652125653854 ], [ -98.061155459805477, 20.532376720512126 ], [ -98.062193400842858, 20.531697621185238 ], [ -98.062518582013851, 20.534971480771141 ], [ -98.059480872201092, 20.539099309708849 ], [ -98.058670799142504, 20.537705287826139 ], [ -98.057059580885849, 20.542209926616557 ], [ -98.059657674377206, 20.545647336421421 ], [ -98.058438584457775, 20.548910862231487 ], [ -98.061875892534218, 20.548469923172227 ], [ -98.060686977940307, 20.542653299300927 ], [ -98.064310768252923, 20.547200340914635 ], [ -98.063879480647955, 20.553529068395573 ], [ -98.067406621953268, 20.559969104567035 ], [ -98.066386871692643, 20.565820166114857 ], [ -98.062351504401519, 20.564286737942545 ], [ -98.059139411949872, 20.55578541962559 ], [ -98.043492750253819, 20.551537330475085 ], [ -98.052476468522485, 20.547886363657113 ], [ -98.054803950394685, 20.541624118358495 ], [ -98.053149409514518, 20.537769422402278 ], [ -98.050120258207727, 20.538622090318462 ], [ -98.048456859227329, 20.541957604107626 ], [ -98.044481074147456, 20.539907751791315 ], [ -98.035058535740546, 20.546706188502203 ], [ -98.027527733052864, 20.547815716798308 ], [ -98.026112799547448, 20.551206620166266 ], [ -98.028226240734853, 20.550481796673445 ], [ -98.029412491466104, 20.553032418244896 ], [ -98.026610395907312, 20.560567049725581 ], [ -98.030191246474871, 20.567164290877393 ], [ -98.028500399828573, 20.571033647936826 ], [ -98.025595823641211, 20.569809612659288 ], [ -98.020919142284214, 20.557401769357941 ], [ -98.018833191172348, 20.555522334590773 ], [ -98.019075919017794, 20.550428337663867 ], [ -98.015254326372215, 20.543837735067989 ], [ -98.015387471444157, 20.541044430351892 ], [ -98.009402869755831, 20.535651269833949 ], [ -98.010479381322526, 20.531205586982594 ], [ -98.014636459032715, 20.532136603523266 ], [ -98.018919628267483, 20.536632806501444 ], [ -98.022644069163718, 20.536795755085944 ], [ -98.028471052216048, 20.533226753899143 ], [ -98.029835670044676, 20.529556745670579 ], [ -98.02486032955207, 20.529549964528673 ], [ -98.020354738972557, 20.518266608967703 ], [ -98.023931677497075, 20.515119463971207 ], [ -98.023843717815339, 20.50697484391716 ], [ -98.026877504451122, 20.505453892151827 ], [ -98.02780636177944, 20.508782716058231 ], [ -98.031357324028193, 20.508667330653292 ], [ -98.042990386246032, 20.514176030207132 ], [ -98.03811378862251, 20.516354760039931 ], [ -98.043664938022388, 20.518077703796084 ], [ -98.032394249726678, 20.523001136078385 ], [ -98.032342120089993, 20.524099524753844 ], [ -98.040464021589784, 20.526157901388085 ], [ -98.041881612771689, 20.521942595775439 ], [ -98.050459026734231, 20.519384795638 ], [ -98.052415691635986, 20.517514760589989 ], [ -98.057215079033185, 20.52350415148036 ] ] ], [ [ [ -98.054750989769602, 20.629481578143032 ], [ -98.059870428792834, 20.630124929748767 ], [ -98.058727950848763, 20.637093347546678 ], [ -98.051154360796573, 20.638623459612845 ], [ -98.047756279518921, 20.643924860894366 ], [ -98.042065872324258, 20.634892021191128 ], [ -98.044828894535485, 20.631258221298069 ], [ -98.050062584867064, 20.633223492948609 ], [ -98.054750989769602, 20.629481578143032 ] ] ], [ [ [ -98.060662164499647, 20.663770511697944 ], [ -98.050366729706084, 20.647949809173987 ], [ -98.050768635048769, 20.646210763850373 ], [ -98.057472536159679, 20.648891257623941 ], [ -98.057507075348724, 20.640340399920522 ], [ -98.067387248083577, 20.646234174104887 ], [ -98.069189567655215, 20.6478423286514 ], [ -98.066067684717552, 20.652018730521227 ], [ -98.06451848334855, 20.657331229355059 ], [ -98.066602578746711, 20.659075295412432 ], [ -98.069505022332905, 20.658867157806508 ], [ -98.082327222694602, 20.640650896696037 ], [ -98.079566526436139, 20.64923326463316 ], [ -98.071958112258983, 20.657720631357108 ], [ -98.070070283897053, 20.669286736602594 ], [ -98.074920949674137, 20.670717436346877 ], [ -98.074541336343671, 20.674944346998235 ], [ -98.071810139540915, 20.676078361365221 ], [ -98.060662164499647, 20.663770511697944 ] ] ] ] } },
{ "type": "Feature", "properties": { "CUENCA": "Golfo Centro", "Prioridad": "Muy alta", "Tipo": "Bosque" }, "geometry": { "type": "MultiPolygon", "coordinates": [ [ [ [ -98.291948249097786, 20.284247073291073 ], [ -98.29113461025527, 20.286451165922895 ], [ -98.293735868095098, 20.286929379167226 ], [ -98.294538199473848, 20.288885342043809 ], [ -98.293349567965109, 20.291754202901167 ], [ -98.298422942722212, 20.29780733708121 ], [ -98.30292058194172, 20.299438862245168 ], [ -98.304516047336932, 20.30183678427279 ], [ -98.308849752446378, 20.301429549672243 ], [ -98.315266412475779, 20.304858352445617 ], [ -98.319624457977909, 20.311292750852722 ], [ -98.316687601163807, 20.312306002864059 ], [ -98.316223370422293, 20.315908772633989 ], [ -98.311755710051841, 20.31926769224221 ], [ -98.310991354615865, 20.322446596802632 ], [ -98.31995912516183, 20.325315196976419 ], [ -98.323233506430796, 20.329294918980825 ], [ -98.329878323385273, 20.328821334600043 ], [ -98.331913672950591, 20.332595933426024 ], [ -98.333173530279055, 20.331250226691964 ], [ -98.333923458624369, 20.334666769908644 ], [ -98.330916396404206, 20.339366022366598 ], [ -98.324861302352573, 20.340325937831562 ], [ -98.324589203403363, 20.34252256808125 ], [ -98.321298779042806, 20.345896034611766 ], [ -98.320292904750929, 20.341608839353484 ], [ -98.314863011423512, 20.34289186241508 ], [ -98.315848080497574, 20.340234819945906 ], [ -98.314569126217421, 20.340266959087725 ], [ -98.314717628841635, 20.337664559708056 ], [ -98.311340930581409, 20.338988784193347 ], [ -98.311021147342203, 20.336838864495533 ], [ -98.308978500989923, 20.337577189709815 ], [ -98.309069137919408, 20.33618566257114 ], [ -98.306325273852977, 20.337135308267968 ], [ -98.304099361082251, 20.335093459085641 ], [ -98.30253442597504, 20.336451252727201 ], [ -98.301896320012233, 20.333764043699698 ], [ -98.299575481822842, 20.33645579732465 ], [ -98.302686820462739, 20.338621933105703 ], [ -98.301871029505151, 20.341246102346194 ], [ -98.306231596076969, 20.340843617132805 ], [ -98.304922073740883, 20.342114796626337 ], [ -98.305866555134145, 20.34264916573434 ], [ -98.312031416611873, 20.341346010136224 ], [ -98.313482325888941, 20.344674837588183 ], [ -98.305991108741509, 20.343673394739696 ], [ -98.298533462356119, 20.345499920138739 ], [ -98.296789504582748, 20.338143693833754 ], [ -98.300954804069548, 20.33301752287046 ], [ -98.302158508965022, 20.329009538856859 ], [ -98.299743513976637, 20.324689122241672 ], [ -98.297242579311103, 20.322952512328733 ], [ -98.293316712608942, 20.327144301827154 ], [ -98.285770710413615, 20.324087972650116 ], [ -98.28346554647581, 20.320704162073575 ], [ -98.285661225604571, 20.314896228132092 ], [ -98.285340367546269, 20.309299073408859 ], [ -98.290781212304722, 20.304819487857365 ], [ -98.288040968731408, 20.301008918777736 ], [ -98.288216299086926, 20.295700160373674 ], [ -98.284512481882288, 20.295897423807691 ], [ -98.27954892779124, 20.302419437427464 ], [ -98.276996110097798, 20.298180890800595 ], [ -98.280736442634932, 20.290159013254502 ], [ -98.278757117453338, 20.288442054569401 ], [ -98.277901711499752, 20.282108844371052 ], [ -98.280733430853161, 20.277145281442504 ], [ -98.27904577126543, 20.269810605881094 ], [ -98.282281490884799, 20.268668529105881 ], [ -98.28616615462164, 20.27852462916697 ], [ -98.28859678301572, 20.279488213344397 ], [ -98.289490181228999, 20.278534094106448 ], [ -98.291948249097786, 20.284247073291073 ] ] ], [ [ [ -98.275678897624005, 20.327318573145693 ], [ -98.27448419191235, 20.327804639562242 ], [ -98.274874498570838, 20.325727999329317 ], [ -98.275678897624005, 20.327318573145693 ] ] ], [ [ [ -98.272335853141726, 20.328926018200598 ], [ -98.27448419191235, 20.327804639562242 ], [ -98.273998717891573, 20.329929975370614 ], [ -98.272335853141726, 20.328926018200598 ] ] ], [ [ [ -98.335411664359938, 20.327010131732685 ], [ -98.339781523409712, 20.328489893511144 ], [ -98.345241279871615, 20.333184493207604 ], [ -98.348605393358909, 20.330942379234145 ], [ -98.351116788558812, 20.332267814811232 ], [ -98.353225419355141, 20.343616290793172 ], [ -98.35105862523622, 20.345865322407555 ], [ -98.353870707706136, 20.347946769762761 ], [ -98.352829246430701, 20.351561969258416 ], [ -98.354405319802098, 20.351225559976193 ], [ -98.355648553391646, 20.354111687781799 ], [ -98.351434868261805, 20.366379974058518 ], [ -98.343021081383625, 20.370352930179084 ], [ -98.340503007218743, 20.375574579573069 ], [ -98.335348120476453, 20.370617434882583 ], [ -98.330204948889829, 20.371313401982889 ], [ -98.332102738655635, 20.376467972221882 ], [ -98.329451375253726, 20.3763057859572 ], [ -98.328319906504206, 20.372728589366059 ], [ -98.320741624718224, 20.368206039955986 ], [ -98.322662421680832, 20.365379452823028 ], [ -98.315738720400816, 20.361384784911817 ], [ -98.320081604184324, 20.356039556294846 ], [ -98.319942609576074, 20.353624445694848 ], [ -98.321350938757789, 20.353267806759956 ], [ -98.320610433856103, 20.349619413517839 ], [ -98.325240132182842, 20.347860500058029 ], [ -98.324746659908129, 20.34551126654722 ], [ -98.327214544050662, 20.343784129352535 ], [ -98.327308521802209, 20.341872631270181 ], [ -98.331143768860599, 20.341001121859588 ], [ -98.335082282680432, 20.336159246755088 ], [ -98.333533367974596, 20.33117470173292 ], [ -98.335411664359938, 20.327010131732685 ] ], [ [ -98.345391076870754, 20.367160538105701 ], [ -98.344641445755158, 20.368983308785694 ], [ -98.347249876879189, 20.367093246454356 ], [ -98.345391076870754, 20.367160538105701 ] ], [ [ -98.327210820984249, 20.371592241573843 ], [ -98.328038100779736, 20.370802909249189 ], [ -98.326894041768085, 20.370489170946122 ], [ -98.327210820984249, 20.371592241573843 ] ], [ [ -98.326577266824941, 20.369386099731749 ], [ -98.325749986640915, 20.370175425258747 ], [ -98.326894041768085, 20.370489170946122 ], [ -98.326577266824941, 20.369386099731749 ] ] ], [ [ [ -98.277965759337405, 20.335417900676806 ], [ -98.278224098076649, 20.331434983678697 ], [ -98.281421633036132, 20.332238688206328 ], [ -98.277965759337405, 20.335417900676806 ] ] ], [ [ [ -98.29209433468661, 20.345931038750489 ], [ -98.29356551688339, 20.346748328832231 ], [ -98.292233836355265, 20.348662894967962 ], [ -98.29209433468661, 20.345931038750489 ] ] ], [ [ [ -98.290135861624677, 20.349088148789068 ], [ -98.292233836355265, 20.348662894967962 ], [ -98.291012054077783, 20.350785292708814 ], [ -98.290135861624677, 20.349088148789068 ] ] ], [ [ [ -98.27686958453981, 20.349241242431123 ], [ -98.277890817450938, 20.347380563464831 ], [ -98.281288786108163, 20.349914209529949 ], [ -98.280610312074941, 20.352814070233041 ], [ -98.27686958453981, 20.349241242431123 ] ] ], [ [ [ -98.29371918022774, 20.350781035074931 ], [ -98.294587104182071, 20.349839788147669 ], [ -98.297828757265862, 20.352909843740093 ], [ -98.296901706729145, 20.355007762429572 ], [ -98.29371918022774, 20.350781035074931 ] ] ], [ [ [ -98.276004964819322, 20.351862976647727 ], [ -98.275598603693297, 20.354074132338216 ], [ -98.27121644175736, 20.355287915880275 ], [ -98.270608809499663, 20.353092508118099 ], [ -98.272598277098339, 20.353871586773305 ], [ -98.276004964819322, 20.351862976647727 ] ] ], [ [ [ -98.277865659493102, 20.353484611131794 ], [ -98.280002031924624, 20.353131482008969 ], [ -98.279474176929028, 20.354303846428447 ], [ -98.277865659493102, 20.353484611131794 ] ] ], [ [ [ -98.283142975967365, 20.355214274038946 ], [ -98.281378703524595, 20.356057454900128 ], [ -98.280937172174944, 20.354039049079592 ], [ -98.283142975967365, 20.355214274038946 ] ] ], [ [ [ -98.29720602830615, 20.355617274981118 ], [ -98.301032262320078, 20.35546527999459 ], [ -98.300044983996159, 20.359101344781607 ], [ -98.295941887630022, 20.359522476701088 ], [ -98.299990185928536, 20.356375744229339 ], [ -98.29720602830615, 20.355617274981118 ] ] ], [ [ [ -98.285410553127079, 20.358871410207819 ], [ -98.282506700581152, 20.358115858116872 ], [ -98.287805238549055, 20.357189154431076 ], [ -98.285410553127079, 20.358871410207819 ] ] ], [ [ [ -98.294795172602448, 20.359827177201939 ], [ -98.295941887630022, 20.359522476701088 ], [ -98.295615358692729, 20.360623004878263 ], [ -98.294795172602448, 20.359827177201939 ] ] ], [ [ [ -98.304592649532751, 20.361673904951072 ], [ -98.303765304245204, 20.362463125857595 ], [ -98.303448709536383, 20.361360016851243 ], [ -98.304592649532751, 20.361673904951072 ] ] ], [ [ [ -98.308129494860523, 20.364993496461665 ], [ -98.305923355064849, 20.36381857791131 ], [ -98.307687592013096, 20.362975149355147 ], [ -98.308129494860523, 20.364993496461665 ] ] ], [ [ [ -98.27827699823375, 20.364261040563981 ], [ -98.276480952822126, 20.365914862400231 ], [ -98.276194203392677, 20.363960299730522 ], [ -98.27827699823375, 20.364261040563981 ] ] ], [ [ [ -98.285155530192199, 20.37065140905419 ], [ -98.28393512683823, 20.368959446168482 ], [ -98.28557977806139, 20.365806386485811 ], [ -98.286857105564621, 20.366513995479817 ], [ -98.285155530192199, 20.37065140905419 ] ] ], [ [ [ -98.289312560735993, 20.371243907402004 ], [ -98.288985957796314, 20.372344418688456 ], [ -98.288165746795343, 20.371548560997599 ], [ -98.289312560735993, 20.371243907402004 ] ] ], [ [ [ -98.273717904696795, 20.372007744033269 ], [ -98.272394295024867, 20.372981619495349 ], [ -98.271505093424423, 20.370776768897844 ], [ -98.273717904696795, 20.372007744033269 ] ] ], [ [ [ -98.292514983513598, 20.376776941401751 ], [ -98.290296076833513, 20.377883011022529 ], [ -98.291170791887893, 20.375770032332376 ], [ -98.292514983513598, 20.376776941401751 ] ] ], [ [ [ -98.337546701167454, 20.383551130481198 ], [ -98.339068259303758, 20.379572900532722 ], [ -98.34132460413467, 20.381084176949511 ], [ -98.337546701167454, 20.383551130481198 ] ] ], [ [ [ -98.382619525716848, 20.391982707131422 ], [ -98.380262122396246, 20.392999860227803 ], [ -98.376718698739239, 20.398562813854554 ], [ -98.373341372977819, 20.397155508574265 ], [ -98.374243171443524, 20.390653111383717 ], [ -98.376119953544148, 20.390292908179106 ], [ -98.374451842849965, 20.390162242326962 ], [ -98.379950299255825, 20.389262063415561 ], [ -98.383934353655093, 20.383853830036458 ], [ -98.389469000677479, 20.384864054924659 ], [ -98.388992129450955, 20.388440994536964 ], [ -98.391004148885443, 20.39531621478422 ], [ -98.388783405210773, 20.399636108075004 ], [ -98.386115037281797, 20.397565221758875 ], [ -98.382619525716848, 20.391982707131422 ] ] ], [ [ [ -98.293251352334906, 20.393315268529363 ], [ -98.291597572755137, 20.394089708233068 ], [ -98.291092315973415, 20.392940253768771 ], [ -98.293251352334906, 20.393315268529363 ] ] ], [ [ [ -98.345579900604307, 20.394960688246574 ], [ -98.348773508073876, 20.397099342985054 ], [ -98.346318946666727, 20.397777875706666 ], [ -98.345579900604307, 20.394960688246574 ] ] ], [ [ [ -98.280795265727662, 20.393422422444189 ], [ -98.291660100458913, 20.396520342065394 ], [ -98.291552746292837, 20.400584457953329 ], [ -98.288627092407069, 20.398805219958302 ], [ -98.278375108192805, 20.398329872216834 ], [ -98.280795265727662, 20.393422422444189 ] ] ], [ [ [ -98.308385856571221, 20.418740147413107 ], [ -98.309294118670891, 20.423533024968691 ], [ -98.313924734471868, 20.43181082305615 ], [ -98.314803337948675, 20.44311761637422 ], [ -98.307296173727011, 20.452223825743793 ], [ -98.304946485361313, 20.454225291876241 ], [ -98.299129442961572, 20.455590113416172 ], [ -98.299801380839199, 20.457441872750877 ], [ -98.296338647399509, 20.459358753597819 ], [ -98.292592690921325, 20.452091627834868 ], [ -98.28839984324074, 20.449411067802423 ], [ -98.288577082399001, 20.446750317975255 ], [ -98.286492631662483, 20.443854270565442 ], [ -98.277743973373873, 20.443839691682118 ], [ -98.274286349573131, 20.4420142582394 ], [ -98.274488991208941, 20.438976574241629 ], [ -98.276461708899916, 20.433763549583276 ], [ -98.283989336225247, 20.434226227197037 ], [ -98.292836297215288, 20.432446478620896 ], [ -98.294188846298411, 20.429289760260239 ], [ -98.292309234516921, 20.425928966746106 ], [ -98.29534987098134, 20.421244921170725 ], [ -98.298974474825343, 20.42146738235887 ], [ -98.299870036712875, 20.41992710861409 ], [ -98.295150597081843, 20.417820895417428 ], [ -98.298967376635687, 20.411735366610326 ], [ -98.29489512937991, 20.410935708524597 ], [ -98.294291373634664, 20.403290137619603 ], [ -98.308385856571221, 20.418740147413107 ] ] ], [ [ [ -98.334571189459098, 20.414328747896093 ], [ -98.330534862967227, 20.415692443836477 ], [ -98.331404188711574, 20.413884953885269 ], [ -98.334571189459098, 20.414328747896093 ] ] ], [ [ [ -98.200806833350725, 20.292807312974947 ], [ -98.207059487326759, 20.296292162355865 ], [ -98.213056493408402, 20.292570991991891 ], [ -98.215983330917794, 20.291797588339747 ], [ -98.218306856934603, 20.293221568713665 ], [ -98.213906878784641, 20.297162769546325 ], [ -98.214248994802134, 20.300555972477436 ], [ -98.212430572648046, 20.302642369796416 ], [ -98.201030206613638, 20.295024688605277 ], [ -98.200806833350725, 20.292807312974947 ] ] ], [ [ [ -98.228185778409895, 20.294514067670359 ], [ -98.231887741124041, 20.296227825698733 ], [ -98.232671537693903, 20.300629245287908 ], [ -98.235528598953522, 20.303138502679165 ], [ -98.232471292054953, 20.30529884533777 ], [ -98.22964507851708, 20.304587525340473 ], [ -98.230675666638362, 20.297469592608984 ], [ -98.228114450693738, 20.296510811266582 ], [ -98.224427689055489, 20.299234441649244 ], [ -98.222465407607601, 20.298801901900529 ], [ -98.222058142236364, 20.294141988245883 ], [ -98.228185778409895, 20.294514067670359 ] ] ], [ [ [ -98.24976863394032, 20.304643841548739 ], [ -98.24868437496211, 20.303736579498583 ], [ -98.254483898626958, 20.301940711657327 ], [ -98.253573137325517, 20.305586329789495 ], [ -98.247868932248608, 20.307885505673774 ], [ -98.24976863394032, 20.304643841548739 ] ] ], [ [ [ -98.244968361904554, 20.306476075104079 ], [ -98.244240106593239, 20.304800311163657 ], [ -98.246808053059013, 20.303871815585019 ], [ -98.244968361904554, 20.306476075104079 ] ] ], [ [ [ -98.23197432645587, 20.312763800243648 ], [ -98.230402276029949, 20.313525923650037 ], [ -98.231180994222441, 20.311765144748559 ], [ -98.23197432645587, 20.312763800243648 ] ] ], [ [ [ -98.228820258727694, 20.312748728564664 ], [ -98.227968184477575, 20.314296126017155 ], [ -98.227602261285099, 20.312240754846968 ], [ -98.228820258727694, 20.312748728564664 ] ] ], [ [ [ -98.263436904557707, 20.347344491095868 ], [ -98.260619088885008, 20.347324645678988 ], [ -98.260310705332941, 20.345819507309312 ], [ -98.263436904557707, 20.347344491095868 ] ] ], [ [ [ -98.268450393604127, 20.352717230911079 ], [ -98.270103833426404, 20.351942997134792 ], [ -98.270608809499663, 20.353092508118099 ], [ -98.268450393604127, 20.352717230911079 ] ] ], [ [ [ -98.266834465911117, 20.356691553315827 ], [ -98.268178332321824, 20.35769864222878 ], [ -98.266717935017056, 20.361603340547401 ], [ -98.266834465911117, 20.356691553315827 ] ] ], [ [ [ -98.221682892139228, 20.369148014788827 ], [ -98.222131152256253, 20.365236353591762 ], [ -98.224412500017053, 20.364563981951214 ], [ -98.221682892139228, 20.369148014788827 ] ] ], [ [ [ -98.22129174813611, 20.371224500002651 ], [ -98.220487704336122, 20.369633694078757 ], [ -98.221682892139228, 20.369148014788827 ], [ -98.22129174813611, 20.371224500002651 ] ] ], [ [ [ -98.269189914750086, 20.373758315058009 ], [ -98.272394295024867, 20.372981619495349 ], [ -98.27082192548086, 20.37515159561206 ], [ -98.269189914750086, 20.373758315058009 ] ] ], [ [ [ -98.263757697619582, 20.407100026711877 ], [ -98.267664594760802, 20.407401300430362 ], [ -98.265198049255872, 20.412076217785412 ], [ -98.267890391554957, 20.419227014432028 ], [ -98.264545439315384, 20.421452716268682 ], [ -98.258229766728007, 20.421063810397609 ], [ -98.263757697619582, 20.407100026711877 ] ] ], [ [ [ -98.216060403130939, 20.44220926585092 ], [ -98.214412072152612, 20.443586719186584 ], [ -98.212861001389214, 20.441404312936314 ], [ -98.216060403130939, 20.44220926585092 ] ] ], [ [ [ -98.236602787513007, 20.448646441191222 ], [ -98.232557399912807, 20.449625556794061 ], [ -98.23408284686785, 20.446956929736746 ], [ -98.236602787513007, 20.448646441191222 ] ] ], [ [ [ -98.21971741386335, 20.45189585670369 ], [ -98.217409010489959, 20.448451404465565 ], [ -98.218468090942594, 20.447755447857894 ], [ -98.221648163107261, 20.452430815474816 ], [ -98.21971741386335, 20.45189585670369 ] ] ], [ [ [ -98.208373343990715, 20.458721249574204 ], [ -98.209027638886155, 20.455846023845464 ], [ -98.211520071671188, 20.455410458197246 ], [ -98.212066658129785, 20.445492714035641 ], [ -98.214518446119001, 20.450695407086034 ], [ -98.21250181264891, 20.452411162576038 ], [ -98.21353363872953, 20.455389237236162 ], [ -98.216102560430087, 20.452651473474877 ], [ -98.216996916726302, 20.454649430627132 ], [ -98.208373343990715, 20.458721249574204 ] ] ], [ [ [ -98.228175495612533, 20.454568117410872 ], [ -98.230664109015436, 20.452328284884498 ], [ -98.229935869547177, 20.456333559505506 ], [ -98.228175495612533, 20.454568117410872 ] ] ], [ [ [ -98.228966255645105, 20.457148568481443 ], [ -98.228138010378586, 20.457937393244773 ], [ -98.227821786492257, 20.456834170302024 ], [ -98.228966255645105, 20.457148568481443 ] ] ], [ [ [ -98.214909402842352, 20.458092743483487 ], [ -98.213713498481596, 20.45857834920136 ], [ -98.214105006282324, 20.456501911218126 ], [ -98.214909402842352, 20.458092743483487 ] ] ], [ [ [ -98.213289515217213, 20.461599257352308 ], [ -98.212501134471964, 20.459185216877724 ], [ -98.213713498481596, 20.45857834920136 ], [ -98.213289515217213, 20.461599257352308 ] ] ], [ [ [ -98.208315893874371, 20.460773931292543 ], [ -98.207119949392137, 20.461259489252313 ], [ -98.207511554361943, 20.459183070786768 ], [ -98.208315893874371, 20.460773931292543 ] ] ], [ [ [ -98.211982359992618, 20.463665256565537 ], [ -98.212755128324147, 20.462188784084425 ], [ -98.215707633821822, 20.464313095385595 ], [ -98.211982359992618, 20.463665256565537 ] ] ], [ [ [ -98.240009918880887, 20.463213732318625 ], [ -98.242169783561067, 20.463589403777174 ], [ -98.240515001561036, 20.464363321209266 ], [ -98.240009918880887, 20.463213732318625 ] ] ], [ [ [ -98.218665651155334, 20.464389070731769 ], [ -98.217010750721258, 20.465162760332024 ], [ -98.216505843082658, 20.464013109703068 ], [ -98.218665651155334, 20.464389070731769 ] ] ], [ [ [ -98.21294581371447, 20.465210044385231 ], [ -98.212117444671506, 20.465998788058517 ], [ -98.211801321890192, 20.46489553926731 ], [ -98.21294581371447, 20.465210044385231 ] ] ], [ [ [ -98.259591972244195, 20.464201915681333 ], [ -98.257957643764627, 20.46135533300853 ], [ -98.261251364737817, 20.456350464872525 ], [ -98.265838341720325, 20.456724439321455 ], [ -98.264079043868023, 20.449776749398204 ], [ -98.267535880111296, 20.449162760307349 ], [ -98.272933899190789, 20.455819102119545 ], [ -98.278083196533558, 20.455442863831053 ], [ -98.279800817290024, 20.461018041085801 ], [ -98.283656642876565, 20.462397464856917 ], [ -98.283149064509885, 20.449474897230456 ], [ -98.285323379338962, 20.449315831774662 ], [ -98.288143191852654, 20.456556260777386 ], [ -98.294044057105097, 20.459116798926388 ], [ -98.292726974580134, 20.463831414207387 ], [ -98.28743823002624, 20.464736465481888 ], [ -98.279587612506205, 20.469972992345962 ], [ -98.27567143272293, 20.476436021079252 ], [ -98.273359804511784, 20.475087698898548 ], [ -98.276143168575047, 20.46790141662072 ], [ -98.274338769913115, 20.464959621680233 ], [ -98.265026449215128, 20.462965836310012 ], [ -98.266248443861613, 20.468918850726727 ], [ -98.262499386208773, 20.475072732382365 ], [ -98.256413961604594, 20.480036666970229 ], [ -98.251763111395192, 20.481031321359279 ], [ -98.246704118800224, 20.484446143814871 ], [ -98.245129900594293, 20.480604231186444 ], [ -98.256868749145738, 20.475938381538615 ], [ -98.255433991061736, 20.472742490689019 ], [ -98.257738091164825, 20.469648749132499 ], [ -98.254598360881872, 20.466656485194047 ], [ -98.255494260225348, 20.465479624722835 ], [ -98.258034599303599, 20.466856733772449 ], [ -98.259591972244195, 20.464201915681333 ] ], [ [ -98.25801639780623, 20.475633906999644 ], [ -98.25719582133631, 20.474837956130621 ], [ -98.256868749145738, 20.475938381538615 ], [ -98.25801639780623, 20.475633906999644 ] ] ], [ [ [ -98.242278793007898, 20.476612670571754 ], [ -98.235786293166086, 20.468995332976938 ], [ -98.240818675611166, 20.467246834879489 ], [ -98.250362898579553, 20.460547578094541 ], [ -98.251244809625447, 20.461284859848583 ], [ -98.248959215350681, 20.466449205055557 ], [ -98.242278793007898, 20.476612670571754 ] ] ], [ [ [ -98.258696778787339, 20.486790561841978 ], [ -98.256806889758423, 20.480991190686794 ], [ -98.258337077749232, 20.481735954882271 ], [ -98.258696778787339, 20.486790561841978 ] ] ], [ [ [ -98.259095052890515, 20.490699990147156 ], [ -98.258696778787339, 20.486790561841978 ], [ -98.259983291491139, 20.487531183527267 ], [ -98.259095052890515, 20.490699990147156 ] ] ], [ [ [ -98.215340651158826, 20.508288685679627 ], [ -98.220775847474997, 20.505148383248727 ], [ -98.223260273271407, 20.50133107995806 ], [ -98.220664489294762, 20.501748622898294 ], [ -98.220291530093974, 20.499604381211185 ], [ -98.223852990445138, 20.498386367845903 ], [ -98.22383933975739, 20.501097377532847 ], [ -98.225715220337264, 20.502009444330227 ], [ -98.231824592124255, 20.49371576699496 ], [ -98.228683364986921, 20.493165277893493 ], [ -98.221676502551318, 20.49762560941555 ], [ -98.21536493476286, 20.495898761136949 ], [ -98.211173444346144, 20.505065081067521 ], [ -98.207157076623133, 20.504190752212015 ], [ -98.210238030263497, 20.503337069909783 ], [ -98.211110182219372, 20.499642665375578 ], [ -98.213156348574273, 20.498024935255881 ], [ -98.212579919454697, 20.496528235349889 ], [ -98.199234549684405, 20.507412985568852 ], [ -98.194655170149616, 20.508193940681331 ], [ -98.191429689563137, 20.497511118469848 ], [ -98.193230069455197, 20.494534582601233 ], [ -98.199779305302698, 20.497816203738424 ], [ -98.200014921818408, 20.494301106811257 ], [ -98.197366406709406, 20.491831216807086 ], [ -98.202735855420784, 20.489285036649576 ], [ -98.200814898566705, 20.486342974579877 ], [ -98.196196555486381, 20.484878768197522 ], [ -98.20331114376134, 20.48637997729459 ], [ -98.204651275372939, 20.482475887430642 ], [ -98.206951003921773, 20.481416467326156 ], [ -98.203762279256736, 20.476216868579961 ], [ -98.209408825855064, 20.475341879484048 ], [ -98.209364238980996, 20.472575998860073 ], [ -98.212158572820826, 20.47437687477586 ], [ -98.209335254416146, 20.469788346734376 ], [ -98.213195223316134, 20.469881535498185 ], [ -98.215088212469524, 20.465332690800437 ], [ -98.221566771929275, 20.472610445826554 ], [ -98.225789404964587, 20.472712151419028 ], [ -98.221901693046945, 20.462690844053917 ], [ -98.2310872986818, 20.463617307865022 ], [ -98.233919104093218, 20.466328869647462 ], [ -98.230082525084995, 20.470854223627743 ], [ -98.2366649949074, 20.476293951522319 ], [ -98.236657206632259, 20.478193253850328 ], [ -98.230133684387454, 20.478036456865748 ], [ -98.226361756583117, 20.481487428932329 ], [ -98.236035921971251, 20.48379989302332 ], [ -98.241311641399562, 20.487158307906217 ], [ -98.24248650461152, 20.48951412204778 ], [ -98.247932466526834, 20.49081539205433 ], [ -98.247838035422745, 20.494434175933407 ], [ -98.250652511739474, 20.495761785666648 ], [ -98.241252442676071, 20.497976894179104 ], [ -98.240308863502264, 20.499824059560467 ], [ -98.234673002439877, 20.499688774625255 ], [ -98.232992907372974, 20.506177747449755 ], [ -98.226174643083638, 20.506013731490881 ], [ -98.227082206063358, 20.508802589301098 ], [ -98.229001590643009, 20.508773509155727 ], [ -98.227804156059506, 20.510981465898823 ], [ -98.230863344870215, 20.512424771414924 ], [ -98.228940083815644, 20.513310880862711 ], [ -98.227981139181637, 20.518655064505147 ], [ -98.226926762299072, 20.517888379002798 ], [ -98.227916478859399, 20.513739310853833 ], [ -98.224061377192541, 20.511090860783806 ], [ -98.225498622993285, 20.504342275897919 ], [ -98.222331295914216, 20.505082662062133 ], [ -98.218543979746144, 20.509045878380316 ], [ -98.215340651158826, 20.508288685679627 ] ], [ [ -98.223627099495857, 20.502309494341542 ], [ -98.224447638212979, 20.503105600452489 ], [ -98.22477500408867, 20.502005248628834 ], [ -98.223627099495857, 20.502309494341542 ] ], [ [ -98.23159122132563, 20.496304024709623 ], [ -98.230770679437185, 20.495507951721095 ], [ -98.230443371428819, 20.4966083174759 ], [ -98.23159122132563, 20.496304024709623 ] ], [ [ -98.213727799715841, 20.496224061788958 ], [ -98.212907353553618, 20.495427907371599 ], [ -98.212579919454697, 20.496528235349889 ], [ -98.213727799715841, 20.496224061788958 ] ], [ [ -98.227356433551407, 20.503854749708573 ], [ -98.232718675158239, 20.502978811601967 ], [ -98.230420814369481, 20.501126674752385 ], [ -98.227356433551407, 20.503854749708573 ] ], [ [ -98.207487819173679, 20.492004350432996 ], [ -98.210423289904341, 20.489707709702611 ], [ -98.210707600138235, 20.486533800314248 ], [ -98.207487819173679, 20.492004350432996 ] ], [ [ -98.20923478575159, 20.477058010957386 ], [ -98.207041054054599, 20.476621873023944 ], [ -98.208474089756294, 20.479402906729472 ], [ -98.20923478575159, 20.477058010957386 ] ] ], [ [ [ -98.250218043942695, 20.49036895758519 ], [ -98.252479639874011, 20.490937227291159 ], [ -98.25026607430911, 20.493449362819739 ], [ -98.250218043942695, 20.49036895758519 ] ] ], [ [ [ -98.253408587064754, 20.496763838287858 ], [ -98.250805951815252, 20.498786383933911 ], [ -98.252072046141706, 20.495799124096926 ], [ -98.253408587064754, 20.496763838287858 ] ] ], [ [ [ -98.242648022952451, 20.500276748635983 ], [ -98.244859037428682, 20.500744017269771 ], [ -98.243813856431828, 20.502343932414558 ], [ -98.242648022952451, 20.500276748635983 ] ] ], [ [ [ -98.214203967884629, 20.504151751120805 ], [ -98.213492434265902, 20.501954503173977 ], [ -98.220513400791731, 20.504503359976951 ], [ -98.214203967884629, 20.504151751120805 ] ] ], [ [ [ -98.200579941527252, 20.525979567011834 ], [ -98.196181626751695, 20.522135591944103 ], [ -98.200230963577297, 20.520871311760022 ], [ -98.204609420806364, 20.522589601274703 ], [ -98.206175886867499, 20.52545300445437 ], [ -98.213763620308185, 20.525188670355671 ], [ -98.216617957296066, 20.52256570345601 ], [ -98.213518966113696, 20.521330347384975 ], [ -98.222230456910964, 20.51696292913169 ], [ -98.218572250044417, 20.523620443373144 ], [ -98.212312878627372, 20.528373462671826 ], [ -98.210664286606445, 20.52600718324685 ], [ -98.207721017537651, 20.527231476960758 ], [ -98.200579941527252, 20.525979567011834 ] ] ], [ [ [ -98.154011522170137, 20.208752495339528 ], [ -98.150739160972023, 20.206386541358949 ], [ -98.160583031076712, 20.201680103404012 ], [ -98.165194462502853, 20.202512894027848 ], [ -98.171343763306766, 20.206756192936425 ], [ -98.175365545463777, 20.205873167866795 ], [ -98.176879592355874, 20.218471555926065 ], [ -98.171725474309554, 20.221129108872532 ], [ -98.165147761877833, 20.218767644271473 ], [ -98.160352809837235, 20.222882512799039 ], [ -98.15345873937143, 20.210256419319318 ], [ -98.154011522170137, 20.208752495339528 ] ] ], [ [ [ -98.165451602261683, 20.240449584296243 ], [ -98.16450851772143, 20.242333008673146 ], [ -98.16232579363276, 20.239661285222997 ], [ -98.165451602261683, 20.240449584296243 ] ] ], [ [ [ -98.185870221544107, 20.254147933137631 ], [ -98.181388761619814, 20.250110796773747 ], [ -98.181596855077359, 20.245625987562679 ], [ -98.177117267267832, 20.244237445066783 ], [ -98.172955170832239, 20.240096249443237 ], [ -98.170954816292834, 20.240163148513645 ], [ -98.165379262959803, 20.234705536962103 ], [ -98.16182867388298, 20.238357827840897 ], [ -98.161097665520685, 20.236668755353733 ], [ -98.156838694512544, 20.237458346626404 ], [ -98.147480771256653, 20.224320325317894 ], [ -98.153831856597805, 20.22879336474681 ], [ -98.163798055265033, 20.231952470102893 ], [ -98.16372035126679, 20.228300817864572 ], [ -98.166652445669996, 20.227522520113624 ], [ -98.168980615076748, 20.232335720816558 ], [ -98.17237601075017, 20.233898395087351 ], [ -98.187429975179455, 20.233952079937541 ], [ -98.189942347358794, 20.23699187825008 ], [ -98.182554121620328, 20.243518118617637 ], [ -98.189424169737876, 20.246678893429547 ], [ -98.186210432042785, 20.252456271335973 ], [ -98.191638843100819, 20.253771966064708 ], [ -98.198375412330606, 20.248345098764265 ], [ -98.200783732467286, 20.248447982317352 ], [ -98.197918038049195, 20.253600684273724 ], [ -98.195369949521918, 20.254286542712549 ], [ -98.191899755968862, 20.25812274213067 ], [ -98.185150295648256, 20.259203384249293 ], [ -98.183162229457125, 20.256539682213393 ], [ -98.185870221544107, 20.254147933137631 ] ] ], [ [ [ -98.170310668495787, 20.24905012533905 ], [ -98.169132766668781, 20.246991366776445 ], [ -98.173709288572141, 20.248145141418238 ], [ -98.175466924772834, 20.250772532330132 ], [ -98.170310668495787, 20.24905012533905 ] ] ], [ [ [ -98.179537000932541, 20.312785785388805 ], [ -98.177992132810431, 20.310305580535111 ], [ -98.178804553438894, 20.305692593603617 ], [ -98.183100894170749, 20.307014643255197 ], [ -98.183455807753887, 20.313262903611232 ], [ -98.179537000932541, 20.312785785388805 ] ] ], [ [ [ -98.200748515076498, 20.312998910008819 ], [ -98.193800747155052, 20.311184552573852 ], [ -98.194720474548163, 20.309915967958901 ], [ -98.200748515076498, 20.312998910008819 ] ] ], [ [ [ -98.192563331866793, 20.311882769272291 ], [ -98.193800747155052, 20.311184552573852 ], [ -98.193359011000538, 20.315133685125868 ], [ -98.192563331866793, 20.311882769272291 ] ] ], [ [ [ -98.162680909759771, 20.335438229792171 ], [ -98.164885505311474, 20.336614913193031 ], [ -98.163120850217226, 20.337456886472218 ], [ -98.162680909759771, 20.335438229792171 ] ] ], [ [ [ -98.162187049458481, 20.345172329357585 ], [ -98.159744819247976, 20.343968653540287 ], [ -98.164833676738311, 20.34310424883439 ], [ -98.162187049458481, 20.345172329357585 ] ] ], [ [ [ -98.191146499252085, 20.366507240214435 ], [ -98.190706124216689, 20.364488645423133 ], [ -98.192911349478095, 20.365664991738978 ], [ -98.191146499252085, 20.366507240214435 ] ] ], [ [ [ -98.192561369077239, 20.369015730006524 ], [ -98.194274343987146, 20.369356685387579 ], [ -98.192923455440322, 20.371894081723294 ], [ -98.192561369077239, 20.369015730006524 ] ] ], [ [ [ -98.199146501147553, 20.367238668750137 ], [ -98.200456299316016, 20.368220959427237 ], [ -98.197238122128383, 20.375679467082449 ], [ -98.195038699883071, 20.375981746225207 ], [ -98.199146501147553, 20.367238668750137 ] ] ], [ [ [ -98.191773054667024, 20.379547132803371 ], [ -98.190626010339756, 20.379851137839442 ], [ -98.190953321064029, 20.378750833547787 ], [ -98.191773054667024, 20.379547132803371 ] ] ], [ [ [ -98.190061510621788, 20.382953321248429 ], [ -98.188379781436097, 20.381502040158122 ], [ -98.190626010339756, 20.379851137839442 ], [ -98.190061510621788, 20.382953321248429 ] ] ], [ [ [ -98.186965596642096, 20.3812626909417 ], [ -98.182041851368595, 20.38380625010894 ], [ -98.18404500555215, 20.380724179562876 ], [ -98.186965596642096, 20.3812626909417 ] ] ], [ [ [ -98.175811034189962, 20.392032394188103 ], [ -98.174957977817456, 20.393579486799641 ], [ -98.174592612044094, 20.391524040302567 ], [ -98.175811034189962, 20.392032394188103 ] ] ], [ [ [ -98.180519743103062, 20.394004168131165 ], [ -98.181150251042908, 20.395169731881399 ], [ -98.178009548950342, 20.394762125193388 ], [ -98.180519743103062, 20.394004168131165 ] ] ], [ [ [ -98.182948798874648, 20.393360079652155 ], [ -98.187976510970486, 20.397145946196535 ], [ -98.185400819931658, 20.403487037765228 ], [ -98.192254225401356, 20.406057705672719 ], [ -98.193593593276944, 20.413767277574991 ], [ -98.19268701813111, 20.415398397981743 ], [ -98.194468205877783, 20.415589740607263 ], [ -98.197645577541493, 20.42097731957082 ], [ -98.203597649816118, 20.421328120794602 ], [ -98.200960272851262, 20.416662466188512 ], [ -98.204826203251443, 20.416391533470538 ], [ -98.20188601555536, 20.409497999764429 ], [ -98.205310317616039, 20.403507903602005 ], [ -98.214807724351886, 20.400496219181804 ], [ -98.217226169720092, 20.393090953751724 ], [ -98.220906357300493, 20.391310624126113 ], [ -98.225222309075463, 20.397906838496592 ], [ -98.223971603058814, 20.400095719181262 ], [ -98.221536139994981, 20.40126043095745 ], [ -98.218363059543719, 20.398904850972766 ], [ -98.217915659960553, 20.400313550370445 ], [ -98.222187595623964, 20.403007503148043 ], [ -98.21953766179891, 20.40526298530591 ], [ -98.209768244821817, 20.408039379084425 ], [ -98.212638294647178, 20.409322091771767 ], [ -98.208807416366184, 20.412182958493311 ], [ -98.210909324418196, 20.41400650282457 ], [ -98.216664569384946, 20.413702632601698 ], [ -98.216219137722547, 20.420344991188522 ], [ -98.219337463512915, 20.422882332472927 ], [ -98.232295722635783, 20.410930440139051 ], [ -98.232709823991314, 20.418900480242378 ], [ -98.225822672108052, 20.420676870738117 ], [ -98.223963909312488, 20.425868451854019 ], [ -98.219119021308259, 20.427274742652219 ], [ -98.225917976485164, 20.431769974515216 ], [ -98.226794405366448, 20.437816684061666 ], [ -98.231320545836041, 20.439518367760169 ], [ -98.234591222913153, 20.437542060689655 ], [ -98.243180687949476, 20.437567462145214 ], [ -98.242150162817481, 20.441198960046822 ], [ -98.228402759390022, 20.443911201054327 ], [ -98.227160309070285, 20.441275458422549 ], [ -98.222576728752728, 20.43906353645027 ], [ -98.215339464472137, 20.439445731692313 ], [ -98.211207214118588, 20.435548182829837 ], [ -98.205327550916593, 20.438181777460574 ], [ -98.204001566416352, 20.433070820193368 ], [ -98.209601397753872, 20.430385249097885 ], [ -98.206347481239035, 20.425859143617682 ], [ -98.201386730749661, 20.424659080593468 ], [ -98.198195475113337, 20.440164397114788 ], [ -98.194408824296517, 20.439929813172785 ], [ -98.191733002805805, 20.442830134455939 ], [ -98.195248597913121, 20.446240785238974 ], [ -98.192424429146541, 20.450087469430088 ], [ -98.192647053831053, 20.454011479740252 ], [ -98.189089482790422, 20.455561274456194 ], [ -98.184062278162926, 20.461579302549072 ], [ -98.183587502349411, 20.46747641382548 ], [ -98.180497035327932, 20.463855841942497 ], [ -98.182313984432696, 20.462521330199593 ], [ -98.180504220843034, 20.459603736616035 ], [ -98.183157073128314, 20.459993379495018 ], [ -98.186921544421295, 20.447632291051509 ], [ -98.183508911275709, 20.445393821677627 ], [ -98.178199521463256, 20.455545133091825 ], [ -98.173838146512409, 20.454904401715005 ], [ -98.171054190486188, 20.461349773812248 ], [ -98.167458135842281, 20.459240616884973 ], [ -98.16509027781396, 20.461456486336921 ], [ -98.165508477162632, 20.458830284950782 ], [ -98.164000358585355, 20.457952782045343 ], [ -98.1634527326257, 20.461548559711069 ], [ -98.156507144220114, 20.466305784269636 ], [ -98.153011405248805, 20.46420906362648 ], [ -98.151790604717107, 20.458781020378591 ], [ -98.14691963323925, 20.462288302988629 ], [ -98.143763800387447, 20.459955897749516 ], [ -98.143557415310127, 20.457900529526857 ], [ -98.151178940787844, 20.455561093865896 ], [ -98.149269296123578, 20.452422742510798 ], [ -98.143253127314381, 20.45191975457692 ], [ -98.142805821830081, 20.450048964737874 ], [ -98.139157739323096, 20.447862536021987 ], [ -98.140523236373454, 20.44421970152867 ], [ -98.144875390695191, 20.442149501724874 ], [ -98.147057575640147, 20.443805305929967 ], [ -98.143793643590286, 20.445500008634173 ], [ -98.153477888448464, 20.45084141944902 ], [ -98.157234203085338, 20.45056953380848 ], [ -98.156470808543389, 20.441140135735559 ], [ -98.158279719355789, 20.44177414804242 ], [ -98.165385904638569, 20.438756775630672 ], [ -98.154053984276032, 20.432554097779306 ], [ -98.153715600668249, 20.429378854028396 ], [ -98.150896331266281, 20.429365128592536 ], [ -98.15329436263211, 20.427678645110152 ], [ -98.155934242269453, 20.422318321270019 ], [ -98.154984426859201, 20.419856265540528 ], [ -98.156948203056217, 20.416167414341469 ], [ -98.15924795002033, 20.416982934165141 ], [ -98.157528743969465, 20.419456790094927 ], [ -98.166962623680888, 20.426608009375631 ], [ -98.170961619391363, 20.426149104960995 ], [ -98.17421395898586, 20.420970657588537 ], [ -98.176303511626116, 20.4231613441702 ], [ -98.174943386661354, 20.425216780110844 ], [ -98.178279239112896, 20.426275458025362 ], [ -98.181155508212498, 20.4227289584122 ], [ -98.179151438609921, 20.41775264401161 ], [ -98.18183511077163, 20.413302848157379 ], [ -98.180849521531414, 20.410204792402808 ], [ -98.17783010446351, 20.411093602311709 ], [ -98.17729606295849, 20.413225435250389 ], [ -98.175535551833121, 20.413866642236222 ], [ -98.16277819280792, 20.409933577851213 ], [ -98.158517552401719, 20.410424690202916 ], [ -98.157629131128445, 20.407455831379579 ], [ -98.14729991319102, 20.406345377016397 ], [ -98.143405292451021, 20.408465032025038 ], [ -98.13830498546838, 20.419989000761763 ], [ -98.142483603775005, 20.421190743570243 ], [ -98.14093722838777, 20.424381207405414 ], [ -98.143641749886442, 20.425461254445931 ], [ -98.138674451085549, 20.427310641997565 ], [ -98.130639122078961, 20.42785150770467 ], [ -98.126457657673129, 20.430147917821575 ], [ -98.129667469760932, 20.425524903175113 ], [ -98.125813157213543, 20.42308236026107 ], [ -98.123674217370066, 20.423808168151258 ], [ -98.122246741516548, 20.420183863304231 ], [ -98.125627679774553, 20.414014079936724 ], [ -98.12542052065524, 20.412927219841812 ], [ -98.123863389574353, 20.415451030025807 ], [ -98.126648398765226, 20.403515295614131 ], [ -98.128849727347415, 20.407939380742587 ], [ -98.133651912709738, 20.4117078940697 ], [ -98.141156822624239, 20.404563329042976 ], [ -98.133655396339762, 20.396213559650327 ], [ -98.12898890042635, 20.396281869053251 ], [ -98.125350777394274, 20.394455957506665 ], [ -98.123273288934101, 20.396189351017419 ], [ -98.123384549912231, 20.403345245046001 ], [ -98.120115839687855, 20.408576572660639 ], [ -98.117546786050923, 20.409832840045556 ], [ -98.110777682386725, 20.409665502457663 ], [ -98.107629263329898, 20.414229026485906 ], [ -98.104460762380128, 20.413327181769613 ], [ -98.099973000761963, 20.408785668456719 ], [ -98.096981282060668, 20.410051026082289 ], [ -98.101626709924744, 20.415917283688778 ], [ -98.098502616196285, 20.418027742614736 ], [ -98.091241823814272, 20.415958510449251 ], [ -98.087665220683647, 20.412338575057255 ], [ -98.085994449204009, 20.412297021991819 ], [ -98.087656650182879, 20.410970320551396 ], [ -98.084789419964522, 20.411060320800694 ], [ -98.085597230626746, 20.410033140487492 ], [ -98.083731919284247, 20.409781450468333 ], [ -98.083522230401343, 20.411977349630238 ], [ -98.08505898468492, 20.412273748769206 ], [ -98.082922284617425, 20.41222057250992 ], [ -98.07060982982928, 20.431730310514304 ], [ -98.064879902335591, 20.435419870969998 ], [ -98.070602630550511, 20.430141418352065 ], [ -98.074372165750674, 20.422122152340496 ], [ -98.077173093836777, 20.419563336551334 ], [ -98.076108378626117, 20.417685046464591 ], [ -98.071952850002432, 20.416464575643538 ], [ -98.079138304045514, 20.408628279747258 ], [ -98.086648243266524, 20.406328306754734 ], [ -98.083354385258545, 20.404098377251685 ], [ -98.077225691076222, 20.403549887535018 ], [ -98.0885832183952, 20.398455537505043 ], [ -98.095542260218409, 20.400924630115608 ], [ -98.102073943168207, 20.397101300597622 ], [ -98.112024127973243, 20.395983609945546 ], [ -98.112188854726114, 20.389871028200613 ], [ -98.100305354201552, 20.391884994535431 ], [ -98.09291932508755, 20.390389947156617 ], [ -98.088719729525025, 20.392442914925891 ], [ -98.091438499549042, 20.387035461525269 ], [ -98.105397958408957, 20.385603188660362 ], [ -98.106877389255985, 20.382877883288216 ], [ -98.10280084603086, 20.37906915939918 ], [ -98.102738775130476, 20.375048493182724 ], [ -98.108388543646896, 20.373958288551794 ], [ -98.107528847401781, 20.36992927916663 ], [ -98.111699173594602, 20.370032443170825 ], [ -98.109293889625221, 20.370667229793089 ], [ -98.111760067608301, 20.371873567533711 ], [ -98.110814251676473, 20.373075676679235 ], [ -98.112698752977806, 20.37450537357163 ], [ -98.114791877604759, 20.372845233891166 ], [ -98.114462740808975, 20.370666017085586 ], [ -98.124211078843629, 20.369391674357928 ], [ -98.124530619106864, 20.366274750195334 ], [ -98.127157218695288, 20.367770247692281 ], [ -98.128539392324058, 20.366598752797806 ], [ -98.132014545264738, 20.367343355195363 ], [ -98.133103743097081, 20.364819549539945 ], [ -98.131314521804356, 20.362336395946048 ], [ -98.12739640031991, 20.365563462459097 ], [ -98.125748885866969, 20.365067883677824 ], [ -98.132951692978011, 20.359573115221913 ], [ -98.131971099148004, 20.358232235506122 ], [ -98.125960946304772, 20.358320181224933 ], [ -98.124500994409459, 20.355557347444005 ], [ -98.127103831752081, 20.353176904090571 ], [ -98.124430798060487, 20.348118283105336 ], [ -98.127157003910156, 20.346201820791531 ], [ -98.134976954806461, 20.34752520904345 ], [ -98.140434571641151, 20.342116979201052 ], [ -98.143256755256672, 20.345910198189181 ], [ -98.14441579215989, 20.35299660071826 ], [ -98.147096621015294, 20.352994268935635 ], [ -98.151304327703357, 20.347592274759574 ], [ -98.156490922626261, 20.349388269776551 ], [ -98.148967537870149, 20.354738193674883 ], [ -98.148869856231826, 20.35839793510096 ], [ -98.150984236491269, 20.359397634977842 ], [ -98.146170568695183, 20.35927962426851 ], [ -98.144201212892213, 20.362910560421881 ], [ -98.145606591426031, 20.366081133187365 ], [ -98.140449674151796, 20.373699007809492 ], [ -98.149589371901314, 20.374708479213393 ], [ -98.155474376289362, 20.378075157662391 ], [ -98.158299640804628, 20.381504899946872 ], [ -98.172259662892316, 20.378803470107648 ], [ -98.158850302176404, 20.37654387102323 ], [ -98.163112025142397, 20.375678430939999 ], [ -98.164276710639271, 20.372740611431613 ], [ -98.159548770049298, 20.369946597437107 ], [ -98.15834467489033, 20.365293815655537 ], [ -98.165791941536924, 20.36657545133534 ], [ -98.170359361792634, 20.358895510188482 ], [ -98.176560858159903, 20.359667391858771 ], [ -98.186603716509808, 20.356959462280688 ], [ -98.193599663646538, 20.359584087704839 ], [ -98.194895343804845, 20.361810595315095 ], [ -98.190706124216689, 20.364488645423133 ], [ -98.187424123747235, 20.363364847780947 ], [ -98.18035521137783, 20.365711068469892 ], [ -98.176804317360407, 20.372488294875318 ], [ -98.170802087429706, 20.369396230802639 ], [ -98.169526786128273, 20.375867268389083 ], [ -98.172483723722323, 20.378529299206836 ], [ -98.181835809114887, 20.378513171416351 ], [ -98.181633874823277, 20.382856956621765 ], [ -98.176051619755441, 20.386523780362406 ], [ -98.174437340225438, 20.386042430039819 ], [ -98.17425551620795, 20.387642548675277 ], [ -98.163037804386533, 20.389306483085576 ], [ -98.161678736994759, 20.394670915085918 ], [ -98.155782331996292, 20.395048751807689 ], [ -98.152559468312134, 20.397957420160136 ], [ -98.166808990935053, 20.401862265764056 ], [ -98.175978877597288, 20.39922919550925 ], [ -98.176442871505145, 20.396954947176603 ], [ -98.178873628205011, 20.400893924774255 ], [ -98.182948798874648, 20.393360079652155 ] ], [ [ -98.161804047970989, 20.459548920075335 ], [ -98.162624037276359, 20.460345358768272 ], [ -98.162951737409529, 20.459245129850018 ], [ -98.161804047970989, 20.459548920075335 ] ], [ [ -98.166556886205456, 20.436101848873133 ], [ -98.166090075099433, 20.432951820273082 ], [ -98.163098517669113, 20.432135266388702 ], [ -98.165225028992396, 20.434404694339495 ], [ -98.163074070801173, 20.436653583196446 ], [ -98.166556886205456, 20.436101848873133 ] ], [ [ -98.154863078542689, 20.429075108831064 ], [ -98.15404329017457, 20.428278637944842 ], [ -98.153715600668249, 20.429378854028396 ], [ -98.154863078542689, 20.429075108831064 ] ], [ [ -98.155466741366368, 20.393945410498365 ], [ -98.154638485236532, 20.394733890093047 ], [ -98.155782331996292, 20.395048751807689 ], [ -98.155466741366368, 20.393945410498365 ] ], [ [ -98.157469709793631, 20.430300745609305 ], [ -98.157974071203725, 20.431450554229318 ], [ -98.159628878359214, 20.430677421021365 ], [ -98.157469709793631, 20.430300745609305 ] ], [ [ -98.160504549136192, 20.390553098565597 ], [ -98.15923764911868, 20.393539697674324 ], [ -98.16183960824813, 20.391518478414383 ], [ -98.160504549136192, 20.390553098565597 ] ], [ [ -98.155327978480997, 20.384236799499249 ], [ -98.151816199636357, 20.381401463977937 ], [ -98.145859748790571, 20.380131375464575 ], [ -98.146139386687992, 20.382915735846424 ], [ -98.14317116764461, 20.381826287126188 ], [ -98.136752908379563, 20.383431185231913 ], [ -98.130063294390695, 20.381554578579795 ], [ -98.132195515040237, 20.379869130335369 ], [ -98.128492709739817, 20.37687861361767 ], [ -98.119822649154116, 20.375347412048466 ], [ -98.116641674401492, 20.376478703606061 ], [ -98.11391468215497, 20.381844948446716 ], [ -98.11857007233391, 20.39160254607993 ], [ -98.123063389347067, 20.38852683844873 ], [ -98.125347467466028, 20.391200493674617 ], [ -98.129699029831698, 20.389652729348185 ], [ -98.134615884838652, 20.393638875881219 ], [ -98.139273315370019, 20.393743449061088 ], [ -98.141190711480377, 20.392300958908823 ], [ -98.135708241230375, 20.387873916802857 ], [ -98.138106014493971, 20.385978463645756 ], [ -98.150922015078791, 20.389109364631473 ], [ -98.155327978480997, 20.384236799499249 ] ], [ [ -98.14651102020602, 20.403689460936455 ], [ -98.145859579466801, 20.405235970553967 ], [ -98.148036379468081, 20.405339710431615 ], [ -98.148222620496085, 20.403862110104139 ], [ -98.14651102020602, 20.403689460936455 ] ], [ [ -98.1590758262397, 20.40163417767781 ], [ -98.160730303758029, 20.400861020035688 ], [ -98.158571543948213, 20.400484372377097 ], [ -98.1590758262397, 20.40163417767781 ] ], [ [ -98.150120266087242, 20.399539686279969 ], [ -98.150435828075175, 20.400643035625784 ], [ -98.151264137572767, 20.399854578399186 ], [ -98.150120266087242, 20.399539686279969 ] ], [ [ -98.147713094518679, 20.39447491639925 ], [ -98.146349019890906, 20.399477465965454 ], [ -98.149888303175828, 20.398732494702312 ], [ -98.149488597314146, 20.396974575701183 ], [ -98.153741215505946, 20.393623974261356 ], [ -98.15015495077553, 20.393214037411742 ], [ -98.147713094518679, 20.39447491639925 ] ] ], [ [ [ -98.184681718293433, 20.471435951314582 ], [ -98.183587502349411, 20.46747641382548 ], [ -98.185859814729554, 20.4691182733633 ], [ -98.184681718293433, 20.471435951314582 ] ] ], [ [ [ -98.207119949392137, 20.461259489252313 ], [ -98.210349439303371, 20.462918413734851 ], [ -98.202603452586843, 20.467402621179851 ], [ -98.203289257651775, 20.472926525626637 ], [ -98.201725775990724, 20.479710479333377 ], [ -98.197677796813707, 20.478807563251571 ], [ -98.199534667340814, 20.473876395325124 ], [ -98.202615245393332, 20.473517364187952 ], [ -98.20251834913735, 20.469971768695316 ], [ -98.19953935351225, 20.472972727395021 ], [ -98.200191673518688, 20.468153699355476 ], [ -98.207119949392137, 20.461259489252313 ] ], [ [ -98.201604729113853, 20.476889149354374 ], [ -98.19952060731886, 20.476587396739056 ], [ -98.199806541809536, 20.478541981206511 ], [ -98.201604729113853, 20.476889149354374 ] ] ], [ [ [ -98.164772972796143, 20.470098094909652 ], [ -98.166117103471294, 20.471105968674763 ], [ -98.163895974723403, 20.472210341631776 ], [ -98.164772972796143, 20.470098094909652 ] ] ], [ [ [ -98.167578377240361, 20.47282260231011 ], [ -98.166433934312224, 20.472507799983074 ], [ -98.167262564667098, 20.471719283659919 ], [ -98.167578377240361, 20.47282260231011 ] ] ], [ [ [ -98.185863949688382, 20.473186594333797 ], [ -98.18230790367096, 20.474070113214445 ], [ -98.181683563840167, 20.471985895105824 ], [ -98.185863949688382, 20.473186594333797 ] ] ], [ [ [ -98.169984052895899, 20.476725287129177 ], [ -98.166553967603321, 20.475036362049583 ], [ -98.169453564634694, 20.473735256996349 ], [ -98.172581345343147, 20.475261904319666 ], [ -98.169984052895899, 20.476725287129177 ] ] ], [ [ [ -98.161231859907048, 20.476948513265764 ], [ -98.15909355155253, 20.477300170946169 ], [ -98.159622757559731, 20.476128231425424 ], [ -98.161231859907048, 20.476948513265764 ] ] ], [ [ [ -98.181181681483991, 20.480348581073436 ], [ -98.180714761113848, 20.477403445955591 ], [ -98.182966437047696, 20.479755996002822 ], [ -98.189538409180145, 20.481410142706341 ], [ -98.184857430569664, 20.482511234574236 ], [ -98.181181681483991, 20.480348581073436 ] ] ], [ [ [ -98.195736841747518, 20.481088367421968 ], [ -98.191587417270611, 20.482047646696945 ], [ -98.1927418274025, 20.479801683371896 ], [ -98.195736841747518, 20.481088367421968 ] ] ], [ [ [ -98.195736841747518, 20.481088367421968 ], [ -98.198940219232611, 20.48126532551613 ], [ -98.196644360634892, 20.482365361877765 ], [ -98.195736841747518, 20.481088367421968 ] ] ], [ [ [ -98.185978115218305, 20.487524321042471 ], [ -98.189142029720301, 20.483768776335921 ], [ -98.19134011926856, 20.485746018017942 ], [ -98.185978115218305, 20.487524321042471 ] ] ], [ [ [ -98.178366322330859, 20.492909981033421 ], [ -98.179697827016099, 20.491857601647926 ], [ -98.180633168435406, 20.49276570107898 ], [ -98.183272310327553, 20.490043801599349 ], [ -98.182685033236652, 20.486084936933729 ], [ -98.185435054450494, 20.489545304478167 ], [ -98.183448831223515, 20.493682645663512 ], [ -98.178366322330859, 20.492909981033421 ] ] ], [ [ [ -98.187157041204188, 20.503640569756744 ], [ -98.182455959638574, 20.503618494685913 ], [ -98.18246554682915, 20.501811173462809 ], [ -98.189385567372099, 20.503304496259549 ], [ -98.190310260516966, 20.50593547529137 ], [ -98.187142741159889, 20.506351554504729 ], [ -98.187157041204188, 20.503640569756744 ] ] ], [ [ [ -98.186375309981941, 20.507791623669455 ], [ -98.183372230133727, 20.50814122278657 ], [ -98.184326825537369, 20.505434661678635 ], [ -98.187142741159889, 20.506351554504729 ], [ -98.186375309981941, 20.507791623669455 ] ] ], [ [ [ -98.207696924781132, 20.509827361640308 ], [ -98.202901093224312, 20.512237973513283 ], [ -98.205938145393887, 20.508245925305072 ], [ -98.207696924781132, 20.509827361640308 ] ] ], [ [ [ -98.200567308212953, 20.514721584511484 ], [ -98.193177244110501, 20.516878140994116 ], [ -98.191990162671971, 20.515384881866247 ], [ -98.189103809203786, 20.517039623510829 ], [ -98.184123357496929, 20.516308399075946 ], [ -98.183343487691289, 20.513563182594897 ], [ -98.186159544575105, 20.514480094443826 ], [ -98.200844605226294, 20.512977928534621 ], [ -98.200567308212953, 20.514721584511484 ] ] ], [ [ [ -98.200230963577297, 20.520871311760022 ], [ -98.195145079541348, 20.520883863288905 ], [ -98.198870462036965, 20.517545053731865 ], [ -98.199796900470147, 20.518848264876393 ], [ -98.20092782234029, 20.515986992071149 ], [ -98.200230963577297, 20.520871311760022 ] ] ], [ [ [ -98.183357718101576, 20.521637423714949 ], [ -98.185195356008478, 20.518993981300429 ], [ -98.18933828164127, 20.519466443210423 ], [ -98.183357718101576, 20.521637423714949 ] ] ], [ [ [ -98.166640721876149, 20.535903974513158 ], [ -98.166305999710346, 20.534266767055488 ], [ -98.168921950690532, 20.534596497244333 ], [ -98.166640721876149, 20.535903974513158 ] ] ], [ [ [ -98.143133627304238, 20.333344770199837 ], [ -98.14412807856354, 20.331820423958234 ], [ -98.146085062483337, 20.333126060866114 ], [ -98.143133627304238, 20.333344770199837 ] ] ], [ [ [ -98.140211708638731, 20.333126018663339 ], [ -98.147164405443462, 20.335730884958288 ], [ -98.143152126957148, 20.338454000560777 ], [ -98.134997495940567, 20.334458522395764 ], [ -98.140211708638731, 20.333126018663339 ] ] ], [ [ [ -98.151785417323524, 20.343246908885803 ], [ -98.150123751703688, 20.344770436019928 ], [ -98.149492724957625, 20.34260410487521 ], [ -98.151785417323524, 20.343246908885803 ] ] ], [ [ [ -98.159128350916305, 20.344999885402849 ], [ -98.156991872163502, 20.345351531101798 ], [ -98.157520603691921, 20.344179565169746 ], [ -98.159128350916305, 20.344999885402849 ] ] ], [ [ [ -98.150896331266281, 20.429365128592536 ], [ -98.152191530532789, 20.434553398847701 ], [ -98.151072937871049, 20.436964575777289 ], [ -98.147663022143291, 20.434831116280019 ], [ -98.151025870514673, 20.434775514408916 ], [ -98.149938640873742, 20.429993983611961 ], [ -98.150896331266281, 20.429365128592536 ] ] ], [ [ [ -98.107283897544747, 20.443950317085317 ], [ -98.106605679194942, 20.442272190741207 ], [ -98.111714685105113, 20.441424230054846 ], [ -98.107283897544747, 20.443950317085317 ] ] ], [ [ [ -98.136709226008534, 20.44556163859313 ], [ -98.138901141167935, 20.449252309124908 ], [ -98.137102158083877, 20.448504632505564 ], [ -98.136709226008534, 20.44556163859313 ] ] ], [ [ [ -98.107958240492351, 20.446819569988055 ], [ -98.101587591432988, 20.448787518030091 ], [ -98.101345559304832, 20.447574603492804 ], [ -98.107958240492351, 20.446819569988055 ] ] ], [ [ [ -98.111621869944372, 20.453122347354448 ], [ -98.110575680012772, 20.454721488355787 ], [ -98.109412001088145, 20.452653474463858 ], [ -98.111621869944372, 20.453122347354448 ] ] ], [ [ [ -98.114164097863281, 20.453999606716671 ], [ -98.121402215966015, 20.45312249129546 ], [ -98.11900075297379, 20.456428202376483 ], [ -98.114164097863281, 20.453999606716671 ] ] ], [ [ [ -98.148381971639779, 20.471559413628039 ], [ -98.148767972118634, 20.474538860595189 ], [ -98.147507195526046, 20.47389248321846 ], [ -98.148381971639779, 20.471559413628039 ] ] ], [ [ [ -98.12763876659659, 20.479842470756481 ], [ -98.128638170972593, 20.482668383668333 ], [ -98.132203719414107, 20.48544281615958 ], [ -98.127302098305933, 20.486410738996202 ], [ -98.1225080242221, 20.480869399024957 ], [ -98.123847181238617, 20.473704005467233 ], [ -98.125801800026068, 20.472215644113511 ], [ -98.127171150900352, 20.467704141517185 ], [ -98.135166850594416, 20.470267494418554 ], [ -98.14117693302434, 20.46691158190713 ], [ -98.145547633296545, 20.471310207904942 ], [ -98.146602237916227, 20.47854482659864 ], [ -98.148332209779426, 20.477749577214073 ], [ -98.148767972118634, 20.474538860595189 ], [ -98.151245409399323, 20.48045799244823 ], [ -98.14857306618886, 20.486465549905731 ], [ -98.145942973166967, 20.487934133802369 ], [ -98.139082321711584, 20.479609367973715 ], [ -98.134661339403479, 20.477950431203279 ], [ -98.12763876659659, 20.479842470756481 ] ] ], [ [ [ -98.15909355155253, 20.477300170946169 ], [ -98.156250464296079, 20.479089395109497 ], [ -98.155503292970806, 20.477599027519688 ], [ -98.15909355155253, 20.477300170946169 ] ] ], [ [ [ -98.10357332195349, 20.486963036087296 ], [ -98.108650530528763, 20.488243402837469 ], [ -98.107853365121031, 20.489359191868015 ], [ -98.10325635912136, 20.489488301482996 ], [ -98.10357332195349, 20.486963036087296 ] ] ], [ [ [ -98.133250253666063, 20.491073512282576 ], [ -98.135465632251965, 20.488562930752124 ], [ -98.135511370799037, 20.491643290870773 ], [ -98.133250253666063, 20.491073512282576 ] ] ], [ [ [ -98.11816671461257, 20.489330502074985 ], [ -98.12561709404919, 20.489360167925451 ], [ -98.125806121626781, 20.491787428103176 ], [ -98.120022138886839, 20.498170469104863 ], [ -98.109673784833092, 20.494816925000215 ], [ -98.11816671461257, 20.489330502074985 ] ] ], [ [ [ -98.135501238498534, 20.493450592353184 ], [ -98.136803776693569, 20.494261411611166 ], [ -98.135900350889713, 20.498291302979215 ], [ -98.135501238498534, 20.493450592353184 ] ] ], [ [ [ -98.130734285474716, 20.505174565893192 ], [ -98.129490331809194, 20.506498415397274 ], [ -98.125638993120248, 20.505390062306613 ], [ -98.128407325097555, 20.501908426928509 ], [ -98.130734285474716, 20.505174565893192 ] ] ], [ [ [ -98.151152383121115, 20.493400549860702 ], [ -98.152915951784976, 20.487435136413147 ], [ -98.156257518131866, 20.492759084165385 ], [ -98.155536206113609, 20.497285833454423 ], [ -98.15836793347971, 20.49993329129493 ], [ -98.157563273278015, 20.512087517078381 ], [ -98.15626444311863, 20.519310183925121 ], [ -98.151187332418573, 20.523036247423654 ], [ -98.15127958608177, 20.530579166743149 ], [ -98.145587433877864, 20.530507144888038 ], [ -98.141372755886238, 20.522975589841767 ], [ -98.137206555765772, 20.519851629463087 ], [ -98.139544660588129, 20.516170996317197 ], [ -98.133483763522662, 20.517839743630464 ], [ -98.133948570006481, 20.51434181959905 ], [ -98.144483676519357, 20.514107048325137 ], [ -98.144027946438371, 20.516965133073764 ], [ -98.145590955133954, 20.518932418208713 ], [ -98.154516506346226, 20.51261383663871 ], [ -98.151152383121115, 20.493400549860702 ] ] ], [ [ [ -98.108143106118007, 20.509578316576871 ], [ -98.110353778504276, 20.510047288565783 ], [ -98.109307165401887, 20.511646341739194 ], [ -98.108143106118007, 20.509578316576871 ] ] ], [ [ [ -98.126205236741896, 20.511168167338674 ], [ -98.125057092878095, 20.511471751757711 ], [ -98.125385182364937, 20.510371613524605 ], [ -98.126205236741896, 20.511168167338674 ] ] ], [ [ [ -98.121533842066611, 20.514706651663968 ], [ -98.119394935558702, 20.515057796988337 ], [ -98.119924579688217, 20.513885998931155 ], [ -98.121533842066611, 20.514706651663968 ] ] ], [ [ [ -98.10752142385077, 20.516459969080671 ], [ -98.107181923645584, 20.513188050105327 ], [ -98.108973877632081, 20.517156437171689 ], [ -98.10752142385077, 20.516459969080671 ] ] ], [ [ [ -98.114357914382495, 20.515441857096828 ], [ -98.119394935558702, 20.515057796988337 ], [ -98.118550890357255, 20.516309902446928 ], [ -98.114357914382495, 20.515441857096828 ] ] ], [ [ [ -98.122232697967931, 20.517313923604224 ], [ -98.116553391326505, 20.51865803323409 ], [ -98.117147008347146, 20.516484613005662 ], [ -98.122232697967931, 20.517313923604224 ] ] ], [ [ [ -98.10522790058711, 20.525829332910675 ], [ -98.104923595768526, 20.519412078006301 ], [ -98.101094938751501, 20.517838112894037 ], [ -98.105790868857639, 20.517186116754541 ], [ -98.113270254125965, 20.51916631034641 ], [ -98.115135067314853, 20.518125779073912 ], [ -98.116553391326505, 20.51865803323409 ], [ -98.117147886167629, 20.522137243027679 ], [ -98.123933908205473, 20.52120873844818 ], [ -98.127274921000208, 20.524242761402085 ], [ -98.120152137291427, 20.531188983007752 ], [ -98.10522790058711, 20.525829332910675 ] ] ], [ [ [ -98.127510724524043, 20.528146765725399 ], [ -98.125301069511323, 20.530856298434344 ], [ -98.12588187889375, 20.533411279331744 ], [ -98.123605155555666, 20.533889679237056 ], [ -98.124396014760961, 20.529910941392629 ], [ -98.125905011944667, 20.527742110841967 ], [ -98.127510724524043, 20.528146765725399 ] ] ], [ [ [ -98.104282309383976, 20.526728119460685 ], [ -98.10360289019188, 20.528398797206528 ], [ -98.110265277436994, 20.532335079973748 ], [ -98.110956401366039, 20.537927252289151 ], [ -98.105285914216751, 20.538575332419672 ], [ -98.098394770656256, 20.531026151307028 ], [ -98.101659274145959, 20.527152817713247 ], [ -98.104282309383976, 20.526728119460685 ] ] ], [ [ [ -98.151184192945976, 20.540025473377089 ], [ -98.14723587111807, 20.535149180835358 ], [ -98.146572713690176, 20.531459740203744 ], [ -98.150654223658734, 20.534752235138228 ], [ -98.151184192945976, 20.540025473377089 ] ] ], [ [ [ -98.107191341990145, 20.557241120197101 ], [ -98.105038614251711, 20.558360308741623 ], [ -98.10552723194526, 20.556235549323826 ], [ -98.107191341990145, 20.557241120197101 ] ] ], [ [ [ -98.102823913627219, 20.560354296631427 ], [ -98.102003732225072, 20.55955763058839 ], [ -98.103152278148329, 20.559254216253347 ], [ -98.102823913627219, 20.560354296631427 ] ] ], [ [ [ -98.102578664242643, 20.5616914224012 ], [ -98.103382394045113, 20.563282731347332 ], [ -98.102185339424864, 20.563767520672709 ], [ -98.102578664242643, 20.5616914224012 ] ] ], [ [ [ -98.106245401254569, 20.57077756912814 ], [ -98.101583166410194, 20.569981543375096 ], [ -98.09986399782855, 20.567735356345658 ], [ -98.097633909405644, 20.568092240109522 ], [ -98.099358351413457, 20.564656504416085 ], [ -98.101239488503069, 20.564666277430689 ], [ -98.101660222463607, 20.5671925261883 ], [ -98.10622496074302, 20.568962802440613 ], [ -98.109217897854364, 20.567204820126388 ], [ -98.110397869935042, 20.564397360785922 ], [ -98.111970030132966, 20.567644478859474 ], [ -98.106245401254569, 20.57077756912814 ] ] ], [ [ [ -98.134649048402423, 20.570660317016788 ], [ -98.132775993833434, 20.569203665562203 ], [ -98.142604595963959, 20.568490694277184 ], [ -98.140718335025326, 20.569385013387279 ], [ -98.140708222086786, 20.571192301166946 ], [ -98.134649048402423, 20.570660317016788 ] ] ], [ [ [ -98.108284207243358, 20.57459417685882 ], [ -98.10966794988704, 20.57103546006832 ], [ -98.111037251298853, 20.572181341096808 ], [ -98.109627767237853, 20.57687547276165 ], [ -98.108284207243358, 20.57459417685882 ] ] ], [ [ [ -98.103446219608941, 20.576835843612415 ], [ -98.1058897263635, 20.573726976202657 ], [ -98.107234331050478, 20.574735257916991 ], [ -98.103446219608941, 20.576835843612415 ] ] ], [ [ [ -98.090302651138856, 20.428849947485716 ], [ -98.090741855900234, 20.430868740520346 ], [ -98.088536551802576, 20.429691104049375 ], [ -98.090302651138856, 20.428849947485716 ] ] ], [ [ [ -98.095849907229564, 20.435273619065555 ], [ -98.092595749469311, 20.434774734175971 ], [ -98.091676301030063, 20.4317772916169 ], [ -98.095849907229564, 20.435273619065555 ] ] ], [ [ [ -98.105157337741147, 20.442116269948102 ], [ -98.101631652077998, 20.443042154464219 ], [ -98.10008153577219, 20.440857692586039 ], [ -98.105157337741147, 20.442116269948102 ] ] ], [ [ [ -98.070365029242481, 20.445106661325202 ], [ -98.068533791631523, 20.446751644892359 ], [ -98.0671664357195, 20.444299055072339 ], [ -98.070365029242481, 20.445106661325202 ] ] ], [ [ [ -98.051025513680187, 20.444770943842485 ], [ -98.055259698688019, 20.446533033310281 ], [ -98.057584387771996, 20.451363461591153 ], [ -98.056791048042399, 20.453762500703323 ], [ -98.058647479002502, 20.454193503320759 ], [ -98.055314337122013, 20.458708756873047 ], [ -98.05041723279534, 20.457074422699073 ], [ -98.044731739632923, 20.449023061282041 ], [ -98.046660917991446, 20.446051839331382 ], [ -98.051025513680187, 20.444770943842485 ] ] ], [ [ [ -98.062417979834947, 20.452406535469652 ], [ -98.064501442225136, 20.452709854781215 ], [ -98.062702136994261, 20.454361340075675 ], [ -98.062417979834947, 20.452406535469652 ] ] ], [ [ [ -98.061641544879777, 20.453846978708896 ], [ -98.058647479002502, 20.454193503320759 ], [ -98.059003898877776, 20.452545954732607 ], [ -98.061641544879777, 20.453846978708896 ] ] ], [ [ [ -98.102091959915541, 20.455796793385908 ], [ -98.099992087660638, 20.456219686126275 ], [ -98.101217322361549, 20.45409877031188 ], [ -98.102091959915541, 20.455796793385908 ] ] ], [ [ [ -98.098844314106003, 20.456523056359742 ], [ -98.099992087660638, 20.456219686126275 ], [ -98.099663951222439, 20.45731977983996 ], [ -98.098844314106003, 20.456523056359742 ] ] ], [ [ [ -98.051411553638715, 20.466713590037394 ], [ -98.051979564749317, 20.468615902210875 ], [ -98.047787668029358, 20.469488931556786 ], [ -98.051411553638715, 20.466713590037394 ] ] ], [ [ [ -98.059890860146481, 20.467410039170939 ], [ -98.056322683657697, 20.469784113647911 ], [ -98.057630415366646, 20.466839298831761 ], [ -98.059890860146481, 20.467410039170939 ] ] ], [ [ [ -98.047610855822541, 20.468854451438222 ], [ -98.045844075329256, 20.469695144844078 ], [ -98.045405373894383, 20.467676265848706 ], [ -98.047610855822541, 20.468854451438222 ] ] ], [ [ [ -98.053123714103606, 20.468931448512944 ], [ -98.0522945391115, 20.469719399755203 ], [ -98.051979564749317, 20.468615902210875 ], [ -98.053123714103606, 20.468931448512944 ] ] ], [ [ [ -98.045883463818484, 20.470061700758134 ], [ -98.0504271381661, 20.470858752688724 ], [ -98.049322027642575, 20.47251299224126 ], [ -98.045377436527659, 20.472194417444534 ], [ -98.045883463818484, 20.470061700758134 ] ] ], [ [ [ -98.056850008236722, 20.474356530727583 ], [ -98.055050363833402, 20.476007809500512 ], [ -98.054766275994638, 20.474053053625067 ], [ -98.056850008236722, 20.474356530727583 ] ] ], [ [ [ -98.088611906229531, 20.473330158477264 ], [ -98.091794752993792, 20.476936566957381 ], [ -98.090864285846322, 20.477606806517702 ], [ -98.087787044005395, 20.476481447040221 ], [ -98.088611906229531, 20.473330158477264 ] ] ], [ [ [ -98.051006265542341, 20.474032564197852 ], [ -98.0531955022213, 20.475112363440637 ], [ -98.052375459343054, 20.477958256106056 ], [ -98.051006265542341, 20.474032564197852 ] ] ], [ [ [ -98.061318824580511, 20.478606884502284 ], [ -98.060016834943468, 20.477795517654979 ], [ -98.060922083998975, 20.473766081618432 ], [ -98.061318824580511, 20.478606884502284 ] ] ], [ [ [ -98.075459850373463, 20.489521002033658 ], [ -98.073922823229708, 20.488185832041932 ], [ -98.074160838958761, 20.484686832662401 ], [ -98.067701769045371, 20.481628898910756 ], [ -98.062795227340047, 20.474793199750671 ], [ -98.064181438542036, 20.468524712255221 ], [ -98.068391728247818, 20.466354678194925 ], [ -98.087589752466471, 20.481746220940952 ], [ -98.090934945223921, 20.48195547570441 ], [ -98.092628106754006, 20.480154119926269 ], [ -98.092705441237101, 20.482790464291138 ], [ -98.097422113970524, 20.489358582691452 ], [ -98.095530828221797, 20.490962431910486 ], [ -98.080049236389698, 20.482798979880794 ], [ -98.075459850373463, 20.489521002033658 ] ] ], [ [ [ -98.00239454517984, 20.487737317379953 ], [ -97.999255098338807, 20.488318180356437 ], [ -98.000164616528011, 20.486398639235215 ], [ -98.00239454517984, 20.487737317379953 ] ] ], [ [ [ -98.102096873354327, 20.4879567618643 ], [ -98.099875071524892, 20.489060399166895 ], [ -98.10075303934309, 20.48694845970757 ], [ -98.102096873354327, 20.4879567618643 ] ] ], [ [ [ -98.099953947433832, 20.527740261784505 ], [ -98.095959891138264, 20.532548281602164 ], [ -98.092020625464613, 20.532990009750371 ], [ -98.096797292913294, 20.528171767759542 ], [ -98.099953947433832, 20.527740261784505 ] ] ], [ [ [ -98.089527903400324, 20.531875158533051 ], [ -98.090347875084277, 20.532671877295495 ], [ -98.089199509207106, 20.532975214160988 ], [ -98.089527903400324, 20.531875158533051 ] ] ], [ [ [ -98.086367663778788, 20.534767642301187 ], [ -98.086378395440988, 20.532960372686677 ], [ -98.089199509207106, 20.532975214160988 ], [ -98.087313405933671, 20.53386896003347 ], [ -98.087302684741616, 20.535676229027935 ], [ -98.085421909616201, 20.535666317991737 ], [ -98.085411165181654, 20.537473585655448 ], [ -98.083530369080421, 20.537463653272237 ], [ -98.083546518426388, 20.534752753511526 ], [ -98.086367663778788, 20.534767642301187 ] ] ], [ [ [ -98.086289573804621, 20.537729559523701 ], [ -98.089188810671331, 20.534782485196708 ], [ -98.08869313155698, 20.536873461739621 ], [ -98.086289573804621, 20.537729559523701 ] ] ], [ [ [ -98.068494985717905, 20.535576200856131 ], [ -98.069975923438363, 20.536002501436144 ], [ -98.069170322536124, 20.538027019211892 ], [ -98.068494985717905, 20.535576200856131 ] ] ], [ [ [ -98.08233346214962, 20.537948312956164 ], [ -98.083530369080421, 20.537463653272237 ], [ -98.083136864625232, 20.539539707603755 ], [ -98.08233346214962, 20.537948312956164 ] ] ], [ [ [ -98.066564868620091, 20.54369874460593 ], [ -98.071161422157616, 20.54485859238828 ], [ -98.068067773358493, 20.545816231658161 ], [ -98.066564868620091, 20.54369874460593 ] ] ], [ [ [ -98.103515789916926, 20.556950443298049 ], [ -98.100131669895617, 20.557714887851485 ], [ -98.099406023855806, 20.556523790431363 ], [ -98.103515789916926, 20.556950443298049 ] ] ], [ [ [ -98.095257702769885, 20.559764105514276 ], [ -98.096579157677638, 20.557412733902719 ], [ -98.098819142889425, 20.558807196461828 ], [ -98.091940520180913, 20.564066823620646 ], [ -98.090021311099079, 20.563217565416497 ], [ -98.091824361959837, 20.560544893768871 ], [ -98.095257702769885, 20.559764105514276 ] ] ], [ [ [ -98.098194057218194, 20.562588415007742 ], [ -98.099358351413457, 20.564656504416085 ], [ -98.097146941325462, 20.564187367256473 ], [ -98.098194057218194, 20.562588415007742 ] ] ], [ [ [ -98.070178990314588, 20.568116917930269 ], [ -98.071315566831444, 20.569218096424027 ], [ -98.070637739845509, 20.572037576350965 ], [ -98.068215499601848, 20.571305063233332 ], [ -98.069969692719724, 20.570464449578822 ], [ -98.070178990314588, 20.568116917930269 ] ] ], [ [ [ -98.084911117837748, 20.577265465399702 ], [ -98.083631587334111, 20.593013786936293 ], [ -98.079227424037626, 20.590976644802758 ], [ -98.076138678135919, 20.586676970828226 ], [ -98.079722607716917, 20.580426954511253 ], [ -98.080767117614371, 20.572330447711973 ], [ -98.087517001043594, 20.574085047311513 ], [ -98.084911117837748, 20.577265465399702 ] ] ] ] } },
{ "type": "Feature", "properties": { "CUENCA": "Golfo Centro", "Prioridad": "Muy alta", "Tipo": "Selva" }, "geometry": { "type": "MultiPolygon", "coordinates": [ [ [ [ -98.117870079254772, 20.426391065072178 ], [ -98.117054965336692, 20.431004169315646 ], [ -98.114554428285402, 20.432284992517335 ], [ -98.113071721264816, 20.436696553275858 ], [ -98.110705892752279, 20.437193793319082 ], [ -98.108571119668582, 20.435479324440145 ], [ -98.109961246813469, 20.434298044297282 ], [ -98.106164467154258, 20.433453457179127 ], [ -98.10630168286859, 20.435894153690601 ], [ -98.101097772495663, 20.432609185339768 ], [ -98.104706667772831, 20.427928707196713 ], [ -98.110460544057247, 20.426252548114064 ], [ -98.112402832031748, 20.422847409196674 ], [ -98.117870079254772, 20.426391065072178 ] ], [ [ -98.11255006870104, 20.433097937148233 ], [ -98.11140604249745, 20.432782785925092 ], [ -98.11172138377853, 20.433886193685755 ], [ -98.11255006870104, 20.433097937148233 ] ] ], [ [ [ -98.013243564695415, 20.458008311043745 ], [ -98.014455992023727, 20.456659701514958 ], [ -98.016644711057111, 20.457739998112704 ], [ -98.015965356159242, 20.461017424761987 ], [ -98.014432931733694, 20.4602741946862 ], [ -98.013243564695415, 20.458008311043745 ] ] ], [ [ [ -98.010712650706054, 20.486787142559972 ], [ -98.006612086043219, 20.485220684464924 ], [ -98.012414386757072, 20.481950446353338 ], [ -98.010712650706054, 20.486787142559972 ] ] ], [ [ [ -98.070868972691358, 20.488004223798882 ], [ -98.070039778174561, 20.488792202448415 ], [ -98.069724641565756, 20.487688733001274 ], [ -98.070868972691358, 20.488004223798882 ] ] ], [ [ [ -98.069074711465362, 20.540507630792806 ], [ -98.067110099067492, 20.539056367265005 ], [ -98.067949862054917, 20.536946093133732 ], [ -98.069074711465362, 20.540507630792806 ] ] ], [ [ [ -98.06740113699928, 20.560872731762597 ], [ -98.067893704037786, 20.557369687493718 ], [ -98.071356933848506, 20.553262868114761 ], [ -98.06740113699928, 20.560872731762597 ] ] ] ] } },
{ "type": "Feature", "properties": { "CUENCA": "Golfo Norte", "Prioridad": "Alta", "Tipo": "Bosque" }, "geometry": { "type": "MultiPolygon", "coordinates": [ [ [ [ -98.329576657503139, 21.097502597444258 ], [ -98.33172957931798, 21.092088458529584 ], [ -98.327017536961378, 21.092702179004721 ], [ -98.323430329468252, 21.089604397302551 ], [ -98.324076711218311, 21.086028742545356 ], [ -98.328916908873524, 21.088505595459086 ], [ -98.329842404326428, 21.085748236978109 ], [ -98.338345618715508, 21.084807941092599 ], [ -98.341184095315228, 21.082310817529166 ], [ -98.336528614743131, 21.076033528900687 ], [ -98.340185881920164, 21.071364878972624 ], [ -98.345750672568116, 21.07405436947306 ], [ -98.367641358310294, 21.075406318782093 ], [ -98.366742664203144, 21.073238842326596 ], [ -98.35541065231422, 21.065093643666952 ], [ -98.356419161456387, 21.059679723084759 ], [ -98.363610953470086, 21.060470160338998 ], [ -98.371129972304701, 21.065159560234424 ], [ -98.374239096307662, 21.077553860450713 ], [ -98.371355460104084, 21.094147953636636 ], [ -98.360934623095673, 21.091255500212601 ], [ -98.354394230004687, 21.091371435140708 ], [ -98.353447307904545, 21.089429789545363 ], [ -98.351671667001668, 21.091249475017236 ], [ -98.346923802333635, 21.08989225660919 ], [ -98.344022330811939, 21.097472926103876 ], [ -98.336310684595546, 21.102250328342929 ], [ -98.330952568932744, 21.102025957031511 ], [ -98.329576657503139, 21.097502597444258 ] ] ], [ [ [ -98.481362309451697, 20.974122854310689 ], [ -98.48506524514589, 20.972462275983336 ], [ -98.486469820441343, 20.970190085537883 ], [ -98.49098215922551, 20.971674137814013 ], [ -98.498272048153339, 20.971418924557828 ], [ -98.499472980972513, 20.972668603540761 ], [ -98.498136819989639, 20.973746620272493 ], [ -98.501478869158163, 20.974755848727089 ], [ -98.500858521895864, 20.982415242273071 ], [ -98.498245686934567, 20.979696536800891 ], [ -98.49409581607128, 20.97842422559669 ], [ -98.491642465118744, 20.979876103665724 ], [ -98.493574503557099, 20.983401335837332 ], [ -98.496552112816673, 20.983297119374683 ], [ -98.498142740029493, 20.990768510538654 ], [ -98.499523927977833, 20.990411437170859 ], [ -98.500849825490974, 20.992830358990513 ], [ -98.49475741443193, 20.995952393839975 ], [ -98.485641635297625, 20.991360454160834 ], [ -98.484063813031625, 20.989429940181594 ], [ -98.486886306377386, 20.981071004317016 ], [ -98.481362309451697, 20.974122854310689 ] ] ], [ [ [ -98.542610880347937, 20.955463318377383 ], [ -98.542612050752737, 20.958994796462392 ], [ -98.54117270608765, 20.959925482234308 ], [ -98.542909367134541, 20.960194074904582 ], [ -98.542628229149003, 20.962380650875286 ], [ -98.54103003111581, 20.963967658620756 ], [ -98.54212647830451, 20.963442917924056 ], [ -98.541719743267109, 20.965045220546678 ], [ -98.542703202979041, 20.96411751852866 ], [ -98.542802892821868, 20.966176428330289 ], [ -98.54124043332628, 20.965589140369207 ], [ -98.540033220367121, 20.967616449302479 ], [ -98.541030086344335, 20.967080037282649 ], [ -98.532487925156147, 20.973451787698639 ], [ -98.531791098245762, 20.97161035613264 ], [ -98.53456367922503, 20.965354143641946 ], [ -98.528792412101708, 20.961358951498593 ], [ -98.531542382008851, 20.955500671786137 ], [ -98.53764445744541, 20.955047613028825 ], [ -98.541616679204353, 20.959491371053396 ], [ -98.542610880347937, 20.955463318377383 ] ] ], [ [ [ -98.550141807395761, 20.973905640096561 ], [ -98.546810596520089, 20.973314305064715 ], [ -98.545048115047834, 20.969419533917289 ], [ -98.550141807395761, 20.973905640096561 ] ] ], [ [ [ -98.599367728132833, 21.076223620787285 ], [ -98.597155510220304, 21.078474707139616 ], [ -98.593197720623579, 21.079346384130812 ], [ -98.59189066743194, 21.082054272382482 ], [ -98.587022658773563, 21.08082765978213 ], [ -98.590856844164264, 21.076377082601198 ], [ -98.599367728132833, 21.076223620787285 ] ] ], [ [ [ -98.658889323308387, 21.156097631531832 ], [ -98.658541890700434, 21.155897630407985 ], [ -98.655672621030348, 21.160533750544214 ], [ -98.656137128597578, 21.163059029806043 ], [ -98.64886283004212, 21.17048200110133 ], [ -98.647787979241286, 21.167124923915861 ], [ -98.645626093312686, 21.16616996576094 ], [ -98.645955234277707, 21.161080254743872 ], [ -98.6515951591294, 21.154532262585771 ], [ -98.653205744335878, 21.147974237854548 ], [ -98.652112252069088, 21.143689255273618 ], [ -98.644059835948255, 21.146389133656964 ], [ -98.652935358910412, 21.136869460617607 ], [ -98.655024816730773, 21.135090594305428 ], [ -98.657726268256198, 21.137324125777813 ], [ -98.659820588927957, 21.134227432212992 ], [ -98.660000894658978, 21.141895667521634 ], [ -98.658231750902644, 21.143132205999617 ], [ -98.662001513563567, 21.14636945281244 ], [ -98.663475311346005, 21.150253488442864 ], [ -98.658889323308387, 21.156097631531832 ] ] ], [ [ [ -99.046746143522427, 21.039638478998356 ], [ -99.045190463886158, 21.044639607162747 ], [ -99.042029998804935, 21.046869279991409 ], [ -99.041763977114442, 21.042817247053009 ], [ -99.037800366400319, 21.040004493310743 ], [ -99.03636638101878, 21.040544713322035 ], [ -99.037513233480183, 21.035774601654492 ], [ -99.045397542920398, 21.034833433099084 ], [ -99.048632239638053, 21.03602316350943 ], [ -99.048632826219205, 21.037830556720124 ], [ -99.050520377430672, 21.038733703255154 ], [ -99.046746143522427, 21.039638478998356 ] ], [ [ -99.046746143522427, 21.039638478998356 ], [ -99.044640344256621, 21.037463174492302 ], [ -99.042517537597107, 21.038866477543216 ], [ -99.046746143522427, 21.039638478998356 ] ] ], [ [ [ -99.055479544965891, 21.133708484623643 ], [ -99.053239259810198, 21.135669910363251 ], [ -99.055592150983287, 21.136083547782359 ], [ -99.057051577160124, 21.139943048219919 ], [ -99.065122265232532, 21.144630349202234 ], [ -99.062833519648919, 21.148076154158574 ], [ -99.059284829786876, 21.149382988782705 ], [ -99.055699092079891, 21.148580465701205 ], [ -99.052842798986831, 21.144083750228539 ], [ -99.045010438325392, 21.139405066515373 ], [ -99.043943396125854, 21.135430512612672 ], [ -99.055479544965891, 21.133708484623643 ] ] ], [ [ [ -99.074002120461458, 21.045015618286975 ], [ -99.082345307086968, 21.04383100295464 ], [ -99.08354939095301, 21.042335462464361 ], [ -99.088270307742917, 21.046851553438298 ], [ -99.080020731732688, 21.057230889768299 ], [ -99.074608251595237, 21.055484780375526 ], [ -99.076457591471197, 21.049298424217859 ], [ -99.072968444434608, 21.04552050532817 ], [ -99.066984029584944, 21.046277651552035 ], [ -99.0649188535956, 21.043984066764242 ], [ -99.070003835802069, 21.04016507654616 ], [ -99.073168787793023, 21.041436551625655 ], [ -99.074002120461458, 21.045015618286975 ] ] ], [ [ [ -99.079352090218322, 21.058680507156257 ], [ -99.078668626123047, 21.057298730658708 ], [ -99.081404000697944, 21.058342197474392 ], [ -99.079352090218322, 21.058680507156257 ] ] ] ] } },
{ "type": "Feature", "properties": { "CUENCA": "Golfo Norte", "Prioridad": "Alta", "Tipo": "Selva" }, "geometry": { "type": "MultiPolygon", "coordinates": [ [ [ [ -98.219879650144108, 20.966299950331717 ], [ -98.22289951072942, 20.963020249768334 ], [ -98.218334580466177, 20.961490770379225 ], [ -98.216407250817483, 20.964685150315436 ], [ -98.218754950432455, 20.963363020310396 ], [ -98.217160659841241, 20.966543340083611 ], [ -98.219811250736427, 20.965930320300835 ], [ -98.217300309870552, 20.967816553062391 ], [ -98.216563211862166, 20.973681752892332 ], [ -98.21019385432777, 20.971207972645242 ], [ -98.212033555814557, 20.967833111184806 ], [ -98.210042453614236, 20.966580332133869 ], [ -98.210920886667438, 20.965484803403495 ], [ -98.2200161801007, 20.959329809697131 ], [ -98.214511926502624, 20.956355517833885 ], [ -98.216381950945106, 20.953096111585243 ], [ -98.225644834438086, 20.959650097124602 ], [ -98.226727012950107, 20.959205734729817 ], [ -98.228812723630341, 20.957471418334439 ], [ -98.227590077594144, 20.953463725224999 ], [ -98.230136075913933, 20.949808938726711 ], [ -98.235160137143694, 20.948528026374326 ], [ -98.230602314582995, 20.944892948062005 ], [ -98.232357210801268, 20.943414834009822 ], [ -98.23836495543695, 20.9425710103041 ], [ -98.240937435756365, 20.948862391757924 ], [ -98.247400385862889, 20.952280121534343 ], [ -98.245483689768818, 20.961536983247349 ], [ -98.242688548815607, 20.963177202275808 ], [ -98.239850933009308, 20.956237819624747 ], [ -98.235153416658221, 20.954403844033575 ], [ -98.233988388398501, 20.957465956105892 ], [ -98.243039198825585, 20.966931943406237 ], [ -98.244456913886012, 20.975056147612587 ], [ -98.242852540232818, 20.977181614469185 ], [ -98.23721093431746, 20.975689162048532 ], [ -98.234679863027324, 20.971525213338854 ], [ -98.229477231884516, 20.970475245226517 ], [ -98.22553172544103, 20.965341254695147 ], [ -98.222621041764043, 20.964847449498162 ], [ -98.219879650144108, 20.966299950331717 ] ], [ [ -98.241383020512615, 20.975991550562608 ], [ -98.242564849719045, 20.974652680161348 ], [ -98.239863540418412, 20.972854769882225 ], [ -98.237747850164922, 20.975091089859834 ], [ -98.241383020512615, 20.975991550562608 ] ] ], [ [ [ -98.221435029274687, 20.971896443638396 ], [ -98.223872608959439, 20.973180293140267 ], [ -98.22694399044768, 20.97865854524813 ], [ -98.233095624990511, 20.980200762675114 ], [ -98.231889569123979, 20.983624966082427 ], [ -98.228477430030907, 20.985731509902656 ], [ -98.213977749253331, 20.98230605154237 ], [ -98.214231316477196, 20.978978812812016 ], [ -98.217174542245104, 20.974835600223031 ], [ -98.218554242444483, 20.97677055158935 ], [ -98.221435029274687, 20.971896443638396 ] ], [ [ -98.222938350151139, 20.976878420655229 ], [ -98.220555350214724, 20.975967149980573 ], [ -98.221417519684309, 20.978484510872015 ], [ -98.223542580019398, 20.979215260244988 ], [ -98.222938350151139, 20.976878420655229 ] ] ], [ [ [ -98.274585419317276, 20.962425188502174 ], [ -98.276286400479307, 20.956083340291759 ], [ -98.275477830294591, 20.952924860479047 ], [ -98.274077770134895, 20.95130540009081 ], [ -98.266633020272621, 20.950190690008935 ], [ -98.266801026078724, 20.952274129033881 ], [ -98.259700798393141, 20.954063429338838 ], [ -98.257027659145749, 20.952417796582498 ], [ -98.257925723778769, 20.951660677150514 ], [ -98.259892338537895, 20.953185724080392 ], [ -98.260964169494017, 20.951560600496503 ], [ -98.258881968907858, 20.949863508211489 ], [ -98.254629709878373, 20.949661349127616 ], [ -98.258307360773017, 20.943539239578868 ], [ -98.269196322485655, 20.942876251162311 ], [ -98.279363736121795, 20.953245153485071 ], [ -98.279315767555332, 20.959703464210026 ], [ -98.284157852605148, 20.962012305814923 ], [ -98.285167157181618, 20.971721502619832 ], [ -98.300075921086972, 20.990292592599666 ], [ -98.298053191434747, 20.993439627559869 ], [ -98.291581187656305, 20.992415496976353 ], [ -98.283341661060589, 20.983501167142016 ], [ -98.279643301617511, 20.983274327083326 ], [ -98.277747626597645, 20.984882405812819 ], [ -98.281266050620431, 20.989755007840056 ], [ -98.283779872949992, 20.996954001170575 ], [ -98.279662782923609, 20.997171645324546 ], [ -98.275278556048548, 20.994474033042714 ], [ -98.267268791939074, 20.983391398896767 ], [ -98.260551623403131, 20.982160150937553 ], [ -98.270522814938246, 20.979725773542537 ], [ -98.272218151506323, 20.972888396570927 ], [ -98.278470830084359, 20.971522610308547 ], [ -98.274585419317276, 20.962425188502174 ] ] ], [ [ [ -98.331759032873109, 21.092391952844576 ], [ -98.329576657503139, 21.097502597444258 ], [ -98.330954016085414, 21.10202280132793 ], [ -98.329808431467029, 21.101978024340116 ], [ -98.327953055687303, 21.11009925072819 ], [ -98.324137220003351, 21.110089403292687 ], [ -98.320492563319533, 21.111916698644478 ], [ -98.31821639546915, 21.108728819224446 ], [ -98.312811499113792, 21.11034272303403 ], [ -98.315548619897683, 21.115346709257349 ], [ -98.310878218116457, 21.117166336155805 ], [ -98.304971745398305, 21.112791882015436 ], [ -98.306623565210174, 21.117262489934941 ], [ -98.301153748281251, 21.115274620119472 ], [ -98.295718915236534, 21.116332419341283 ], [ -98.294461449243954, 21.12248569955884 ], [ -98.287149571488087, 21.122732435479143 ], [ -98.286331778052983, 21.120006755145539 ], [ -98.292152252242175, 21.118610372540683 ], [ -98.291294139751628, 21.115052780843872 ], [ -98.29310896937686, 21.108532808536459 ], [ -98.302494898395821, 21.102160883373795 ], [ -98.303864619236535, 21.105975240427931 ], [ -98.301696017490258, 21.111814221449869 ], [ -98.310917709405402, 21.110859934709552 ], [ -98.310794836545057, 21.107521442279801 ], [ -98.313730392649262, 21.100142120516814 ], [ -98.319378403598421, 21.098878332602826 ], [ -98.319523841485946, 21.095712498246883 ], [ -98.3175030788139, 21.091985841479886 ], [ -98.323430329468252, 21.089604397302551 ], [ -98.327017536961378, 21.092702179004721 ], [ -98.331759032873109, 21.092391952844576 ] ] ], [ [ [ -98.312523920058311, 20.937869171397359 ], [ -98.318736489879399, 20.931978003677944 ], [ -98.324905629601076, 20.931742674904861 ], [ -98.327295449130247, 20.929769449245399 ], [ -98.330912348779009, 20.930712741946898 ], [ -98.330489891519051, 20.929626630338433 ], [ -98.335928862011812, 20.930383420736277 ], [ -98.336500306884318, 20.932129179482281 ], [ -98.337958124591836, 20.930600893918168 ], [ -98.340289487121396, 20.932066403252513 ], [ -98.334760070908558, 20.940567572503024 ], [ -98.336747020638981, 20.943675169752552 ], [ -98.335749993332314, 20.945742342504918 ], [ -98.331433714150236, 20.945641056254633 ], [ -98.329500862533763, 20.952026517901768 ], [ -98.332312034935242, 20.957029376867624 ], [ -98.326647813941747, 20.95832886671241 ], [ -98.32182277370616, 20.961434655620231 ], [ -98.304991697860501, 20.962705648705068 ], [ -98.303298755418865, 20.964379275673895 ], [ -98.292683146205491, 20.9653323713089 ], [ -98.294624577065065, 20.961760522178412 ], [ -98.301488172143252, 20.956990870508047 ], [ -98.303763634632318, 20.947948292658417 ], [ -98.308216150548546, 20.945383398004804 ], [ -98.309013830954413, 20.947293597388711 ], [ -98.311931335931774, 20.946949999613196 ], [ -98.312523920058311, 20.937869171397359 ] ] ], [ [ [ -98.347960015034346, 20.959639328915436 ], [ -98.349392260822299, 20.961819905572007 ], [ -98.351717518652038, 20.962076830217022 ], [ -98.346951174052379, 20.966831391105902 ], [ -98.349202309932281, 20.970734995079884 ], [ -98.345840507021961, 20.973082429397653 ], [ -98.337942544495888, 20.97244368204403 ], [ -98.331946884162477, 20.979055278915393 ], [ -98.322864086888416, 20.978713150249856 ], [ -98.323996560775555, 20.984475143144707 ], [ -98.321174549784814, 20.984681092677192 ], [ -98.316145584024554, 20.980921130841114 ], [ -98.314757781949567, 20.976434069217024 ], [ -98.311756747550163, 20.97619087715378 ], [ -98.309355336168096, 20.985344774667105 ], [ -98.301108960173053, 20.984238632567116 ], [ -98.304836858103883, 20.978792009150521 ], [ -98.303975493623753, 20.976286347795771 ], [ -98.300213368237067, 20.974006953494968 ], [ -98.302276535268675, 20.968750873648133 ], [ -98.306507190870278, 20.965902989575696 ], [ -98.316273664115627, 20.968203236201404 ], [ -98.321315538019945, 20.97092530959333 ], [ -98.327352340089561, 20.967729796333561 ], [ -98.330091912711509, 20.973680049350985 ], [ -98.333018479726647, 20.971735156736973 ], [ -98.334473320800072, 20.967175008032058 ], [ -98.337957823737042, 20.967456933019392 ], [ -98.346527446391747, 20.964485897381042 ], [ -98.347960015034346, 20.959639328915436 ] ] ], [ [ [ -98.357775168283396, 20.981800546176917 ], [ -98.349237937476829, 20.97872855556162 ], [ -98.350145987491587, 20.975488631137804 ], [ -98.354446890471706, 20.97555164993792 ], [ -98.353524000229953, 20.97859151994809 ], [ -98.355371140562937, 20.97719837980247 ], [ -98.3550117099998, 20.978860750386104 ], [ -98.35799874066899, 20.976092679891401 ], [ -98.359627800423183, 20.973297049967826 ], [ -98.359238532299244, 20.967482366793188 ], [ -98.362757648326493, 20.973541096951479 ], [ -98.357775168283396, 20.981800546176917 ] ] ], [ [ [ -98.446045631883734, 20.987911811147502 ], [ -98.437033120672396, 20.987367522170075 ], [ -98.434142726502685, 20.995745479120561 ], [ -98.429247530798648, 20.995678205525618 ], [ -98.423915810321105, 20.998430267970679 ], [ -98.418023153145128, 20.994362150563088 ], [ -98.420808872803448, 20.992094058999367 ], [ -98.42707484861748, 20.99118036796586 ], [ -98.42872035920783, 20.987778358867779 ], [ -98.432260048235833, 20.986744196536606 ], [ -98.431993245451437, 20.982178491612537 ], [ -98.434280931224833, 20.982316767110383 ], [ -98.434541183966317, 20.978533954098378 ], [ -98.439158107521635, 20.977377738392718 ], [ -98.443245707837306, 20.978155197055678 ], [ -98.444680524227252, 20.975265866774436 ], [ -98.447995619802185, 20.98029851875285 ], [ -98.453857246899375, 20.983069047494915 ], [ -98.446045631883734, 20.987911811147502 ] ] ], [ [ [ -98.425031121799506, 20.925001059113665 ], [ -98.423918075608739, 20.920187797474121 ], [ -98.425988602057402, 20.918735954152602 ], [ -98.439929168553846, 20.918008673323133 ], [ -98.434607082826304, 20.919319385532628 ], [ -98.42912795306809, 20.926945830616411 ], [ -98.424092793209439, 20.926283868112442 ], [ -98.425031121799506, 20.925001059113665 ] ] ], [ [ [ -98.481110985601688, 20.951422277421987 ], [ -98.466089074568373, 20.965140014771954 ], [ -98.463107264286762, 20.962035739963909 ], [ -98.449545122770232, 20.962507508401551 ], [ -98.439193512805048, 20.956955080306134 ], [ -98.431358151997784, 20.960008534646185 ], [ -98.427084624529002, 20.957169375326508 ], [ -98.425202045953895, 20.948447784660434 ], [ -98.425648837417356, 20.946989271839762 ], [ -98.434684533253716, 20.946530717057147 ], [ -98.43566010181506, 20.952156423380679 ], [ -98.438485669212, 20.948674162378229 ], [ -98.442823903425094, 20.949303044330801 ], [ -98.444224917321975, 20.954153859788033 ], [ -98.448152052773224, 20.951066215377097 ], [ -98.451143896223329, 20.951969835419082 ], [ -98.452464227677837, 20.955725234270972 ], [ -98.460629719394177, 20.957803360848384 ], [ -98.46201557288137, 20.951137474972576 ], [ -98.465631441351533, 20.949935822416297 ], [ -98.469212705686118, 20.953503714840419 ], [ -98.472323170280106, 20.953395249314447 ], [ -98.487341895526271, 20.936986545958522 ], [ -98.495737853066657, 20.937330501301336 ], [ -98.503047402905167, 20.942925270800725 ], [ -98.497415172291625, 20.947895012788987 ], [ -98.496019618313852, 20.953430568469813 ], [ -98.491729440180563, 20.954143196454204 ], [ -98.495502937084112, 20.943063112317173 ], [ -98.492563852854545, 20.944542237019306 ], [ -98.487150660959472, 20.953456859923609 ], [ -98.485135718018043, 20.951873268145008 ], [ -98.490715141263451, 20.944947311707256 ], [ -98.491740607126118, 20.940197250478938 ], [ -98.487744056966619, 20.942814902261581 ], [ -98.481110985601688, 20.951422277421987 ] ] ], [ [ [ -98.445388291145619, 20.885140742778429 ], [ -98.44125878528078, 20.876992117690016 ], [ -98.434836186544061, 20.869545303119661 ], [ -98.438431214820397, 20.873158040702332 ], [ -98.445449862597087, 20.870938715370183 ], [ -98.448953000746187, 20.866341625145441 ], [ -98.456418638278947, 20.871148524421958 ], [ -98.453312103065187, 20.87298781714615 ], [ -98.453369209323895, 20.876222097871725 ], [ -98.461445392624924, 20.878992999443547 ], [ -98.461756483857314, 20.884547590113623 ], [ -98.454116514805193, 20.890235974607403 ], [ -98.451711072599608, 20.897258882852253 ], [ -98.448941081250965, 20.900506791169594 ], [ -98.44560867935661, 20.897325192336599 ], [ -98.444268700785599, 20.897981366861185 ], [ -98.445388291145619, 20.885140742778429 ] ] ], [ [ [ -98.440536420490176, 20.91570104922258 ], [ -98.441707090965494, 20.915858044370879 ], [ -98.442953215475853, 20.912499261291114 ], [ -98.440743428070391, 20.90866573557393 ], [ -98.442611593502349, 20.909170993175998 ], [ -98.44694654765253, 20.914816249125082 ], [ -98.444416421428429, 20.917935555452907 ], [ -98.441861786761933, 20.918288884856469 ], [ -98.440220972516641, 20.918050982960018 ], [ -98.440536420490176, 20.91570104922258 ] ] ], [ [ [ -98.465278928735216, 20.971514053066254 ], [ -98.47273909152949, 20.971528276707154 ], [ -98.475784297984191, 20.97336898645684 ], [ -98.48120393185485, 20.982748021233075 ], [ -98.478277375838118, 20.985891768361668 ], [ -98.47849217298689, 20.988563791914533 ], [ -98.475113625265621, 20.990842905772066 ], [ -98.47277060681165, 20.986832622872086 ], [ -98.468413229616402, 20.984695414214386 ], [ -98.464271205876088, 20.987781892103008 ], [ -98.462356643445844, 20.987628455747185 ], [ -98.460416871709953, 20.991320763942806 ], [ -98.460690980509966, 20.994736654490591 ], [ -98.455148419828078, 20.998474505155936 ], [ -98.456780794530147, 20.986836873426721 ], [ -98.461809649252629, 20.981052459852883 ], [ -98.460120669202283, 20.978128876032372 ], [ -98.467078631350446, 20.976145725897577 ], [ -98.46276210013599, 20.973577545326563 ], [ -98.465278928735216, 20.971514053066254 ] ] ], [ [ [ -98.487162082307222, 20.907354183509483 ], [ -98.489324888042333, 20.909288380273651 ], [ -98.494843531479404, 20.909972069399029 ], [ -98.496094990888608, 20.91238323637571 ], [ -98.492736482865439, 20.913198767688272 ], [ -98.490558165021696, 20.916202227455596 ], [ -98.472167638945024, 20.918180881438666 ], [ -98.469661696903245, 20.922243705539575 ], [ -98.464610537906538, 20.924428952653333 ], [ -98.458895227607627, 20.92225377871754 ], [ -98.457906577457607, 20.918758042998007 ], [ -98.468757046068632, 20.911396727357626 ], [ -98.468763411392445, 20.90958938478666 ], [ -98.487162082307222, 20.907354183509483 ] ] ], [ [ [ -98.480110330025298, 20.87313863743071 ], [ -98.478748605455095, 20.877544320646091 ], [ -98.481565510335386, 20.882688567530209 ], [ -98.476861325729686, 20.890742540567803 ], [ -98.467802582790355, 20.893754750287236 ], [ -98.466151117156187, 20.891583774178084 ], [ -98.468505702222259, 20.884007702486112 ], [ -98.466244272899601, 20.879877215515474 ], [ -98.471036570804401, 20.873926756133535 ], [ -98.471479530668717, 20.870475897668442 ], [ -98.480110330025298, 20.87313863743071 ] ] ], [ [ [ -98.498959677032474, 20.879217248434532 ], [ -98.499751232873493, 20.881457974311115 ], [ -98.488510732808351, 20.885322414512114 ], [ -98.491063620728298, 20.883995200003035 ], [ -98.491433570272079, 20.88018337027685 ], [ -98.487956404278791, 20.88472380096017 ], [ -98.485822720846329, 20.883434726970407 ], [ -98.486774548609432, 20.880726527223768 ], [ -98.498959677032474, 20.879217248434532 ] ] ], [ [ [ -98.51030474151149, 20.953130350398247 ], [ -98.507892615352148, 20.951126611445822 ], [ -98.507643704365421, 20.948036972973672 ], [ -98.511151959714255, 20.942054735871395 ], [ -98.505946516356587, 20.937730182878859 ], [ -98.508283606438226, 20.933203488861711 ], [ -98.514884132576896, 20.933222375568093 ], [ -98.515389868913758, 20.939244387836606 ], [ -98.523570773515445, 20.941630050952426 ], [ -98.518960815898268, 20.951346984899619 ], [ -98.51030474151149, 20.953130350398247 ] ], [ [ -98.518046120887746, 20.945704140292371 ], [ -98.519417450823141, 20.943872170338985 ], [ -98.517704149944009, 20.941926620165024 ], [ -98.518046120887746, 20.945704140292371 ] ] ], [ [ [ -98.674154119569479, 21.195652180999492 ], [ -98.669422668717402, 21.19441304437774 ], [ -98.663782507850001, 21.184050587028562 ], [ -98.658297079481983, 21.182805924670198 ], [ -98.657555601446276, 21.185532663157325 ], [ -98.650597723968261, 21.180830196061752 ], [ -98.656267073417439, 21.179852780408616 ], [ -98.661436016741376, 21.175763089847653 ], [ -98.664283429723355, 21.177341489576037 ], [ -98.666296993618261, 21.183790192585423 ], [ -98.669667522317383, 21.18613797636176 ], [ -98.671913772297131, 21.18365398991515 ], [ -98.680959021111278, 21.182528779474094 ], [ -98.684878093192893, 21.17629383815235 ], [ -98.690217797266286, 21.182924831892567 ], [ -98.689817620794102, 21.184502230348858 ], [ -98.691363963821843, 21.184348074925683 ], [ -98.691202120704688, 21.188048893014589 ], [ -98.685152774225088, 21.190197134363654 ], [ -98.68544296760048, 21.194332348149128 ], [ -98.683124369893093, 21.194722510954215 ], [ -98.683684950908969, 21.193253150027335 ], [ -98.681746579819631, 21.191999350380065 ], [ -98.682035080339418, 21.196374170029188 ], [ -98.68450674036319, 21.196560150362398 ], [ -98.682407376114682, 21.200621111293351 ], [ -98.674154119569479, 21.195652180999492 ] ] ], [ [ [ -98.72032185868602, 21.177107984790474 ], [ -98.722278354535689, 21.171946630720846 ], [ -98.721025966767186, 21.168524541278867 ], [ -98.724170805511321, 21.165952857170819 ], [ -98.72949875677476, 21.165018942890576 ], [ -98.732712596766703, 21.169307231635013 ], [ -98.723491301626481, 21.171617231562688 ], [ -98.721455961516241, 21.175003484799451 ], [ -98.722588171832825, 21.178014150680735 ], [ -98.72109784991332, 21.175833280543138 ], [ -98.720696030603236, 21.176878281106255 ], [ -98.722402880476167, 21.17989797978052 ], [ -98.726169352270418, 21.179905041476555 ], [ -98.72833651690668, 21.184342812430113 ], [ -98.721971860336339, 21.182869910436736 ], [ -98.72032185868602, 21.177107984790474 ] ] ], [ [ [ -98.739214306515521, 21.007025636352022 ], [ -98.739002032355103, 21.010749049724314 ], [ -98.743446213857084, 21.011924713135254 ], [ -98.739025778461667, 21.018927095784885 ], [ -98.732238956010093, 21.020101955526115 ], [ -98.727708161078382, 21.022923102417852 ], [ -98.731364675202542, 21.01637585826073 ], [ -98.722782619391481, 21.008700150205026 ], [ -98.724486201953397, 21.006297355406467 ], [ -98.729752717481702, 21.002378757557715 ], [ -98.734975748615582, 21.002805197546994 ], [ -98.739214306515521, 21.007025636352022 ] ] ], [ [ [ -99.039222911074063, 21.138142730471976 ], [ -99.03733507618125, 21.140854214352121 ], [ -99.034896158936533, 21.141251255523311 ], [ -99.029607895382142, 21.151154329216286 ], [ -99.019549593525355, 21.14656750832853 ], [ -99.01682461999367, 21.147635135715785 ], [ -99.019671551341531, 21.148749819227522 ], [ -99.0140943293502, 21.155665763701911 ], [ -99.008815113789268, 21.159565603274579 ], [ -99.012252909272746, 21.164001954542712 ], [ -99.010897249935738, 21.16616114673046 ], [ -99.000144503416905, 21.166009994468411 ], [ -99.002195120952877, 21.16255188035743 ], [ -98.999500489951771, 21.165055519904573 ], [ -98.995900249953777, 21.163228310183836 ], [ -98.987595688657208, 21.16765283171485 ], [ -98.987917978856999, 21.175448358715627 ], [ -98.986623040710185, 21.177439778882267 ], [ -98.982482713767524, 21.17534309970177 ], [ -98.981164982520355, 21.170569309067925 ], [ -98.98956203529859, 21.157183853276457 ], [ -98.986694466007506, 21.154882163824418 ], [ -98.984909534347096, 21.156725234482021 ], [ -98.98207577942722, 21.156690429878413 ], [ -98.980789417412311, 21.154081386095086 ], [ -98.976882593714748, 21.158115182470944 ], [ -98.978438735092851, 21.162365469704699 ], [ -98.973707346503161, 21.165287983245133 ], [ -98.972321628402156, 21.169473431838199 ], [ -98.972835528567813, 21.178341807475721 ], [ -98.977498286277367, 21.176575199792225 ], [ -98.977321755239032, 21.180821195415906 ], [ -98.971717830362181, 21.183854431867999 ], [ -98.97653244491211, 21.185313607140223 ], [ -98.976037319551267, 21.186055539741684 ], [ -98.978122087456498, 21.186407382791703 ], [ -98.976462982445213, 21.187188283544121 ], [ -98.975988949366524, 21.186128020739059 ], [ -98.97332844397711, 21.190114561976785 ], [ -98.975820691762308, 21.191034571734477 ], [ -98.971721679905329, 21.191199790218665 ], [ -98.970029151176774, 21.187464217981088 ], [ -98.963669556174537, 21.19055700384887 ], [ -98.959064126325131, 21.186925399579053 ], [ -98.955675243038314, 21.191944220720661 ], [ -98.943533143111367, 21.1930078463668 ], [ -98.942884578644552, 21.200694420576372 ], [ -98.955137255782958, 21.205190797493767 ], [ -98.961266707957094, 21.214584399430247 ], [ -98.960057332721576, 21.217017509142984 ], [ -98.950583826007559, 21.214534784052592 ], [ -98.939375517211488, 21.219885987876655 ], [ -98.934866534537889, 21.216250846723987 ], [ -98.9308404149631, 21.217663254282961 ], [ -98.92965493385735, 21.210427208182349 ], [ -98.92326596382776, 21.212274734190444 ], [ -98.916566633060512, 21.220755361725132 ], [ -98.914501397066871, 21.218599297948497 ], [ -98.916382752829662, 21.212439788796917 ], [ -98.914778767806396, 21.210449823847288 ], [ -98.912224703691749, 21.21275184821792 ], [ -98.910041357066518, 21.212442045879463 ], [ -98.911806789619661, 21.215245264362803 ], [ -98.907938126241163, 21.21675738503491 ], [ -98.906030768439464, 21.220356163248098 ], [ -98.903638767711541, 21.212657134973856 ], [ -98.896099871367738, 21.209975281989347 ], [ -98.895397869620879, 21.205741755547283 ], [ -98.900054472534734, 21.205086369737177 ], [ -98.899822950287955, 21.203580993825334 ], [ -98.902138324958003, 21.202215550827788 ], [ -98.900374833399169, 21.201375694855138 ], [ -98.896890950909068, 21.20270179174311 ], [ -98.898151288650382, 21.203633564340318 ], [ -98.895386363402423, 21.205672363417666 ], [ -98.895423506829658, 21.203895941491222 ], [ -98.886697770225169, 21.197345541828778 ], [ -98.893123989814114, 21.199579391668692 ], [ -98.894640237286879, 21.196334776321944 ], [ -98.89920504999381, 21.193603412496355 ], [ -98.905550784994176, 21.190948038320162 ], [ -98.908881734807679, 21.193247385801776 ], [ -98.9088828427236, 21.191440027349522 ], [ -98.913100053836757, 21.188621116983274 ], [ -98.911777601289742, 21.179817144896671 ], [ -98.901820008470906, 21.166456086844637 ], [ -98.896087354264822, 21.162383858272563 ], [ -98.887841322924572, 21.160343780922144 ], [ -98.88790225426051, 21.154301306793862 ], [ -98.885287838491905, 21.148494172491564 ], [ -98.888648556242671, 21.143207707381642 ], [ -98.897916845416802, 21.141294735970483 ], [ -98.899891711159796, 21.139783273887101 ], [ -98.898724497061053, 21.138024421590782 ], [ -98.907381550273385, 21.136091580153845 ], [ -98.904884689702456, 21.132504341133586 ], [ -98.906387419940586, 21.132510830895658 ], [ -98.903299970557896, 21.131391460387846 ], [ -98.901714120261616, 21.131587940797047 ], [ -98.901198940388397, 21.135406120610668 ], [ -98.898258760540941, 21.137322599753173 ], [ -98.894346340713895, 21.135301600198265 ], [ -98.894768148510607, 21.136757196048549 ], [ -98.891625662124738, 21.137129264662534 ], [ -98.889873606145258, 21.131241439009539 ], [ -98.890794507853641, 21.124195473230674 ], [ -98.886264372211471, 21.12365010977604 ], [ -98.883881651715015, 21.129805930393399 ], [ -98.880032736730612, 21.134043603793096 ], [ -98.882784668869789, 21.137654865537684 ], [ -98.880060966203487, 21.141217725007593 ], [ -98.878498990407053, 21.147334844582492 ], [ -98.865733555191412, 21.149353580455774 ], [ -98.858191206399511, 21.156204209140252 ], [ -98.857162660590078, 21.152749771262858 ], [ -98.853962552328241, 21.153127895151904 ], [ -98.852772961099362, 21.149792907952936 ], [ -98.855497848219287, 21.145366360297526 ], [ -98.85970038756497, 21.145870191920729 ], [ -98.86437631414293, 21.150242723641579 ], [ -98.866233768401429, 21.148026885170818 ], [ -98.86149975000319, 21.138207349206226 ], [ -98.860441639683131, 21.133506336399321 ], [ -98.862520319519504, 21.131891490819527 ], [ -98.860175679497004, 21.132324672881978 ], [ -98.861798948298244, 21.128293564121314 ], [ -98.856765885147468, 21.125033242231538 ], [ -98.851780887585505, 21.12686230405113 ], [ -98.84780959727253, 21.123816485332359 ], [ -98.844931572807823, 21.124156452989556 ], [ -98.843352862378438, 21.127732427658263 ], [ -98.839470824147199, 21.128532534597174 ], [ -98.8357510853658, 21.131373859520991 ], [ -98.831166082315832, 21.128788165072283 ], [ -98.82473735321453, 21.13239606885352 ], [ -98.825571867272416, 21.138876047646242 ], [ -98.830589144625932, 21.138283962441026 ], [ -98.832073758055756, 21.141666034508166 ], [ -98.825065145850843, 21.151356147595926 ], [ -98.825232048270081, 21.157756109650165 ], [ -98.812027492376586, 21.15764990146322 ], [ -98.805030521825785, 21.161192888215805 ], [ -98.793953357676571, 21.160183630825525 ], [ -98.789389742739772, 21.165742592027797 ], [ -98.78588898095478, 21.165321464728994 ], [ -98.774388833817554, 21.172854618391085 ], [ -98.772921378659788, 21.171968765346289 ], [ -98.765866244620796, 21.175811970222213 ], [ -98.763904396203301, 21.181076025889734 ], [ -98.759643455972636, 21.180562849042378 ], [ -98.756917508832345, 21.182090647433455 ], [ -98.757349690665507, 21.185457436381796 ], [ -98.755137797898101, 21.186672549891703 ], [ -98.749320260508753, 21.184259840762714 ], [ -98.746706787396093, 21.177462607296967 ], [ -98.743753350917345, 21.176409684119278 ], [ -98.741841274372121, 21.178686660841795 ], [ -98.742630208322538, 21.184838535437478 ], [ -98.739490981616143, 21.186243622337265 ], [ -98.736615435126453, 21.179684024926761 ], [ -98.73760361266136, 21.172185730605193 ], [ -98.740394726611214, 21.170054329190215 ], [ -98.748447753135153, 21.169314429348947 ], [ -98.749812680374689, 21.170972090218708 ], [ -98.751449980091806, 21.168887830802547 ], [ -98.750652527422361, 21.166944510113566 ], [ -98.74375725471684, 21.162291308214485 ], [ -98.743623009730527, 21.154957772456729 ], [ -98.745353055173055, 21.153636362240309 ], [ -98.748821377570792, 21.154054470956478 ], [ -98.751714583822107, 21.149503448770059 ], [ -98.752587551731466, 21.139159684496931 ], [ -98.749012914656788, 21.139579872145941 ], [ -98.748395685781531, 21.13615300937375 ], [ -98.749342959572701, 21.134347053935986 ], [ -98.760121374843436, 21.129455681028617 ], [ -98.76404169506344, 21.125861407903404 ], [ -98.765881332695912, 21.115991874413851 ], [ -98.759244201297363, 21.112207864542597 ], [ -98.756516293383086, 21.106804263078281 ], [ -98.748990268855351, 21.112216736663939 ], [ -98.742479727111075, 21.114228148691765 ], [ -98.746665303843585, 21.122340344284179 ], [ -98.74027296772681, 21.12529658624597 ], [ -98.740440838466597, 21.133871270843237 ], [ -98.734240218704429, 21.131612991251185 ], [ -98.732845914514982, 21.134976261309141 ], [ -98.730202538598192, 21.131479385079309 ], [ -98.730724002044894, 21.101916352157993 ], [ -98.732823197833696, 21.098149170529702 ], [ -98.731607693475397, 21.093568018415166 ], [ -98.735717093518346, 21.087704028674356 ], [ -98.733776214554766, 21.080454337116731 ], [ -98.734352461044267, 21.076604709902355 ], [ -98.735088674380208, 21.078789489834815 ], [ -98.743135254159313, 21.078841018332373 ], [ -98.748869749497615, 21.075593511017022 ], [ -98.752994712839794, 21.067654161322526 ], [ -98.750763581012492, 21.056011065366661 ], [ -98.745963764141962, 21.04993555193758 ], [ -98.741520141623596, 21.054350217484409 ], [ -98.739661327068276, 21.052727508075549 ], [ -98.739553309043913, 21.04720802498419 ], [ -98.740968217793821, 21.044426892478974 ], [ -98.748124738709137, 21.0480884510248 ], [ -98.751910406259242, 21.048020026951626 ], [ -98.755551091680829, 21.051659917087974 ], [ -98.759441114241881, 21.04828512765296 ], [ -98.757999049468808, 21.036761579714977 ], [ -98.761879311428217, 21.030405310822612 ], [ -98.76950440051732, 21.027681905021257 ], [ -98.772089356033263, 21.0213346901294 ], [ -98.775439286164897, 21.01867709934438 ], [ -98.774360171182167, 21.014657808189654 ], [ -98.762982011486059, 21.01375058694989 ], [ -98.763433733698648, 21.009568294694422 ], [ -98.761749369783644, 21.005254505817682 ], [ -98.765090546419117, 20.999685546375826 ], [ -98.756734531477989, 20.998482335135066 ], [ -98.756180874726212, 20.994285405571848 ], [ -98.761377392308887, 20.994822275958846 ], [ -98.771279846347355, 20.990691569559864 ], [ -98.776682889448438, 20.998346540169749 ], [ -98.77926051433262, 20.99548853690472 ], [ -98.782531936137772, 20.995744594753891 ], [ -98.781772213652687, 21.004646163982652 ], [ -98.775913543227261, 21.005661993846655 ], [ -98.774590495089072, 21.008075606268832 ], [ -98.777415110536779, 21.011902927520431 ], [ -98.778289345525749, 21.018374356861145 ], [ -98.781996590966713, 21.018093847361463 ], [ -98.783809834342691, 21.020115269957959 ], [ -98.785282259513508, 21.026362267748127 ], [ -98.790099490840049, 21.02415253811721 ], [ -98.790474022696344, 21.031917129252314 ], [ -98.791715936283893, 21.03274066052353 ], [ -98.786748345763357, 21.035935292459694 ], [ -98.78591598763883, 21.040948375409709 ], [ -98.783451794509631, 21.042573045636775 ], [ -98.77877144691351, 21.041561921469551 ], [ -98.777418804098446, 21.043937888333016 ], [ -98.781853924609507, 21.045533702412786 ], [ -98.782902024182278, 21.048029930751206 ], [ -98.77408831521052, 21.051451378908357 ], [ -98.776272249676467, 21.055764115531343 ], [ -98.774954139460903, 21.056666063797962 ], [ -98.776661579207001, 21.058501206352041 ], [ -98.781376850200928, 21.055356588273973 ], [ -98.784625342024825, 21.058847616715795 ], [ -98.785765685717152, 21.06709790007309 ], [ -98.790978708886982, 21.070241880920911 ], [ -98.786905129255871, 21.070647680814211 ], [ -98.790617153133496, 21.07148966116096 ], [ -98.792338658807537, 21.075070789061041 ], [ -98.786096538468996, 21.076143613752752 ], [ -98.784892383510936, 21.078719208269142 ], [ -98.788960254147014, 21.083986982640866 ], [ -98.787177699392629, 21.088310915640136 ], [ -98.776436191501361, 21.091829360296678 ], [ -98.775830140746876, 21.101851587272137 ], [ -98.772209727257774, 21.100573970807595 ], [ -98.772991211696734, 21.106366232868563 ], [ -98.77109621593064, 21.109058880450647 ], [ -98.77204026322471, 21.110883377352724 ], [ -98.770152109079163, 21.110880827879143 ], [ -98.771576137897839, 21.113016811909073 ], [ -98.780962833220286, 21.106778589489309 ], [ -98.796074439785102, 21.101838888265615 ], [ -98.791245178953844, 21.093394775007866 ], [ -98.796634349574475, 21.086113267248837 ], [ -98.800875071872412, 21.091231295039982 ], [ -98.801768327062518, 21.096182100318725 ], [ -98.804251632682693, 21.095889345187317 ], [ -98.807695930960378, 21.090073784613324 ], [ -98.807218945604475, 21.086365387983111 ], [ -98.81400157054162, 21.081178046781009 ], [ -98.81522461380932, 21.07710089557801 ], [ -98.812995555975036, 21.075387793466568 ], [ -98.81174166002863, 21.071169861575548 ], [ -98.819290366630881, 21.070577350312647 ], [ -98.825841409645264, 21.073725711060842 ], [ -98.824323734163883, 21.076323357909974 ], [ -98.820441271005222, 21.076205948412525 ], [ -98.820979724253178, 21.082714992852029 ], [ -98.829662060940194, 21.082033062669137 ], [ -98.828723338561531, 21.077513671542178 ], [ -98.833025412501314, 21.075308704506057 ], [ -98.834298182720502, 21.072425302434137 ], [ -98.837287498095236, 21.072784259154574 ], [ -98.839117571124746, 21.066679553988596 ], [ -98.84156605170655, 21.069260800952975 ], [ -98.846994239790845, 21.06884818568097 ], [ -98.848152321816201, 21.058081174520531 ], [ -98.848842379856364, 21.059304830190772 ], [ -98.849033062637588, 21.057160852439477 ], [ -98.851396867040975, 21.056750130575637 ], [ -98.851040815738202, 21.060876996658404 ], [ -98.84852788109184, 21.062535054724737 ], [ -98.850764641389048, 21.063444532917547 ], [ -98.855001914971353, 21.058048223162718 ], [ -98.854102593158444, 21.054190432448873 ], [ -98.858952744237143, 21.05043072066222 ], [ -98.863590749643208, 21.035982732686506 ], [ -98.869402780904949, 21.032883160436164 ], [ -98.879201842567497, 21.030336458433869 ], [ -98.879145139358812, 21.027377315084273 ], [ -98.886845109409251, 21.026537271731947 ], [ -98.887721158321696, 21.022855827899487 ], [ -98.890170833516336, 21.02083729090835 ], [ -98.887153829817649, 21.017945629997509 ], [ -98.889305450581261, 21.019364690124878 ], [ -98.891543000886188, 21.016880510674593 ], [ -98.88883802032305, 21.013699920027637 ], [ -98.883216820372255, 21.014522970273386 ], [ -98.884577180801486, 21.012076588828918 ], [ -98.89077504384862, 21.014192158321045 ], [ -98.898954594371418, 21.020951008805479 ], [ -98.899550265731321, 21.028108628162208 ], [ -98.895348560418327, 21.034495786502777 ], [ -98.900141733770923, 21.041311330341365 ], [ -98.899834559065496, 21.043664044293887 ], [ -98.887072264130865, 21.04760295204472 ], [ -98.883389223631525, 21.04716171752159 ], [ -98.880791854183201, 21.044050900529189 ], [ -98.881523494343284, 21.038452738898787 ], [ -98.879800296501386, 21.037129246005183 ], [ -98.873950645861171, 21.03872437442681 ], [ -98.874633320580728, 21.044015195571912 ], [ -98.880850577935774, 21.051176607975059 ], [ -98.875242289312197, 21.057355773172329 ], [ -98.860556994055386, 21.067985958862625 ], [ -98.858061563336989, 21.073641945424733 ], [ -98.861688988058376, 21.078405311688186 ], [ -98.864580591511896, 21.088390346844719 ], [ -98.867665630799905, 21.087667495728979 ], [ -98.870492912262847, 21.089433290301624 ], [ -98.875451906768177, 21.087443633960699 ], [ -98.879148533007466, 21.088239793765201 ], [ -98.881730142559164, 21.084665902667883 ], [ -98.886431597452372, 21.085678331229271 ], [ -98.893819972832986, 21.092077027442357 ], [ -98.898932756016876, 21.093912074343077 ], [ -98.902142748199608, 21.093225158275747 ], [ -98.899363645214109, 21.08726763718699 ], [ -98.893665539055235, 21.085148867653484 ], [ -98.889129740518015, 21.079371257128788 ], [ -98.891408405565215, 21.077689698561308 ], [ -98.888194639797717, 21.067622650400601 ], [ -98.892050863051224, 21.069393396429017 ], [ -98.893274330021683, 21.066450715326621 ], [ -98.891072040031631, 21.060024267296548 ], [ -98.892920800875629, 21.057685072729818 ], [ -98.896040872501175, 21.057333040266322 ], [ -98.89480893012383, 21.056782558310999 ], [ -98.895876975232198, 21.052808347477949 ], [ -98.899083537500985, 21.053868637109701 ], [ -98.902361808529506, 21.052268597221047 ], [ -98.903130861676985, 21.055145618848556 ], [ -98.90531733641312, 21.056593043048466 ], [ -98.907078130886134, 21.055886018858061 ], [ -98.908967801162063, 21.052272264895109 ], [ -98.909773035610513, 21.043110454689483 ], [ -98.913823780722382, 21.042521485996456 ], [ -98.913621520823753, 21.044596020942173 ], [ -98.915166090229633, 21.044508180517425 ], [ -98.915575919994367, 21.042376620218779 ], [ -98.921357433237546, 21.040112181997074 ], [ -98.922914013874689, 21.041088074710494 ], [ -98.922541392667469, 21.045501281910191 ], [ -98.929223794037384, 21.049680918838355 ], [ -98.927737455023589, 21.053389887589514 ], [ -98.919161475184353, 21.055858166654616 ], [ -98.910567513989164, 21.079840909554875 ], [ -98.912853680529821, 21.082384281890523 ], [ -98.919620132335751, 21.079161822216207 ], [ -98.926840391596784, 21.070119062620648 ], [ -98.933821121432544, 21.068902818862082 ], [ -98.935196553984838, 21.063116738103709 ], [ -98.940582477134583, 21.064530288082715 ], [ -98.945768382638178, 21.064036023374978 ], [ -98.945769037641099, 21.062228635893547 ], [ -98.960773537893886, 21.060993272845323 ], [ -98.962223724301069, 21.064762100909235 ], [ -98.955511219828182, 21.066374095470412 ], [ -98.956060507917854, 21.070612039218876 ], [ -98.951474013882191, 21.073577839218807 ], [ -98.949639422849657, 21.073178285199454 ], [ -98.945047407231527, 21.07799306120808 ], [ -98.941859884463085, 21.073795543422158 ], [ -98.938254805947167, 21.071764822453314 ], [ -98.923706365374628, 21.079146250507286 ], [ -98.922510673390505, 21.083249359416214 ], [ -98.923853188819891, 21.088808654534354 ], [ -98.929947976826341, 21.092870277601683 ], [ -98.928907933914218, 21.099586848222174 ], [ -98.930674988523307, 21.100893693724068 ], [ -98.93562324443927, 21.10080124366262 ], [ -98.939005277354141, 21.113796775139246 ], [ -98.938081049393048, 21.113557449615151 ], [ -98.936316519907422, 21.115294479632727 ], [ -98.937831970560353, 21.117823370700457 ], [ -98.941711050267415, 21.119287920503638 ], [ -98.943206750435024, 21.118352859973697 ], [ -98.940264430180051, 21.115034740646188 ], [ -98.941088319908303, 21.114336150253916 ], [ -98.939067238134996, 21.11381281945399 ], [ -98.944335680772554, 21.109740118310569 ], [ -98.949046004799399, 21.113386579987409 ], [ -98.953142495385734, 21.111022915027014 ], [ -98.95597075421216, 21.112657002939454 ], [ -98.955494272923602, 21.11573732941314 ], [ -98.950336848839257, 21.119545379944274 ], [ -98.94476419277197, 21.116959783030481 ], [ -98.943447946351483, 21.121477787754728 ], [ -98.941026617782967, 21.121870643444549 ], [ -98.944282446032744, 21.123454743086715 ], [ -98.945525137357023, 21.129398363074301 ], [ -98.952354729182062, 21.127296332289308 ], [ -98.954032531290679, 21.131968564913954 ], [ -98.951444690983934, 21.135511988625307 ], [ -98.955405784440728, 21.143989930933554 ], [ -98.956573200577736, 21.140375492241855 ], [ -98.964240185304817, 21.141223662541677 ], [ -98.967587953587838, 21.143707762412692 ], [ -98.96674089160723, 21.147320077599833 ], [ -98.961790588102474, 21.150794556876566 ], [ -98.954643703844596, 21.15136279182768 ], [ -98.956455920131646, 21.147576780337939 ], [ -98.952966660382245, 21.148384050595638 ], [ -98.952185290518926, 21.151052770013358 ], [ -98.954051571435045, 21.151546302761009 ], [ -98.952259827874613, 21.154028069709575 ], [ -98.947202182191916, 21.145593951836894 ], [ -98.953294388443439, 21.141755575093157 ], [ -98.95140700744706, 21.138140301075737 ], [ -98.949973777694098, 21.138703473912656 ], [ -98.941266069377619, 21.134714012847677 ], [ -98.934854133406972, 21.138727565975561 ], [ -98.933466694736609, 21.136873377967195 ], [ -98.931577040249181, 21.139394275055793 ], [ -98.9306333630512, 21.13813306625298 ], [ -98.928271549608539, 21.140569866212143 ], [ -98.926856069274805, 21.13867802415292 ], [ -98.92538013901482, 21.140646827990391 ], [ -98.92024509438221, 21.140839549124355 ], [ -98.917335650662224, 21.138187852067233 ], [ -98.913199060949623, 21.139262328886552 ], [ -98.919005698088242, 21.14143785040865 ], [ -98.914905633135959, 21.143210584211836 ], [ -98.911488394895102, 21.139546382176249 ], [ -98.910574460973891, 21.146057811807115 ], [ -98.9081167961604, 21.142238901749462 ], [ -98.904244892908864, 21.145593913897244 ], [ -98.905130395945761, 21.150772284721874 ], [ -98.908906634610446, 21.152581726785442 ], [ -98.908906123088073, 21.15341810692637 ], [ -98.907846670712132, 21.155367458025943 ], [ -98.903583630394422, 21.150806310281929 ], [ -98.904993541416914, 21.150340537038527 ], [ -98.903484200278186, 21.148300580371863 ], [ -98.903492550707256, 21.150734550108055 ], [ -98.901538649874354, 21.151137289924684 ], [ -98.90002322308608, 21.153694312438905 ], [ -98.90135726585666, 21.146462177051742 ], [ -98.894354849236706, 21.150133524723774 ], [ -98.894948466114116, 21.155311071295088 ], [ -98.899353850468401, 21.15568140550123 ], [ -98.898877980145983, 21.162544999821975 ], [ -98.900722060128629, 21.16465229033032 ], [ -98.903209720614385, 21.164624370208632 ], [ -98.906945289552709, 21.16035340048137 ], [ -98.911114999991838, 21.16125964545941 ], [ -98.913063096998542, 21.163962687195454 ], [ -98.916988786394469, 21.164567545104607 ], [ -98.919282208046283, 21.175179061959593 ], [ -98.921678322432868, 21.175598425453437 ], [ -98.930950485823317, 21.182943482933815 ], [ -98.938798732685072, 21.180891712696791 ], [ -98.943272714007989, 21.181237214720774 ], [ -98.949182484529956, 21.175169850853298 ], [ -98.954324628616249, 21.173423567854783 ], [ -98.953597364870049, 21.169896614217048 ], [ -98.951962382633354, 21.170371349778009 ], [ -98.953710654210198, 21.163018183645523 ], [ -98.957065255390503, 21.163445000425757 ], [ -98.956425133874689, 21.168367079028346 ], [ -98.963182920654248, 21.175828064085568 ], [ -98.959956141280628, 21.178687201543255 ], [ -98.958494537574254, 21.182548166001737 ], [ -98.960693723022473, 21.185568871574954 ], [ -98.968923502440134, 21.178358356241024 ], [ -98.968760324178788, 21.174399229766426 ], [ -98.964619950077378, 21.166157798027609 ], [ -98.969602309419514, 21.164831288726131 ], [ -98.970698912036397, 21.16132593142385 ], [ -98.966512071368399, 21.15169924191548 ], [ -98.969117670442444, 21.14858681207058 ], [ -98.97705353340865, 21.150776823400832 ], [ -98.98430122658408, 21.149914947727773 ], [ -98.986946423690711, 21.151403240490172 ], [ -98.990928259270689, 21.150929540604821 ], [ -98.990426274490474, 21.154789173489526 ], [ -98.992481333941882, 21.15503389672342 ], [ -98.997949685281867, 21.147799471022179 ], [ -98.995792660875338, 21.13871081066425 ], [ -99.000278767068693, 21.14066252439909 ], [ -99.007538145331878, 21.139340252707502 ], [ -99.002915359477385, 21.144439402355381 ], [ -99.001977111476819, 21.148589617452181 ], [ -98.998199758096362, 21.15353809867921 ], [ -98.999668329740558, 21.157526531050468 ], [ -99.004522881250182, 21.156327148077139 ], [ -99.006731193165422, 21.148934968050668 ], [ -99.016907643463057, 21.146346559661701 ], [ -99.01792506971465, 21.139451880645503 ], [ -99.021730263133449, 21.137916785133811 ], [ -99.024521483264451, 21.134801957338819 ], [ -99.027949621532102, 21.133779428480242 ], [ -99.031668278987112, 21.135433252616707 ], [ -99.03655452864723, 21.133755810223608 ], [ -99.037334397103123, 21.138143157335133 ], [ -99.039222911074063, 21.138142730471976 ] ], [ [ -98.919282208046283, 21.175179061959593 ], [ -98.914205108529018, 21.180572642675006 ], [ -98.91678342630108, 21.179726965437737 ], [ -98.91418179577343, 21.183309679315965 ], [ -98.916423528052349, 21.184848628923874 ], [ -98.918723864207635, 21.184414912504643 ], [ -98.921167000325184, 21.180148943464797 ], [ -98.917457773403569, 21.179261583558286 ], [ -98.921345896493577, 21.177913816447909 ], [ -98.920601450391672, 21.178211750897095 ], [ -98.921466046033956, 21.181102157222856 ], [ -98.923032860366888, 21.17723866076917 ], [ -98.922428361879014, 21.177480595443544 ], [ -98.919282208046283, 21.175179061959593 ] ], [ [ -99.031668278987112, 21.135433252616707 ], [ -99.028450475580868, 21.138515341969768 ], [ -99.032691599002177, 21.1394169110612 ], [ -99.031668278987112, 21.135433252616707 ] ], [ [ -98.902443356257677, 21.202035660840359 ], [ -98.90645535237833, 21.199669523002289 ], [ -98.905099850198738, 21.1986673787736 ], [ -98.902443356257677, 21.202035660840359 ] ], [ [ -98.741725769865511, 21.117602090820419 ], [ -98.744281950612148, 21.117994450847259 ], [ -98.741514800154192, 21.11693822070589 ], [ -98.74138029022933, 21.115145419756669 ], [ -98.739821120490006, 21.115388420367381 ], [ -98.741725769865511, 21.117602090820419 ] ], [ [ -98.762658358073409, 21.073819405310669 ], [ -98.761781938220835, 21.075685066152332 ], [ -98.762990815378316, 21.077779154547471 ], [ -98.764275864405064, 21.074186548174403 ], [ -98.762658358073409, 21.073819405310669 ] ], [ [ -98.76983588423569, 21.110280296809471 ], [ -98.767808324046115, 21.109294946471707 ], [ -98.765415977301899, 21.110409205915516 ], [ -98.768245953478598, 21.111784509003005 ], [ -98.76983588423569, 21.110280296809471 ] ], [ [ -98.766502375300206, 21.077748638292046 ], [ -98.768728272495437, 21.07663655529435 ], [ -98.76737475896546, 21.075633308158839 ], [ -98.766502375300206, 21.077748638292046 ] ], [ [ -98.770317175195615, 21.0033420143303 ], [ -98.771493975828776, 21.005405704070082 ], [ -98.772537246997089, 21.003802607315045 ], [ -98.770317175195615, 21.0033420143303 ] ], [ [ -98.779435290472705, 21.129702279828273 ], [ -98.780956200376465, 21.125456860583672 ], [ -98.777761679555383, 21.120450290002765 ], [ -98.775400890035826, 21.119871770006469 ], [ -98.774583051000278, 21.125706050115888 ], [ -98.777825740385623, 21.130424430095452 ], [ -98.779435290472705, 21.129702279828273 ] ], [ [ -98.775869448453463, 21.075644736239536 ], [ -98.777020693058574, 21.07533690602607 ], [ -98.776194164528974, 21.07454335468017 ], [ -98.775869448453463, 21.075644736239536 ] ], [ [ -98.820729597111793, 21.089614481829855 ], [ -98.825353499122514, 21.096876413173355 ], [ -98.812877464771702, 21.098391058271325 ], [ -98.810332740730615, 21.100204788595793 ], [ -98.811700675940443, 21.103702582163155 ], [ -98.811049497569726, 21.106953202118579 ], [ -98.802899818388681, 21.109001402914338 ], [ -98.803188884021921, 21.115440825297682 ], [ -98.805573650655077, 21.121585972713802 ], [ -98.808396993040844, 21.124006366590351 ], [ -98.809758226434568, 21.129637253560915 ], [ -98.808169007116348, 21.132428201004959 ], [ -98.791372051471811, 21.146435566401195 ], [ -98.79042287468269, 21.148915985776139 ], [ -98.806079609633144, 21.147638361662228 ], [ -98.809565089487464, 21.138993192970666 ], [ -98.819717051936351, 21.132202798921977 ], [ -98.823451261524411, 21.123446914819837 ], [ -98.816843596496909, 21.12225919313493 ], [ -98.815191681455147, 21.120485496784234 ], [ -98.817799947706462, 21.112268834447782 ], [ -98.827724181717585, 21.109377034965558 ], [ -98.831467417532394, 21.105375487001997 ], [ -98.837540306170695, 21.104029165161993 ], [ -98.838584363686536, 21.098919121569189 ], [ -98.836674092704669, 21.086812894686098 ], [ -98.834830657967188, 21.083524592535799 ], [ -98.832147443087109, 21.085176553344244 ], [ -98.834377546836095, 21.085652486436629 ], [ -98.829787100190046, 21.089601002805185 ], [ -98.827151671341468, 21.086556939341875 ], [ -98.820729597111793, 21.089614481829855 ] ], [ [ -98.800981230404005, 21.155258290571837 ], [ -98.80104834997303, 21.15278618068 ], [ -98.798184739870834, 21.154298380370886 ], [ -98.800981230404005, 21.155258290571837 ] ], [ [ -98.810252668949857, 21.149660515713926 ], [ -98.815318405270204, 21.153835578338473 ], [ -98.82203330738119, 21.147090586780212 ], [ -98.826106644262367, 21.146432749986911 ], [ -98.826478644063727, 21.144041771617839 ], [ -98.822978689915075, 21.14618789637198 ], [ -98.822403483648671, 21.138450505391564 ], [ -98.819149562945029, 21.134913243418886 ], [ -98.817482988221585, 21.145071045297769 ], [ -98.810252668949857, 21.149660515713926 ] ], [ [ -98.818656417633747, 21.08363091429035 ], [ -98.818331993278136, 21.084732379145215 ], [ -98.819483223199441, 21.084424261102701 ], [ -98.818656417633747, 21.08363091429035 ] ], [ [ -98.828894660273122, 21.121482710070556 ], [ -98.827297169918054, 21.120502940873344 ], [ -98.827581420038371, 21.117905460565407 ], [ -98.824162939361145, 21.118344320617041 ], [ -98.824202550270059, 21.120456421057405 ], [ -98.828894660273122, 21.121482710070556 ] ], [ [ -98.831325016226458, 21.12757179135296 ], [ -98.835648180276749, 21.123509210817875 ], [ -98.83433644643786, 21.122703613127548 ], [ -98.832322256565803, 21.124259942036563 ], [ -98.831325016226458, 21.12757179135296 ] ], [ [ -98.874516584086265, 21.122858924362465 ], [ -98.876517837299076, 21.123987823672408 ], [ -98.880166762106711, 21.121163417889374 ], [ -98.88130013525533, 21.122926883451758 ], [ -98.883851983797527, 21.122168042135396 ], [ -98.884899798097763, 21.117923900083458 ], [ -98.887797776915463, 21.116980788601055 ], [ -98.892883248180681, 21.11009911495788 ], [ -98.894771404316813, 21.110100297443356 ], [ -98.896035568592026, 21.105886218343095 ], [ -98.898626030651116, 21.105172320493917 ], [ -98.895719900304542, 21.103775064478143 ], [ -98.895488179494663, 21.100473216670213 ], [ -98.897038829921058, 21.098606339978137 ], [ -98.891808230263678, 21.098243060585279 ], [ -98.895212480007075, 21.096009090263031 ], [ -98.879670530130369, 21.104668123230212 ], [ -98.875011431101314, 21.101038417119796 ], [ -98.868369207877492, 21.090279940065219 ], [ -98.85354618532736, 21.095239956608641 ], [ -98.846650547894399, 21.105583718815126 ], [ -98.834233864222384, 21.110985797849207 ], [ -98.84007911223604, 21.117284397011787 ], [ -98.842716837720943, 21.114755976630615 ], [ -98.850140717110435, 21.117865042348985 ], [ -98.856128965911452, 21.117643069003208 ], [ -98.857842922571621, 21.110783358216576 ], [ -98.864107261457264, 21.109643883893106 ], [ -98.865016556731462, 21.108342663197984 ], [ -98.86186827173664, 21.099720151520387 ], [ -98.864289997086132, 21.097896086691506 ], [ -98.870446401884237, 21.104267287660445 ], [ -98.870810638388278, 21.108835507963938 ], [ -98.869061322589644, 21.112565019815204 ], [ -98.874516584086265, 21.122858924362465 ] ], [ [ -98.839503090225435, 21.119053150037182 ], [ -98.84388325006924, 21.121774880111786 ], [ -98.845080600647933, 21.119961340644309 ], [ -98.843479200535597, 21.117505060075661 ], [ -98.839503090225435, 21.119053150037182 ] ], [ [ -98.848946123934212, 21.095568407357099 ], [ -98.846640179098586, 21.093797212468999 ], [ -98.845876778002491, 21.099599920431743 ], [ -98.848946123934212, 21.095568407357099 ] ], [ [ -98.84758968338754, 21.088375935468424 ], [ -98.847903539112409, 21.092360082084156 ], [ -98.848918282974751, 21.089255909474922 ], [ -98.84758968338754, 21.088375935468424 ] ], [ [ -98.853678757282609, 21.091761223093524 ], [ -98.853192050101384, 21.094006849646497 ], [ -98.85397733980281, 21.092196050475845 ], [ -98.85607560102217, 21.091951910879416 ], [ -98.853678757282609, 21.091761223093524 ] ], [ [ -98.857036854054471, 21.080250949792006 ], [ -98.856285609353662, 21.081694542738674 ], [ -98.858543266841195, 21.08279036605995 ], [ -98.859240711728319, 21.081320684509485 ], [ -98.857036854054471, 21.080250949792006 ] ], [ [ -98.891481566651152, 21.146489401661587 ], [ -98.893140660550188, 21.14570933058565 ], [ -98.890969330035546, 21.145341651355661 ], [ -98.891481566651152, 21.146489401661587 ] ], [ [ -98.897821970929542, 21.070955110475118 ], [ -98.89497620045762, 21.069852829884955 ], [ -98.895427340164062, 21.067592630574026 ], [ -98.892931200398024, 21.070501889986815 ], [ -98.894668090747416, 21.071547939997458 ], [ -98.894664549869461, 21.074656570585351 ], [ -98.897821970929542, 21.070955110475118 ] ], [ [ -98.897604258145805, 21.109198343543554 ], [ -98.897926646465024, 21.110300349296793 ], [ -98.898755097136799, 21.109508381157664 ], [ -98.897604258145805, 21.109198343543554 ] ], [ [ -98.90175105432877, 21.080114163908934 ], [ -98.900456347053677, 21.079378277766789 ], [ -98.9008724665334, 21.083286252140532 ], [ -98.90175105432877, 21.080114163908934 ] ], [ [ -98.905552527197386, 21.105102740990837 ], [ -98.910317804741553, 21.103114940211871 ], [ -98.908937538364441, 21.101975299424442 ], [ -98.903806647820659, 21.103478523275854 ], [ -98.905552527197386, 21.105102740990837 ] ], [ [ -98.90680302950598, 21.061527611311227 ], [ -98.908999203335924, 21.062582025736273 ], [ -98.908376011206954, 21.059912971270595 ], [ -98.90973150716485, 21.057922277379827 ], [ -98.908021311291748, 21.056790225672302 ], [ -98.90680302950598, 21.061527611311227 ] ], [ [ -98.907989055843757, 21.109204297550416 ], [ -98.914996082958993, 21.105352551197125 ], [ -98.911498945202169, 21.10427768717852 ], [ -98.907213949504879, 21.107226174025921 ], [ -98.907989055843757, 21.109204297550416 ] ], [ [ -98.915841680009748, 21.087071620512653 ], [ -98.914273780550261, 21.085214690689465 ], [ -98.912161969513676, 21.088002680400177 ], [ -98.912661400163927, 21.089935120212822 ], [ -98.915841680009748, 21.087071620512653 ] ], [ [ -98.915733110217317, 21.20277226003396 ], [ -98.914128510565178, 21.202787349840992 ], [ -98.91489563007103, 21.206337539963322 ], [ -98.915733110217317, 21.20277226003396 ] ], [ [ -98.916491776441333, 21.098364429599169 ], [ -98.9164907659313, 21.100171808274911 ], [ -98.919322813326502, 21.100173179116069 ], [ -98.919323789567272, 21.098365800311907 ], [ -98.916491776441333, 21.098364429599169 ] ], [ [ -98.920688361546937, 21.129130312139242 ], [ -98.917419281994867, 21.128186591832606 ], [ -98.919287835057816, 21.131292204474519 ], [ -98.920688361546937, 21.129130312139242 ] ], [ [ -98.925432250013927, 21.11438315007608 ], [ -98.921400600590971, 21.114627510347503 ], [ -98.922244540817744, 21.118310250217476 ], [ -98.925629600553819, 21.117547140566941 ], [ -98.926474449927426, 21.118725200346116 ], [ -98.925432250013927, 21.11438315007608 ] ], [ [ -98.923936110286533, 21.197403580455234 ], [ -98.926483149871956, 21.198553430257263 ], [ -98.927995830301199, 21.19625429014992 ], [ -98.923936110286533, 21.197403580455234 ] ], [ [ -98.929035201502387, 21.133296272430758 ], [ -98.929375176704994, 21.131206640039 ], [ -98.927660340515672, 21.130598752216621 ], [ -98.929035201502387, 21.133296272430758 ] ], [ [ -98.938703019477316, 21.203017347529759 ], [ -98.939422890691219, 21.202002264388089 ], [ -98.936272206232587, 21.200489370248164 ], [ -98.938703019477316, 21.203017347529759 ] ], [ [ -98.938023880499458, 21.068010650330425 ], [ -98.937244051051223, 21.068864650138966 ], [ -98.93971172074265, 21.069046800494128 ], [ -98.938023880499458, 21.068010650330425 ] ], [ [ -98.939820519520069, 21.214349770516701 ], [ -98.940939109531953, 21.213819419643514 ], [ -98.939913489848735, 21.212839280597095 ], [ -98.939820519520069, 21.214349770516701 ] ], [ [ -98.952087433283381, 21.128598230568734 ], [ -98.950466053674376, 21.128199477187938 ], [ -98.942676514362716, 21.132840438777134 ], [ -98.947167081040575, 21.135190082593454 ], [ -98.952087433283381, 21.128598230568734 ] ], [ [ -98.959467540373893, 21.144684549920964 ], [ -98.960789510126119, 21.144976090540574 ], [ -98.960107621147159, 21.143046549711723 ], [ -98.959467540373893, 21.144684549920964 ] ], [ [ -98.965559991305341, 21.185135315237826 ], [ -98.964384312780453, 21.188267811660371 ], [ -98.967894371388141, 21.187131647669641 ], [ -98.965559991305341, 21.185135315237826 ] ] ], [ [ [ -98.92024509438221, 21.140839549124355 ], [ -98.921396224937581, 21.141149432828104 ], [ -98.92056777539139, 21.141941508549106 ], [ -98.92024509438221, 21.140839549124355 ] ] ], [ [ [ -98.734227451506754, 21.039905761204874 ], [ -98.735955089584252, 21.041979012869788 ], [ -98.735040850967394, 21.048754661043176 ], [ -98.731974847332566, 21.047414951632504 ], [ -98.731365694735686, 21.045130046596707 ], [ -98.732468048254674, 21.044787149652567 ], [ -98.732034763693676, 21.039876505287296 ], [ -98.734227451506754, 21.039905761204874 ] ] ], [ [ [ -98.735432311770722, 21.05619562747351 ], [ -98.734633385931275, 21.058303103463555 ], [ -98.733791769324768, 21.056792492565499 ], [ -98.735432311770722, 21.05619562747351 ] ] ], [ [ [ -98.852147268841861, 21.044528477650434 ], [ -98.849914985687832, 21.045401119833627 ], [ -98.850191031834711, 21.047202132078553 ], [ -98.846351616918199, 21.044687594837931 ], [ -98.850748561246718, 21.043519314606481 ], [ -98.850469370722834, 21.040482835676208 ], [ -98.844499583105843, 21.040760435031974 ], [ -98.840674811464112, 21.043352090045332 ], [ -98.836815125378195, 21.041284918548161 ], [ -98.832259433355205, 21.04633811086325 ], [ -98.826328187733864, 21.047622221754601 ], [ -98.820619957495239, 21.056327538466721 ], [ -98.813890169513428, 21.058938791288437 ], [ -98.811322187703453, 21.056077836458119 ], [ -98.809793564390418, 21.059347516965047 ], [ -98.806523528555346, 21.06074028651976 ], [ -98.806745516610576, 21.063426679169115 ], [ -98.803254335952133, 21.065738101132485 ], [ -98.795081186478797, 21.067396350091297 ], [ -98.79102780904482, 21.065608990574621 ], [ -98.793312226630519, 21.053393573653043 ], [ -98.785843005264766, 21.050099536909574 ], [ -98.78691453046379, 21.045512268745728 ], [ -98.798037361977222, 21.048451816652769 ], [ -98.797848084520737, 21.040948781300152 ], [ -98.801073496650361, 21.038195810911247 ], [ -98.800779052116653, 21.033361419975506 ], [ -98.812854816569967, 21.036455634924376 ], [ -98.814409633426848, 21.04062092560703 ], [ -98.814056349474995, 21.046185634713957 ], [ -98.815842728659277, 21.048104809880801 ], [ -98.817318573718126, 21.047007896000689 ], [ -98.821658968559873, 21.042977630817312 ], [ -98.817494427823775, 21.03191700274342 ], [ -98.830756961417009, 21.032153968548673 ], [ -98.836777908278464, 21.024159610080432 ], [ -98.827687511970623, 21.023967135713161 ], [ -98.824568297469895, 21.021291995913522 ], [ -98.826068092415994, 21.014752275962724 ], [ -98.828490509441295, 21.014616455823674 ], [ -98.832760859014456, 21.019204079746171 ], [ -98.836306892196646, 21.012490298674219 ], [ -98.840717931048715, 21.015758249068018 ], [ -98.843379828238, 21.016472055453711 ], [ -98.844528687270625, 21.015131449772245 ], [ -98.844293272272992, 21.022913401040608 ], [ -98.848539339593344, 21.029105294390131 ], [ -98.852532994173188, 21.032063326939038 ], [ -98.85458729120873, 21.038834258691473 ], [ -98.852147268841861, 21.044528477650434 ] ] ], [ [ [ -98.875225977675527, 21.161398952977688 ], [ -98.876053515264786, 21.16219201991132 ], [ -98.87490179724125, 21.162500516612763 ], [ -98.875225977675527, 21.161398952977688 ] ] ], [ [ [ -98.87490179724125, 21.162500516612763 ], [ -98.873280460829804, 21.163475996226811 ], [ -98.872632110148473, 21.162453860069348 ], [ -98.865451171780762, 21.169722715630456 ], [ -98.866038628189955, 21.177474405127477 ], [ -98.861664951759465, 21.17875646586408 ], [ -98.863123268225905, 21.183722981966426 ], [ -98.862077569960107, 21.187366136140508 ], [ -98.863559478489393, 21.18819242561429 ], [ -98.860200618794835, 21.189166912200371 ], [ -98.855460960778004, 21.188223898611213 ], [ -98.855801753216454, 21.180186166983212 ], [ -98.850944663403766, 21.175864983188195 ], [ -98.847949062211782, 21.174710249870216 ], [ -98.847018421083021, 21.176529587916878 ], [ -98.846351893900632, 21.17397053657481 ], [ -98.841566112522855, 21.169275602855649 ], [ -98.837241185193548, 21.170289723031754 ], [ -98.831435125346999, 21.166458453570314 ], [ -98.829087214050915, 21.166545155882826 ], [ -98.827939939536748, 21.16294349481133 ], [ -98.822982391259885, 21.160920348561575 ], [ -98.832635766329133, 21.161296327630069 ], [ -98.837015416969024, 21.158418933783672 ], [ -98.838563907080427, 21.160194879806841 ], [ -98.838298783879267, 21.166432638596778 ], [ -98.850358179593599, 21.169762724800144 ], [ -98.852212326259092, 21.167851631337886 ], [ -98.857964873818787, 21.169786382008912 ], [ -98.864508362939048, 21.167914601024464 ], [ -98.866378245408271, 21.163271759255181 ], [ -98.864621728469444, 21.156717786976582 ], [ -98.87490179724125, 21.162500516612763 ] ], [ [ -98.859571180949715, 21.179022339793811 ], [ -98.856221780708935, 21.176998349801195 ], [ -98.856666060051538, 21.180936431023273 ], [ -98.859571180949715, 21.179022339793811 ] ] ], [ [ [ -98.861687627133179, 21.154357092405483 ], [ -98.862838738170637, 21.154667373716585 ], [ -98.862009845424524, 21.155459158924018 ], [ -98.861687627133179, 21.154357092405483 ] ] ], [ [ [ -98.864705279281168, 21.179068283083566 ], [ -98.863876259729182, 21.179860047366841 ], [ -98.863553974906111, 21.178758000769189 ], [ -98.864705279281168, 21.179068283083566 ] ] ], [ [ [ -98.866589443854281, 21.184491858290155 ], [ -98.8657604029043, 21.18528363210018 ], [ -98.865438093553095, 21.184181588760005 ], [ -98.866589443854281, 21.184491858290155 ] ] ], [ [ [ -98.866618603151039, 21.151959346239185 ], [ -98.865789744581278, 21.152751151303359 ], [ -98.865467504013196, 21.151649090605861 ], [ -98.866618603151039, 21.151959346239185 ] ] ], [ [ [ -98.867330411545183, 21.180568365858214 ], [ -98.868557548312552, 21.181071935031394 ], [ -98.867706878099767, 21.182622306451439 ], [ -98.867330411545183, 21.180568365858214 ] ] ], [ [ [ -98.868298127066012, 21.15436236559329 ], [ -98.86944925315079, 21.154672602017055 ], [ -98.868620395325379, 21.155464419787091 ], [ -98.868298127066012, 21.15436236559329 ] ] ], [ [ [ -98.871130418232028, 21.155268228125017 ], [ -98.872281556356754, 21.155578445316877 ], [ -98.871452708438994, 21.156370277828593 ], [ -98.871130418232028, 21.155268228125017 ] ] ], [ [ [ -98.871133545784389, 21.151653499209047 ], [ -98.872284656021947, 21.151963716369806 ], [ -98.871455828347649, 21.152755549336966 ], [ -98.871133545784389, 21.151653499209047 ] ] ], [ [ [ -98.872079437809219, 21.149846850432429 ], [ -98.87323053611442, 21.150157061165949 ], [ -98.872401723549643, 21.150948899010093 ], [ -98.872079437809219, 21.149846850432429 ] ] ], [ [ [ -98.874289967382026, 21.151457751197999 ], [ -98.875117444053018, 21.152250823340523 ], [ -98.873965802089984, 21.152559315309841 ], [ -98.874289967382026, 21.151457751197999 ] ] ], [ [ [ -98.873965802089984, 21.152559315309841 ], [ -98.873641631961362, 21.15366087772999 ], [ -98.872814154435261, 21.152867798503927 ], [ -98.873965802089984, 21.152559315309841 ] ] ], [ [ [ -98.873752374388275, 21.160097961486439 ], [ -98.87490407517268, 21.159789472440107 ], [ -98.874579895931106, 21.160891036577013 ], [ -98.873752374388275, 21.160097961486439 ] ] ], [ [ [ -98.873964272692007, 21.15436667996714 ], [ -98.876186914190555, 21.154825925469584 ], [ -98.875143682786415, 21.156429631230139 ], [ -98.873964272692007, 21.15436667996714 ] ] ], [ [ [ -98.874698809560627, 21.157672611393739 ], [ -98.875527647596542, 21.156880763055039 ], [ -98.875849974777978, 21.157982804355608 ], [ -98.874698809560627, 21.157672611393739 ] ] ], [ [ [ -98.877423234330649, 21.150929455960192 ], [ -98.875262810150389, 21.150321034171387 ], [ -98.878335040347196, 21.147882691901135 ], [ -98.877423234330649, 21.150929455960192 ] ] ], [ [ [ -98.877320541947455, 21.156809375622725 ], [ -98.87894083319533, 21.157623079364637 ], [ -98.876794355037731, 21.157983494565414 ], [ -98.877320541947455, 21.156809375622725 ] ] ], [ [ [ -98.877735767115396, 21.161598906636637 ], [ -98.878886969085499, 21.161909078972528 ], [ -98.878058120684116, 21.162700943246723 ], [ -98.877735767115396, 21.161598906636637 ] ] ], [ [ [ -98.880093777564483, 21.157738074182934 ], [ -98.87822578292834, 21.152242265751923 ], [ -98.880760956977269, 21.155568738484515 ], [ -98.880093777564483, 21.157738074182934 ] ] ], [ [ [ -98.889529912626074, 21.109899281244143 ], [ -98.892884545023946, 21.108291738738082 ], [ -98.890993772334653, 21.11190528626188 ], [ -98.889105593602935, 21.111904061603738 ], [ -98.889529912626074, 21.109899281244143 ] ] ], [ [ [ -98.998619085601575, 21.221285988144523 ], [ -99.000137293070139, 21.222007834655404 ], [ -99.00347473803528, 21.213402514085509 ], [ -99.006434382345219, 21.216025385260732 ], [ -99.011736498867393, 21.214539689686728 ], [ -99.014189807565671, 21.218768238574125 ], [ -99.009932436000582, 21.220057829558378 ], [ -99.008067034561066, 21.223093154495185 ], [ -99.01023927411002, 21.223472331504031 ], [ -99.00813794457018, 21.227993174114822 ], [ -99.012337097796532, 21.228949573635919 ], [ -99.017941580832598, 21.233421785539605 ], [ -99.020625400376261, 21.242078419908964 ], [ -99.021736520266998, 21.239261940647292 ], [ -99.02426823105364, 21.239563290829526 ], [ -99.023770830363162, 21.237853999779922 ], [ -99.029245424855063, 21.238830590300235 ], [ -99.030194083933154, 21.234368483678615 ], [ -99.024130339506598, 21.233935740810789 ], [ -99.02453916048718, 21.237286353125143 ], [ -99.02183971086383, 21.237108620257306 ], [ -99.02093921986156, 21.23483103015241 ], [ -99.022082859958289, 21.233883689972838 ], [ -99.018905494467063, 21.229869863954995 ], [ -99.020210094456957, 21.227511089051745 ], [ -99.01604268284656, 21.222614409285622 ], [ -99.018912983981352, 21.213519477933204 ], [ -99.013280234226798, 21.209972274998801 ], [ -99.00869355146709, 21.208927501730258 ], [ -99.00761166843597, 21.204375872786066 ], [ -99.009603667540503, 21.202777538021572 ], [ -99.013391918124185, 21.2054482457986 ], [ -99.013029978458917, 21.1967311237328 ], [ -99.011647709643285, 21.196107185721861 ], [ -99.013483291778087, 21.193620214848746 ], [ -99.011066062583595, 21.192564508555673 ], [ -99.010409583404311, 21.193690970027639 ], [ -99.00750687341008, 21.187814716779386 ], [ -99.007852208737503, 21.185607704816189 ], [ -99.013260231143875, 21.187420768357413 ], [ -99.017419311615825, 21.186525797404311 ], [ -99.019513183950281, 21.192850532910114 ], [ -99.025657669527391, 21.192876324730882 ], [ -99.031327776545126, 21.187412346099457 ], [ -99.033146825712493, 21.189289781021014 ], [ -99.04125080388684, 21.19064428999155 ], [ -99.036894517013693, 21.195709028741248 ], [ -99.03995920396099, 21.202669942899711 ], [ -99.039609640322681, 21.211161662026708 ], [ -99.03501055846975, 21.218136714895646 ], [ -99.032972852648058, 21.219006357349887 ], [ -99.03326036030235, 21.212031161547646 ], [ -99.031265494474667, 21.208426826907651 ], [ -99.036016279890674, 21.206986979993498 ], [ -99.035842178226545, 21.202809321901306 ], [ -99.031057256893021, 21.19533704237729 ], [ -99.02320245975902, 21.196276201072706 ], [ -99.025469741131246, 21.196964888174996 ], [ -99.025713296305412, 21.20281884829275 ], [ -99.020511371325568, 21.202622321015465 ], [ -99.018947886161257, 21.205065481830651 ], [ -99.026116603745237, 21.206697920578709 ], [ -99.028187830100634, 21.211777801437343 ], [ -99.023575296280526, 21.209444010534643 ], [ -99.023919942112968, 21.217729667765497 ], [ -99.027452767413848, 21.219911022145407 ], [ -99.029130666106468, 21.223310024596699 ], [ -99.027846653683525, 21.22533302088652 ], [ -99.026200719096067, 21.221998727596283 ], [ -99.023674368427962, 21.224339510628333 ], [ -99.029435197503759, 21.230857455021347 ], [ -99.032176520075282, 21.230753041147082 ], [ -99.037320652394783, 21.233355069806482 ], [ -99.04431789838668, 21.227171297655183 ], [ -99.045371706480751, 21.233563723894811 ], [ -99.039153387118219, 21.236372375855844 ], [ -99.044312531000301, 21.253208906213885 ], [ -99.039466455417127, 21.254248308388544 ], [ -99.02773189789994, 21.249392586224264 ], [ -99.026168025776997, 21.255675959079625 ], [ -99.022041456384031, 21.257866181733753 ], [ -99.018677823226227, 21.248210627904157 ], [ -99.012130397379877, 21.247057542876334 ], [ -99.009397583221073, 21.249878542433553 ], [ -99.009509820932891, 21.252583119274586 ], [ -99.017770591702472, 21.262205918529798 ], [ -99.013285061473724, 21.263867748921172 ], [ -99.016195024272335, 21.267910511234227 ], [ -99.025854297412707, 21.268807917115911 ], [ -99.031668716126333, 21.275411012088529 ], [ -99.03500955107647, 21.27321193976028 ], [ -99.040240375278742, 21.275467192388742 ], [ -99.042947923956874, 21.281229139133004 ], [ -99.039683604405283, 21.28327062877905 ], [ -99.037132663520339, 21.282570818859305 ], [ -99.031877737153977, 21.28569852285364 ], [ -99.030244917959124, 21.283920381379108 ], [ -99.022248751379607, 21.288156378663967 ], [ -99.02165138976342, 21.285992866178287 ], [ -99.019018508255556, 21.288142337823373 ], [ -99.020358453501572, 21.289060288296913 ], [ -99.019972698234938, 21.291402249116949 ], [ -99.015459652691618, 21.292510000941366 ], [ -99.013574624393826, 21.294993843539416 ], [ -99.008070972650046, 21.295387013786804 ], [ -99.002279365976619, 21.297957694396032 ], [ -98.998618377764956, 21.297194540086796 ], [ -98.992128961215485, 21.298966503598223 ], [ -98.983763288986566, 21.295465427381036 ], [ -98.984226607034003, 21.298076059776001 ], [ -98.977523794337174, 21.296255455134361 ], [ -98.975043306157957, 21.297003605862251 ], [ -98.974625257531827, 21.303173791599686 ], [ -98.971204336049581, 21.303517763357473 ], [ -98.969407275495911, 21.306102119495897 ], [ -98.966477172814436, 21.306227893182225 ], [ -98.958918826074807, 21.290863847075833 ], [ -98.955933990880908, 21.288976997254604 ], [ -98.946484123933843, 21.288410899362724 ], [ -98.946954580524448, 21.285153570541215 ], [ -98.948286510612178, 21.285913631147004 ], [ -98.945585859505982, 21.280885680414563 ], [ -98.947674570002533, 21.281535719794395 ], [ -98.945398280852856, 21.278890510242999 ], [ -98.944550539989407, 21.281430340356774 ], [ -98.942501280847338, 21.281816450938152 ], [ -98.945004820233734, 21.283218380686733 ], [ -98.945575369507779, 21.288397262895426 ], [ -98.928995781344256, 21.288147620776186 ], [ -98.926502487250019, 21.277244432657074 ], [ -98.927940804504289, 21.26874195305686 ], [ -98.9266977186265, 21.26635185346867 ], [ -98.921337787862598, 21.263216012944486 ], [ -98.922156544368733, 21.258689082034117 ], [ -98.917728817424845, 21.255501074218223 ], [ -98.917897130691273, 21.25201258386587 ], [ -98.922873414164471, 21.246731096625417 ], [ -98.918302433004456, 21.239339737691907 ], [ -98.910288170861634, 21.241684797374585 ], [ -98.90280778319881, 21.238397458208372 ], [ -98.90048296050692, 21.240051600689021 ], [ -98.899814996314873, 21.23612598479928 ], [ -98.901532324774877, 21.23481240921436 ], [ -98.898714932925685, 21.231707146960296 ], [ -98.907069510052168, 21.233293617795038 ], [ -98.914705398250973, 21.22745205473246 ], [ -98.915475975290875, 21.224879538036927 ], [ -98.920676836607527, 21.225346393442415 ], [ -98.925620029959759, 21.221762385331594 ], [ -98.931093285237296, 21.224462183513012 ], [ -98.937993382571733, 21.221065688424918 ], [ -98.940917689020651, 21.228165181535037 ], [ -98.951033196324559, 21.22797097524586 ], [ -98.950453246939105, 21.23284069812561 ], [ -98.94718624320204, 21.232273888903382 ], [ -98.947029032752155, 21.232775389562786 ], [ -98.947036998426739, 21.232573853487821 ], [ -98.946862230286442, 21.231383860032913 ], [ -98.944468420591605, 21.231052970110532 ], [ -98.945769620888242, 21.234212430391377 ], [ -98.942947630728867, 21.233834780710293 ], [ -98.943384709950706, 21.240574420090546 ], [ -98.946109370438634, 21.236885771012233 ], [ -98.944497740109711, 21.235739480185103 ], [ -98.946968372413323, 21.234310111788229 ], [ -98.946988494388137, 21.233801024293061 ], [ -98.950224796284985, 21.234758860142328 ], [ -98.95346448688116, 21.24701985817336 ], [ -98.958865815544584, 21.24494955134098 ], [ -98.961295378198628, 21.246147230019705 ], [ -98.97080737135326, 21.240667637467833 ], [ -98.979238799050037, 21.24083344383644 ], [ -98.976424565388044, 21.230905672107607 ], [ -98.981597504527301, 21.231949205069302 ], [ -98.985514859695144, 21.246127428848904 ], [ -98.988675716435864, 21.243977237657891 ], [ -98.988918506250698, 21.232638067533859 ], [ -98.983038500209148, 21.230812590468588 ], [ -98.986222071181672, 21.224435470165012 ], [ -98.988549769551554, 21.222894853005382 ], [ -98.989378196047696, 21.223687334370432 ], [ -98.989085560622712, 21.227343845159229 ], [ -98.987684669861707, 21.227043368469865 ], [ -98.98689512900269, 21.228539802621416 ], [ -98.988695594012626, 21.230637402706702 ], [ -98.990494405109388, 21.227798926334927 ], [ -98.994507570234646, 21.227335973219741 ], [ -98.998238808030337, 21.224170385198107 ], [ -98.998619085601575, 21.221285988144523 ] ], [ [ -98.917721839101858, 21.231975473877384 ], [ -98.911411497114699, 21.232561690267787 ], [ -98.916285037707667, 21.233357555581403 ], [ -98.917721839101858, 21.231975473877384 ] ], [ [ -98.92186693636738, 21.25439452729718 ], [ -98.923018950459721, 21.254704412980004 ], [ -98.922696009239203, 21.253602485669749 ], [ -98.92186693636738, 21.25439452729718 ] ], [ [ -98.931628719996723, 21.247082749908561 ], [ -98.928577720449994, 21.243007430614181 ], [ -98.926624169732918, 21.243813380498114 ], [ -98.926412220136868, 21.245590089781928 ], [ -98.924140370750649, 21.245478519993316 ], [ -98.928524290448792, 21.246311180321076 ], [ -98.930326650880318, 21.247880630172904 ], [ -98.92976926054601, 21.250015520311528 ], [ -98.931628719996723, 21.247082749908561 ] ], [ [ -98.935596311075457, 21.267275749551427 ], [ -98.930787550286951, 21.265426850257317 ], [ -98.929724679661788, 21.268560120474739 ], [ -98.935596311075457, 21.267275749551427 ] ], [ [ -98.935016655617531, 21.229762481733808 ], [ -98.936680464998602, 21.228231500857795 ], [ -98.934370919430435, 21.22759897170473 ], [ -98.935016655617531, 21.229762481733808 ] ], [ [ -98.940408584396138, 21.252737662284151 ], [ -98.941612450300028, 21.255015455052046 ], [ -98.941602386401655, 21.252304430715203 ], [ -98.935305887921473, 21.25019120733678 ], [ -98.935730319157358, 21.252206186365292 ], [ -98.938610492326646, 21.253576599615975 ], [ -98.940408584396138, 21.252737662284151 ] ], [ [ -98.946018690173915, 21.243714019998063 ], [ -98.94406632024625, 21.240642309888333 ], [ -98.944200319829761, 21.244102310335659 ], [ -98.946018690173915, 21.243714019998063 ] ], [ [ -98.951449920086361, 21.272482830624327 ], [ -98.948059490221098, 21.271067480906371 ], [ -98.947181690296034, 21.26917905044774 ], [ -98.947324230658211, 21.27200374022852 ], [ -98.950745220451395, 21.277058780412986 ], [ -98.951449920086361, 21.272482830624327 ] ], [ [ -98.952908489914762, 21.251530660147729 ], [ -98.955567060527372, 21.252215250467678 ], [ -98.954180430191457, 21.24769185028595 ], [ -98.952348260020486, 21.248585310460538 ], [ -98.952908489914762, 21.251530660147729 ] ], [ [ -98.956201710330163, 21.267220820296753 ], [ -98.958391489764395, 21.267248259914002 ], [ -98.958741120901976, 21.262799850166555 ], [ -98.957466260256624, 21.262711690532583 ], [ -98.956201710330163, 21.267220820296753 ] ], [ [ -98.964264211417969, 21.290494441453927 ], [ -98.968371113090996, 21.290865888065987 ], [ -98.967935912593504, 21.288868006576429 ], [ -98.965802433005422, 21.287842608791554 ], [ -98.964264211417969, 21.290494441453927 ] ], [ [ -98.967052569717325, 21.302949740598809 ], [ -98.964430230104355, 21.300143519489833 ], [ -98.966029540048481, 21.303333690272474 ], [ -98.967052569717325, 21.302949740598809 ] ], [ [ -98.968470034941816, 21.279595439625087 ], [ -98.965537322007037, 21.282732300145614 ], [ -98.969607892995469, 21.28200669713469 ], [ -98.968470034941816, 21.279595439625087 ] ], [ [ -98.970648881576579, 21.269811055430306 ], [ -98.970265384816713, 21.271889146967631 ], [ -98.971465496401123, 21.271398344207011 ], [ -98.970648881576579, 21.269811055430306 ] ], [ [ -98.970265384816713, 21.271889146967631 ], [ -98.969113009399379, 21.272198294041075 ], [ -98.969941607234574, 21.272990866405493 ], [ -98.970265384816713, 21.271889146967631 ] ], [ [ -98.970260843858412, 21.2944809106287 ], [ -98.970260298541277, 21.297191918595107 ], [ -98.972150837178646, 21.297192241993333 ], [ -98.972151347830319, 21.29448123398187 ], [ -98.970260843858412, 21.2944809106287 ] ], [ [ -98.972063324573725, 21.27198214750431 ], [ -98.974628266454033, 21.274626129653083 ], [ -98.975633492265359, 21.273874229247173 ], [ -98.974426123424223, 21.271167889365454 ], [ -98.975674528813968, 21.27039852543583 ], [ -98.973937224309367, 21.266692590977591 ], [ -98.972063324573725, 21.27198214750431 ] ], [ [ -98.976350932023649, 21.290821064483566 ], [ -98.976491669401454, 21.289265418415219 ], [ -98.973362357343035, 21.288777200401565 ], [ -98.973041838966452, 21.290522795862973 ], [ -98.976350932023649, 21.290821064483566 ] ], [ [ -98.995566755882905, 21.286194395807904 ], [ -98.998109854936743, 21.284559831401797 ], [ -98.998541155285935, 21.28033099851778 ], [ -99.00074661636144, 21.281371518511026 ], [ -99.002039277359344, 21.279787164710704 ], [ -99.001925544839182, 21.274513365040292 ], [ -99.000168973164961, 21.273420358032869 ], [ -98.997772204128509, 21.274639305140735 ], [ -98.996457881083543, 21.272384385499102 ], [ -98.994808599293549, 21.272493112202561 ], [ -98.995632557277617, 21.270568524563426 ], [ -98.993383172957223, 21.271549780752597 ], [ -98.994820477043675, 21.276050479586335 ], [ -98.993237678489379, 21.277404567285132 ], [ -98.991869943000225, 21.276321177893522 ], [ -98.992660857029165, 21.279485364764056 ], [ -98.990621222062003, 21.280965076746032 ], [ -98.992834461085735, 21.282717422242936 ], [ -98.981636356262868, 21.284382393165348 ], [ -98.983662621042555, 21.285776144771745 ], [ -98.986049228650245, 21.284957641563977 ], [ -98.995566755882905, 21.286194395807904 ] ], [ [ -98.983901423377731, 21.273061213299634 ], [ -98.984768154097509, 21.270723930657542 ], [ -98.983497093112192, 21.270083618652947 ], [ -98.983901423377731, 21.273061213299634 ] ], [ [ -98.993660089868058, 21.234883540430268 ], [ -98.992381620499302, 21.236970340845524 ], [ -98.99353282040299, 21.240708820275316 ], [ -98.996847800268185, 21.242686339956201 ], [ -98.993660089868058, 21.234883540430268 ] ], [ [ -98.998745040834891, 21.274117341769252 ], [ -99.002836447231644, 21.270754476088932 ], [ -99.000508823423459, 21.27008442602726 ], [ -98.998745040834891, 21.274117341769252 ] ], [ [ -99.002721623666346, 21.218773046040102 ], [ -99.003550064934615, 21.217980602978159 ], [ -99.002398167884067, 21.217671265962956 ], [ -99.002721623666346, 21.218773046040102 ] ], [ [ -99.003344540592138, 21.289061485829031 ], [ -99.002576257612134, 21.292052126899748 ], [ -99.005621104194873, 21.290564119645953 ], [ -99.003344540592138, 21.289061485829031 ] ], [ [ -99.002832332015444, 21.247458440660509 ], [ -99.005703846253169, 21.245833664669199 ], [ -99.003657210228241, 21.24508269376711 ], [ -99.002832332015444, 21.247458440660509 ] ], [ [ -99.011896835227361, 21.281796504981937 ], [ -99.006291575952844, 21.2831721284644 ], [ -99.010226767985728, 21.284579680313524 ], [ -99.015072205253617, 21.279095565848216 ], [ -99.013740924824916, 21.27821691137585 ], [ -99.011896835227361, 21.281796504981937 ] ], [ [ -99.026348158469659, 21.276976604794559 ], [ -99.02783540131756, 21.276528063933387 ], [ -99.029219967041755, 21.278099329283812 ], [ -99.027409985221823, 21.275401301303681 ], [ -99.028968226966725, 21.274002684766455 ], [ -99.026205938583502, 21.272800469689596 ], [ -99.026348158469659, 21.276976604794559 ] ] ], [ [ [ -98.998619085601575, 21.221285988144523 ], [ -98.995784756238109, 21.220382263387325 ], [ -98.995784807563652, 21.218574908445063 ], [ -98.998721245059798, 21.217277615873869 ], [ -98.999902365818386, 21.219434899470318 ], [ -98.998619085601575, 21.221285988144523 ] ] ], [ [ [ -98.908174703046797, 21.143853833262973 ], [ -98.90734616838887, 21.144645843747217 ], [ -98.907023579468486, 21.143543859795741 ], [ -98.908174703046797, 21.143853833262973 ] ] ], [ [ [ -98.919278284856333, 21.182408509325683 ], [ -98.917389210847304, 21.182407596812627 ], [ -98.917390214756949, 21.180600235635417 ], [ -98.919279265809379, 21.180601148063246 ], [ -98.919278284856333, 21.182408509325683 ] ] ], [ [ [ -98.917389210847304, 21.182407596812627 ], [ -98.916443965962998, 21.183667950270127 ], [ -98.915500137903592, 21.182406663192225 ], [ -98.917389210847304, 21.182407596812627 ] ] ], [ [ [ -98.925402444247965, 21.142948466806537 ], [ -98.920910651283521, 21.142876161620126 ], [ -98.92239850789187, 21.141650605952865 ], [ -98.925402444247965, 21.142948466806537 ] ] ], [ [ [ -98.940469769988937, 21.139054946276545 ], [ -98.937126531701708, 21.141223957439951 ], [ -98.935612613629885, 21.140394770437815 ], [ -98.939131671353422, 21.138136333950712 ], [ -98.940469769988937, 21.139054946276545 ] ] ], [ [ [ -98.94228743016474, 21.13884300185547 ], [ -98.9431151424712, 21.139635744719616 ], [ -98.941963737091456, 21.139944699611974 ], [ -98.94228743016474, 21.13884300185547 ] ] ], [ [ [ -98.941963737091456, 21.139944699611974 ], [ -98.94164003921351, 21.141046396595556 ], [ -98.940812326957271, 21.140253646653278 ], [ -98.941963737091456, 21.139944699611974 ] ] ], [ [ [ -98.945119214964976, 21.141555000587328 ], [ -98.945946958356586, 21.142347729422671 ], [ -98.944795536869279, 21.142656703438071 ], [ -98.945119214964976, 21.141555000587328 ] ] ], [ [ [ -98.944795536869279, 21.142656703438071 ], [ -98.944471853969361, 21.14375840551612 ], [ -98.943644111588767, 21.14296566960201 ], [ -98.944795536869279, 21.142656703438071 ] ] ], [ [ [ -98.950784885530211, 21.141556742087754 ], [ -98.951612658169608, 21.142349443287628 ], [ -98.950461249289319, 21.142658455854804 ], [ -98.950784885530211, 21.141556742087754 ] ] ], [ [ [ -98.959459698126594, 21.201212618771358 ], [ -98.96510057350568, 21.197563644711373 ], [ -98.961766827933516, 21.200868747620383 ], [ -98.962316092671315, 21.203742285460951 ], [ -98.959459698126594, 21.201212618771358 ] ] ], [ [ [ -98.964287899120791, 21.202503081749672 ], [ -98.96345972376524, 21.201710474662306 ], [ -98.964611564050244, 21.201401362913849 ], [ -98.964287899120791, 21.202503081749672 ] ] ], [ [ [ -98.963665578916121, 21.206823235999188 ], [ -98.964817311880424, 21.207132837487791 ], [ -98.963988723669502, 21.207925091438238 ], [ -98.963665578916121, 21.206823235999188 ] ] ], [ [ [ -98.964631960064821, 21.211690052811392 ], [ -98.965021056339978, 21.209928220850369 ], [ -98.96813997655947, 21.209141511914432 ], [ -98.968860942966643, 21.213206236638754 ], [ -98.964631960064821, 21.211690052811392 ] ] ], [ [ [ -98.967652773714974, 21.200807650684482 ], [ -98.966824236900507, 21.201599919204043 ], [ -98.966501083829314, 21.200498068354797 ], [ -98.967652773714974, 21.200807650684482 ] ] ], [ [ [ -98.968390966088634, 21.197787394324106 ], [ -98.96954263892853, 21.198096962945488 ], [ -98.968714126350193, 21.198889241018463 ], [ -98.968390966088634, 21.197787394324106 ] ] ], [ [ [ -98.976894231175464, 21.187848287685313 ], [ -98.978045843846019, 21.188157799564969 ], [ -98.977217432971727, 21.188950120361401 ], [ -98.976894231175464, 21.187848287685313 ] ] ], [ [ [ -98.978783505042387, 21.186944854978965 ], [ -98.980845544324694, 21.187324424732211 ], [ -98.980066532595345, 21.190904267292332 ], [ -98.978783505042387, 21.186944854978965 ] ] ], [ [ [ -98.996263322397283, 21.21554392567284 ], [ -98.99794066437714, 21.216540970434654 ], [ -98.995784833224334, 21.217671230377114 ], [ -98.996263322397283, 21.21554392567284 ] ] ], [ [ [ -98.995784833224334, 21.217671230377114 ], [ -98.994900346111464, 21.219347093779486 ], [ -98.993932740717781, 21.218855680897583 ], [ -98.992657343536365, 21.220748653936464 ], [ -98.991244543242559, 21.220013811819204 ], [ -98.992323150168048, 21.217974688525203 ], [ -98.995784833224334, 21.217671230377114 ] ] ], [ [ [ -98.993236091795893, 21.197151048184839 ], [ -98.99405828351297, 21.19995033029635 ], [ -98.991988550401743, 21.19797221392999 ], [ -98.993236091795893, 21.197151048184839 ] ] ], [ [ [ -98.994516341829183, 21.225606182707878 ], [ -98.994839757349339, 21.226707976849333 ], [ -98.993687809758228, 21.226398580713042 ], [ -98.994516341829183, 21.225606182707878 ] ] ], [ [ [ -98.994840322783801, 21.210441779748663 ], [ -98.99599214799882, 21.210751168581719 ], [ -98.995163706733237, 21.211543575240892 ], [ -98.994840322783801, 21.210441779748663 ] ] ], [ [ [ -98.996843590461381, 21.204938048138569 ], [ -98.995284186588663, 21.207113091069463 ], [ -98.994896541383525, 21.204494339319336 ], [ -98.996843590461381, 21.204938048138569 ] ] ], [ [ [ -98.996183170430825, 21.22381846086309 ], [ -98.995784704907152, 21.222189617942878 ], [ -98.997880839642505, 21.222481819120201 ], [ -98.996183170430825, 21.22381846086309 ] ] ], [ [ [ -98.997881584257883, 21.210751202851831 ], [ -98.997053153073381, 21.211543618781146 ], [ -98.996729754140887, 21.210441826904791 ], [ -98.997881584257883, 21.210751202851831 ] ] ], [ [ [ -98.99767452738439, 21.206827128025541 ], [ -98.998826330473634, 21.207136497659661 ], [ -98.99799792449474, 21.207928918564075 ], [ -98.99767452738439, 21.206827128025541 ] ] ], [ [ [ -98.998619136041285, 21.215863921821303 ], [ -98.999771012157964, 21.21617328468518 ], [ -98.998942559837531, 21.216965709374346 ], [ -98.998619136041285, 21.215863921821303 ] ] ], [ [ [ -99.000185198077702, 21.209736287552602 ], [ -98.999356791711079, 21.208943857906384 ], [ -99.00050861260155, 21.208634500727772 ], [ -99.000185198077702, 21.209736287552602 ] ] ], [ [ [ -99.000814891947471, 21.217071182955213 ], [ -99.001453361006497, 21.21315288764978 ], [ -99.002594962255628, 21.213705304145858 ], [ -99.000814891947471, 21.217071182955213 ] ] ], [ [ [ -99.028446080680411, 21.166717802976432 ], [ -99.023949258494326, 21.16658311853401 ], [ -99.022531332615443, 21.162400701537614 ], [ -99.026006625766342, 21.1571226628555 ], [ -99.028446080680411, 21.166717802976432 ] ] ], [ [ [ -99.053906019104602, 21.282108885897038 ], [ -99.053094490800945, 21.283277272563904 ], [ -99.049783681432899, 21.282307520565357 ], [ -99.051547784920089, 21.280920596503034 ], [ -99.053906019104602, 21.282108885897038 ] ] ], [ [ [ -99.061328898042021, 21.03982143339362 ], [ -99.059926274307514, 21.041804560589128 ], [ -99.056742674832449, 21.042116409150939 ], [ -99.058069407413271, 21.038731292228466 ], [ -99.061328898042021, 21.03982143339362 ] ] ] ] } },
{ "type": "Feature", "properties": { "CUENCA": "Golfo Norte", "Prioridad": "Extrema", "Tipo": "Bosque" }, "geometry": { "type": "MultiPolygon", "coordinates": [ [ [ [ -98.645739081904409, 20.210557955805054 ], [ -98.645267198113515, 20.211714517176361 ], [ -98.64480056085084, 20.210556060808269 ], [ -98.642605837767988, 20.211601005122589 ], [ -98.644323505768469, 20.208081300739806 ], [ -98.647471986487204, 20.211353095301142 ], [ -98.645739081904409, 20.210557955805054 ] ] ], [ [ [ -98.645838395438489, 20.216918730916422 ], [ -98.645066037482025, 20.215533434515688 ], [ -98.647341681136851, 20.216435683117645 ], [ -98.645838395438489, 20.216918730916422 ] ] ], [ [ [ -98.703283400635101, 20.239675972494695 ], [ -98.704221721395953, 20.234744620795446 ], [ -98.711250458916595, 20.232531711238405 ], [ -98.714758263575419, 20.233371820736377 ], [ -98.715731570224818, 20.240232482658275 ], [ -98.714636487607081, 20.242857401491154 ], [ -98.716771299707858, 20.245773558044199 ], [ -98.713838988359527, 20.246341177132354 ], [ -98.711925831898768, 20.243141873455574 ], [ -98.712269384259727, 20.240478959329771 ], [ -98.713949095344191, 20.240481705620983 ], [ -98.713503081440152, 20.236330516467913 ], [ -98.707988067395419, 20.23610378342832 ], [ -98.707061613446115, 20.238614452795158 ], [ -98.709682204936485, 20.240311727257225 ], [ -98.7075758913616, 20.244532877909755 ], [ -98.694841551427871, 20.247823112171794 ], [ -98.691525296715554, 20.250309211720555 ], [ -98.683153833322848, 20.250438471838333 ], [ -98.682324712764739, 20.255249541632462 ], [ -98.680314752990085, 20.254421090827318 ], [ -98.678480970765335, 20.255030083642691 ], [ -98.678098181305813, 20.256920738604698 ], [ -98.671066705620518, 20.258038916491749 ], [ -98.670264217466709, 20.262528676263702 ], [ -98.668826939810089, 20.259322250637226 ], [ -98.670050380133674, 20.258479369573671 ], [ -98.669502650485398, 20.256832079673668 ], [ -98.671815150301484, 20.255727230017797 ], [ -98.667526030488986, 20.255529580521348 ], [ -98.665113600311898, 20.256953020460173 ], [ -98.662219046510998, 20.253756073667979 ], [ -98.665186502737072, 20.252183795467232 ], [ -98.664758498208471, 20.250939729493833 ], [ -98.653729524675796, 20.250012969527425 ], [ -98.655069588054218, 20.249466799718725 ], [ -98.654169471166853, 20.243892786018652 ], [ -98.657009770543723, 20.240369868961064 ], [ -98.660309700248362, 20.239146019312923 ], [ -98.661499647551366, 20.236291362850491 ], [ -98.65883545781665, 20.235803112179347 ], [ -98.653936748655127, 20.238729731202351 ], [ -98.647936972819636, 20.238088427370382 ], [ -98.646311651122318, 20.237268015250155 ], [ -98.646318079621707, 20.234003914120102 ], [ -98.64773468441075, 20.233464583896133 ], [ -98.646707321435045, 20.231835982536293 ], [ -98.649708179974326, 20.227619769852904 ], [ -98.650350778974882, 20.223551999820213 ], [ -98.651670822770669, 20.225399274132954 ], [ -98.652929479228618, 20.224962248569167 ], [ -98.652297835384346, 20.227742684384463 ], [ -98.650393329723428, 20.227738900588243 ], [ -98.650389289423657, 20.229546428733595 ], [ -98.652266561534702, 20.229550157349983 ], [ -98.651806518530236, 20.231010973589974 ], [ -98.649448628265532, 20.230448321192487 ], [ -98.652570511988827, 20.234669759650529 ], [ -98.661006201132437, 20.235293475044987 ], [ -98.661643150177909, 20.234087326110334 ], [ -98.668517159138176, 20.233425484135843 ], [ -98.669158203464377, 20.231390343755947 ], [ -98.672003108229816, 20.232194388847056 ], [ -98.672295851534955, 20.231198087824179 ], [ -98.673117344944245, 20.231992184138374 ], [ -98.672178690577098, 20.232244011270769 ], [ -98.678416061194511, 20.234006659518858 ], [ -98.68041830184427, 20.23321874575668 ], [ -98.68583803394533, 20.236435414656821 ], [ -98.68841158066941, 20.236341814690551 ], [ -98.697384474792003, 20.245828723221674 ], [ -98.703283400635101, 20.239675972494695 ] ], [ [ -98.678595691107617, 20.248202367781072 ], [ -98.680273826662088, 20.244434226750997 ], [ -98.67766561211792, 20.243026939017703 ], [ -98.674274637793189, 20.235640193934607 ], [ -98.672086171636906, 20.235441485950837 ], [ -98.670354398578226, 20.237771898828697 ], [ -98.673908201724913, 20.240970900765127 ], [ -98.67346785821465, 20.242172086178581 ], [ -98.669907082813666, 20.245113784340987 ], [ -98.666188795674501, 20.245470430860358 ], [ -98.665745145362536, 20.246899975728834 ], [ -98.67291574974135, 20.248994158516147 ], [ -98.678595691107617, 20.248202367781072 ] ] ], [ [ [ -98.661643150177909, 20.234087326110334 ], [ -98.660499366031118, 20.233775771395432 ], [ -98.661324246278383, 20.232984800370751 ], [ -98.661643150177909, 20.234087326110334 ] ] ], [ [ [ -98.68041830184427, 20.23321874575668 ], [ -98.680960069518051, 20.229109407283545 ], [ -98.678552126166494, 20.227792716809695 ], [ -98.67703156380054, 20.224566160553966 ], [ -98.678884252046529, 20.221998550886081 ], [ -98.682896719721697, 20.226500342257847 ], [ -98.68041830184427, 20.23321874575668 ] ] ], [ [ [ -98.652705365443467, 20.259786365545061 ], [ -98.657288133427585, 20.259645956184578 ], [ -98.651976950644851, 20.262993109772157 ], [ -98.656072920227246, 20.262944740793802 ], [ -98.656732219313952, 20.264278022523364 ], [ -98.648046648682808, 20.263715525492699 ], [ -98.647987358731712, 20.262311264808123 ], [ -98.652705365443467, 20.259786365545061 ] ] ], [ [ [ -98.649211731200666, 20.214257042644615 ], [ -98.651086213367932, 20.214800388489042 ], [ -98.651564416791743, 20.219009786564936 ], [ -98.648802051859249, 20.217891458674018 ], [ -98.649211731200666, 20.214257042644615 ] ] ], [ [ [ -98.651553152936486, 20.2208203989805 ], [ -98.650728289184073, 20.221611323595408 ], [ -98.650409486539772, 20.220508779762881 ], [ -98.651553152936486, 20.2208203989805 ] ] ], [ [ [ -98.660603310752805, 20.219279583502384 ], [ -98.657776353610743, 20.219923130120787 ], [ -98.658908160116482, 20.218552887969508 ], [ -98.660603310752805, 20.219279583502384 ] ] ], [ [ [ -98.660915486056069, 20.231683960805242 ], [ -98.660090610741875, 20.232474929190893 ], [ -98.65977172093811, 20.231372401535801 ], [ -98.660915486056069, 20.231683960805242 ] ] ], [ [ [ -98.666270547950475, 20.164454275303111 ], [ -98.664467742321662, 20.164015654536382 ], [ -98.66468173883365, 20.161664053755146 ], [ -98.660881990280743, 20.159379560748096 ], [ -98.664241643240047, 20.159084968680187 ], [ -98.666270547950475, 20.164454275303111 ] ] ], [ [ [ -98.663880183018136, 20.21621436746501 ], [ -98.663561297707901, 20.215111843844138 ], [ -98.66470495145343, 20.21542337832037 ], [ -98.663880183018136, 20.21621436746501 ] ] ], [ [ [ -98.663561297707901, 20.215111843844138 ], [ -98.662417647664867, 20.214800302877169 ], [ -98.663242415816455, 20.214009320472048 ], [ -98.663561297707901, 20.215111843844138 ] ] ], [ [ [ -98.664683648351939, 20.225364812783514 ], [ -98.663858826606941, 20.226155800190572 ], [ -98.663539922303102, 20.225053277490208 ], [ -98.664683648351939, 20.225364812783514 ] ] ], [ [ [ -98.665105118652235, 20.220735560086254 ], [ -98.664283724719226, 20.219941427568834 ], [ -98.665428738914727, 20.219634265145846 ], [ -98.665105118652235, 20.220735560086254 ] ] ], [ [ [ -98.665065663198263, 20.202790830430782 ], [ -98.667246572052861, 20.203202540516084 ], [ -98.674728510877841, 20.19877685042686 ], [ -98.6777205406474, 20.193003880685517 ], [ -98.680004500108069, 20.193167267450246 ], [ -98.676536182871786, 20.198093834896373 ], [ -98.667338544200319, 20.204273778457939 ], [ -98.666394282835469, 20.206983304134582 ], [ -98.665065663198263, 20.202790830430782 ] ] ], [ [ [ -98.667518083869808, 20.21661757424517 ], [ -98.666373096687181, 20.216924748958728 ], [ -98.66669669880082, 20.215823450966543 ], [ -98.667518083869808, 20.21661757424517 ] ] ], [ [ [ -98.666373096687181, 20.216924748958728 ], [ -98.666049489905703, 20.218026046152712 ], [ -98.665228105114267, 20.217231917941174 ], [ -98.666373096687181, 20.216924748958728 ] ] ], [ [ [ -98.66654931291832, 20.230790984495556 ], [ -98.665724471420191, 20.231581979006116 ], [ -98.665405543451243, 20.230479461839295 ], [ -98.66654931291832, 20.230790984495556 ] ] ], [ [ [ -98.670378231657253, 20.219281653782243 ], [ -98.668244472765778, 20.219639606800662 ], [ -98.668768951272881, 20.218465981721955 ], [ -98.670378231657253, 20.219281653782243 ] ] ], [ [ [ -98.668244472765778, 20.219639606800662 ], [ -98.667720838025048, 20.221760911163578 ], [ -98.666367316445374, 20.219636050712726 ], [ -98.668244472765778, 20.219639606800662 ] ] ], [ [ [ -98.673239335987958, 20.22888481847907 ], [ -98.67292036002948, 20.227782314869501 ], [ -98.674064125588927, 20.228093788592695 ], [ -98.673239335987958, 20.22888481847907 ] ] ], [ [ [ -98.67292036002948, 20.227782314869501 ], [ -98.671608068977747, 20.230246255566932 ], [ -98.66710421240056, 20.229937914198583 ], [ -98.668227223975848, 20.227773508587287 ], [ -98.672241866490538, 20.226832046476957 ], [ -98.67292036002948, 20.227782314869501 ] ] ], [ [ [ -98.668227223975848, 20.227773508587287 ], [ -98.66708347201255, 20.227461995210504 ], [ -98.667908284681175, 20.226670993542221 ], [ -98.668227223975848, 20.227773508587287 ] ] ], [ [ [ -98.670428773820888, 20.207357192209308 ], [ -98.668778780916867, 20.208135292881327 ], [ -98.668271287438358, 20.206986857807951 ], [ -98.670428773820888, 20.207357192209308 ] ] ], [ [ [ -98.675169783013146, 20.220880674991513 ], [ -98.670510886771609, 20.221739911424191 ], [ -98.668301614098681, 20.22359933744638 ], [ -98.671060207517996, 20.219644903311853 ], [ -98.675169783013146, 20.220880674991513 ] ] ], [ [ [ -98.670392326220764, 20.224665138884358 ], [ -98.669545081397331, 20.226214805363458 ], [ -98.66917349608552, 20.224160212704991 ], [ -98.670392326220764, 20.224665138884358 ] ] ], [ [ [ -98.674454486613868, 20.208436823650796 ], [ -98.679137513688119, 20.20733833952503 ], [ -98.679910876729224, 20.209832956893795 ], [ -98.671073503597754, 20.213318528846248 ], [ -98.671497251057247, 20.211318049669654 ], [ -98.674454486613868, 20.208436823650796 ] ] ], [ [ [ -98.671073503597754, 20.213318528846248 ], [ -98.670749937609116, 20.214419835718097 ], [ -98.669928547260227, 20.213625729093561 ], [ -98.671073503597754, 20.213318528846248 ] ] ], [ [ [ -98.672234188413086, 20.205496097254237 ], [ -98.671409510550532, 20.206287123903518 ], [ -98.671090591120375, 20.20518461224674 ], [ -98.672234188413086, 20.205496097254237 ] ] ], [ [ [ -98.673904184739229, 20.2060936290797 ], [ -98.67389853826657, 20.20880493623633 ], [ -98.67218615064084, 20.208468681996894 ], [ -98.673904184739229, 20.2060936290797 ] ] ], [ [ [ -98.674069775052502, 20.225382487340394 ], [ -98.673244999984377, 20.226173519501618 ], [ -98.672926029224669, 20.225071012927579 ], [ -98.674069775052502, 20.225382487340394 ] ] ], [ [ [ -98.675782171619502, 20.207111973072053 ], [ -98.67307643628898, 20.203858034760472 ], [ -98.679979731412203, 20.205292375177983 ], [ -98.675782171619502, 20.207111973072053 ] ] ], [ [ [ -98.676673001837216, 20.228693035226016 ], [ -98.676669265045163, 20.230500569876405 ], [ -98.674791977761799, 20.230497102059843 ], [ -98.674795736249095, 20.22868956774553 ], [ -98.676673001837216, 20.228693035226016 ] ] ], [ [ [ -98.674791977761799, 20.230497102059843 ], [ -98.67446839948407, 20.231598412600118 ], [ -98.673646901151997, 20.230804323410855 ], [ -98.674791977761799, 20.230497102059843 ] ] ], [ [ [ -98.677010338511096, 20.226244804727731 ], [ -98.675249579866843, 20.227092040380931 ], [ -98.67480325199422, 20.225074499806883 ], [ -98.677010338511096, 20.226244804727731 ] ] ], [ [ [ -98.676891214546245, 20.222676389019107 ], [ -98.676066468020366, 20.223467434164405 ], [ -98.675747482519114, 20.222364933083391 ], [ -98.676891214546245, 20.222676389019107 ] ] ], [ [ [ -98.677811197231875, 20.231715785805523 ], [ -98.676986406925622, 20.232506834777517 ], [ -98.676667396498644, 20.231404336158292 ], [ -98.677811197231875, 20.231715785805523 ] ] ], [ [ [ -98.67679206310288, 20.212397508207513 ], [ -98.678343060218324, 20.211194793538375 ], [ -98.683159968647587, 20.21330004930735 ], [ -98.678161068672765, 20.212858209585853 ], [ -98.6773256002555, 20.214119322751344 ], [ -98.67679206310288, 20.212397508207513 ] ] ], [ [ [ -98.677464812496623, 20.200083137182954 ], [ -98.678613363610708, 20.197968345382009 ], [ -98.681428711574824, 20.197973470396029 ], [ -98.682363496805891, 20.199782709787346 ], [ -98.677464812496623, 20.200083137182954 ] ] ], [ [ [ -98.681644844888254, 20.192860565830692 ], [ -98.68082028136665, 20.193651638422647 ], [ -98.680501319798424, 20.192549142610364 ], [ -98.681644844888254, 20.192860565830692 ] ] ], [ [ [ -98.683602532934572, 20.190209702778805 ], [ -98.68195278547951, 20.19098793109136 ], [ -98.681445247495787, 20.189839531257363 ], [ -98.683602532934572, 20.190209702778805 ] ] ], [ [ [ -98.683518032528838, 20.19467149755792 ], [ -98.682693468666116, 20.195462577868518 ], [ -98.682374490371217, 20.194360086357861 ], [ -98.683518032528838, 20.19467149755792 ] ] ], [ [ [ -98.706677978181588, 20.25224041185588 ], [ -98.708415006939461, 20.247469847494997 ], [ -98.71206070108768, 20.247372494870994 ], [ -98.710522498555179, 20.250683282584752 ], [ -98.723726791963713, 20.25205766132127 ], [ -98.738645236037343, 20.25058409465586 ], [ -98.752190357432553, 20.244614715148696 ], [ -98.759038666924653, 20.243754900965563 ], [ -98.764626383482408, 20.245649025604443 ], [ -98.76674984064914, 20.250526415131464 ], [ -98.768192329684439, 20.250946566134665 ], [ -98.768621614257597, 20.255978054516511 ], [ -98.762824030274373, 20.257177399737795 ], [ -98.762169679625018, 20.255608600902885 ], [ -98.760318219618298, 20.255616999690204 ], [ -98.757229489944621, 20.256911260107849 ], [ -98.759918519263977, 20.257713080240119 ], [ -98.757668629533342, 20.25937802992399 ], [ -98.755573000428512, 20.256959620396589 ], [ -98.756132479656259, 20.26223356988832 ], [ -98.757388800711979, 20.262424230665058 ], [ -98.759588480622355, 20.25944625965337 ], [ -98.762218630154763, 20.261313430591837 ], [ -98.76232574978772, 20.264096480082017 ], [ -98.766372819544202, 20.264385820220475 ], [ -98.766660350274989, 20.26667035077681 ], [ -98.769709539162506, 20.266184720206962 ], [ -98.76983564919891, 20.262639059954815 ], [ -98.777025906211051, 20.268038688297484 ], [ -98.784581487828007, 20.268902988385779 ], [ -98.78427896035943, 20.271778666143383 ], [ -98.791053195588546, 20.277541266624212 ], [ -98.7917859630397, 20.27278480945154 ], [ -98.794410357032106, 20.271552829375672 ], [ -98.791489771070658, 20.267845656902772 ], [ -98.793989944161808, 20.26626127007113 ], [ -98.803809719704461, 20.270919619823761 ], [ -98.805174977188017, 20.269440057149467 ], [ -98.802958460499113, 20.267348181941991 ], [ -98.803582691194819, 20.266149352641477 ], [ -98.807086076376407, 20.267166271679425 ], [ -98.812937703180509, 20.264996140074206 ], [ -98.813369468003415, 20.26276151098163 ], [ -98.818216153716165, 20.262088136671739 ], [ -98.817428799867443, 20.264673017283275 ], [ -98.820401968513295, 20.26860301977953 ], [ -98.81492377914384, 20.273122774031656 ], [ -98.814200723252711, 20.277464626607589 ], [ -98.810467629166666, 20.279671981725144 ], [ -98.809063198614282, 20.28525578620981 ], [ -98.806749802315011, 20.286509542933651 ], [ -98.805055936164138, 20.285811342104815 ], [ -98.803580119093226, 20.288929983371705 ], [ -98.797890749349193, 20.292178178521365 ], [ -98.784035420774501, 20.311624768654127 ], [ -98.786292091322608, 20.311613094182999 ], [ -98.786583548950873, 20.313837366915294 ], [ -98.789385149206993, 20.313897650464455 ], [ -98.790003691670563, 20.316101480314789 ], [ -98.792731379116205, 20.315698507508607 ], [ -98.793520122056663, 20.318794124161979 ], [ -98.795145460058635, 20.317427966709705 ], [ -98.794610661119677, 20.315932880420547 ], [ -98.798193401974061, 20.317277063345593 ], [ -98.799809736414474, 20.313272432031091 ], [ -98.802925970324367, 20.313751184311485 ], [ -98.803009847425713, 20.311525616527813 ], [ -98.807173911104087, 20.310842155424989 ], [ -98.808083813458495, 20.313473462796996 ], [ -98.813628166764317, 20.310275217050158 ], [ -98.814011876668829, 20.313833523326181 ], [ -98.820233860055112, 20.318378306117637 ], [ -98.819895045757988, 20.321721691118015 ], [ -98.82213706412513, 20.322186288352832 ], [ -98.824100691158492, 20.324719077841092 ], [ -98.820449920655378, 20.325650244352985 ], [ -98.820369309634884, 20.330034201785541 ], [ -98.8098375160057, 20.32920652813403 ], [ -98.806323050984332, 20.334714831788084 ], [ -98.804197477123722, 20.332815370237029 ], [ -98.805927003039287, 20.340374232127839 ], [ -98.80145418617974, 20.344941958171209 ], [ -98.802967322709435, 20.346657758176409 ], [ -98.804145023033854, 20.344758634865016 ], [ -98.8061314912527, 20.34597397866105 ], [ -98.807923724417492, 20.350028396306172 ], [ -98.804245246481216, 20.35457513868446 ], [ -98.803195796522104, 20.358924650766042 ], [ -98.802823374830737, 20.355816377928832 ], [ -98.799678016415612, 20.354098713464907 ], [ -98.801769964798936, 20.358343451866702 ], [ -98.797266544138182, 20.365182149709213 ], [ -98.800264519737738, 20.36840228250292 ], [ -98.801635772589307, 20.36707736495508 ], [ -98.803987277189279, 20.368626118938021 ], [ -98.803756182311204, 20.371078781546135 ], [ -98.811091645014841, 20.375724058928885 ], [ -98.80943884690997, 20.377914690001891 ], [ -98.813295247311046, 20.379153922411131 ], [ -98.811277026747049, 20.381867754651729 ], [ -98.81448781638322, 20.384657219535825 ], [ -98.813410369857579, 20.386269954893837 ], [ -98.815941378713021, 20.388228263795501 ], [ -98.815657196491841, 20.389507918995083 ], [ -98.809023232427123, 20.388821741322992 ], [ -98.800397205789125, 20.398250452463849 ], [ -98.796229634164646, 20.386027402740662 ], [ -98.791023470081399, 20.38022515193936 ], [ -98.78651975205868, 20.378680994139241 ], [ -98.78457405199353, 20.375957758322706 ], [ -98.786510494670409, 20.372594335907941 ], [ -98.784829106999396, 20.368669733054137 ], [ -98.78553823909526, 20.366151172716684 ], [ -98.792331290985203, 20.365138684894802 ], [ -98.790937722241097, 20.361849521142997 ], [ -98.794568233752614, 20.357996234699179 ], [ -98.790538587620333, 20.345080350074852 ], [ -98.791265373889345, 20.341757806907044 ], [ -98.798787010735595, 20.337537613341201 ], [ -98.799882846559456, 20.333187047021376 ], [ -98.809996514658977, 20.325955114259184 ], [ -98.812016712595394, 20.320408490414788 ], [ -98.806685333496915, 20.319887857232715 ], [ -98.798509878627172, 20.322838345445476 ], [ -98.79298176851178, 20.322603338919716 ], [ -98.790650375321135, 20.324412419801963 ], [ -98.790549035138781, 20.327569028716081 ], [ -98.786433057610296, 20.326372657251056 ], [ -98.785057682109525, 20.324464878900535 ], [ -98.780468561749529, 20.32699362445662 ], [ -98.780930627734861, 20.324244886796475 ], [ -98.77771714126645, 20.323920566058646 ], [ -98.776286097409866, 20.32637210362952 ], [ -98.777346849490968, 20.328969448330646 ], [ -98.784633434067487, 20.329165692213795 ], [ -98.786416194498642, 20.332344011582855 ], [ -98.789172554494883, 20.330768448096421 ], [ -98.789887422799609, 20.33640379676898 ], [ -98.786271750726812, 20.338828015495373 ], [ -98.78334404650802, 20.335064791207774 ], [ -98.778360374932163, 20.335065272382867 ], [ -98.776512550335141, 20.332404182699573 ], [ -98.772786066417623, 20.338559919403586 ], [ -98.766891578312922, 20.334013963064127 ], [ -98.76712220922181, 20.330399765957132 ], [ -98.763983753608784, 20.329044424761779 ], [ -98.763237425982368, 20.325875439354302 ], [ -98.760352844646789, 20.324063408725348 ], [ -98.761156596836969, 20.322923496055527 ], [ -98.759125292911776, 20.32071748905771 ], [ -98.755359528095212, 20.321074801144793 ], [ -98.748196519510913, 20.318061970311437 ], [ -98.744878849996368, 20.314509919848973 ], [ -98.739553059793778, 20.315587920203335 ], [ -98.73022651003464, 20.312173740039746 ], [ -98.729819198902661, 20.311324777203065 ], [ -98.735564334950197, 20.313484837786504 ], [ -98.737577497805432, 20.312934519822168 ], [ -98.740317108714933, 20.307972317269538 ], [ -98.735251268522305, 20.300561466863719 ], [ -98.737049129170146, 20.297769033242052 ], [ -98.733773607518742, 20.297156732413214 ], [ -98.73609387418621, 20.29103998910891 ], [ -98.731863470935778, 20.288178148926008 ], [ -98.730035719569358, 20.281667873278174 ], [ -98.728186975642103, 20.281887241979462 ], [ -98.73025791984999, 20.279669489991779 ], [ -98.728723690284767, 20.277380680341835 ], [ -98.729155770239998, 20.279324289917778 ], [ -98.726557749548022, 20.281218180107274 ], [ -98.723031230066084, 20.279471880508396 ], [ -98.724500365632679, 20.28091363236479 ], [ -98.715980995869842, 20.279930031097127 ], [ -98.715139616491498, 20.278269697518624 ], [ -98.709605463835018, 20.2784327547731 ], [ -98.706451045181907, 20.274296086762757 ], [ -98.708256315110148, 20.276678945792842 ], [ -98.707110256655326, 20.279461454380797 ], [ -98.708581420881799, 20.280932057201777 ], [ -98.70683416338494, 20.28202513417753 ], [ -98.707927339822604, 20.282727378161042 ], [ -98.703046674766796, 20.281437354093299 ], [ -98.701904816103621, 20.27888881694269 ], [ -98.699402426577535, 20.279313503812148 ], [ -98.689534758463282, 20.285997458455633 ], [ -98.684667734274342, 20.286921196564162 ], [ -98.682387149565855, 20.283585922310362 ], [ -98.684287735249214, 20.281862273092106 ], [ -98.689086447630146, 20.281644613252848 ], [ -98.699819015091748, 20.276125906479347 ], [ -98.699631756744168, 20.272867382363227 ], [ -98.696858900340118, 20.273350772673069 ], [ -98.693602889325291, 20.277385639576217 ], [ -98.691430310808329, 20.27561811083077 ], [ -98.692930461130857, 20.270184342489351 ], [ -98.689948964132185, 20.267508387812804 ], [ -98.690600991633488, 20.261087983518898 ], [ -98.693245313525139, 20.258480680887271 ], [ -98.696311735902668, 20.258755606636914 ], [ -98.693804686691834, 20.267154132517472 ], [ -98.699812719430412, 20.264758168017206 ], [ -98.703538362657696, 20.265892290445588 ], [ -98.704283292574885, 20.263720312567965 ], [ -98.708074335796539, 20.264339318805323 ], [ -98.709720015242198, 20.262042532426722 ], [ -98.709892497876595, 20.256268458427005 ], [ -98.706677978181588, 20.25224041185588 ] ], [ [ -98.734122890078069, 20.272959460717676 ], [ -98.730429999617044, 20.270899799743649 ], [ -98.729479689989461, 20.274000980880519 ], [ -98.734122890078069, 20.272959460717676 ] ], [ [ -98.751336394235068, 20.286493006327124 ], [ -98.746277928302788, 20.281895741509803 ], [ -98.749637375108676, 20.280901898425803 ], [ -98.749954979025915, 20.279585029641741 ], [ -98.746792054610154, 20.279203303820545 ], [ -98.745601837935013, 20.276434134003228 ], [ -98.746849305515738, 20.273523859400353 ], [ -98.749471341699959, 20.273208664673902 ], [ -98.750353567479024, 20.27029339388374 ], [ -98.746884776890241, 20.269849573791404 ], [ -98.74248190733438, 20.271175840321259 ], [ -98.743357109243632, 20.275547068796619 ], [ -98.74139347886657, 20.276958447630456 ], [ -98.741919547839487, 20.279262181653099 ], [ -98.735247985515457, 20.278687041333164 ], [ -98.735978472130029, 20.284666311569801 ], [ -98.744743678205111, 20.294115476973388 ], [ -98.746691489108244, 20.292206475227935 ], [ -98.745573663585006, 20.293950185423107 ], [ -98.747170629489162, 20.293641687274782 ], [ -98.751336394235068, 20.286493006327124 ] ], [ [ -98.741814870419347, 20.254868550634146 ], [ -98.741398227441607, 20.261694345116982 ], [ -98.745245391072658, 20.261682130808666 ], [ -98.747282733867252, 20.258892546755941 ], [ -98.749724652173171, 20.25846182973136 ], [ -98.750295868190278, 20.255886866948259 ], [ -98.747939525031043, 20.252358732993276 ], [ -98.741814870419347, 20.254868550634146 ] ], [ [ -98.749393450411674, 20.308062549478247 ], [ -98.754235416971312, 20.306547943509056 ], [ -98.754140237956562, 20.30374969683297 ], [ -98.751775054049943, 20.304254142146196 ], [ -98.749409870472505, 20.302840742016141 ], [ -98.748017884851379, 20.304197035634218 ], [ -98.74458908158914, 20.301817574541008 ], [ -98.744536733874085, 20.305603297505026 ], [ -98.749393450411674, 20.308062549478247 ] ], [ [ -98.752721140340739, 20.29307580671642 ], [ -98.754118114025104, 20.291021629550499 ], [ -98.748399020832721, 20.295989557311664 ], [ -98.752348088868203, 20.298523574511073 ], [ -98.753991574077972, 20.302449800309354 ], [ -98.758217394238613, 20.303935669321081 ], [ -98.764454814909939, 20.300508519958921 ], [ -98.767063772874096, 20.292211559745116 ], [ -98.763669527106302, 20.291941478947273 ], [ -98.761749899073266, 20.290308784134787 ], [ -98.762383220873147, 20.288283541666011 ], [ -98.757537520466272, 20.292006652056553 ], [ -98.755990970513082, 20.292506586426089 ], [ -98.756779249273436, 20.290762350881614 ], [ -98.752721140340739, 20.29307580671642 ] ], [ [ -98.775935859575085, 20.282873615951281 ], [ -98.771941503680054, 20.28208079549055 ], [ -98.769727232004811, 20.284235498996036 ], [ -98.770355157772883, 20.287226659761835 ], [ -98.774030848829483, 20.28899289540259 ], [ -98.782228042958465, 20.288400815956074 ], [ -98.78464309770861, 20.284870393287985 ], [ -98.780264939080823, 20.281316917695094 ], [ -98.775935859575085, 20.282873615951281 ] ], [ [ -98.783939573679078, 20.303953196406901 ], [ -98.783509567197768, 20.300102312148578 ], [ -98.782268063836895, 20.297732533988533 ], [ -98.775362878875626, 20.297134381474617 ], [ -98.77356786377203, 20.299639899586762 ], [ -98.773355047576217, 20.309973719119068 ], [ -98.776638551782582, 20.313801307087246 ], [ -98.783939573679078, 20.303953196406901 ] ], [ [ -98.800435793653037, 20.34336814496795 ], [ -98.796670322849081, 20.342748201977962 ], [ -98.799089942504992, 20.345875235633699 ], [ -98.798767557354154, 20.347956436358476 ], [ -98.801084846981553, 20.347629665846011 ], [ -98.800435793653037, 20.34336814496795 ] ], [ [ -98.811922305719065, 20.3288994376617 ], [ -98.811099593202343, 20.328105989186778 ], [ -98.810776763789306, 20.329207547177184 ], [ -98.811922305719065, 20.3288994376617 ] ] ], [ [ [ -98.685319838651935, 20.232014484084321 ], [ -98.684174771485857, 20.232321774191359 ], [ -98.684498282296019, 20.231220444041277 ], [ -98.685319838651935, 20.232014484084321 ] ] ], [ [ [ -98.684174771485857, 20.232321774191359 ], [ -98.683790156413835, 20.234399467093048 ], [ -98.682982008517172, 20.232810674342407 ], [ -98.684174771485857, 20.232321774191359 ] ] ], [ [ [ -98.68445042851954, 20.197669573057542 ], [ -98.683305611017659, 20.197976862022131 ], [ -98.683629054277446, 20.196875528312653 ], [ -98.68445042851954, 20.197669573057542 ] ] ], [ [ [ -98.685394892797362, 20.194674866348503 ], [ -98.6845703382605, 20.19546595558857 ], [ -98.684251346701842, 20.194363467307234 ], [ -98.685394892797362, 20.194674866348503 ] ] ], [ [ [ -98.685324049354762, 20.229921873234087 ], [ -98.684499306119889, 20.230712957402346 ], [ -98.684180246944962, 20.229610472453942 ], [ -98.685324049354762, 20.229921873234087 ] ] ], [ [ [ -98.684810471857801, 20.215908687079427 ], [ -98.686188901332784, 20.218235156222775 ], [ -98.684483182009131, 20.217653482722024 ], [ -98.684810471857801, 20.215908687079427 ] ] ], [ [ [ -98.688226882384427, 20.215673243866863 ], [ -98.691026196874844, 20.213252899850787 ], [ -98.691474502225532, 20.216043603361186 ], [ -98.688226882384427, 20.215673243866863 ] ] ], [ [ [ -98.750154213815378, 20.435529912379888 ], [ -98.750511394615216, 20.430753151857786 ], [ -98.748287157209504, 20.426294098410597 ], [ -98.757785948227323, 20.423937288141644 ], [ -98.763900470639385, 20.429693873785947 ], [ -98.768180110286863, 20.437372850225021 ], [ -98.75369477038798, 20.439835289479529 ], [ -98.754833158008054, 20.435904983055348 ], [ -98.752746607359668, 20.434329688442784 ], [ -98.750154213815378, 20.435529912379888 ] ] ], [ [ [ -98.756342365736842, 20.367743492727381 ], [ -98.758860473051485, 20.370620580458521 ], [ -98.759283085994952, 20.374041940194811 ], [ -98.763834904346254, 20.379047667657666 ], [ -98.763958097589381, 20.382206164383195 ], [ -98.761830797887612, 20.384161553800709 ], [ -98.757615446213748, 20.382093525770163 ], [ -98.75220442925098, 20.372713822673543 ], [ -98.753827207235744, 20.372620484953291 ], [ -98.753123392917573, 20.368794140656881 ], [ -98.756342365736842, 20.367743492727381 ] ] ], [ [ [ -98.75792142790128, 20.3507870701856 ], [ -98.75705902317263, 20.347045207536894 ], [ -98.752646372974837, 20.340968433599119 ], [ -98.753982704009189, 20.336677713293028 ], [ -98.756164004520699, 20.337046840503117 ], [ -98.757516542422621, 20.335683942742577 ], [ -98.75968952921346, 20.336801157165411 ], [ -98.760425209765302, 20.340714878389075 ], [ -98.764784873137415, 20.341683584706939 ], [ -98.767043529799096, 20.3463124266957 ], [ -98.762046129931022, 20.348777088114556 ], [ -98.763636408690388, 20.349370458567623 ], [ -98.763886793305872, 20.351762437612219 ], [ -98.764216476794914, 20.349995868357119 ], [ -98.767049360230672, 20.351852747968362 ], [ -98.766486800730576, 20.354234221159079 ], [ -98.768665573115143, 20.355274350318318 ], [ -98.767532414071198, 20.358480579893168 ], [ -98.763128891753524, 20.352511453394392 ], [ -98.75792142790128, 20.3507870701856 ] ] ], [ [ [ -98.796970998359228, 20.403310417537096 ], [ -98.792383628974619, 20.405101462660227 ], [ -98.791654077414407, 20.410683862230041 ], [ -98.785468261791493, 20.414397061280951 ], [ -98.773797306355462, 20.41091260185161 ], [ -98.772847816936974, 20.43272721665987 ], [ -98.771647060683151, 20.432312223975185 ], [ -98.770910275286568, 20.429719239343601 ], [ -98.76673225154785, 20.426970377167336 ], [ -98.770724811751663, 20.423686396377491 ], [ -98.770160817717979, 20.412253370922659 ], [ -98.773476983358464, 20.409536612537217 ], [ -98.781154185203491, 20.411701720905185 ], [ -98.782719351667069, 20.410343269903588 ], [ -98.778346545449267, 20.407813798484788 ], [ -98.777778539240273, 20.405910466807065 ], [ -98.783367343077032, 20.401209823944889 ], [ -98.785236699756894, 20.39372768726534 ], [ -98.787773318231316, 20.393061356745292 ], [ -98.794559594362241, 20.400146376764145 ], [ -98.800157978484449, 20.398529388368718 ], [ -98.796970998359228, 20.403310417537096 ] ] ], [ [ [ -98.785089408386597, 20.179618958890433 ], [ -98.791553315676367, 20.182677636747503 ], [ -98.796966632934641, 20.175450693696359 ], [ -98.799041460902174, 20.176357819229995 ], [ -98.803088149533082, 20.173046568596579 ], [ -98.809677349622262, 20.176274649543039 ], [ -98.806295399779728, 20.178244380215567 ], [ -98.809511509875392, 20.178783489841202 ], [ -98.808694049502691, 20.179986489603689 ], [ -98.803178709308781, 20.178985061044543 ], [ -98.801379460604466, 20.179897400514903 ], [ -98.803059752966945, 20.18181833256968 ], [ -98.802929389316574, 20.184152665710563 ], [ -98.800449819769071, 20.18544122028182 ], [ -98.801891185063297, 20.186042654618781 ], [ -98.792815019385358, 20.186995164772942 ], [ -98.792001216769407, 20.190428831240595 ], [ -98.799528198389666, 20.189080429205504 ], [ -98.80370686799516, 20.195383145162079 ], [ -98.801744382793672, 20.197025891484319 ], [ -98.801481792447689, 20.200008139356843 ], [ -98.799212571990694, 20.20141483344899 ], [ -98.794822407622419, 20.199988496643762 ], [ -98.79329076840088, 20.200772976955193 ], [ -98.795293068513061, 20.203034963040253 ], [ -98.797737374170325, 20.203062706693341 ], [ -98.799485597994661, 20.206526644782691 ], [ -98.794532988876881, 20.207444220849833 ], [ -98.790217830551271, 20.211090183929883 ], [ -98.793394078194012, 20.212456393522441 ], [ -98.792821754720464, 20.214308660984003 ], [ -98.78978072784976, 20.215560265706287 ], [ -98.786030097857633, 20.214623543407949 ], [ -98.785153847898513, 20.218842140357609 ], [ -98.780467140590375, 20.219493840272367 ], [ -98.780735847092245, 20.221428618768069 ], [ -98.788383181751811, 20.222739566924076 ], [ -98.786974571136327, 20.219050329793095 ], [ -98.791956494776628, 20.221122030648637 ], [ -98.791508420310535, 20.223348201157279 ], [ -98.793986526462547, 20.223621701612213 ], [ -98.793233756601268, 20.220607107913587 ], [ -98.79481495492638, 20.220092530262509 ], [ -98.793662535155363, 20.218140212597017 ], [ -98.795551171093763, 20.214929063017017 ], [ -98.797789947442581, 20.215376288200574 ], [ -98.795241379668198, 20.219404451004582 ], [ -98.796272282643372, 20.221751694926205 ], [ -98.799686129174205, 20.219785301360513 ], [ -98.801315456527476, 20.221583070407171 ], [ -98.808391289627281, 20.220285308612315 ], [ -98.815473788791849, 20.22329253561297 ], [ -98.818108550269272, 20.222437061863126 ], [ -98.818907108328247, 20.216370995756357 ], [ -98.812893408398011, 20.2149002702735 ], [ -98.813813501217993, 20.21325750726109 ], [ -98.818294048834886, 20.21229809983264 ], [ -98.816523455386374, 20.210221646358111 ], [ -98.812680798200404, 20.210922735162647 ], [ -98.809714128947874, 20.208594239845066 ], [ -98.805730880650628, 20.211269543054794 ], [ -98.803755885035315, 20.210836987022066 ], [ -98.803069295359649, 20.213023886191039 ], [ -98.80732557819357, 20.212024430785544 ], [ -98.809145049207316, 20.215397577775853 ], [ -98.812145088194413, 20.216512576522977 ], [ -98.811042010876463, 20.217587295787848 ], [ -98.805651648418788, 20.213887483901502 ], [ -98.803485626478036, 20.214279572056885 ], [ -98.805573794199276, 20.215393660202686 ], [ -98.804623186305378, 20.216038147005907 ], [ -98.800560624167574, 20.213989367962608 ], [ -98.796039330678283, 20.214199357256888 ], [ -98.799118596024314, 20.212696642522914 ], [ -98.801890697961511, 20.213703965543413 ], [ -98.802348362823906, 20.2123058090169 ], [ -98.797941973744258, 20.211834572416951 ], [ -98.79912269153705, 20.20950480397245 ], [ -98.802805568635762, 20.211266283873172 ], [ -98.802656136214026, 20.209257764504301 ], [ -98.806128226531953, 20.208711511822404 ], [ -98.807794695491225, 20.204841701720756 ], [ -98.801576013685533, 20.204254015320625 ], [ -98.807301780999595, 20.196514760147739 ], [ -98.816737136403987, 20.192555668894197 ], [ -98.822094957273976, 20.193476730541899 ], [ -98.827404920866826, 20.191401695857014 ], [ -98.82327759937003, 20.19813870368084 ], [ -98.824535919385639, 20.199400324207712 ], [ -98.823194339015615, 20.207315692290859 ], [ -98.824108635513213, 20.214176871044671 ], [ -98.821978359970686, 20.216194818242638 ], [ -98.824034432756676, 20.220892700971966 ], [ -98.819693622802561, 20.220705299245097 ], [ -98.819502380191949, 20.221810890435545 ], [ -98.822249966021843, 20.222441302799545 ], [ -98.821427228117017, 20.224167152007077 ], [ -98.817246724885322, 20.223488406330514 ], [ -98.813274443195837, 20.225394190590482 ], [ -98.81610114989887, 20.227665858717309 ], [ -98.817606152521464, 20.226611284375316 ], [ -98.817218999906515, 20.22921172186723 ], [ -98.815629601555671, 20.229163572042879 ], [ -98.813928906257075, 20.231804152736128 ], [ -98.815199401835756, 20.235513581044401 ], [ -98.811984131968515, 20.242543801832849 ], [ -98.812972671859924, 20.245657867076677 ], [ -98.814822797490152, 20.246626368904764 ], [ -98.814536400691892, 20.24870995295673 ], [ -98.812465117757569, 20.249525064445109 ], [ -98.812946600207056, 20.251504814640263 ], [ -98.811307800589049, 20.252344089316029 ], [ -98.812276122749054, 20.253196276741544 ], [ -98.810200625963105, 20.256814827321445 ], [ -98.813304458800687, 20.261215602226972 ], [ -98.810354288424364, 20.263462241821202 ], [ -98.808327861581077, 20.263101405701754 ], [ -98.809979651387351, 20.260782876026997 ], [ -98.808418386186048, 20.259959977576436 ], [ -98.806177065962615, 20.260887476304081 ], [ -98.798106755145554, 20.25955327192041 ], [ -98.799032822669986, 20.256605547518369 ], [ -98.802128853142818, 20.256579368207287 ], [ -98.806155954009185, 20.252555686479663 ], [ -98.804690174507584, 20.252051422866124 ], [ -98.802385680235787, 20.253830144030243 ], [ -98.799473225534484, 20.252957759531039 ], [ -98.799413049434833, 20.250599078193488 ], [ -98.801736550581253, 20.249433046234905 ], [ -98.797752555273078, 20.247451179320571 ], [ -98.795479673617123, 20.244356897910134 ], [ -98.801487864868164, 20.244884250060043 ], [ -98.79857442588721, 20.239570977560923 ], [ -98.795660372081983, 20.239366698536237 ], [ -98.793148564696409, 20.240943408284373 ], [ -98.784725422407277, 20.238807053607669 ], [ -98.770397859708538, 20.238933968844062 ], [ -98.767736748002463, 20.235951606031005 ], [ -98.770399015360866, 20.221991485168033 ], [ -98.776660299995768, 20.214723047488718 ], [ -98.77831649013325, 20.21787728871243 ], [ -98.774959446172659, 20.218590285467172 ], [ -98.773736046843823, 20.22183992051222 ], [ -98.779452796835329, 20.22181337372621 ], [ -98.779138146149563, 20.218954223664017 ], [ -98.781748904514231, 20.21702388802316 ], [ -98.779503505271592, 20.21689504721601 ], [ -98.777189289983625, 20.21456100810472 ], [ -98.782289828080494, 20.205726711124157 ], [ -98.783226747086943, 20.190397154156727 ], [ -98.780042032535462, 20.177118364766528 ], [ -98.777762042291329, 20.173169829078013 ], [ -98.779528066505748, 20.176149841017626 ], [ -98.782143949499343, 20.175839776744731 ], [ -98.785089408386597, 20.179618958890433 ] ], [ [ -98.794546023983855, 20.234280032324907 ], [ -98.789991759279431, 20.230305769407213 ], [ -98.788977315558014, 20.231213090224308 ], [ -98.78969039233472, 20.234804836447864 ], [ -98.792149336141549, 20.237490012616821 ], [ -98.795378526621093, 20.237468099847089 ], [ -98.799562130688599, 20.233855471697993 ], [ -98.802334310459017, 20.240072463063278 ], [ -98.804276346719163, 20.240440965751251 ], [ -98.807631090463431, 20.240194621160246 ], [ -98.809098314672468, 20.234413512177358 ], [ -98.805155421169758, 20.227423027997848 ], [ -98.802193158848553, 20.231405166372131 ], [ -98.798574550185506, 20.229993048648431 ], [ -98.797890778190904, 20.233471013304474 ], [ -98.794546023983855, 20.234280032324907 ] ] ], [ [ [ -98.798520854486895, 20.364440689223684 ], [ -98.802986198622733, 20.364671940682463 ], [ -98.801622980156012, 20.366978756556421 ], [ -98.798520854486895, 20.364440689223684 ] ] ], [ [ [ -98.818027812076863, 20.168806209419479 ], [ -98.820616541905849, 20.168945432788021 ], [ -98.821805641029414, 20.166803974976677 ], [ -98.829203506778924, 20.169792695527665 ], [ -98.831143217283241, 20.172169599263167 ], [ -98.83157442897722, 20.175448747168073 ], [ -98.830127245815873, 20.176708202784294 ], [ -98.832470710849563, 20.181016689320543 ], [ -98.831345927338049, 20.181445977394368 ], [ -98.83034577570038, 20.179020638112153 ], [ -98.82928041643224, 20.180698023087881 ], [ -98.826410913129436, 20.178830308119775 ], [ -98.824023488012273, 20.180678496164131 ], [ -98.824952324646844, 20.178857554473581 ], [ -98.82369273193143, 20.177565207734073 ], [ -98.821957143312645, 20.180705107593116 ], [ -98.822856443847385, 20.178152530003324 ], [ -98.82133762682416, 20.177706285742548 ], [ -98.821318936585783, 20.181253536234223 ], [ -98.818749854634405, 20.182939123185864 ], [ -98.820207312291416, 20.18427560789015 ], [ -98.817828587827563, 20.185472636878231 ], [ -98.817841379183008, 20.182622619496069 ], [ -98.812649060140075, 20.180496310518475 ], [ -98.81288582004359, 20.177474849716127 ], [ -98.810566320522781, 20.175284550307989 ], [ -98.81356516978164, 20.174362490148262 ], [ -98.811500713254404, 20.174227638820138 ], [ -98.816343846303624, 20.172194074816442 ], [ -98.818027812076863, 20.168806209419479 ] ] ], [ [ [ -98.834971418694309, 20.182175130830846 ], [ -98.83920236489422, 20.185605932640225 ], [ -98.834756581811504, 20.187593891872389 ], [ -98.828853930544625, 20.186667005621057 ], [ -98.824426508951746, 20.187963222360711 ], [ -98.821847582849429, 20.185498004178687 ], [ -98.827220608407444, 20.185042384936658 ], [ -98.830287397004966, 20.182264369375829 ], [ -98.834971418694309, 20.182175130830846 ] ] ], [ [ [ -98.949117780674186, 20.526007015882083 ], [ -98.950516627045033, 20.527193045683386 ], [ -98.951649769007744, 20.525910154536721 ], [ -98.953422474940822, 20.528879821009966 ], [ -98.956829709044712, 20.530459444727736 ], [ -98.957065924634662, 20.533695288489657 ], [ -98.958987748590744, 20.533800091395527 ], [ -98.961091288499532, 20.541891246208912 ], [ -98.962864108131697, 20.542887381200966 ], [ -98.961939027119683, 20.5446722160689 ], [ -98.96387782077052, 20.545551057808261 ], [ -98.961984232303195, 20.548004140645403 ], [ -98.96330444679856, 20.549038181948145 ], [ -98.961065570556642, 20.556040816602188 ], [ -98.958311001801931, 20.557104479792507 ], [ -98.956676903602258, 20.562193448975343 ], [ -98.957867836695968, 20.565019891436833 ], [ -98.956939010771237, 20.572469782157398 ], [ -98.953092402562433, 20.572498319928503 ], [ -98.949817390427881, 20.57057016761074 ], [ -98.946573206671815, 20.572712926770421 ], [ -98.932081996047543, 20.51837831060989 ], [ -98.923402080565566, 20.519017822977442 ], [ -98.920259429964588, 20.510360830911019 ], [ -98.920764372067268, 20.506791060360005 ], [ -98.923730615195524, 20.502848244005364 ], [ -98.927010952756916, 20.504030872315443 ], [ -98.933424882472806, 20.52039829740135 ], [ -98.936208382779313, 20.522493191965033 ], [ -98.935997794998698, 20.525303424052499 ], [ -98.939224855691236, 20.52505304927363 ], [ -98.940187089762858, 20.529919169832333 ], [ -98.949117780674186, 20.526007015882083 ] ] ], [ [ [ -98.937481573659753, 20.504962347424915 ], [ -98.948761628350752, 20.51706885212004 ], [ -98.948240877134467, 20.519078090996146 ], [ -98.942663446965, 20.518628167017052 ], [ -98.939888717951618, 20.51677312992387 ], [ -98.941904239127823, 20.513770887232024 ], [ -98.937481573659753, 20.504962347424915 ] ] ], [ [ [ -98.986767191508505, 21.009920061290778 ], [ -98.984544008232433, 21.011035019736326 ], [ -98.985412867547737, 21.00891853982516 ], [ -98.986767191508505, 21.009920061290778 ] ] ], [ [ [ -99.020335880336731, 21.003057191447873 ], [ -99.017819507067927, 21.004234754675053 ], [ -99.017488933324117, 21.000784963174358 ], [ -99.020335880336731, 21.003057191447873 ] ] ], [ [ [ -99.04207291120909, 21.000488180750157 ], [ -99.043301319395795, 21.001886511155444 ], [ -99.042017588375444, 21.002588077455236 ], [ -99.038844286974566, 21.000467500992198 ], [ -99.040875383564853, 20.999691350421248 ], [ -99.037199891717407, 20.997133689540007 ], [ -99.032104370641932, 20.9947815982575 ], [ -99.033131219647274, 20.993318848447206 ], [ -99.037631446382264, 20.995225489167378 ], [ -99.042228719036899, 20.993012122071203 ], [ -99.046222229213924, 20.995399045909775 ], [ -99.049363491500316, 20.999893981775514 ], [ -99.049628919149214, 20.988839202539413 ], [ -99.047437414940518, 20.987765122948545 ], [ -99.041819942566505, 20.990066457066817 ], [ -99.037577087445385, 20.981317578985514 ], [ -99.034060708308758, 20.980595723776343 ], [ -99.031488149222071, 20.983039461694084 ], [ -99.029979097419115, 20.982384805789959 ], [ -99.033053707307317, 20.981317283240539 ], [ -99.03017402231508, 20.980521682158113 ], [ -99.029571585851897, 20.979390605150691 ], [ -99.032783079663957, 20.97904090997282 ], [ -99.029881940199743, 20.976292859971235 ], [ -99.032265349937163, 20.97630920009329 ], [ -99.031377295993167, 20.974937581720933 ], [ -99.034054157969905, 20.972870732727646 ], [ -99.033734942149124, 20.968208941691532 ], [ -99.036852469420126, 20.966415274482177 ], [ -99.03914215141927, 20.962410348324592 ], [ -99.038553323294579, 20.960585882380453 ], [ -99.052955353156847, 20.956476657906109 ], [ -99.054497848161361, 20.958154448466857 ], [ -99.053857183533538, 20.962296418776781 ], [ -99.055292337888432, 20.963105216748705 ], [ -99.058780119791365, 20.961425446432489 ], [ -99.057518541446882, 20.959236815827364 ], [ -99.063018091364654, 20.960962908908868 ], [ -99.06601718087839, 20.96780625883444 ], [ -99.066912940426135, 20.97429954235503 ], [ -99.061835775447051, 20.978815935166974 ], [ -99.056728994682132, 20.97333454515368 ], [ -99.051431124163173, 20.972369642174662 ], [ -99.050088623978326, 20.976722424511173 ], [ -99.057991391334085, 20.979936049702815 ], [ -99.05594764393399, 20.98318466245119 ], [ -99.058049125034572, 20.986316745139415 ], [ -99.057107199415142, 20.98993187062166 ], [ -99.059937165595699, 20.989930898245024 ], [ -99.06528095153692, 20.99894677750385 ], [ -99.073292914487183, 21.000562968211593 ], [ -99.068369208309946, 21.010058167193165 ], [ -99.070330311552738, 21.016433904879893 ], [ -99.04207291120909, 21.000488180750157 ] ], [ [ -99.065764200054815, 21.004877720783643 ], [ -99.062978519351702, 21.004934619891895 ], [ -99.060149690172764, 21.007378340190545 ], [ -99.061385680099932, 21.00825362014961 ], [ -99.063870430323135, 21.005408220384194 ], [ -99.065764200054815, 21.004877720783643 ] ] ], [ [ [ -99.042017588375444, 21.002588077455236 ], [ -99.042532163792828, 21.00758665172312 ], [ -99.039815264060238, 21.009829928056973 ], [ -99.036360681648588, 21.017048574481038 ], [ -99.034473697330924, 21.017048967280228 ], [ -99.033590883054217, 21.014658290686423 ], [ -99.035974143521841, 21.012161047560848 ], [ -99.036743925903849, 21.008380612277353 ], [ -99.039746793204614, 21.007641709572308 ], [ -99.042017588375444, 21.002588077455236 ] ] ], [ [ [ -99.06731122194148, 20.96404155819414 ], [ -99.068414309363192, 20.961912913061784 ], [ -99.069674575973153, 20.962523164347971 ], [ -99.068827854637476, 20.964927447892844 ], [ -99.06731122194148, 20.96404155819414 ] ] ], [ [ [ -99.078573581248506, 20.9939567094276 ], [ -99.075935752144247, 20.995740410737767 ], [ -99.075077493204276, 20.992793399088782 ], [ -99.078573581248506, 20.9939567094276 ] ] ], [ [ [ -99.097515694836972, 21.016293688218955 ], [ -99.102400601930213, 21.025338679275407 ], [ -99.107519227448464, 21.030803805932141 ], [ -99.104265336476843, 21.03112348953681 ], [ -99.103932933524618, 21.032916813395872 ], [ -99.10102037658001, 21.029835762764105 ], [ -99.100916924310027, 21.025407359335169 ], [ -99.096992934774732, 21.020347537624826 ], [ -99.097515694836972, 21.016293688218955 ] ] ], [ [ [ -99.155887000309761, 21.086177894642056 ], [ -99.15966925128042, 21.093330501805632 ], [ -99.16478709869574, 21.088825256172665 ], [ -99.173727191959927, 21.101467966723199 ], [ -99.182283531182179, 21.104198063040108 ], [ -99.18660820168634, 21.11690220981535 ], [ -99.181241342519968, 21.116803209455011 ], [ -99.177380064130674, 21.113086045173379 ], [ -99.170850840748514, 21.113220301267912 ], [ -99.170787639659551, 21.120430267652399 ], [ -99.161760300297232, 21.113130159101729 ], [ -99.156238228970579, 21.113243224385467 ], [ -99.154880703938787, 21.115980817804132 ], [ -99.162013588102283, 21.119902845099428 ], [ -99.164592560984758, 21.128619507235516 ], [ -99.172254445286939, 21.128462249857421 ], [ -99.170973021108452, 21.135811549361225 ], [ -99.167639580529439, 21.13625693321886 ], [ -99.172362771514045, 21.137969950282447 ], [ -99.170051322723154, 21.137629092702142 ], [ -99.167395907809947, 21.140017107438709 ], [ -99.162426307770929, 21.139994846109389 ], [ -99.158443307170458, 21.143956153679405 ], [ -99.149461400250559, 21.147948970447718 ], [ -99.144583090228167, 21.145147344109589 ], [ -99.143097877670954, 21.146213694321585 ], [ -99.142857100549008, 21.144642669557143 ], [ -99.137191298524925, 21.144615171913411 ], [ -99.138582567543409, 21.14599159812488 ], [ -99.143095154171647, 21.146219970855427 ], [ -99.142052851314318, 21.148028215797691 ], [ -99.134304715889371, 21.15052132233857 ], [ -99.131193424577901, 21.147427582379549 ], [ -99.129909934296279, 21.139575253897295 ], [ -99.119965937664816, 21.1377147701632 ], [ -99.122786652544974, 21.140375650646888 ], [ -99.125627031756153, 21.13944291062483 ], [ -99.129450007265874, 21.142214486285415 ], [ -99.129434794742892, 21.150113814340038 ], [ -99.134287051335889, 21.152701727928029 ], [ -99.130491153320889, 21.152247461508768 ], [ -99.12679492345967, 21.146701896779113 ], [ -99.111216415157301, 21.148129740709233 ], [ -99.11012023609247, 21.149314621773659 ], [ -99.111873239669279, 21.15440236981545 ], [ -99.109811567408556, 21.156245288199177 ], [ -99.097368131707498, 21.146734745613955 ], [ -99.098919399584105, 21.127551621880542 ], [ -99.101121939876407, 21.128788650382074 ], [ -99.101560205291122, 21.132958095683019 ], [ -99.106053706929742, 21.133799445955603 ], [ -99.108700264627188, 21.1297978415698 ], [ -99.113814255973551, 21.13394438196411 ], [ -99.116647665236812, 21.132684989309308 ], [ -99.118312840522009, 21.134991535201955 ], [ -99.123151715975439, 21.134929237783595 ], [ -99.126781055583919, 21.138405692257866 ], [ -99.127856852535444, 21.137062921416547 ], [ -99.131247564557327, 21.140517415646816 ], [ -99.135658175755992, 21.137718732927706 ], [ -99.14622250346234, 21.143208536802799 ], [ -99.149987394882061, 21.139308097594434 ], [ -99.148436167017834, 21.135594057907976 ], [ -99.143279722376619, 21.140382590557941 ], [ -99.13446335256414, 21.133734421254903 ], [ -99.140817845570652, 21.129771461548533 ], [ -99.14252096657404, 21.130565496460353 ], [ -99.142122437946583, 21.128595286654289 ], [ -99.138726001003761, 21.128187141521359 ], [ -99.140643639941189, 21.12592636451847 ], [ -99.143442295552518, 21.126699042198755 ], [ -99.147075266224249, 21.130368621825411 ], [ -99.14981487084566, 21.12926431901942 ], [ -99.148238523212655, 21.126436332315429 ], [ -99.142764051743654, 21.122484365864551 ], [ -99.139788766330454, 21.117986610442681 ], [ -99.140850208301444, 21.116205619922695 ], [ -99.142978595395064, 21.118406443200946 ], [ -99.145762804326409, 21.11871590287053 ], [ -99.149699178875707, 21.12346253804396 ], [ -99.153169649567019, 21.124577669962392 ], [ -99.153167528299463, 21.122849382642393 ], [ -99.148609984172793, 21.118378860964324 ], [ -99.147868008767603, 21.113386092499496 ], [ -99.150133821386746, 21.1086136790402 ], [ -99.148223269580882, 21.105071790205312 ], [ -99.148330722179352, 21.099784896747266 ], [ -99.143490023505819, 21.091520536805692 ], [ -99.143541773187906, 21.082354393500683 ], [ -99.145497397819497, 21.080709687471018 ], [ -99.14911991450326, 21.084312781182774 ], [ -99.155887000309761, 21.086177894642056 ] ], [ [ -99.119488294537248, 21.14262354107677 ], [ -99.12087286054502, 21.144770297567355 ], [ -99.123625758911302, 21.143037691947971 ], [ -99.119488294537248, 21.14262354107677 ] ] ], [ [ [ -99.103612612706797, 21.034644909838054 ], [ -99.102508060917586, 21.038793241749556 ], [ -99.100810624795955, 21.031535153048591 ], [ -99.103612612706797, 21.034644909838054 ] ] ], [ [ [ -99.128077112848814, 21.075267108492163 ], [ -99.125979166348728, 21.077601753431665 ], [ -99.122697882096674, 21.075399484112044 ], [ -99.120226483827352, 21.082110148380004 ], [ -99.113502975762842, 21.083178713864172 ], [ -99.114702697055606, 21.077688599357941 ], [ -99.117852462783191, 21.075231240671837 ], [ -99.114932780261469, 21.068759260216662 ], [ -99.115861867170764, 21.061609357670147 ], [ -99.112245695307479, 21.051804517277247 ], [ -99.114479648189274, 21.049781111228928 ], [ -99.11538684266479, 21.052587061898446 ], [ -99.11978830890159, 21.052631175197643 ], [ -99.123310013697733, 21.057451121806022 ], [ -99.128077112848814, 21.075267108492163 ] ] ], [ [ [ -99.12444455270861, 21.048987242169986 ], [ -99.127702694285773, 21.0554774052531 ], [ -99.12363582836349, 21.051825249294858 ], [ -99.121738815513851, 21.047110687339867 ], [ -99.119036859732361, 21.044802288067356 ], [ -99.119698655912288, 21.043484048291759 ], [ -99.12444455270861, 21.048987242169986 ] ] ], [ [ [ -99.121895197908728, 21.037966897891287 ], [ -99.120997888729178, 21.041770590361871 ], [ -99.120824185686118, 21.037115330317793 ], [ -99.121895197908728, 21.037966897891287 ] ] ], [ [ [ -99.138794653970407, 21.075203113581569 ], [ -99.135435892484978, 21.076998434404857 ], [ -99.138432308216508, 21.074842655419449 ], [ -99.138794653970407, 21.075203113581569 ] ] ], [ [ [ -99.15739613117357, 20.934581247487973 ], [ -99.159038590544597, 20.932793756179844 ], [ -99.162971879773863, 20.943092871767167 ], [ -99.159982131123343, 20.943514073110293 ], [ -99.159947528248225, 20.940884339444626 ], [ -99.157305729157045, 20.939392610693893 ], [ -99.15739613117357, 20.934581247487973 ] ] ], [ [ [ -99.176419176457983, 21.134943261535373 ], [ -99.175572035182697, 21.136495169251681 ], [ -99.175191383482783, 21.134441924175594 ], [ -99.176419176457983, 21.134943261535373 ] ] ], [ [ [ -99.183544390511031, 21.022058595902394 ], [ -99.180520327964572, 21.027052002549492 ], [ -99.178386592283132, 21.022851808516389 ], [ -99.183544390511031, 21.022058595902394 ] ] ], [ [ [ -99.202955695230898, 21.092923788568523 ], [ -99.203050905490997, 21.095150320685001 ], [ -99.197351546176989, 21.098739251121877 ], [ -99.193540710121582, 21.099612856291067 ], [ -99.188905930456585, 21.103023563547556 ], [ -99.183220032173296, 21.09904098278373 ], [ -99.186593539836721, 21.094336025059178 ], [ -99.184048470414069, 21.0897445825543 ], [ -99.183115716967521, 21.082428863110561 ], [ -99.187368375214021, 21.08139217456343 ], [ -99.189121289121402, 21.084937141365547 ], [ -99.195546281952531, 21.086988695159089 ], [ -99.202955695230898, 21.092923788568523 ] ] ], [ [ [ -99.195365091636333, 21.012907541144223 ], [ -99.197311875139988, 21.012755452906671 ], [ -99.200443902668596, 21.016063930235998 ], [ -99.198720777649115, 21.017597789756476 ], [ -99.195365091636333, 21.012907541144223 ] ] ], [ [ [ -99.209781463164376, 21.115365944448758 ], [ -99.207493037702847, 21.117454368838576 ], [ -99.208214140191629, 21.116330884838909 ], [ -99.20632670156985, 21.113609509032802 ], [ -99.207831238386788, 21.112903874605248 ], [ -99.209156986927155, 21.115426040375183 ], [ -99.209642247591219, 21.112913806271912 ], [ -99.209781463164376, 21.115365944448758 ] ] ], [ [ [ -99.305594342525751, 21.135235592787357 ], [ -99.300573205555722, 21.133564425846977 ], [ -99.303609522633579, 21.131476892601235 ], [ -99.305594342525751, 21.135235592787357 ] ] ], [ [ [ -99.3750662806641, 21.019899001462793 ], [ -99.373542068664136, 21.024216420786438 ], [ -99.367794568722701, 21.021266296025271 ], [ -99.365290218186985, 21.022019393298606 ], [ -99.370356426794714, 21.017553059190625 ], [ -99.3750662806641, 21.019899001462793 ] ] ], [ [ [ -99.368226836103716, 21.025186656595757 ], [ -99.368311641389496, 21.028192076507281 ], [ -99.367427712910114, 21.023958339851241 ], [ -99.370337592718087, 21.024502492205485 ], [ -99.368226836103716, 21.025186656595757 ] ] ], [ [ [ -99.374453819402774, 21.017742212560854 ], [ -99.374128075708654, 21.016641122100314 ], [ -99.375279164748918, 21.016947932282871 ], [ -99.374453819402774, 21.017742212560854 ] ] ], [ [ [ -99.376236237397947, 21.022367924655132 ], [ -99.375410868823352, 21.023162209441949 ], [ -99.375085105682047, 21.022061120892072 ], [ -99.376236237397947, 21.022367924655132 ] ] ], [ [ [ -99.383294052517442, 21.012033859590165 ], [ -99.38220857061026, 21.010020016546818 ], [ -99.384726455086778, 21.00654904232718 ], [ -99.383294052517442, 21.012033859590165 ] ] ], [ [ [ -99.383965215371688, 21.005531256911592 ], [ -99.384480765766227, 21.006677513659572 ], [ -99.382310297104453, 21.006316107470202 ], [ -99.383965215371688, 21.005531256911592 ] ] ], [ [ [ -99.38965115514047, 21.001637642120745 ], [ -99.389954519856303, 21.004138382183495 ], [ -99.385920930078328, 21.005924443955642 ], [ -99.388755423357807, 21.004442210809181 ], [ -99.38965115514047, 21.001637642120745 ] ] ], [ [ [ -99.393272536887849, 20.989298933547762 ], [ -99.392482782781187, 20.992324240914204 ], [ -99.39292884528777, 20.990391888795802 ], [ -99.390612537509924, 20.989746506281563 ], [ -99.39132057177045, 20.986854527499059 ], [ -99.393272536887849, 20.989298933547762 ] ] ], [ [ [ -99.392474829110043, 21.098240238644866 ], [ -99.391649107692828, 21.099034599541021 ], [ -99.391323079590222, 21.097933558957632 ], [ -99.392474829110043, 21.098240238644866 ] ] ] ] } },
{ "type": "Feature", "properties": { "CUENCA": "Golfo Norte", "Prioridad": "Extrema", "Tipo": "Cuerpo de agua" }, "geometry": { "type": "Polygon", "coordinates": [ [ [ -99.18085270918418, 21.126627709039102 ], [ -99.177077695430455, 21.132632594804704 ], [ -99.17926873517969, 21.12571636780514 ], [ -99.18085270918418, 21.126627709039102 ] ] ] } },
{ "type": "Feature", "properties": { "CUENCA": "Golfo Norte", "Prioridad": "Extrema", "Tipo": "Matorral" }, "geometry": { "type": "MultiPolygon", "coordinates": [ [ [ [ -98.725625940294876, 20.364244279823712 ], [ -98.725427203860121, 20.361992820386593 ], [ -98.72226208722779, 20.359836056930391 ], [ -98.720557429878298, 20.356187301654092 ], [ -98.721194416652139, 20.354395186781957 ], [ -98.718535974444663, 20.352538019737484 ], [ -98.716192344221099, 20.343003567772119 ], [ -98.713212814314801, 20.342642075754402 ], [ -98.712305583159718, 20.340104806343504 ], [ -98.710263467362523, 20.340143967186293 ], [ -98.707063533402575, 20.334907391017069 ], [ -98.708516108893477, 20.332220442177675 ], [ -98.706179733690533, 20.32973724106872 ], [ -98.70678253504957, 20.326898767006522 ], [ -98.704575281640999, 20.322574211335692 ], [ -98.703808771957341, 20.315670563537196 ], [ -98.699931331377257, 20.314085594537179 ], [ -98.699991036830085, 20.308896881142545 ], [ -98.698219215291829, 20.305347676385313 ], [ -98.699696994710564, 20.303985776997347 ], [ -98.703941570005924, 20.306851130696238 ], [ -98.708043015038001, 20.305234229930289 ], [ -98.713564307559722, 20.307597479310022 ], [ -98.717358092422742, 20.30597651044928 ], [ -98.719700233572539, 20.297507831500177 ], [ -98.7213496556476, 20.297182879750526 ], [ -98.725497109638255, 20.298603424758422 ], [ -98.724092180147238, 20.300065750232207 ], [ -98.720006800421871, 20.297799890982308 ], [ -98.723244309555724, 20.302667909533209 ], [ -98.721862969979398, 20.303293690074209 ], [ -98.72080933953373, 20.308324859892362 ], [ -98.723185110417134, 20.310157399726489 ], [ -98.727546819920804, 20.310528449892317 ], [ -98.729200489959183, 20.313415169950257 ], [ -98.732451379968751, 20.314788370966582 ], [ -98.731512399697237, 20.316016050264196 ], [ -98.732730919883892, 20.317955090389688 ], [ -98.731882089858857, 20.324867919708627 ], [ -98.732947416411292, 20.325586521752868 ], [ -98.73064551554225, 20.326348640379141 ], [ -98.730740870975865, 20.31991693426405 ], [ -98.727269749865584, 20.316140960595913 ], [ -98.72706663016136, 20.313210265253868 ], [ -98.723236188806979, 20.31316572234639 ], [ -98.717925166018503, 20.319655506585445 ], [ -98.724010104019499, 20.330042594429521 ], [ -98.726351382104298, 20.341590851697415 ], [ -98.733541888626149, 20.34527114302902 ], [ -98.731390535417759, 20.347781356121054 ], [ -98.722150975374433, 20.352033061675193 ], [ -98.72299062123426, 20.354409717805289 ], [ -98.725356119403557, 20.354902089314795 ], [ -98.728659956057015, 20.358460687062525 ], [ -98.728955446658418, 20.360687270295067 ], [ -98.726936612960486, 20.362834233783108 ], [ -98.73190751745723, 20.366849720383659 ], [ -98.728980909159006, 20.367780362207498 ], [ -98.725625940294876, 20.364244279823712 ] ] ], [ [ [ -98.730978749458686, 20.375785259829847 ], [ -98.735786613168045, 20.374817336818051 ], [ -98.737707278458785, 20.376129104101469 ], [ -98.737619247283575, 20.383166749901914 ], [ -98.739708978077104, 20.38536816468153 ], [ -98.739133975831734, 20.387371272828936 ], [ -98.73770582775478, 20.387353116215461 ], [ -98.737639921051496, 20.391480099234297 ], [ -98.735414354361893, 20.391453920514991 ], [ -98.730978749458686, 20.375785259829847 ] ] ], [ [ [ -98.771933421779664, 20.14990213229218 ], [ -98.775773909148299, 20.149345792281601 ], [ -98.777238048722623, 20.146039824785049 ], [ -98.786051229600275, 20.143014319156613 ], [ -98.784025290797132, 20.146946131211109 ], [ -98.788501274627578, 20.147038556733531 ], [ -98.791011197846032, 20.150851837378415 ], [ -98.785613218965992, 20.151285886845603 ], [ -98.784790603510629, 20.153413889860957 ], [ -98.780741368125391, 20.155498566607626 ], [ -98.780337272915588, 20.160833617272147 ], [ -98.779333848378187, 20.157090632085865 ], [ -98.775966426978229, 20.158658968233272 ], [ -98.773366042038546, 20.156448705626445 ], [ -98.768245660607363, 20.157422432612719 ], [ -98.766699455728684, 20.154305480882293 ], [ -98.763012371366329, 20.157592104062964 ], [ -98.7610740215367, 20.157223718898884 ], [ -98.761594009455564, 20.153280666200384 ], [ -98.759997396315583, 20.151245234319511 ], [ -98.748368826563052, 20.148949533432457 ], [ -98.748331519492041, 20.145140717787704 ], [ -98.771933421779664, 20.14990213229218 ] ] ], [ [ [ -98.769969513188713, 20.444523337771734 ], [ -98.773543049240061, 20.451856770071053 ], [ -98.77254614989063, 20.454601154463873 ], [ -98.748291871023227, 20.457282687707156 ], [ -98.749562407766987, 20.443031646713223 ], [ -98.753271779045463, 20.441512286455495 ], [ -98.75369477038798, 20.439835289479529 ], [ -98.768180110286863, 20.437372850225021 ], [ -98.770523282109338, 20.440680943424706 ], [ -98.769969513188713, 20.444523337771734 ] ] ], [ [ [ -98.775508571235207, 20.360206397127566 ], [ -98.777320357925689, 20.361461172351124 ], [ -98.772093211422543, 20.361683435779327 ], [ -98.775508571235207, 20.360206397127566 ] ] ], [ [ [ -98.791654077414407, 20.410683862230041 ], [ -98.792383628974619, 20.405101462660227 ], [ -98.796970998359228, 20.403310417537096 ], [ -98.80551298396702, 20.391663769276445 ], [ -98.811923877431894, 20.388326721910197 ], [ -98.815657196491841, 20.389507918995083 ], [ -98.816884214174252, 20.393777307051764 ], [ -98.814271675168214, 20.394986288292312 ], [ -98.81586733759562, 20.396823953387532 ], [ -98.813567490785118, 20.397225445297366 ], [ -98.815368447261619, 20.402022274543672 ], [ -98.817904779498249, 20.400807800336203 ], [ -98.817414058772485, 20.403478540925761 ], [ -98.819728784441836, 20.404215830518929 ], [ -98.819873228196471, 20.407880893974234 ], [ -98.826576982713817, 20.413977652140847 ], [ -98.828828488451848, 20.412758797020384 ], [ -98.827789524215575, 20.410905228934823 ], [ -98.831838415488832, 20.410911752043404 ], [ -98.834076490720634, 20.407655487459454 ], [ -98.837720150733517, 20.408465261609063 ], [ -98.843385692359021, 20.40657634098109 ], [ -98.84631105948732, 20.407824550756516 ], [ -98.847254862224702, 20.410009324693579 ], [ -98.849730047682002, 20.409292848664958 ], [ -98.849916567205, 20.411615464030636 ], [ -98.851790449927293, 20.410888579317753 ], [ -98.854097446579132, 20.413566149573466 ], [ -98.860890121549133, 20.414548907771675 ], [ -98.861705814978166, 20.416039948537268 ], [ -98.858767750803707, 20.417922435350878 ], [ -98.858493243683895, 20.420388999489209 ], [ -98.865160250456825, 20.41746836822082 ], [ -98.868344579430101, 20.419937846391402 ], [ -98.881509182862203, 20.419660050637265 ], [ -98.882146141749786, 20.421113478051701 ], [ -98.885131382106223, 20.421118480562171 ], [ -98.887891510757569, 20.425640939766925 ], [ -98.899586491017743, 20.428836521321255 ], [ -98.897716094887471, 20.429894106015368 ], [ -98.898921072270227, 20.430600390545035 ], [ -98.898344661097525, 20.432497664127446 ], [ -98.900395114519497, 20.433280696631353 ], [ -98.898132396083255, 20.444593831772689 ], [ -98.892772785894536, 20.444339320045849 ], [ -98.896632778526069, 20.450503370129727 ], [ -98.894703592846895, 20.457899316967776 ], [ -98.891796015250478, 20.453702849559541 ], [ -98.888709222974782, 20.457975219524673 ], [ -98.885109280966589, 20.457880584872143 ], [ -98.881379788179828, 20.464133724865224 ], [ -98.885027749124404, 20.462136180682606 ], [ -98.889216127243515, 20.46205462226602 ], [ -98.890105397864005, 20.460118611934572 ], [ -98.892058853032353, 20.459952476693307 ], [ -98.902790256493191, 20.4817368932307 ], [ -98.905810785256506, 20.484075572808109 ], [ -98.904449885352662, 20.486563096277688 ], [ -98.900339316315268, 20.486933755122784 ], [ -98.898072934377041, 20.484034758433062 ], [ -98.896838637839565, 20.485855840083211 ], [ -98.889864269860098, 20.488749240401702 ], [ -98.888586094672092, 20.48790207209095 ], [ -98.889271947417043, 20.486797949456768 ], [ -98.885709787671018, 20.486623503477148 ], [ -98.883352552555777, 20.483451701377465 ], [ -98.88702200769194, 20.482521703625125 ], [ -98.884130590032697, 20.481243097808768 ], [ -98.887023719681494, 20.480183474844505 ], [ -98.886492239776473, 20.478390007564489 ], [ -98.88300428055193, 20.480998478353253 ], [ -98.879792432188623, 20.480766767290291 ], [ -98.879230040059113, 20.479676158728918 ], [ -98.881925948045819, 20.477741442035143 ], [ -98.892277327237849, 20.477690785694673 ], [ -98.893695970118159, 20.473416857661583 ], [ -98.887971823291835, 20.474273960555504 ], [ -98.894276837500684, 20.469874000142404 ], [ -98.892268212602673, 20.468940343923407 ], [ -98.887302182301937, 20.474087043359219 ], [ -98.880953851043486, 20.474957854847379 ], [ -98.885813513965502, 20.469882992290646 ], [ -98.88746109579759, 20.464906356067441 ], [ -98.886015844938441, 20.463858230580161 ], [ -98.881666504163533, 20.465838658131059 ], [ -98.88120929625866, 20.472247820679108 ], [ -98.878883777177009, 20.472909969967297 ], [ -98.877662633711495, 20.465664726306098 ], [ -98.880003184339614, 20.462991357826869 ], [ -98.879043408339811, 20.46068401898993 ], [ -98.875571956532383, 20.460128595260596 ], [ -98.87500789982839, 20.455072277950553 ], [ -98.872742015597453, 20.456080250021504 ], [ -98.868847779881733, 20.461835799550737 ], [ -98.866311918987108, 20.459224932677099 ], [ -98.865854574941622, 20.456118819095302 ], [ -98.863853316632316, 20.455466407506421 ], [ -98.86143333147217, 20.459686792829356 ], [ -98.858989746835235, 20.460464120148671 ], [ -98.858596402573582, 20.463100276218501 ], [ -98.854994753194276, 20.463693746668742 ], [ -98.854158966576392, 20.467759125889057 ], [ -98.85173551006514, 20.466528029403566 ], [ -98.849900445194223, 20.467310437912808 ], [ -98.847620659510866, 20.464358132308522 ], [ -98.843448279106681, 20.472692674759461 ], [ -98.844873159119174, 20.475981122062603 ], [ -98.838488886744244, 20.480389427419635 ], [ -98.841525710468005, 20.48174346922012 ], [ -98.844888394013694, 20.480688369053489 ], [ -98.845794343607281, 20.481674391503287 ], [ -98.844183463588806, 20.484182699933104 ], [ -98.848817552567041, 20.484751581413828 ], [ -98.847399743546916, 20.493117878442185 ], [ -98.849011796193025, 20.497269740537224 ], [ -98.848670236420531, 20.501800718385081 ], [ -98.851334328597801, 20.504816597600225 ], [ -98.856294531031992, 20.503918992127765 ], [ -98.860561266826622, 20.497538477471426 ], [ -98.864287614686702, 20.497521184077364 ], [ -98.866331321640715, 20.501559292178023 ], [ -98.869216656701809, 20.499926263490043 ], [ -98.873234754391405, 20.50134578647857 ], [ -98.872765237030308, 20.506447965155548 ], [ -98.874228869067124, 20.506234799972376 ], [ -98.875844829756844, 20.510155721817583 ], [ -98.877734086413085, 20.510692293818728 ], [ -98.878615637975017, 20.507543822829266 ], [ -98.884474150184303, 20.50766555990587 ], [ -98.889514060029512, 20.503299770381687 ], [ -98.89305484924094, 20.504135236982979 ], [ -98.897212226403383, 20.508834065234591 ], [ -98.896408516912572, 20.509974870703562 ], [ -98.888565089214723, 20.507193046523962 ], [ -98.884617916577895, 20.518341821737014 ], [ -98.884844032513271, 20.520123927654776 ], [ -98.888656740274001, 20.521573363365516 ], [ -98.848349942421962, 20.524526686994992 ], [ -98.84154971556525, 20.50197848315868 ], [ -98.842133040484839, 20.499471158441885 ], [ -98.8401672198097, 20.497352372083117 ], [ -98.825523804463629, 20.448334896053506 ], [ -98.794518825855405, 20.452012032695681 ], [ -98.794429095615527, 20.448077850725713 ], [ -98.791604977554428, 20.445517487208321 ], [ -98.791634885113666, 20.439088319394205 ], [ -98.790147359539347, 20.437292593489229 ], [ -98.787485733738194, 20.440763976460612 ], [ -98.788984333104366, 20.452664452362541 ], [ -98.778815278035779, 20.453862732609668 ], [ -98.776986344299615, 20.441561847610846 ], [ -98.778828952615214, 20.433198100663748 ], [ -98.772847816936974, 20.43272721665987 ], [ -98.773797306355462, 20.41091260185161 ], [ -98.78504653642743, 20.414477695102828 ], [ -98.791654077414407, 20.410683862230041 ] ], [ [ -98.812314792581887, 20.443228627536961 ], [ -98.811178885922104, 20.436611774496214 ], [ -98.80368923572631, 20.437330530404086 ], [ -98.801175459844842, 20.443617327584214 ], [ -98.802140189056004, 20.444434175527377 ], [ -98.804963814042566, 20.44234078912017 ], [ -98.812314792581887, 20.443228627536961 ] ], [ [ -98.824619882040864, 20.44081707327436 ], [ -98.824206042190582, 20.443325594194455 ], [ -98.826008445850576, 20.44406623053866 ], [ -98.824619882040864, 20.44081707327436 ] ], [ [ -98.828758407689278, 20.422610570055014 ], [ -98.826640027086825, 20.422311598469193 ], [ -98.82689657340552, 20.427008372329741 ], [ -98.828758407689278, 20.422610570055014 ] ], [ [ -98.830002482393226, 20.413614247033433 ], [ -98.828720445712321, 20.413889238184765 ], [ -98.829242679648146, 20.416140654315033 ], [ -98.832284779534916, 20.416894571594174 ], [ -98.830002482393226, 20.413614247033433 ] ], [ [ -98.829104196182499, 20.41958643001897 ], [ -98.831933392138794, 20.429891386816564 ], [ -98.834510777745919, 20.427962447649723 ], [ -98.830689790674498, 20.424592849435491 ], [ -98.831741248594668, 20.421635802675393 ], [ -98.834515535469407, 20.423513053427808 ], [ -98.83380473131237, 20.418144323757002 ], [ -98.829104196182499, 20.41958643001897 ] ], [ [ -98.829843189859318, 20.434648645683829 ], [ -98.836677469247434, 20.437577177804215 ], [ -98.836681058174378, 20.434178161985017 ], [ -98.833314725180472, 20.434900448397435 ], [ -98.829447512862572, 20.43315946398139 ], [ -98.829843189859318, 20.434648645683829 ] ], [ [ -98.832173569172184, 20.413656730101653 ], [ -98.835502204246367, 20.411489535083561 ], [ -98.834171113585938, 20.410570061637287 ], [ -98.832173569172184, 20.413656730101653 ] ], [ [ -98.839296768351204, 20.439214365511415 ], [ -98.841132212369033, 20.436409240328281 ], [ -98.837903583002728, 20.43587881390453 ], [ -98.839296768351204, 20.439214365511415 ] ], [ [ -98.842112705286013, 20.421597121567043 ], [ -98.842966661036328, 20.423570335885998 ], [ -98.849284198472446, 20.422739123420975 ], [ -98.855519206543178, 20.425344445867449 ], [ -98.852923063717213, 20.421666355020641 ], [ -98.847155108779546, 20.419808487404755 ], [ -98.842112705286013, 20.421597121567043 ] ], [ [ -98.885251462121815, 20.438687492484299 ], [ -98.880224459134865, 20.435468096688528 ], [ -98.877894722814588, 20.43761425855471 ], [ -98.878204320558538, 20.438561822172133 ], [ -98.881253784188942, 20.437397708755622 ], [ -98.885317876551042, 20.439274954928219 ], [ -98.883861230705364, 20.441045054250175 ], [ -98.884001950191021, 20.445064167250994 ], [ -98.886500676104191, 20.445321125968228 ], [ -98.889839515148665, 20.440018765211843 ], [ -98.889278951928432, 20.435418483651343 ], [ -98.88721112687513, 20.43505359807811 ], [ -98.885251462121815, 20.438687492484299 ] ] ], [ [ [ -98.778198807107415, 20.354213624558529 ], [ -98.780796310779323, 20.352784495134824 ], [ -98.780756090343402, 20.349066369655421 ], [ -98.778170880098088, 20.347923510239216 ], [ -98.777876710543083, 20.348954284350626 ], [ -98.777990669594473, 20.344933483123139 ], [ -98.7748356418318, 20.340020106975651 ], [ -98.779787949117775, 20.337608598088789 ], [ -98.784943914365059, 20.342601601409655 ], [ -98.783844453708213, 20.347182194596719 ], [ -98.78710566195123, 20.352099914068418 ], [ -98.779239091901985, 20.355955406363901 ], [ -98.778198807107415, 20.354213624558529 ] ] ], [ [ [ -98.810813139559031, 20.186095750858122 ], [ -98.813042270552813, 20.188326171577685 ], [ -98.813222869064745, 20.190014044945315 ], [ -98.811498083360121, 20.190775333082524 ], [ -98.807481778951569, 20.188780187988225 ], [ -98.810813139559031, 20.186095750858122 ] ] ], [ [ [ -98.960090677280604, 20.759374174533583 ], [ -98.961244608103215, 20.768063185214388 ], [ -98.957003373898047, 20.76806216021679 ], [ -98.940559087055249, 20.774552394817498 ], [ -98.938169321011785, 20.77206256481152 ], [ -98.932352976809128, 20.77456557588447 ], [ -98.89168754956782, 20.750087272849395 ], [ -98.886029758726195, 20.742367605282912 ], [ -98.897280812203306, 20.742563316098931 ], [ -98.900248849562033, 20.750112259506405 ], [ -98.909395703403504, 20.756092575566491 ], [ -98.911549326228595, 20.754507573585038 ], [ -98.90874496202791, 20.7540770307643 ], [ -98.907022098839292, 20.749811127669123 ], [ -98.910480629867607, 20.744312189366983 ], [ -98.921934275975289, 20.746173070688471 ], [ -98.941523366090919, 20.743114441188546 ], [ -98.947357117064641, 20.72785581358028 ], [ -98.94871408816077, 20.727856223370459 ], [ -98.948715001067541, 20.725145034886932 ], [ -98.950028527370691, 20.726049151311454 ], [ -98.948804529512742, 20.726890533098999 ], [ -98.9512508278101, 20.733672636331264 ], [ -98.949653983887842, 20.733278875042064 ], [ -98.949765125938868, 20.73752407103585 ], [ -98.952369201098278, 20.738956854657165 ], [ -98.952246306029508, 20.742444259166032 ], [ -98.955569217603184, 20.748109278099403 ], [ -98.956530192851403, 20.745646982414787 ], [ -98.960393607096549, 20.748531817974978 ], [ -98.959244598645512, 20.749498888990839 ], [ -98.961436600158166, 20.754053815396642 ], [ -98.960090677280604, 20.759374174533583 ] ], [ [ -98.920004763114676, 20.763665125568789 ], [ -98.923079314436436, 20.761459456477091 ], [ -98.928539208417789, 20.761563404232788 ], [ -98.932152621564185, 20.752201616661786 ], [ -98.92886449429173, 20.75130578074279 ], [ -98.923205972990388, 20.752523042407724 ], [ -98.92566036490625, 20.754026671856678 ], [ -98.929510986028959, 20.753838316842405 ], [ -98.927834489895545, 20.756401749871237 ], [ -98.925206127945529, 20.756603946631245 ], [ -98.913446485070352, 20.74821516099604 ], [ -98.91286579209708, 20.751250864872649 ], [ -98.920004763114676, 20.763665125568789 ] ] ], [ [ [ -99.083002497632563, 20.77830918178822 ], [ -99.090468706004884, 20.789587103640837 ], [ -99.095945615849175, 20.800501413146797 ], [ -99.095217132261453, 20.801289026689037 ], [ -99.104850939352204, 20.809284179937809 ], [ -99.101495258665167, 20.808799993429226 ], [ -99.102064829720547, 20.811229616549241 ], [ -99.105890039840403, 20.810325984541336 ], [ -99.110222741630551, 20.815235180307994 ], [ -99.102401217579001, 20.817683345309266 ], [ -99.103375350167255, 20.819415069325114 ], [ -99.107256697319713, 20.820542333466992 ], [ -99.107173471031444, 20.823731543711439 ], [ -99.101308320908572, 20.82318204724211 ], [ -99.092155893168211, 20.828717302981758 ], [ -99.090472648053748, 20.832142769916313 ], [ -99.091866612542475, 20.832844195334193 ], [ -99.093814689031504, 20.8394057513589 ], [ -99.098375490436311, 20.843781600562124 ], [ -99.102985859792511, 20.844257050028329 ], [ -99.107555877090704, 20.851130805133387 ], [ -99.10999509751116, 20.851153783372457 ], [ -99.109831859721879, 20.849200437001418 ], [ -99.111544995506094, 20.848758789534461 ], [ -99.106346858254255, 20.843600060574399 ], [ -99.104654167315076, 20.83623880021166 ], [ -99.106507784297335, 20.834191605211661 ], [ -99.110009148653617, 20.834776265456806 ], [ -99.109894032772132, 20.833781651910364 ], [ -99.107667620260386, 20.834066581041011 ], [ -99.103633599747425, 20.828597699217688 ], [ -99.101066008845621, 20.828004913199027 ], [ -99.105159321785806, 20.828556115038392 ], [ -99.10481373156253, 20.827189436789787 ], [ -99.107408299758958, 20.826645681385138 ], [ -99.110373162749866, 20.823176876209551 ], [ -99.114181808660504, 20.823754981189214 ], [ -99.116473696852367, 20.825713833619005 ], [ -99.117096581478208, 20.824844685712922 ], [ -99.124617238470222, 20.840307372819144 ], [ -99.128981190484325, 20.857570843118353 ], [ -99.138839019525108, 20.878358494397151 ], [ -99.144846890877318, 20.876612944955806 ], [ -99.155992066825121, 20.869999194727562 ], [ -99.158974438112793, 20.871294251565839 ], [ -99.163293340022804, 20.879948002279146 ], [ -99.159530907521614, 20.880772698992924 ], [ -99.158560571017503, 20.886781132815344 ], [ -99.153672833616639, 20.888669859692076 ], [ -99.150649133202592, 20.892574323401483 ], [ -99.148957844302259, 20.898577333228236 ], [ -99.148126345141776, 20.908037267989226 ], [ -99.158406772403268, 20.93137722597729 ], [ -99.156278980994543, 20.930876691324848 ], [ -99.155417267695597, 20.928068404067226 ], [ -99.152298482032663, 20.926427608753702 ], [ -99.156058335858575, 20.93281933643668 ], [ -99.155614593204277, 20.934343811030065 ], [ -99.148043675757293, 20.933902289107987 ], [ -99.145267387882541, 20.931209504561121 ], [ -99.144188070426807, 20.932100304099645 ], [ -99.150243265926989, 20.937579951839464 ], [ -99.152382538664611, 20.945527122753621 ], [ -99.147751149388611, 20.946572450457399 ], [ -99.145960841644197, 20.949806106330779 ], [ -99.142365717928087, 20.949420656394274 ], [ -99.142180499492454, 20.950782666853407 ], [ -99.146408273595753, 20.951927463783019 ], [ -99.147393112915694, 20.950551965525197 ], [ -99.150956553493714, 20.951026988379773 ], [ -99.148827615478353, 20.953539088412359 ], [ -99.154728074218411, 20.962553415450166 ], [ -99.15567199978004, 20.958015527986952 ], [ -99.158575171336878, 20.957369458420928 ], [ -99.159013499689536, 20.953094491640908 ], [ -99.161212176065177, 20.952891608976099 ], [ -99.160980302778626, 20.950252502402215 ], [ -99.162216430004747, 20.949577157108479 ], [ -99.165974615902016, 20.951237462885477 ], [ -99.168895334712218, 20.954949732310595 ], [ -99.169694499531559, 20.959481689064514 ], [ -99.170778249483277, 20.959064626944397 ], [ -99.169994048160021, 20.954288809340568 ], [ -99.174194978300392, 20.955690296810104 ], [ -99.170451585508616, 20.953786308426483 ], [ -99.172159348221001, 20.951604281932081 ], [ -99.169288279746723, 20.951320271185367 ], [ -99.170232920689585, 20.949468934900452 ], [ -99.1658493436437, 20.948411785386448 ], [ -99.166321164217152, 20.947019942243301 ], [ -99.168060629549501, 20.946774030366754 ], [ -99.168695309767585, 20.943381540758843 ], [ -99.173540064895647, 20.943928757462 ], [ -99.178303859162796, 20.942651010870073 ], [ -99.196091643629416, 20.955280244897718 ], [ -99.185672470446292, 20.963936534721849 ], [ -99.182535811256741, 20.962732632960247 ], [ -99.180930764046721, 20.964060634957391 ], [ -99.181367605011033, 20.969195502133626 ], [ -99.178344180760604, 20.977470276014245 ], [ -99.181490606478519, 20.978297666976257 ], [ -99.174447712579763, 20.976547736105541 ], [ -99.173740074083142, 20.974242250160568 ], [ -99.169018683209259, 20.975433984623731 ], [ -99.179294019237787, 20.979421817663219 ], [ -99.178352972767101, 20.984878822272837 ], [ -99.182196717464208, 20.997433917886379 ], [ -99.18049833995299, 21.00127129116721 ], [ -99.181990719334792, 21.00034168972498 ], [ -99.183351220011872, 21.001869619498137 ], [ -99.183165769546648, 21.004293860277304 ], [ -99.181396749488712, 21.005129940149789 ], [ -99.182256380411317, 21.006892291907306 ], [ -99.179252519655918, 21.008603340886442 ], [ -99.181156789863749, 21.01018263501836 ], [ -99.177073929803271, 21.011562602918115 ], [ -99.172638759067596, 21.016207748267444 ], [ -99.165463372387549, 21.017361801716355 ], [ -99.166118716295031, 21.012398295926275 ], [ -99.160976404426094, 21.008892478626741 ], [ -99.15789523658033, 21.003435856704922 ], [ -99.153601256020792, 20.999938214159581 ], [ -99.155651958652257, 20.997894978146089 ], [ -99.158045456185235, 20.99846578098802 ], [ -99.158694105927722, 20.996374363738173 ], [ -99.163233212857392, 20.996952176779143 ], [ -99.159785766256064, 20.995265100626579 ], [ -99.155063524141823, 20.995951773733484 ], [ -99.150061914764308, 20.992114537319551 ], [ -99.135406897498569, 20.994406118824806 ], [ -99.125134830599393, 21.001286621649037 ], [ -99.119401123339031, 21.008456017558114 ], [ -99.11648250970822, 21.014915360011564 ], [ -99.11383005288117, 21.013405299029877 ], [ -99.1104618607839, 21.016686347466933 ], [ -99.102895025198208, 21.004795987853875 ], [ -99.092961246234822, 21.002567881184692 ], [ -99.092684449299227, 21.0052776620213 ], [ -99.08969249673234, 21.001210748846308 ], [ -99.087406354492941, 21.000508403629727 ], [ -99.087421108559482, 20.999031235797496 ], [ -99.090350597104234, 20.999351287219515 ], [ -99.089462157735952, 20.99641803499528 ], [ -99.091806123494123, 20.994373858786005 ], [ -99.091396639240855, 20.992417314807565 ], [ -99.088476444143353, 20.99239909507693 ], [ -99.083814456222612, 20.988479569364618 ], [ -99.081483795846722, 20.988571157104257 ], [ -99.082056742911021, 20.997492487954496 ], [ -99.081682484646677, 20.991693711068883 ], [ -99.079586821441268, 20.98952916288378 ], [ -99.078605213086661, 20.99399661725608 ], [ -99.075077493204276, 20.992793399088782 ], [ -99.074208359322881, 20.989808923383467 ], [ -99.067176386386919, 20.98140119286111 ], [ -99.06608703864184, 20.985155231619085 ], [ -99.061835775447051, 20.978815935166974 ], [ -99.066912940426135, 20.97429954235503 ], [ -99.064175707735217, 20.962974352257717 ], [ -99.062817522447503, 20.960818246592545 ], [ -99.057518541446882, 20.959236815827364 ], [ -99.058417768318336, 20.961981311210568 ], [ -99.054811463424116, 20.962879779834569 ], [ -99.053596512040372, 20.961073257123047 ], [ -99.054497848161361, 20.958154448466857 ], [ -99.052955353156847, 20.956476657906109 ], [ -99.041162372869579, 20.96054206194551 ], [ -99.037208184064866, 20.959934943989406 ], [ -99.032207453844393, 20.966715052476388 ], [ -99.031062978801728, 20.971018515905108 ], [ -99.02691717053375, 20.969154149244076 ], [ -99.031113829754773, 20.966745497112765 ], [ -99.03278435219849, 20.963782358735468 ], [ -99.026495758546787, 20.962828285028021 ], [ -99.027858856427343, 20.9610206581374 ], [ -99.018456401358122, 20.961300439455069 ], [ -99.016883827301996, 20.959933170901007 ], [ -99.01493274074582, 20.962561418453017 ], [ -99.021361576548287, 20.963832683373749 ], [ -99.007437264098883, 20.963769848773246 ], [ -98.998621563242793, 20.952889579234903 ], [ -99.000952684548608, 20.942111239291822 ], [ -98.996340916296731, 20.936196398723318 ], [ -98.990344819413977, 20.941084192222036 ], [ -98.989125659007158, 20.936308267230345 ], [ -98.987842982527781, 20.917508023776772 ], [ -98.990624026588293, 20.91598931252226 ], [ -98.995163404026144, 20.917371306794603 ], [ -98.994758980633407, 20.91392134711041 ], [ -98.998026142824457, 20.912904744422363 ], [ -98.994464186943773, 20.909438133274531 ], [ -98.995354748609188, 20.907429961741357 ], [ -98.987590349158623, 20.904953014921919 ], [ -98.978843076307811, 20.898257712373898 ], [ -98.980736799116855, 20.899339929136353 ], [ -98.985155055325308, 20.897375413815872 ], [ -98.989327037638915, 20.890512395358805 ], [ -98.990864137237566, 20.892253338091479 ], [ -98.993151537271132, 20.890650969533535 ], [ -98.990936691697229, 20.889514569341696 ], [ -98.992091784182307, 20.888778003923168 ], [ -98.989621181465239, 20.885481933577172 ], [ -98.981685577930349, 20.878860540120346 ], [ -98.977164456603774, 20.878871416632894 ], [ -98.974500079079093, 20.876490008038488 ], [ -98.970160795666658, 20.876790110871131 ], [ -98.973369008921281, 20.885261374724816 ], [ -98.978791271672179, 20.881241312305317 ], [ -98.981917033365448, 20.886093658299519 ], [ -98.978648024450564, 20.888815245735255 ], [ -98.981666118681702, 20.892231224161893 ], [ -98.980721062645841, 20.894978403542975 ], [ -98.977727309499372, 20.897275417343309 ], [ -98.965212910941105, 20.883235660946777 ], [ -98.966510708189091, 20.880999355834007 ], [ -98.965804969291298, 20.878467299059952 ], [ -98.959889651984867, 20.877260109553312 ], [ -98.958692926555074, 20.874779488332759 ], [ -98.959692873249267, 20.872608630259627 ], [ -98.954202703924764, 20.86595230207304 ], [ -98.941592014463694, 20.862664236545481 ], [ -98.93768325384795, 20.856884032083357 ], [ -98.93180597294419, 20.858086188348231 ], [ -98.928656460228154, 20.861267294415363 ], [ -98.925286521708287, 20.862149337305947 ], [ -98.924543928586104, 20.863174466880483 ], [ -98.930503028728793, 20.865704736252589 ], [ -98.933261646606368, 20.864644122050116 ], [ -98.933854652659306, 20.866372712056304 ], [ -98.941559310968202, 20.871444293881829 ], [ -98.941955981919349, 20.874492018440669 ], [ -98.944229992201329, 20.876003586627391 ], [ -98.916781043946486, 20.860547601464852 ], [ -98.905188953481812, 20.850189165019025 ], [ -98.897324608011814, 20.839931228352224 ], [ -98.898648055224754, 20.839391787171262 ], [ -98.898887105782578, 20.841207340403084 ], [ -98.899981573940991, 20.839487931180852 ], [ -98.903367946087457, 20.840079592219446 ], [ -98.905596112075528, 20.841510831532496 ], [ -98.907811455153578, 20.83992644344027 ], [ -98.923973377854182, 20.838559221339878 ], [ -98.925168264528111, 20.836614800068009 ], [ -98.924101402424725, 20.836139147194416 ], [ -98.910322612395291, 20.835530345766461 ], [ -98.927360015596079, 20.832044139672789 ], [ -98.92906999420714, 20.828499382498837 ], [ -98.928046080885096, 20.827055329901288 ], [ -98.924608164777979, 20.827747053620584 ], [ -98.92201166545874, 20.830727713400918 ], [ -98.920285966972273, 20.828151511250983 ], [ -98.921321119213914, 20.825805233971447 ], [ -98.915257594542169, 20.832018860823375 ], [ -98.91590037417582, 20.833280110544802 ], [ -98.914254557710436, 20.832978108538292 ], [ -98.913649950696126, 20.830723703412723 ], [ -98.906250329063212, 20.830357676903802 ], [ -98.909131726315636, 20.828084942635641 ], [ -98.907918249200932, 20.827458758603157 ], [ -98.900675591228008, 20.829632376979877 ], [ -98.899811668577826, 20.828005426673752 ], [ -98.898081143511504, 20.828817630116422 ], [ -98.895100537517081, 20.825576968331355 ], [ -98.892903315591283, 20.825560285799305 ], [ -98.88743609175944, 20.802556324940355 ], [ -98.888052120975033, 20.796097696822724 ], [ -98.919340812712264, 20.803342931632269 ], [ -98.918165904314762, 20.809101178105042 ], [ -98.922152978026304, 20.813044775490035 ], [ -98.926412465138128, 20.814467899707751 ], [ -98.936932957888331, 20.807413705158051 ], [ -98.942577190206023, 20.808719353408094 ], [ -98.948931335532762, 20.796918414194081 ], [ -98.957130528935323, 20.788409451816797 ], [ -98.963391720752213, 20.785432588926248 ], [ -98.958661205805967, 20.795261052898571 ], [ -98.952670443739123, 20.796037796642885 ], [ -98.954527258716027, 20.797315169806495 ], [ -98.958736150797819, 20.796518473548915 ], [ -98.957347967011955, 20.79975396597295 ], [ -98.951800367082754, 20.804631896180741 ], [ -98.949360390411201, 20.810116255757219 ], [ -98.952869929345425, 20.81013727042129 ], [ -98.954715042166029, 20.806211640417903 ], [ -98.957350209179637, 20.805320593791098 ], [ -98.958811063505777, 20.805795468544755 ], [ -98.958734821503313, 20.813026115821046 ], [ -98.960317849270567, 20.813329314898919 ], [ -98.962967096636007, 20.811174954941634 ], [ -98.970687349839594, 20.809016453888145 ], [ -98.97330601514318, 20.809502842046129 ], [ -98.976310313749877, 20.814524516865667 ], [ -98.979413085862205, 20.815591462319475 ], [ -98.986370806725759, 20.810093317245116 ], [ -98.989656690145324, 20.811438051311285 ], [ -98.987093815640208, 20.814090687329568 ], [ -98.98591194014621, 20.810509193064714 ], [ -98.985054512977101, 20.815088673504384 ], [ -98.983056504269726, 20.816863936873677 ], [ -98.988032102118183, 20.82680405963913 ], [ -98.989653027430606, 20.82483202238927 ], [ -98.987759177080406, 20.821398932530464 ], [ -98.989653509779373, 20.817766968016251 ], [ -98.992027092178546, 20.817332444637103 ], [ -98.991249665015161, 20.819459436350119 ], [ -98.993495608900346, 20.82138203648049 ], [ -98.993344885549362, 20.813208393540354 ], [ -98.998133789794366, 20.8128868824734 ], [ -98.993320290931365, 20.811475525876414 ], [ -98.990558771523482, 20.813245605231728 ], [ -98.990626864439761, 20.811600702638057 ], [ -98.995039004837665, 20.81041010135683 ], [ -98.996551630583028, 20.812034563454887 ], [ -98.999602646673054, 20.812179115194741 ], [ -99.003038104007175, 20.816518580331106 ], [ -99.015506210813726, 20.821864655433288 ], [ -99.020088358261972, 20.821624767131979 ], [ -99.021479706317137, 20.823188206482463 ], [ -99.023982385498613, 20.823155964585119 ], [ -99.025471352751993, 20.818812879793477 ], [ -99.027327393452623, 20.824502293018547 ], [ -99.02824152322934, 20.822157957513742 ], [ -99.029717911666893, 20.822752373440117 ], [ -99.029517184371329, 20.8179766598256 ], [ -99.023261271130593, 20.816437922513881 ], [ -99.016943580868229, 20.818837834370804 ], [ -99.006683630535591, 20.812710117918517 ], [ -99.006436026950567, 20.806911283279725 ], [ -99.002357415826665, 20.802790699172196 ], [ -99.004707646659938, 20.803006230965483 ], [ -99.004433000010238, 20.800512200495668 ], [ -99.001125907401061, 20.802311476912688 ], [ -99.000322523525156, 20.801063523475555 ], [ -98.999075023536392, 20.80390904558319 ], [ -98.991336942532882, 20.808306920773784 ], [ -98.983053866234513, 20.805986633853792 ], [ -98.981087955172725, 20.80705526133184 ], [ -98.980181910544914, 20.813079409231122 ], [ -98.977602148858807, 20.813506100469056 ], [ -98.976321752870305, 20.807237012232996 ], [ -98.973842848961965, 20.806957236501074 ], [ -98.978280345147994, 20.802990421801564 ], [ -98.97412708056568, 20.801967422299114 ], [ -98.974395251370055, 20.805544233565655 ], [ -98.971605514725454, 20.806544973305652 ], [ -98.964978331185961, 20.805744232632509 ], [ -98.962741996532912, 20.803710914032983 ], [ -98.964143327984331, 20.798043516988358 ], [ -98.965887087889698, 20.796569877700076 ], [ -98.966437460635092, 20.800617016105058 ], [ -98.970276079548441, 20.803160323835812 ], [ -98.971685501011549, 20.80170867266909 ], [ -98.968859269285133, 20.800693702849241 ], [ -98.967320860946273, 20.796747574973001 ], [ -98.962823736268604, 20.79202440126361 ], [ -98.966668652790631, 20.78387443010439 ], [ -98.971411632280649, 20.781618990305638 ], [ -98.9723735471986, 20.777646387702738 ], [ -98.971414182702318, 20.768065162402941 ], [ -98.966988846261714, 20.768064385372075 ], [ -98.96754015639965, 20.764009907774248 ], [ -98.965579344495694, 20.768064110915258 ], [ -98.964146771171016, 20.768063818615783 ], [ -98.96300739051685, 20.765412194017209 ], [ -98.963436750401783, 20.761077752480372 ], [ -98.966851418089263, 20.755830540198112 ], [ -98.96677052375972, 20.75181405834347 ], [ -98.959888368593866, 20.74485511110835 ], [ -98.954825907758121, 20.732406749817304 ], [ -98.952457241064124, 20.72497851719671 ], [ -98.952628752282578, 20.714076828594958 ], [ -98.948044982318478, 20.710924792016073 ], [ -98.942972506514323, 20.693871402012814 ], [ -98.945417043163047, 20.680931982775089 ], [ -98.942380632774729, 20.672605814689557 ], [ -98.938994507941118, 20.66959155546877 ], [ -98.940052891196856, 20.667575830842271 ], [ -98.935005799611986, 20.665801053823436 ], [ -98.934152536993295, 20.662931488277568 ], [ -98.935330683643784, 20.664176462956046 ], [ -98.936107609979501, 20.663432583756645 ], [ -98.933723119300183, 20.661847141212373 ], [ -98.930386136387824, 20.648543239545457 ], [ -98.931833231380139, 20.652853309775249 ], [ -98.938713578130375, 20.649421480955123 ], [ -98.940762859726362, 20.646695218950512 ], [ -98.943237850750165, 20.647693349951304 ], [ -98.94315845902166, 20.642166136504301 ], [ -98.944023110553573, 20.644722705686998 ], [ -98.943854322507093, 20.641370980718438 ], [ -98.945316104542229, 20.642691030313937 ], [ -98.946540136745696, 20.638842936277488 ], [ -98.947713511306191, 20.639096341720791 ], [ -98.946251413879978, 20.637830179184075 ], [ -98.948888028427888, 20.63844224544556 ], [ -98.948352476913612, 20.637684876714619 ], [ -98.951975275705507, 20.636049919191144 ], [ -98.956134540803262, 20.635799785223266 ], [ -98.959499904887423, 20.630622863733176 ], [ -98.961288467139553, 20.630703479721944 ], [ -98.955829322025764, 20.637777573324936 ], [ -98.957545522531007, 20.648630857924893 ], [ -98.956747900423437, 20.652874730357627 ], [ -98.960095612632813, 20.65086140731427 ], [ -98.966691152896715, 20.65573298107071 ], [ -98.965680753723561, 20.655561783321257 ], [ -98.966191910725797, 20.656709371611591 ], [ -98.976591989257855, 20.659556565529993 ], [ -98.992848893561444, 20.658627736448953 ], [ -98.998827524465312, 20.654618209778455 ], [ -98.999079205540951, 20.651967846998719 ], [ -99.002296417920363, 20.652664969233967 ], [ -99.005326778634753, 20.651429859813891 ], [ -99.005518535903079, 20.658543581497614 ], [ -99.007913233622901, 20.661534202700057 ], [ -99.008753743598248, 20.666183910651878 ], [ -99.008945348594224, 20.675391213450478 ], [ -99.004229615048416, 20.680944982050921 ], [ -99.009848448325926, 20.689392935727252 ], [ -99.017477511910997, 20.696889722099613 ], [ -99.018158416846305, 20.698913306957657 ], [ -99.016234418248686, 20.701527967791854 ], [ -99.016135014882934, 20.704811478482487 ], [ -99.021621857138612, 20.710801718308918 ], [ -99.019096105830556, 20.713216553632105 ], [ -99.023849019782702, 20.721260971188187 ], [ -99.022610965352598, 20.722483169465196 ], [ -99.019216507858332, 20.721612459449048 ], [ -99.015821942303617, 20.729426953853377 ], [ -99.009818987603936, 20.733638180923336 ], [ -99.004570331094214, 20.726487327823481 ], [ -99.005740238165799, 20.719726051657453 ], [ -99.008682307080576, 20.718492638493075 ], [ -99.007383487275405, 20.714117274504311 ], [ -99.008501660373426, 20.712178927374218 ], [ -99.001208011556741, 20.709522419002241 ], [ -99.00036859557332, 20.71399071497709 ], [ -99.002604048017005, 20.71602164996191 ], [ -98.99959779138193, 20.717539476120507 ], [ -98.996308015258094, 20.723017650443758 ], [ -98.997746438441084, 20.725441241682798 ], [ -98.99653896460606, 20.730079245513814 ], [ -99.001111097947842, 20.736550972461561 ], [ -99.004694381170722, 20.737472472208381 ], [ -99.008477692087183, 20.747557692404531 ], [ -99.011852965920824, 20.749873778182774 ], [ -99.012791142295924, 20.762671396958961 ], [ -99.023164548012033, 20.770045951741743 ], [ -99.030740961209389, 20.771756336145163 ], [ -99.035070143387728, 20.777123254634386 ], [ -99.040774981005896, 20.770399680724317 ], [ -99.048881043561096, 20.766118459758527 ], [ -99.058213510275763, 20.76562329387637 ], [ -99.062601303359799, 20.771709794900129 ], [ -99.061290918262273, 20.774624247055979 ], [ -99.062316000989341, 20.775839390463339 ], [ -99.064765102482056, 20.775346136388279 ], [ -99.066295614745897, 20.781157479029513 ], [ -99.068956870187492, 20.777454059946965 ], [ -99.067911966964516, 20.771933367322827 ], [ -99.062487957523501, 20.761252439422012 ], [ -99.073341388960031, 20.768617284466298 ], [ -99.083002497632563, 20.77830918178822 ] ], [ [ -99.029717911666893, 20.822752373440117 ], [ -99.030040715096064, 20.823854166712596 ], [ -99.030866835041323, 20.823061555602202 ], [ -99.029717911666893, 20.822752373440117 ] ], [ [ -98.901198292297394, 20.819309422692118 ], [ -98.89631077518456, 20.8141497750836 ], [ -98.900567062846363, 20.810349986719888 ], [ -98.900667266934974, 20.806620505111425 ], [ -98.899332230949796, 20.806032506404108 ], [ -98.892201938423369, 20.809972192294971 ], [ -98.890949725402876, 20.813116202174914 ], [ -98.892171271856427, 20.81852461415712 ], [ -98.895216897410549, 20.822310111359354 ], [ -98.898135332400685, 20.823392794425452 ], [ -98.897678824861103, 20.825301759525551 ], [ -98.898316937314192, 20.823817912179905 ], [ -98.899485013449322, 20.824868420118378 ], [ -98.901198292297394, 20.819309422692118 ] ], [ [ -98.919754534173634, 20.821431335766921 ], [ -98.918530154465955, 20.820928152873059 ], [ -98.918906501977162, 20.822982052573447 ], [ -98.919754534173634, 20.821431335766921 ] ], [ [ -98.923825149558112, 20.822560524674845 ], [ -98.926479565748664, 20.819221992960944 ], [ -98.922048762731393, 20.813532790899522 ], [ -98.920165080533138, 20.816461788348199 ], [ -98.924185102598443, 20.818219588376451 ], [ -98.920969262267747, 20.819944381660566 ], [ -98.923825149558112, 20.822560524674845 ] ], [ [ -98.921344749127343, 20.844426133593569 ], [ -98.921583676232373, 20.84600377558915 ], [ -98.9253533465494, 20.846037672631784 ], [ -98.921344749127343, 20.844426133593569 ] ], [ [ -98.925400906722757, 20.85107393732736 ], [ -98.927330836159513, 20.848714370859931 ], [ -98.926055041249995, 20.848043097981467 ], [ -98.923068571068725, 20.849411256858453 ], [ -98.925400906722757, 20.85107393732736 ] ], [ [ -98.926999655435267, 20.843524919726487 ], [ -98.926376022745998, 20.844946859137657 ], [ -98.93054998275899, 20.84597587426445 ], [ -98.93209641353674, 20.843961775749875 ], [ -98.926999655435267, 20.843524919726487 ] ], [ [ -98.930213603771918, 20.839606750294688 ], [ -98.927944641905285, 20.838103016961512 ], [ -98.92876713649693, 20.84118230964032 ], [ -98.930213603771918, 20.839606750294688 ] ], [ [ -98.928785342106863, 20.835493266410786 ], [ -98.934824754066184, 20.838507657398267 ], [ -98.93548439137264, 20.836298586741172 ], [ -98.928785342106863, 20.835493266410786 ] ], [ [ -98.933074298736642, 20.817758981075539 ], [ -98.930425747683714, 20.819282049108029 ], [ -98.931243184948883, 20.820159745720918 ], [ -98.938226217230209, 20.817576185879364 ], [ -98.939153979346059, 20.816668166492786 ], [ -98.937031910231397, 20.814923696644041 ], [ -98.941232171618722, 20.810778007622133 ], [ -98.938738669794404, 20.809776387246597 ], [ -98.936768006423236, 20.811248133449816 ], [ -98.931095817780829, 20.816897201461856 ], [ -98.933074298736642, 20.817758981075539 ] ], [ [ -98.934749487995759, 20.832975611888109 ], [ -98.932658915204328, 20.832682628039525 ], [ -98.932954831881389, 20.834636074170131 ], [ -98.934749487995759, 20.832975611888109 ] ], [ [ -98.933678499825632, 20.655552451465521 ], [ -98.934054651601613, 20.657606356872741 ], [ -98.93490160224853, 20.656055532428745 ], [ -98.933678499825632, 20.655552451465521 ] ], [ [ -98.934870169340385, 20.823448166465852 ], [ -98.934547107088335, 20.824549892440313 ], [ -98.935696111791387, 20.824240942297241 ], [ -98.934870169340385, 20.823448166465852 ] ], [ [ -98.946286089238001, 20.837516573774405 ], [ -98.942080921000581, 20.836300943556132 ], [ -98.94480986627984, 20.839340694352163 ], [ -98.946286089238001, 20.837516573774405 ] ], [ [ -98.949089317803882, 20.857720330530668 ], [ -98.94678542053127, 20.857087955436828 ], [ -98.947429755033525, 20.859251522802818 ], [ -98.949089317803882, 20.857720330530668 ] ], [ [ -98.94824733344646, 20.835642944410214 ], [ -98.949902699115654, 20.834862280698381 ], [ -98.947735713184386, 20.834495325796315 ], [ -98.94824733344646, 20.835642944410214 ] ], [ [ -98.951929780260841, 20.708853882552344 ], [ -98.948190772836242, 20.706374486283 ], [ -98.947778903316149, 20.708877605814234 ], [ -98.951929780260841, 20.708853882552344 ] ], [ [ -98.95146317480112, 20.850138167027673 ], [ -98.949065613038258, 20.84918968253946 ], [ -98.948339036307075, 20.850244701427382 ], [ -98.951266651438502, 20.851113036532908 ], [ -98.950504700174903, 20.852884232888194 ], [ -98.952983690975884, 20.851905261674172 ], [ -98.953720014353692, 20.845799307449685 ], [ -98.951501641052246, 20.845341043474804 ], [ -98.952587291586966, 20.847525128009163 ], [ -98.95146317480112, 20.850138167027673 ] ], [ [ -98.950888292506889, 20.701111247993964 ], [ -98.948723210630362, 20.700744303750849 ], [ -98.949234389712458, 20.701891936350044 ], [ -98.950888292506889, 20.701111247993964 ] ], [ [ -98.958003432359263, 20.843458767278122 ], [ -98.956793308266072, 20.840304831727057 ], [ -98.955272914976661, 20.839919766075376 ], [ -98.953921143011073, 20.842279862552154 ], [ -98.950167024277306, 20.841567376835975 ], [ -98.951456516879603, 20.844172663365342 ], [ -98.955801387860092, 20.843886243269615 ], [ -98.958521548953129, 20.847527605927404 ], [ -98.95965683380048, 20.846725762058465 ], [ -98.95822187774904, 20.844557137171574 ], [ -98.964359079905336, 20.84572148542555 ], [ -98.964298278497807, 20.84280314583852 ], [ -98.958003432359263, 20.843458767278122 ] ], [ [ -98.951567261803618, 20.639291118968622 ], [ -98.952743800314551, 20.641353650221912 ], [ -98.953782635043666, 20.639749387291676 ], [ -98.951567261803618, 20.639291118968622 ] ], [ [ -98.955240391646541, 20.861978072124593 ], [ -98.959421693159456, 20.861074241162981 ], [ -98.958307935158942, 20.859767877435281 ], [ -98.954324256618321, 20.86070499497637 ], [ -98.955240391646541, 20.861978072124593 ] ], [ [ -98.954324256618321, 20.86070499497637 ], [ -98.95400192591363, 20.859603064020181 ], [ -98.953175204213295, 20.86039530074228 ], [ -98.954324256618321, 20.86070499497637 ] ], [ [ -98.95908866616125, 20.668212654684798 ], [ -98.955875539231656, 20.667525069951697 ], [ -98.958508456210893, 20.67133377911944 ], [ -98.95908866616125, 20.668212654684798 ] ], [ [ -98.962327922448779, 20.741178929608992 ], [ -98.960954190033249, 20.735089268366231 ], [ -98.959455095893091, 20.742811153682197 ], [ -98.963682760590615, 20.74813572937305 ], [ -98.966070445056104, 20.74693650529084 ], [ -98.962327922448779, 20.741178929608992 ] ], [ [ -98.965117903003062, 20.682089323551654 ], [ -98.961909698618797, 20.679961856868996 ], [ -98.962661366847016, 20.682776537553085 ], [ -98.965117903003062, 20.682089323551654 ] ], [ [ -98.969725473704187, 20.869039976264371 ], [ -98.970552156168864, 20.868247660340852 ], [ -98.969403013048989, 20.867938075190338 ], [ -98.969725473704187, 20.869039976264371 ] ], [ [ -98.969403013048989, 20.867938075190338 ], [ -98.972733643220138, 20.865201789941995 ], [ -98.972855764445058, 20.863018199166479 ], [ -98.968832008167226, 20.865835335135955 ], [ -98.964260870800871, 20.865289311531026 ], [ -98.963328325243467, 20.868664530441716 ], [ -98.969403013048989, 20.867938075190338 ] ], [ [ -98.966592480632684, 20.790217730572852 ], [ -98.965258793688577, 20.793398476948592 ], [ -98.968398157409325, 20.7951221915209 ], [ -98.966592480632684, 20.790217730572852 ] ], [ [ -98.968883663656641, 20.681425536418502 ], [ -98.966616468499382, 20.680866566511842 ], [ -98.965324132012455, 20.683818506857001 ], [ -98.968883663656641, 20.681425536418502 ] ], [ [ -98.965637909995053, 20.845344462805741 ], [ -98.96596029529708, 20.84644637377761 ], [ -98.966786874776233, 20.845654073811762 ], [ -98.965637909995053, 20.845344462805741 ] ], [ [ -98.969858856700483, 20.855328061215477 ], [ -98.966578532320099, 20.85347809934391 ], [ -98.967195893977802, 20.856582150056163 ], [ -98.969858856700483, 20.855328061215477 ] ], [ [ -98.967552101407009, 20.707978734930343 ], [ -98.968374700993394, 20.711057884749412 ], [ -98.969819516823875, 20.709481964777122 ], [ -98.967552101407009, 20.707978734930343 ] ], [ [ -98.967898668053607, 20.852820917754347 ], [ -98.968746366977825, 20.851269963143789 ], [ -98.967521582591644, 20.850767131217506 ], [ -98.967898668053607, 20.852820917754347 ] ], [ [ -98.969419980737143, 20.783892194390525 ], [ -98.967573769144309, 20.789683318764062 ], [ -98.971312992065151, 20.784358559057051 ], [ -98.969419980737143, 20.783892194390525 ] ], [ [ -98.970347166514514, 20.859804805387309 ], [ -98.970669616789365, 20.860906704812706 ], [ -98.971496250751699, 20.860114383518237 ], [ -98.970347166514514, 20.859804805387309 ] ], [ [ -98.974532269271933, 20.680283501788743 ], [ -98.971323972323844, 20.678156210638893 ], [ -98.972284868333162, 20.681753378417334 ], [ -98.974532269271933, 20.680283501788743 ] ], [ [ -98.972238812664855, 20.823656421383159 ], [ -98.971564314924009, 20.83219536235611 ], [ -98.973418032965668, 20.833568061619815 ], [ -98.976034664116625, 20.827085875688418 ], [ -98.972238812664855, 20.823656421383159 ] ], [ [ -98.972923706270322, 20.870397242651816 ], [ -98.971844840963641, 20.872570307364153 ], [ -98.97505747105815, 20.87336127959302 ], [ -98.972923706270322, 20.870397242651816 ] ], [ [ -98.972554811009061, 20.860003302366295 ], [ -98.973381429201808, 20.859210971867945 ], [ -98.972232348912442, 20.858901405458695 ], [ -98.972554811009061, 20.860003302366295 ] ], [ [ -98.978834416227642, 20.826368520062285 ], [ -98.97656471891645, 20.827771515510996 ], [ -98.979622855883221, 20.829448893951781 ], [ -98.978834416227642, 20.826368520062285 ] ], [ [ -98.978834416227642, 20.826368520062285 ], [ -98.983237691670439, 20.825938273622704 ], [ -98.976204284045807, 20.819679084628159 ], [ -98.973734874708654, 20.822045361702138 ], [ -98.97576250108672, 20.824978942550189 ], [ -98.977575918698562, 20.823960795792726 ], [ -98.978834416227642, 20.826368520062285 ] ], [ [ -98.974475686565, 20.864668566540949 ], [ -98.973756632249518, 20.867056815836026 ], [ -98.975396581308416, 20.868283561060764 ], [ -98.97693068527532, 20.863969561949467 ], [ -98.974475686565, 20.864668566540949 ] ], [ [ -98.980229349040584, 20.830756666135589 ], [ -98.976006943833227, 20.829983023433691 ], [ -98.97810885227328, 20.832159201453536 ], [ -98.980229349040584, 20.830756666135589 ] ], [ [ -98.976019510548937, 20.750455403604626 ], [ -98.976531061686629, 20.751602949034364 ], [ -98.978185365272893, 20.750822003395424 ], [ -98.976019510548937, 20.750455403604626 ] ], [ [ -98.976322443020763, 20.875367016879913 ], [ -98.977149125587232, 20.874574669668998 ], [ -98.97599992081598, 20.874265128986067 ], [ -98.976322443020763, 20.875367016879913 ] ], [ [ -98.981782523742538, 20.837143430855615 ], [ -98.979420954078492, 20.83429179603683 ], [ -98.976631662624783, 20.836734025244215 ], [ -98.979775147194985, 20.838116975187933 ], [ -98.981782523742538, 20.837143430855615 ] ], [ [ -98.979775147194985, 20.838116975187933 ], [ -98.97862612654437, 20.838426220338569 ], [ -98.979452379926229, 20.839218784403442 ], [ -98.979775147194985, 20.838116975187933 ] ], [ [ -98.978832016312495, 20.843539167080145 ], [ -98.978016438222326, 20.846721435740569 ], [ -98.983273672651592, 20.84801577256664 ], [ -98.98269867958038, 20.845554873035699 ], [ -98.978832016312495, 20.843539167080145 ] ], [ [ -98.981309063955962, 20.80336856131688 ], [ -98.99014325139801, 20.807391418849225 ], [ -98.99034430854978, 20.803523972685682 ], [ -98.986349050463971, 20.801599707110611 ], [ -98.984858684734206, 20.803669856817692 ], [ -98.98078496286243, 20.801124753696612 ], [ -98.981309063955962, 20.80336856131688 ] ], [ [ -98.99793368454435, 20.778243007546958 ], [ -99.000706029200643, 20.781773768232068 ], [ -99.00245638670917, 20.780867527485853 ], [ -99.002899877007721, 20.782254692498508 ], [ -99.00383421857471, 20.78036823100663 ], [ -99.001205772959324, 20.771112466035198 ], [ -99.003746327766549, 20.765217611349254 ], [ -99.000100281875717, 20.763573417927123 ], [ -98.999278392852062, 20.760408288893167 ], [ -98.996256415482307, 20.757279785916992 ], [ -98.990820724103969, 20.760937999058314 ], [ -98.986729992349211, 20.757642987883404 ], [ -98.980886538111065, 20.767568003639045 ], [ -98.994492771375477, 20.774307743276097 ], [ -98.99538289849464, 20.776898689522238 ], [ -98.992776153009899, 20.777584239813404 ], [ -98.992101595723668, 20.780054132357595 ], [ -98.994335379754204, 20.783810649586819 ], [ -98.995826756849866, 20.784391485935213 ], [ -98.99793368454435, 20.778243007546958 ] ], [ [ -98.981284443832621, 20.83092110202487 ], [ -98.987691236611823, 20.8287148958992 ], [ -98.985430429936358, 20.827272927216306 ], [ -98.981284443832621, 20.83092110202487 ] ], [ [ -98.987951380859855, 20.854643512475331 ], [ -98.990465350941093, 20.853873879269734 ], [ -98.987312844557238, 20.853480891045471 ], [ -98.987951380859855, 20.854643512475331 ] ], [ [ -98.998741121636627, 20.848499121323879 ], [ -99.00186656598467, 20.847612944140746 ], [ -99.000224955764324, 20.845885318905239 ], [ -99.003011842092747, 20.843206351115523 ], [ -98.993745321994552, 20.84127449010035 ], [ -98.989875269939887, 20.843415553848232 ], [ -98.990515630131142, 20.846293779636422 ], [ -98.997291696595823, 20.847051128696265 ], [ -98.998741121636627, 20.848499121323879 ] ], [ [ -98.992021417661974, 20.924874469906555 ], [ -98.991301974700477, 20.926841480033879 ], [ -98.993368906961337, 20.9289797171987 ], [ -98.997894219266385, 20.927843412635525 ], [ -99.001069041077074, 20.930662602367967 ], [ -99.005108399694549, 20.938864818610785 ], [ -99.00672960414478, 20.937953691354483 ], [ -99.008481283308413, 20.930157368636344 ], [ -98.998499808304203, 20.925187837091119 ], [ -98.992021417661974, 20.924874469906555 ] ], [ [ -98.996164222642946, 20.802398355449014 ], [ -98.992027899886352, 20.801969187884627 ], [ -98.992448811760255, 20.804669726216588 ], [ -98.996164222642946, 20.802398355449014 ] ], [ [ -98.997194759888174, 20.858169090032479 ], [ -98.998964653795412, 20.857358170410489 ], [ -98.997590892259353, 20.853863371570373 ], [ -98.995795064615223, 20.853481309443907 ], [ -98.997194759888174, 20.858169090032479 ] ], [ [ -98.995795064615223, 20.853481309443907 ], [ -98.992967784235091, 20.850770066758272 ], [ -98.993545105269732, 20.85292755878028 ], [ -98.995795064615223, 20.853481309443907 ] ], [ [ -99.004483178203415, 20.828771540841387 ], [ -99.003656849811705, 20.827979096482615 ], [ -99.003334277895377, 20.829080952036723 ], [ -99.004483178203415, 20.828771540841387 ] ], [ [ -99.003334277895377, 20.829080952036723 ], [ -99.001284832198223, 20.831921814102685 ], [ -99.006494969947937, 20.831406017603914 ], [ -99.00366795554757, 20.830568407047345 ], [ -99.003334277895377, 20.829080952036723 ] ], [ [ -99.003571059082716, 20.848313746206554 ], [ -99.004610772879403, 20.846709215443557 ], [ -99.002392232562798, 20.84625161052714 ], [ -99.003571059082716, 20.848313746206554 ] ], [ [ -99.004277642600286, 20.866133327161158 ], [ -99.003520543420578, 20.867593827977196 ], [ -99.005489384796462, 20.868244314055357 ], [ -99.006479392890384, 20.866559412026227 ], [ -99.004277642600286, 20.866133327161158 ] ], [ [ -99.00489759382576, 20.868646326985573 ], [ -99.004071089111918, 20.869438808864906 ], [ -99.005220314742473, 20.869748160286573 ], [ -99.00489759382576, 20.868646326985573 ] ], [ [ -99.007102233568602, 20.801065503827296 ], [ -99.00747973223784, 20.803119215348769 ], [ -99.008326747791855, 20.801568055748834 ], [ -99.007102233568602, 20.801065503827296 ] ], [ [ -99.010823458056834, 20.894176389386558 ], [ -99.008157075282071, 20.896925484600079 ], [ -99.012763166902104, 20.896859160387979 ], [ -99.012763014088719, 20.895051736701518 ], [ -99.010823458056834, 20.894176389386558 ] ], [ [ -99.012318033602355, 20.961607436993351 ], [ -99.014096893676381, 20.960237317845802 ], [ -99.009939060446811, 20.959215234172195 ], [ -99.008255733523129, 20.960608774821662 ], [ -99.012318033602355, 20.961607436993351 ] ], [ [ -99.01816242405296, 20.953986092738006 ], [ -99.017179839012371, 20.956516829987105 ], [ -99.016259401713327, 20.955106913541954 ], [ -99.014338442550354, 20.956980016468346 ], [ -99.012191766349048, 20.954797951000732 ], [ -99.010000533523026, 20.955431529291822 ], [ -99.009813425722939, 20.953490464664871 ], [ -99.008933109842317, 20.956667025586018 ], [ -99.01757788104436, 20.957571390433397 ], [ -99.018399511215833, 20.959188680959443 ], [ -99.021794045403496, 20.9581482854074 ], [ -99.020350491872918, 20.953269188398753 ], [ -99.018814038410056, 20.95346614964437 ], [ -99.019335328384742, 20.954703348422047 ], [ -99.01816242405296, 20.953986092738006 ] ], [ [ -99.009928839347438, 20.803776529149154 ], [ -99.010246420793067, 20.807760518696107 ], [ -99.011255886508167, 20.804655236558567 ], [ -99.009928839347438, 20.803776529149154 ] ], [ [ -99.013596431171436, 20.937400062685676 ], [ -99.012232184534994, 20.937782708255586 ], [ -99.019584954062395, 20.942231985338491 ], [ -99.013596431171436, 20.937400062685676 ] ], [ [ -99.012557645286591, 20.708191954025821 ], [ -99.013002862274462, 20.711311608693936 ], [ -99.016253307864091, 20.709973518067045 ], [ -99.012557645286591, 20.708191954025821 ] ], [ [ -99.020302774235446, 20.879687890653663 ], [ -99.022177728027771, 20.879213407013218 ], [ -99.021573437337281, 20.876283916252937 ], [ -99.015621366579012, 20.877412219443482 ], [ -99.020302774235446, 20.879687890653663 ] ], [ [ -99.018325428167131, 20.911524392020745 ], [ -99.020707887520885, 20.914704385054186 ], [ -99.019851313116462, 20.910975115861497 ], [ -99.018325428167131, 20.911524392020745 ] ], [ [ -99.020102007548005, 20.882909103583852 ], [ -99.018418391159983, 20.886917809274035 ], [ -99.021656725604501, 20.884578168599688 ], [ -99.020102007548005, 20.882909103583852 ] ], [ [ -99.020296225918955, 20.830887220289277 ], [ -99.020748800722984, 20.832903709433435 ], [ -99.022514700362066, 20.832053050915643 ], [ -99.020296225918955, 20.830887220289277 ] ], [ [ -99.028374355261661, 20.945795125185295 ], [ -99.021031602906731, 20.942010050650349 ], [ -99.023811995158113, 20.944865537377726 ], [ -99.023698462714137, 20.946844220876251 ], [ -99.028374355261661, 20.945795125185295 ] ], [ [ -99.031661158005107, 20.930371400380714 ], [ -99.045769639227103, 20.936652234702191 ], [ -99.049759417912327, 20.934857850535671 ], [ -99.047911205261428, 20.932147500772807 ], [ -99.031105920144611, 20.920504368811123 ], [ -99.029638024496194, 20.92071967486098 ], [ -99.027693571952611, 20.925463325414768 ], [ -99.021424269194469, 20.928902720899305 ], [ -99.024142788201374, 20.932086912369936 ], [ -99.031661158005107, 20.930371400380714 ] ], [ [ -99.023765941294855, 20.868242751818098 ], [ -99.026273101737033, 20.867430012826635 ], [ -99.025546542037546, 20.864217257071061 ], [ -99.023128734317893, 20.867035533139546 ], [ -99.023765941294855, 20.868242751818098 ] ], [ [ -99.023128734317893, 20.867035533139546 ], [ -99.022805888709058, 20.865933732435028 ], [ -99.021979491786112, 20.866726300991214 ], [ -99.023128734317893, 20.867035533139546 ] ], [ [ -99.059713988635153, 20.885024971059345 ], [ -99.061392886542336, 20.884880932898913 ], [ -99.063222342840959, 20.879788034937892 ], [ -99.067449250499266, 20.880104250032584 ], [ -99.064466504623525, 20.872393148233197 ], [ -99.067354371361802, 20.864514417782665 ], [ -99.064706158362512, 20.869746452296802 ], [ -99.059060299962283, 20.872234845669883 ], [ -99.055548611520337, 20.86831523845062 ], [ -99.058341090085364, 20.861948910261201 ], [ -99.054740620142042, 20.855611620451509 ], [ -99.048065570755014, 20.852969046325608 ], [ -99.039519926199276, 20.852827789437399 ], [ -99.032930049494439, 20.850391175333723 ], [ -99.030898275051754, 20.845893633451819 ], [ -99.031858073151994, 20.839047923905486 ], [ -99.032821850387279, 20.839878000758286 ], [ -99.033958569991086, 20.838582449601788 ], [ -99.032073739224145, 20.834925879960831 ], [ -99.025599557603556, 20.830872231750732 ], [ -99.024293117104193, 20.824136370313248 ], [ -99.022729950620615, 20.826341534839798 ], [ -99.023280919690194, 20.831565770237653 ], [ -99.03005601241388, 20.839154737542124 ], [ -99.030918476880558, 20.843046663172405 ], [ -99.026470636592919, 20.844304251009412 ], [ -99.022195597230962, 20.843385861895214 ], [ -99.022746243509459, 20.845739789585064 ], [ -99.027504752949653, 20.846618538848926 ], [ -99.028413864029517, 20.845355433498998 ], [ -99.027362102246514, 20.849004998318385 ], [ -99.029942194382244, 20.8510071228134 ], [ -99.028780957808181, 20.850767792561079 ], [ -99.02996017901495, 20.852829745216379 ], [ -99.03073986915912, 20.851626091394952 ], [ -99.035247661508407, 20.85512381944141 ], [ -99.041490605885372, 20.856316391074799 ], [ -99.040680620272155, 20.859499000461049 ], [ -99.0430943230579, 20.857508906400589 ], [ -99.046440213152252, 20.860715448811376 ], [ -99.04862713276637, 20.859280406484658 ], [ -99.04959425117633, 20.861144895532913 ], [ -99.052086639112019, 20.860522565904862 ], [ -99.050613095997406, 20.865495714497531 ], [ -99.051619763508228, 20.871257056023886 ], [ -99.059713988635153, 20.885024971059345 ] ], [ [ -99.024070424010333, 20.861613112409461 ], [ -99.023313538673577, 20.863073701418905 ], [ -99.025282407125445, 20.863723960126855 ], [ -99.026272165010781, 20.862038941988516 ], [ -99.024070424010333, 20.861613112409461 ] ], [ [ -99.027937525345692, 20.961030439953088 ], [ -99.029230023689365, 20.957949013901096 ], [ -99.027290458055333, 20.955287649418651 ], [ -99.023820422626798, 20.954243480274521 ], [ -99.027937525345692, 20.961030439953088 ] ], [ [ -99.029006318425445, 20.946762232370016 ], [ -99.029872420346919, 20.94893065073169 ], [ -99.025664791634668, 20.947493653216103 ], [ -99.025179487580971, 20.948667074819351 ], [ -99.028908321815337, 20.949868869015464 ], [ -99.03297157332382, 20.956608449431165 ], [ -99.035829848554414, 20.952162543726569 ], [ -99.035246854948042, 20.949573553289206 ], [ -99.029006318425445, 20.946762232370016 ] ], [ [ -99.026899268297456, 20.868842411521289 ], [ -99.026341627344564, 20.872100371319554 ], [ -99.028190573263871, 20.873754440766476 ], [ -99.029195104840639, 20.869454955202297 ], [ -99.026899268297456, 20.868842411521289 ] ], [ [ -99.031687767464447, 20.913148869393819 ], [ -99.038442214207322, 20.910009972876175 ], [ -99.037365058499546, 20.908810566050747 ], [ -99.030579517593537, 20.910231636558755 ], [ -99.032755160527785, 20.907465049588872 ], [ -99.031303901213874, 20.902480683348553 ], [ -99.028403644051309, 20.902983240691491 ], [ -99.029777889251733, 20.904955345500312 ], [ -99.027831779276454, 20.906103215329956 ], [ -99.026725667898958, 20.909653600447921 ], [ -99.02818963039816, 20.912986084658563 ], [ -99.026726900707303, 20.916610569693432 ], [ -99.033406470004991, 20.91886861398525 ], [ -99.031154028485972, 20.915928466334911 ], [ -99.031687767464447, 20.913148869393819 ] ], [ [ -99.031853066704372, 20.830234314080609 ], [ -99.032930768520885, 20.828060860900333 ], [ -99.029718797915635, 20.82727097003065 ], [ -99.031853066704372, 20.830234314080609 ] ], [ [ -99.04593478619698, 20.886504290968226 ], [ -99.043047458333177, 20.882341864896585 ], [ -99.036979297797799, 20.878608776676376 ], [ -99.032708450102874, 20.878107814069992 ], [ -99.031960063660918, 20.87964885889777 ], [ -99.034496525129242, 20.888110813228035 ], [ -99.038046602354015, 20.893194814669208 ], [ -99.043363765186385, 20.892789224624678 ], [ -99.04593478619698, 20.886504290968226 ] ], [ [ -99.039145356947714, 20.840824850427566 ], [ -99.040489215655015, 20.838840926111793 ], [ -99.037264845301991, 20.832692083234821 ], [ -99.03372845602955, 20.830499599533507 ], [ -99.036189194006994, 20.834177128154035 ], [ -99.039145356947714, 20.840824850427566 ] ], [ [ -99.039145356947714, 20.840824850427566 ], [ -99.036812538395282, 20.839073145686346 ], [ -99.036001455458035, 20.840204123416633 ], [ -99.038811191776972, 20.843371209821306 ], [ -99.039145356947714, 20.840824850427566 ] ], [ [ -99.034439372986796, 20.867033630763796 ], [ -99.034866394713731, 20.87096225344035 ], [ -99.03678649834842, 20.867763328842656 ], [ -99.034439372986796, 20.867033630763796 ] ], [ [ -99.037288920049846, 20.955596624986075 ], [ -99.037586431189808, 20.957549890416079 ], [ -99.039381398943576, 20.955888325616002 ], [ -99.037288920049846, 20.955596624986075 ] ], [ [ -99.038922409217761, 20.851097290698014 ], [ -99.041434658917311, 20.850042291493182 ], [ -99.037262579315211, 20.84895872385016 ], [ -99.038922409217761, 20.851097290698014 ] ], [ [ -99.042004957928683, 20.957402939216063 ], [ -99.039175604158729, 20.957403612649085 ], [ -99.039176074745626, 20.959211023669727 ], [ -99.042005462502317, 20.959210350173297 ], [ -99.042004957928683, 20.957402939216063 ] ], [ [ -99.041418512549981, 20.946980847387568 ], [ -99.039172546566192, 20.945655438010466 ], [ -99.039607578199934, 20.949603039619618 ], [ -99.041418512549981, 20.946980847387568 ] ], [ [ -99.06251016902479, 20.784701677893764 ], [ -99.058762351207832, 20.788811911739256 ], [ -99.054680759404121, 20.788620871400131 ], [ -99.04876914349002, 20.793784391539699 ], [ -99.045145742866737, 20.79985256429531 ], [ -99.046043647494287, 20.803573360753436 ], [ -99.05346959212514, 20.812369634222748 ], [ -99.057623246028641, 20.812178758502998 ], [ -99.059929247710073, 20.813521862771537 ], [ -99.064322238311007, 20.807768890415776 ], [ -99.063176408995787, 20.806436861145684 ], [ -99.067348604104978, 20.803685252694152 ], [ -99.065547164765377, 20.795269560138987 ], [ -99.069349275982418, 20.793470178028695 ], [ -99.072574768567605, 20.788449405708111 ], [ -99.075941972534764, 20.787449607844234 ], [ -99.07546498738607, 20.782974710700913 ], [ -99.078136858252805, 20.779917061021969 ], [ -99.075867795728286, 20.779359539418099 ], [ -99.073709301447423, 20.781974569750275 ], [ -99.074888135320506, 20.783100937779274 ], [ -99.06251016902479, 20.784701677893764 ] ], [ [ -99.052763982935659, 20.956015572453037 ], [ -99.046719986445453, 20.955594302191653 ], [ -99.045858642807275, 20.957560939397084 ], [ -99.052763982935659, 20.956015572453037 ] ], [ [ -99.055509248564235, 20.897048751894907 ], [ -99.056335633894676, 20.89625602416147 ], [ -99.055186102353915, 20.895947017580227 ], [ -99.055509248564235, 20.897048751894907 ] ], [ [ -99.055186102353915, 20.895947017580227 ], [ -99.0520671726552, 20.893836982026759 ], [ -99.051098347308354, 20.895589042959099 ], [ -99.055186102353915, 20.895947017580227 ] ], [ [ -99.051387533158675, 20.814613769325586 ], [ -99.051765665419595, 20.816667379302359 ], [ -99.052612303117925, 20.815116003970157 ], [ -99.051387533158675, 20.814613769325586 ] ], [ [ -99.051751001039548, 20.934102022509098 ], [ -99.052577608761723, 20.933309315909977 ], [ -99.051427802203378, 20.933000285067777 ], [ -99.051751001039548, 20.934102022509098 ] ], [ [ -99.061159086735856, 20.895662685378596 ], [ -99.059141254466027, 20.891774908641672 ], [ -99.055184450706463, 20.891428458708443 ], [ -99.061159086735856, 20.895662685378596 ] ], [ [ -99.057336469172284, 20.822160899876472 ], [ -99.065168143902255, 20.832198017745771 ], [ -99.064877303147014, 20.828744372512396 ], [ -99.059296818224198, 20.818785350567161 ], [ -99.056100003938639, 20.8182271721676 ], [ -99.057336469172284, 20.822160899876472 ] ], [ [ -99.060861467915544, 20.94293796011749 ], [ -99.063690548831801, 20.942936927576131 ], [ -99.063689784425208, 20.941129514711175 ], [ -99.060860737463074, 20.941130547155133 ], [ -99.060861467915544, 20.94293796011749 ] ], [ [ -99.062942398185143, 20.895757627313717 ], [ -99.064964132720306, 20.895527688066302 ], [ -99.063990216367273, 20.892812673255076 ], [ -99.061783754840974, 20.892329913671873 ], [ -99.062942398185143, 20.895757627313717 ] ], [ [ -99.064862436466896, 20.887301708828971 ], [ -99.061781536392346, 20.886907640726278 ], [ -99.065607942018261, 20.889033613539926 ], [ -99.064862436466896, 20.887301708828971 ] ], [ [ -99.062400482851814, 20.91313726617074 ], [ -99.065922456562362, 20.911728529752917 ], [ -99.063676801956177, 20.910403436590915 ], [ -99.062400482851814, 20.91313726617074 ] ], [ [ -99.083786826271051, 20.807150499878844 ], [ -99.077251914504458, 20.803243516342 ], [ -99.071615333289486, 20.805085020254914 ], [ -99.064330226497759, 20.813163743881713 ], [ -99.063553912860016, 20.817460377189409 ], [ -99.069345094975702, 20.817893285249983 ], [ -99.072935978261782, 20.811258148596899 ], [ -99.083786826271051, 20.807150499878844 ] ], [ [ -99.068695470818852, 20.958664283905524 ], [ -99.066526419070641, 20.958298841618276 ], [ -99.06703936267219, 20.959446087225771 ], [ -99.068695470818852, 20.958664283905524 ] ], [ [ -99.069674575973153, 20.962523164347971 ], [ -99.068414309363192, 20.961912913061784 ], [ -99.06731122194148, 20.96404155819414 ], [ -99.068827854637476, 20.964927447892844 ], [ -99.069674575973153, 20.962523164347971 ] ], [ [ -99.068380504112611, 20.893512751065821 ], [ -99.071647965262727, 20.893993330439528 ], [ -99.067439211365638, 20.890520351729915 ], [ -99.068380504112611, 20.893512751065821 ] ], [ [ -99.070882360910304, 20.867160147448402 ], [ -99.073703853643366, 20.86583752632805 ], [ -99.07434130926174, 20.863113144478529 ], [ -99.073081855570422, 20.862502918180315 ], [ -99.070882360910304, 20.867160147448402 ] ], [ [ -99.073477409778846, 20.85870856889947 ], [ -99.07346193340031, 20.861072608705385 ], [ -99.078185634273083, 20.85799653934173 ], [ -99.076849197817111, 20.857078977769895 ], [ -99.073477409778846, 20.85870856889947 ] ], [ [ -99.095412246533229, 20.850241027301383 ], [ -99.096637449911469, 20.850742943852488 ], [ -99.096258622881408, 20.848689443218522 ], [ -99.095412246533229, 20.850241027301383 ] ], [ [ -99.10372493513637, 20.95439341698852 ], [ -99.10141891589322, 20.953763137041822 ], [ -99.10206588217298, 20.955926065961595 ], [ -99.10372493513637, 20.95439341698852 ] ], [ [ -99.107082624263811, 20.960989309623592 ], [ -99.107406290858137, 20.962090935542992 ], [ -99.10823275760346, 20.961297935240648 ], [ -99.107082624263811, 20.960989309623592 ] ], [ [ -99.115648518291707, 20.888101855802514 ], [ -99.119008153798418, 20.890203378912837 ], [ -99.125223180932338, 20.89957053067301 ], [ -99.124511932318939, 20.900909847609658 ], [ -99.119422978306261, 20.900052823289837 ], [ -99.116139550262574, 20.895173138120803 ], [ -99.112625482938284, 20.892836654772296 ], [ -99.109877777231745, 20.892868005050925 ], [ -99.108690332232413, 20.894777034729529 ], [ -99.114840936949321, 20.896613339178153 ], [ -99.114436061679811, 20.899482464539442 ], [ -99.111993925373483, 20.89977096788753 ], [ -99.124017570752571, 20.918505817920469 ], [ -99.125644493540733, 20.916687691984535 ], [ -99.12778195440626, 20.916877363569384 ], [ -99.128796940327021, 20.913625240594993 ], [ -99.127167183807302, 20.912000781200863 ], [ -99.12991472488136, 20.911616200949712 ], [ -99.132887579757067, 20.906917977748108 ], [ -99.131028883849766, 20.900126904757897 ], [ -99.129294745553864, 20.900715039581552 ], [ -99.127053977253198, 20.898421638897386 ], [ -99.118596839381439, 20.884752834844402 ], [ -99.119409969656189, 20.883604726145698 ], [ -99.12287255523853, 20.88723616023702 ], [ -99.125638730164724, 20.892617300612049 ], [ -99.128036307762855, 20.890763803787536 ], [ -99.126738971209718, 20.886850823335219 ], [ -99.128050449511434, 20.883085501731955 ], [ -99.121164138554903, 20.881845709544386 ], [ -99.116122668064705, 20.879214956099364 ], [ -99.114100025029785, 20.876189119239474 ], [ -99.115648518291707, 20.888101855802514 ] ], [ [ -99.110129351533814, 20.835160296936422 ], [ -99.112876185680392, 20.837982505872855 ], [ -99.114905380188276, 20.834977073447508 ], [ -99.110129351533814, 20.835160296936422 ] ] ], [ [ [ -98.992027092178546, 20.817332444637103 ], [ -98.992349722249344, 20.816230608856657 ], [ -98.99317592649264, 20.817023108790035 ], [ -98.992027092178546, 20.817332444637103 ] ] ], [ [ [ -98.90980876396064, 20.520018458208153 ], [ -98.890790454138894, 20.521416630574716 ], [ -98.896592149525929, 20.516232346183791 ], [ -98.901840899410274, 20.515772298420931 ], [ -98.906132290515714, 20.5131766641878 ], [ -98.909648357641231, 20.515108335806133 ], [ -98.90980876396064, 20.520018458208153 ] ] ], [ [ [ -98.904607773341596, 20.493244428532829 ], [ -98.906998768849803, 20.490485108391081 ], [ -98.906561077068943, 20.489356677220535 ], [ -98.904511942746026, 20.492477776891349 ], [ -98.907126697401168, 20.485197756139268 ], [ -98.913304272597784, 20.493911283059361 ], [ -98.909285165185153, 20.496050192276922 ], [ -98.906663820242684, 20.495850090654969 ], [ -98.904607773341596, 20.493244428532829 ] ] ], [ [ [ -98.915984791793704, 20.519563961134626 ], [ -98.912728288419942, 20.519803636838681 ], [ -98.91479349090649, 20.5185487935399 ], [ -98.915984791793704, 20.519563961134626 ] ] ], [ [ [ -98.928764172403319, 20.639317815356378 ], [ -98.928224204177383, 20.642935895880825 ], [ -98.927178443906968, 20.63932272841193 ], [ -98.931106316835198, 20.63724459288207 ], [ -98.928764172403319, 20.639317815356378 ] ] ], [ [ [ -98.948408291229526, 20.610017428607232 ], [ -98.946937940808937, 20.616327984622089 ], [ -98.94473561289368, 20.611253532851435 ], [ -98.939308672388023, 20.605624620345885 ], [ -98.940907250171534, 20.601351255753798 ], [ -98.947054601157149, 20.606198222928374 ], [ -98.948408291229526, 20.610017428607232 ] ] ], [ [ [ -99.014941968612192, 20.982907317025177 ], [ -99.003203392401076, 20.968396226104282 ], [ -99.005374360051903, 20.966068046344585 ], [ -99.011341860139453, 20.972466628859319 ], [ -99.012769292803753, 20.969155796217962 ], [ -99.015598962964916, 20.970059265256218 ], [ -99.019574984766095, 20.976819395095607 ], [ -99.020800038747311, 20.973110503053665 ], [ -99.024087740055592, 20.970058277025444 ], [ -99.027982887479112, 20.970815970723546 ], [ -99.023618048775546, 20.971975987576343 ], [ -99.024803037228637, 20.978618834278553 ], [ -99.030793859923222, 20.982980367932111 ], [ -99.034060708308758, 20.980595723776343 ], [ -99.037577087445385, 20.981317578985514 ], [ -99.041819942566505, 20.990066457066817 ], [ -99.047267597236356, 20.987795814622963 ], [ -99.049628919149214, 20.988839202539413 ], [ -99.049737658315991, 20.999519567864333 ], [ -99.048461180532939, 20.999779876562247 ], [ -99.047140354020939, 20.996365674387427 ], [ -99.042228719036899, 20.993012122071203 ], [ -99.037631446382264, 20.995225489167378 ], [ -99.033131219647274, 20.993318848447206 ], [ -99.031001335871409, 20.996568120923044 ], [ -99.031010406193161, 20.994237894055786 ], [ -99.014941968612192, 20.982907317025177 ] ], [ [ -99.034465813179281, 20.982708339760517 ], [ -99.031055281956341, 20.986794851381681 ], [ -99.032620225327818, 20.987629093449524 ], [ -99.03630982716156, 20.98321303506685 ], [ -99.034465813179281, 20.982708339760517 ] ] ], [ [ [ -99.113227973787446, 20.822952714199157 ], [ -99.112017724082776, 20.821492314505591 ], [ -99.112881666039556, 20.820136372307893 ], [ -99.116159222456346, 20.823429747416636 ], [ -99.113748033940183, 20.82203332282165 ], [ -99.113227973787446, 20.822952714199157 ] ] ], [ [ [ -99.165864103855711, 21.052512245693404 ], [ -99.163773509437263, 21.055002571305995 ], [ -99.160641299943208, 21.05188712256664 ], [ -99.150392353642758, 21.053907087175197 ], [ -99.14914453263134, 21.052665775592583 ], [ -99.147266833740872, 21.054125131847677 ], [ -99.150087048117527, 21.063590858702966 ], [ -99.146032691680048, 21.063515159482357 ], [ -99.144446826905835, 21.065694830727651 ], [ -99.14912263574108, 21.073062044168129 ], [ -99.146736844193342, 21.075148641936181 ], [ -99.140347590666423, 21.071428237829043 ], [ -99.141094231259231, 21.064391180602986 ], [ -99.13996326177427, 21.062562415308619 ], [ -99.137255756178675, 21.063171793027713 ], [ -99.134679486062439, 21.057581208857631 ], [ -99.128840327212004, 21.055411613068344 ], [ -99.128748275679399, 21.051546736496761 ], [ -99.13032900764118, 21.050263268242261 ], [ -99.127516804312108, 21.04405089944537 ], [ -99.128737702844461, 21.043810468362175 ], [ -99.129791379189086, 21.045921220520153 ], [ -99.137748401481801, 21.042191714790317 ], [ -99.135448508500076, 21.040494639785774 ], [ -99.134305787047666, 21.042576653373011 ], [ -99.13129313625781, 21.041283283257432 ], [ -99.128875788487321, 21.043281895868979 ], [ -99.125011156599058, 21.037732563194371 ], [ -99.128481467022439, 21.041446215478771 ], [ -99.131307018044296, 21.035798168757257 ], [ -99.136852693623084, 21.030989740867149 ], [ -99.147438463617036, 21.03620116040674 ], [ -99.156226178093178, 21.038349597757435 ], [ -99.16030582650761, 21.024772730810113 ], [ -99.163089393577479, 21.026652118416045 ], [ -99.162409023802454, 21.02963451380867 ], [ -99.164460069139935, 21.028595456621069 ], [ -99.16702422557222, 21.032158091552581 ], [ -99.169194937044367, 21.030239192300076 ], [ -99.170840631990117, 21.032140865047268 ], [ -99.16945746597905, 21.037170461199675 ], [ -99.166140579936055, 21.032336537204667 ], [ -99.162343430714145, 21.032922388499905 ], [ -99.164291450633428, 21.038354515318787 ], [ -99.164130666110239, 21.046308791203973 ], [ -99.166170811580614, 21.047236038494344 ], [ -99.168351273184982, 21.04292041715706 ], [ -99.17148733140985, 21.041826690160004 ], [ -99.172722665120517, 21.049090585894522 ], [ -99.165864103855711, 21.052512245693404 ] ] ], [ [ [ -99.130731896933526, 21.042305722005576 ], [ -99.131882702089499, 21.042614181639919 ], [ -99.131055915476324, 21.043407291662405 ], [ -99.130731896933526, 21.042305722005576 ] ] ], [ [ [ -99.158126367546217, 21.010437008150294 ], [ -99.15724567218777, 21.013104221139749 ], [ -99.158898572299378, 21.012933746045384 ], [ -99.159105058115856, 21.014781532804978 ], [ -99.15761941258377, 21.015387746361551 ], [ -99.159621628929727, 21.017468912984565 ], [ -99.158352997749063, 21.018666526786959 ], [ -99.156513831973783, 21.011287330373541 ], [ -99.151002460193993, 21.007833339148117 ], [ -99.150933477249893, 21.004742162533482 ], [ -99.153991635203468, 21.001922199943998 ], [ -99.158126367546217, 21.010437008150294 ] ] ], [ [ [ -99.163936045862968, 20.887667921898867 ], [ -99.161701470690531, 20.887388566308182 ], [ -99.1640013275276, 20.8858061388982 ], [ -99.163936045862968, 20.887667921898867 ] ] ], [ [ [ -99.208526272608509, 21.052926712983606 ], [ -99.205666672987604, 21.048898309719839 ], [ -99.198247969779146, 21.045462628999452 ], [ -99.197270184613117, 21.042648196215175 ], [ -99.204853546197924, 21.040887162762832 ], [ -99.207600662827005, 21.0462917786008 ], [ -99.213219857706122, 21.048406102591059 ], [ -99.214252683679135, 21.054429839939619 ], [ -99.217882207717395, 21.055310821875416 ], [ -99.223358729742898, 21.046448328182773 ], [ -99.228802853103815, 21.043343529567696 ], [ -99.232168159341981, 21.044589373655228 ], [ -99.227476833961603, 21.049912621602687 ], [ -99.233156495633267, 21.049793919989099 ], [ -99.233053038800705, 21.045271666343837 ], [ -99.241040759501146, 21.05208612929248 ], [ -99.240303702592627, 21.053965920836859 ], [ -99.241528332418525, 21.05361843608603 ], [ -99.243130718939454, 21.057068931690196 ], [ -99.246890106293876, 21.056334323738884 ], [ -99.251556727678761, 21.059764705896356 ], [ -99.251065094043867, 21.058191221391265 ], [ -99.252749594406822, 21.058422329561129 ], [ -99.252595040730384, 21.057451297807759 ], [ -99.250424134825494, 21.057450442339455 ], [ -99.250591078394862, 21.054881456182184 ], [ -99.248125696495336, 21.0535378540315 ], [ -99.247128948754849, 21.055944022123551 ], [ -99.242587398738848, 21.035550149965907 ], [ -99.248834142274532, 21.040161937686914 ], [ -99.254414829048415, 21.04051174139585 ], [ -99.265512766176954, 21.046442815211851 ], [ -99.266163845829354, 21.060096949851971 ], [ -99.259552941111551, 21.066421370580262 ], [ -99.256839651105651, 21.066297366712043 ], [ -99.249761876184039, 21.071390536043204 ], [ -99.248331200200724, 21.075299001758086 ], [ -99.246606187330698, 21.073387975687741 ], [ -99.245980471137983, 21.077601031372549 ], [ -99.247988191775832, 21.079251966647362 ], [ -99.244456389029182, 21.080646335485437 ], [ -99.235119827498295, 21.070127384947149 ], [ -99.233620360311463, 21.065384346235728 ], [ -99.229515049155438, 21.065074144387264 ], [ -99.231611861654088, 21.070516455330992 ], [ -99.227435067991138, 21.073029250315798 ], [ -99.227761528471746, 21.07684916065233 ], [ -99.225658318986405, 21.078588991116298 ], [ -99.2359483321043, 21.079445703118076 ], [ -99.236236815121771, 21.082819095320122 ], [ -99.230320327423243, 21.086898918809425 ], [ -99.226938240889496, 21.091421905776524 ], [ -99.221559771670158, 21.089452256788373 ], [ -99.217204724743766, 21.082816031860322 ], [ -99.206420485676617, 21.080484585674927 ], [ -99.201456186560677, 21.06939717018539 ], [ -99.198261556363065, 21.065855807841778 ], [ -99.195189088168519, 21.06421908577429 ], [ -99.190089383558359, 21.064617283966388 ], [ -99.187883452627631, 21.062801850377056 ], [ -99.190311121000178, 21.058064064408146 ], [ -99.186677944387071, 21.050023177028397 ], [ -99.178470392890318, 21.048598604581983 ], [ -99.178278324093938, 21.046342027308661 ], [ -99.181254916498986, 21.044552204798087 ], [ -99.182723295831821, 21.038329027906631 ], [ -99.185585161558407, 21.038105685710363 ], [ -99.200443927927139, 21.06135275019377 ], [ -99.207628084939088, 21.065649248961236 ], [ -99.208847054827459, 21.073240472829671 ], [ -99.214747018352128, 21.073180879891634 ], [ -99.219859954467509, 21.074971176145798 ], [ -99.219477102490572, 21.071132377230803 ], [ -99.222658769171701, 21.070623163347936 ], [ -99.219531606523077, 21.068939438216642 ], [ -99.218531956129738, 21.070229906563657 ], [ -99.210487737510732, 21.0635917429099 ], [ -99.21052679631569, 21.061628911201353 ], [ -99.206684064553841, 21.058102846681798 ], [ -99.208526272608509, 21.052926712983606 ] ] ], [ [ [ -99.182863329284231, 20.966545212254772 ], [ -99.182539101249418, 20.965443733558793 ], [ -99.183689420985431, 20.965751848851657 ], [ -99.182863329284231, 20.966545212254772 ] ] ], [ [ [ -99.188844760437732, 21.022396029209993 ], [ -99.189183588926156, 21.020611948839456 ], [ -99.185012565874061, 21.015439684592678 ], [ -99.187499104258904, 21.016715550975135 ], [ -99.189012779747443, 21.015592951904992 ], [ -99.195272538503502, 21.015941458057373 ], [ -99.196753977265871, 21.020381952647828 ], [ -99.203980609269053, 21.027150129283054 ], [ -99.206003065675176, 21.028231960684973 ], [ -99.207734208185087, 21.027416650506492 ], [ -99.210177841956792, 21.030552990985832 ], [ -99.211490114100727, 21.029309491655603 ], [ -99.217349145072859, 21.02976529019012 ], [ -99.21825925769167, 21.031351381860901 ], [ -99.228132866826556, 21.035285852480186 ], [ -99.221690199693228, 21.040846844392004 ], [ -99.216003060461517, 21.038108425321983 ], [ -99.210697999510174, 21.038218776090833 ], [ -99.207769533735274, 21.029134515785302 ], [ -99.201032785513902, 21.034564772708187 ], [ -99.197614564466519, 21.035454381569767 ], [ -99.190523169929023, 21.030862678335193 ], [ -99.185942884155779, 21.02283101782383 ], [ -99.188844760437732, 21.022396029209993 ] ] ], [ [ [ -99.232912994816743, 20.961300510901175 ], [ -99.240311133263944, 20.965742324336599 ], [ -99.244740585564728, 20.966172618167551 ], [ -99.247271647597785, 20.97007709364572 ], [ -99.247050233857607, 20.975208028300514 ], [ -99.244026248230142, 20.975809122626803 ], [ -99.24469948022579, 20.977607548795696 ], [ -99.243532294017058, 20.978576908359301 ], [ -99.245444124269, 20.981025648872851 ], [ -99.25026955465313, 20.978389739416759 ], [ -99.250119057280685, 20.980905950782176 ], [ -99.251461492388913, 20.981968432700913 ], [ -99.253625659702934, 20.981062049451385 ], [ -99.253490522728114, 20.982465400539944 ], [ -99.255350828964708, 20.983251952519868 ], [ -99.253910778735204, 20.986554507884602 ], [ -99.258108171825427, 20.988255709038306 ], [ -99.25217820159645, 20.991092061591203 ], [ -99.249576398972778, 20.994584801013705 ], [ -99.238965263236693, 20.999196554538631 ], [ -99.235872506771102, 21.003862310437249 ], [ -99.23610749277475, 21.008367033710165 ], [ -99.231396965915437, 21.013977970678635 ], [ -99.230615426569372, 21.017670339706704 ], [ -99.232091382531564, 21.022718935294229 ], [ -99.226994057954542, 21.022580658943898 ], [ -99.223138508383727, 21.030943958730678 ], [ -99.224425972366816, 21.02722431699522 ], [ -99.21965520679224, 21.024348267685752 ], [ -99.219943145732401, 21.021778001144433 ], [ -99.218354975756583, 21.020100704675819 ], [ -99.220710093814844, 21.016491283081557 ], [ -99.222730208046983, 21.016012851415294 ], [ -99.222554104179594, 21.014605825281009 ], [ -99.216198291289217, 21.016385753018461 ], [ -99.211930395313004, 21.015290119284764 ], [ -99.212052972873494, 21.019008233245454 ], [ -99.214031641369886, 21.020004142876424 ], [ -99.210613395270798, 21.021780802390513 ], [ -99.210775089784732, 21.023439519054801 ], [ -99.213090135706807, 21.021747944773697 ], [ -99.216525259690798, 21.022256453760896 ], [ -99.217251132289036, 21.024961155313299 ], [ -99.216088918482882, 21.024295025223633 ], [ -99.2146616932867, 21.026323779186672 ], [ -99.217045485708965, 21.028176888790981 ], [ -99.202245426828711, 21.024983659884839 ], [ -99.202360431159505, 21.022822462372147 ], [ -99.201105152374524, 21.022798802321919 ], [ -99.199046222400256, 21.018691141126858 ], [ -99.202026076024922, 21.01655090691143 ], [ -99.206316206893533, 21.016529935216369 ], [ -99.206945700996343, 21.013772932299169 ], [ -99.208998094003221, 21.015431818192145 ], [ -99.207260321171347, 21.017005950778046 ], [ -99.209423454307696, 21.017409144325811 ], [ -99.2094554883315, 21.019553588689138 ], [ -99.210961055772771, 21.019701619663035 ], [ -99.210379320575399, 21.012684149269163 ], [ -99.220331865200706, 21.010583935997001 ], [ -99.220801884933337, 21.009425908683543 ], [ -99.221275310802781, 21.010582711931274 ], [ -99.229342048680095, 21.000214979589977 ], [ -99.228724489280651, 20.995514816019448 ], [ -99.230304889734228, 20.99293069356963 ], [ -99.228046268960426, 20.983255341231146 ], [ -99.223877563915664, 20.974704160393006 ], [ -99.225365299129066, 20.974301405659961 ], [ -99.222571467231077, 20.972778324893714 ], [ -99.223195605312014, 20.97084361612108 ], [ -99.220882658179193, 20.967529093743082 ], [ -99.225874661937254, 20.965505863083866 ], [ -99.22838810217867, 20.962199080615783 ], [ -99.225687255971778, 20.961112848187199 ], [ -99.23065302583872, 20.95543677199651 ], [ -99.232912994816743, 20.961300510901175 ] ], [ [ -99.237576495368558, 20.972407381306269 ], [ -99.237255331827271, 20.973509651078849 ], [ -99.238404839885021, 20.973198697202026 ], [ -99.237576495368558, 20.972407381306269 ] ] ], [ [ [ -99.23880151885939, 21.031412680495379 ], [ -99.239101576884593, 21.032885792315358 ], [ -99.234498796203923, 21.034086652687243 ], [ -99.23880151885939, 21.031412680495379 ] ] ], [ [ [ -99.240737457260138, 21.098449491726726 ], [ -99.239949642611407, 21.089182929597378 ], [ -99.24369892030947, 21.084104117108343 ], [ -99.246709790285976, 21.084331341925914 ], [ -99.24542250398369, 21.092359151362455 ], [ -99.246885349029696, 21.093686880867669 ], [ -99.240737457260138, 21.098449491726726 ] ] ], [ [ [ -99.246115246929435, 21.055090688536502 ], [ -99.243453723866224, 21.055232784098674 ], [ -99.244859138794553, 21.054511837114624 ], [ -99.242871477395909, 21.054670310013897 ], [ -99.241766536318906, 21.052432605641201 ], [ -99.24509281468859, 21.053203587365871 ], [ -99.246115246929435, 21.055090688536502 ] ] ], [ [ [ -99.274100447470531, 20.91030289206088 ], [ -99.277828137124288, 20.90735242122663 ], [ -99.274347725622533, 20.910568666895838 ], [ -99.274409794532048, 20.913253952143986 ], [ -99.274100447470531, 20.91030289206088 ] ] ] ] } },
{ "type": "Feature", "properties": { "CUENCA": "Golfo Norte", "Prioridad": "Extrema", "Tipo": "Selva" }, "geometry": { "type": "MultiPolygon", "coordinates": [ [ [ [ -98.956599075430816, 21.292260563501237 ], [ -98.958401919768278, 21.292858643656729 ], [ -98.953762658669021, 21.294512452604572 ], [ -98.956599075430816, 21.292260563501237 ] ] ], [ [ [ -99.027874121822791, 21.043257407411044 ], [ -99.032952243960906, 21.043657905362249 ], [ -99.029209618870269, 21.045681150163905 ], [ -99.027874121822791, 21.043257407411044 ] ] ], [ [ [ -99.059881667867543, 21.044544088655947 ], [ -99.057744426271, 21.044838662918195 ], [ -99.056183844264609, 21.043250407184662 ], [ -99.059881667867543, 21.044544088655947 ] ] ], [ [ [ -99.360980411776012, 21.041972686870853 ], [ -99.362372181489548, 21.043158153391008 ], [ -99.361133888978799, 21.045956722998564 ], [ -99.359097482339848, 21.043784041314957 ], [ -99.360980411776012, 21.041972686870853 ] ] ], [ [ [ -99.360980411776012, 21.041972686870853 ], [ -99.358756250512855, 21.040811333753407 ], [ -99.360522634386783, 21.039957167088367 ], [ -99.360980411776012, 21.041972686870853 ] ] ], [ [ [ -99.359288908218488, 21.046176046221252 ], [ -99.36393088835122, 21.047139460237823 ], [ -99.364336736745827, 21.049292262221439 ], [ -99.367889475251332, 21.049537182205086 ], [ -99.371912291241969, 21.05584426501688 ], [ -99.376743387281394, 21.055909143824259 ], [ -99.3767077061827, 21.059380378930168 ], [ -99.367856094371888, 21.059814784340936 ], [ -99.369346651114441, 21.052459050870098 ], [ -99.365729459766115, 21.05461408341057 ], [ -99.365725044720122, 21.052806729217302 ], [ -99.363837647206253, 21.052810781404215 ], [ -99.36383325541415, 21.051003428252933 ], [ -99.361945880233549, 21.051007459096457 ], [ -99.359288908218488, 21.046176046221252 ] ] ], [ [ [ -99.363212479294134, 21.053433482834087 ], [ -99.360690954875835, 21.053410449837774 ], [ -99.36131994490259, 21.051312370983549 ], [ -99.363212479294134, 21.053433482834087 ] ] ], [ [ [ -99.361636005092407, 21.039797632824548 ], [ -99.363291430424809, 21.039012978420466 ], [ -99.363806914429873, 21.04015929493546 ], [ -99.361636005092407, 21.039797632824548 ] ] ], [ [ [ -99.364735135391342, 21.033831522697842 ], [ -99.364741733689513, 21.036542559288019 ], [ -99.361908762329961, 21.035644929517829 ], [ -99.364735135391342, 21.033831522697842 ] ] ], [ [ [ -99.361910944810219, 21.036548608870152 ], [ -99.365027939190853, 21.037948241258977 ], [ -99.36229074005621, 21.038584811383632 ], [ -99.361910944810219, 21.036548608870152 ] ] ], [ [ [ -99.367829803817671, 21.030698805095216 ], [ -99.366467350724861, 21.033825233788125 ], [ -99.367016921268274, 21.035770252547859 ], [ -99.365723693497358, 21.033829399240549 ], [ -99.367829803817671, 21.030698805095216 ] ] ], [ [ [ -99.367250682054888, 21.036597553199666 ], [ -99.367502641503748, 21.037489249567621 ], [ -99.363272254340345, 21.041644171023499 ], [ -99.367250682054888, 21.036597553199666 ] ] ], [ [ [ -99.366448869451062, 21.067021825230402 ], [ -99.368010464041561, 21.070336342711517 ], [ -99.372690495934606, 21.073449693356352 ], [ -99.37645604573035, 21.073478735423897 ], [ -99.365440120131893, 21.074460793391527 ], [ -99.366448869451062, 21.067021825230402 ] ] ], [ [ [ -99.37306948738518, 21.062282374587092 ], [ -99.370602579824606, 21.061103129115573 ], [ -99.375147736141884, 21.060474246838378 ], [ -99.37306948738518, 21.062282374587092 ] ] ], [ [ [ -99.38539539835638, 21.068308487660435 ], [ -99.37751454530914, 21.072934259694907 ], [ -99.385546966497685, 21.067294031362845 ], [ -99.388283238221959, 21.069507047435938 ], [ -99.38539539835638, 21.068308487660435 ] ] ], [ [ [ -99.384664037915471, 21.078067912338255 ], [ -99.386947310746507, 21.078639075273475 ], [ -99.38374354850697, 21.080227508894275 ], [ -99.384664037915471, 21.078067912338255 ] ] ], [ [ [ -99.386075099931276, 21.071058806822656 ], [ -99.387797037372735, 21.072027974525994 ], [ -99.385195521972591, 21.07329557378819 ], [ -99.386075099931276, 21.071058806822656 ] ] ], [ [ [ -99.394319758174447, 21.084426991353176 ], [ -99.391844292587876, 21.080944504666775 ], [ -99.394755276036349, 21.081284312241511 ], [ -99.394319758174447, 21.084426991353176 ] ] ], [ [ [ -99.398465687378334, 21.096517981837192 ], [ -99.39834515532776, 21.09149256465308 ], [ -99.399536846198927, 21.095248248834547 ], [ -99.397044011476581, 21.098357983436433 ], [ -99.397508912725286, 21.101801118214944 ], [ -99.393140610286892, 21.101056867314302 ], [ -99.394662707436709, 21.10102359567102 ], [ -99.394620745229332, 21.099272577481855 ], [ -99.398465687378334, 21.096517981837192 ] ] ], [ [ [ -99.395882208073346, 21.087277112565292 ], [ -99.395177435511684, 21.088336918669402 ], [ -99.393827207895953, 21.086941661521816 ], [ -99.395882208073346, 21.087277112565292 ] ] ] ] } },
{ "type": "Feature", "properties": { "CUENCA": "Golfo Norte", "Prioridad": "Muy alta", "Tipo": "Bosque" }, "geometry": { "type": "MultiPolygon", "coordinates": [ [ [ [ -98.301519392127446, 20.265760605498983 ], [ -98.302416227727775, 20.271461005200475 ], [ -98.308807190569993, 20.273695450927949 ], [ -98.314361840784883, 20.271801706867254 ], [ -98.315549205766175, 20.273960644492973 ], [ -98.310213940894855, 20.275523450729157 ], [ -98.308071258114893, 20.277812377308198 ], [ -98.304521245461089, 20.277594673400181 ], [ -98.303359353351325, 20.282309461334386 ], [ -98.292345871634964, 20.283169919257656 ], [ -98.291948249097786, 20.284247073291073 ], [ -98.289490181228999, 20.278534094106416 ], [ -98.291136063803023, 20.276776304034449 ], [ -98.297189591467983, 20.278363124331722 ], [ -98.29903935042951, 20.276387349535714 ], [ -98.296078597945836, 20.271088491858901 ], [ -98.297782905304203, 20.269635049744966 ], [ -98.299191271783073, 20.263741096088722 ], [ -98.301519392127446, 20.265760605498983 ] ] ], [ [ [ -98.311755710051841, 20.319267692242196 ], [ -98.316223370422293, 20.315908772633964 ], [ -98.316687601163807, 20.312306002864034 ], [ -98.319624457977909, 20.311292750852722 ], [ -98.315266412475779, 20.304858352445624 ], [ -98.308849752446392, 20.301429549672239 ], [ -98.304516047336946, 20.30183678427279 ], [ -98.30292058194172, 20.299438862245172 ], [ -98.298422942722212, 20.297807337081185 ], [ -98.293349567965109, 20.291754202901156 ], [ -98.294565772892341, 20.29012363183244 ], [ -98.293735868095098, 20.28692937916723 ], [ -98.299709810523112, 20.288027467181713 ], [ -98.309554240242434, 20.293127945714605 ], [ -98.313755084186724, 20.290328592826441 ], [ -98.321699251324873, 20.297185040166092 ], [ -98.322938615749393, 20.301950947103165 ], [ -98.318293839639125, 20.308294071791249 ], [ -98.322201515713587, 20.315734090569482 ], [ -98.331321479299973, 20.317901747964676 ], [ -98.327317194565055, 20.326601287254064 ], [ -98.329878323385259, 20.32882133460004 ], [ -98.323233506430796, 20.329294918980832 ], [ -98.31995912516183, 20.325315196976415 ], [ -98.310991354615865, 20.322446596802607 ], [ -98.311755710051841, 20.319267692242196 ] ] ], [ [ [ -98.318409665317418, 21.009361674122115 ], [ -98.317968500242714, 21.013310845659998 ], [ -98.317167013530238, 21.010060546953209 ], [ -98.318409665317418, 21.009361674122115 ] ] ], [ [ [ -98.318409665317418, 21.009361674122115 ], [ -98.318737571911484, 21.008261219601469 ], [ -98.319561270372702, 21.009056947369242 ], [ -98.318409665317418, 21.009361674122115 ] ] ], [ [ [ -98.322657429660836, 20.997020440538201 ], [ -98.322256613621263, 20.993111275324591 ], [ -98.323547658675452, 20.993851510346776 ], [ -98.322657429660836, 20.997020440538201 ] ] ], [ [ [ -98.366867460956541, 20.976707740086013 ], [ -98.365716193337718, 20.977012796949996 ], [ -98.366043677351655, 20.975912236230435 ], [ -98.366867460956541, 20.976707740086013 ] ] ], [ [ [ -98.429548660421574, 20.934855150311016 ], [ -98.437749149836094, 20.93701128993612 ], [ -98.440331341109157, 20.935321350241278 ], [ -98.433868940171052, 20.932459780760311 ], [ -98.428817335088453, 20.93480951004431 ], [ -98.427835030808112, 20.932996980186591 ], [ -98.422210906735856, 20.934786598147479 ], [ -98.422861811849799, 20.931053989117853 ], [ -98.428605481754275, 20.930567716725314 ], [ -98.434236137904463, 20.926372058579286 ], [ -98.44427372855165, 20.923175085576293 ], [ -98.453111736183573, 20.926291646352912 ], [ -98.463478799173927, 20.927625176718742 ], [ -98.45926228691583, 20.929081949976997 ], [ -98.462554530516272, 20.930856184873875 ], [ -98.469321049117553, 20.928150156139914 ], [ -98.469184690011275, 20.931963121823919 ], [ -98.467018386889677, 20.935654977933901 ], [ -98.467455867729043, 20.941102626251926 ], [ -98.461609086264247, 20.942769489719321 ], [ -98.465012236970878, 20.946628516870089 ], [ -98.462489016550293, 20.94869773428945 ], [ -98.462009112692769, 20.9529448067576 ], [ -98.459617882561446, 20.952519027787826 ], [ -98.454989482514222, 20.947918688175342 ], [ -98.448202971359279, 20.944146901266297 ], [ -98.445226618511683, 20.944366339068473 ], [ -98.445980638571555, 20.951989821833344 ], [ -98.444224917321975, 20.954153859788033 ], [ -98.442823903425094, 20.949303044330801 ], [ -98.438485669212, 20.948674162378229 ], [ -98.43566010181506, 20.952156423380679 ], [ -98.434684533253716, 20.946530717057147 ], [ -98.436220647506829, 20.943417700005355 ], [ -98.427699722390329, 20.943241452468019 ], [ -98.429548660421574, 20.934855150311016 ] ], [ [ -98.449224363221305, 20.92689551919727 ], [ -98.450054119212851, 20.926105766416409 ], [ -98.448905656341466, 20.925792693505741 ], [ -98.449224363221305, 20.92689551919727 ] ], [ [ -98.451106838263598, 20.927805259501859 ], [ -98.451936590709536, 20.927015497551093 ], [ -98.450788116727878, 20.926702436193171 ], [ -98.451106838263598, 20.927805259501859 ] ], [ [ -98.453819084357448, 20.92792520742724 ], [ -98.452670600221197, 20.927612159433838 ], [ -98.452989337382334, 20.928714978554158 ], [ -98.453819084357448, 20.92792520742724 ] ] ], [ [ [ -98.457358768438951, 20.90486498426958 ], [ -98.464695924155748, 20.901930477872469 ], [ -98.467814256048001, 20.911393792990783 ], [ -98.457411068672698, 20.920397861943151 ], [ -98.452402307162274, 20.919753480807579 ], [ -98.452120553057725, 20.916238963968269 ], [ -98.455207894451036, 20.910977671127135 ], [ -98.454932691837044, 20.907545743877606 ], [ -98.457358768438951, 20.90486498426958 ] ] ], [ [ [ -98.486198652833025, 20.915917137466653 ], [ -98.490558165021696, 20.916202227455596 ], [ -98.492736482865439, 20.913198767688272 ], [ -98.496094990888608, 20.91238323637571 ], [ -98.506137521394507, 20.914148285122266 ], [ -98.510236377519121, 20.912617522682233 ], [ -98.516519047090227, 20.915005664794268 ], [ -98.515824109738148, 20.919419587296723 ], [ -98.509785714271644, 20.924892585742882 ], [ -98.513552460968427, 20.926382766192798 ], [ -98.517169520533272, 20.932619486500769 ], [ -98.508283606438226, 20.933203488861711 ], [ -98.506817542391701, 20.93115505112366 ], [ -98.50384168304501, 20.932999848525494 ], [ -98.5007124015833, 20.932317926142382 ], [ -98.496710457535201, 20.934798524177271 ], [ -98.492854271725875, 20.932375454186374 ], [ -98.489731558608383, 20.933036573007865 ], [ -98.4845180715742, 20.931470575598738 ], [ -98.481255295052648, 20.933492593655068 ], [ -98.477008146456697, 20.932632709167351 ], [ -98.477313309808594, 20.926056204771609 ], [ -98.469664876031501, 20.921340035767685 ], [ -98.471550580214569, 20.921345881517617 ], [ -98.472167638945024, 20.918180881438666 ], [ -98.476277399632636, 20.917745719105021 ], [ -98.476744798526795, 20.918904551597542 ], [ -98.477220229690246, 20.917748607600327 ], [ -98.486198652833025, 20.915917137466653 ] ], [ [ -98.479316050962481, 20.926510429833005 ], [ -98.481198080105131, 20.928070740323712 ], [ -98.486226280361691, 20.92777214115155 ], [ -98.483999289823032, 20.925827450684427 ], [ -98.479316050962481, 20.926510429833005 ] ], [ [ -98.508123629824638, 20.922842309676088 ], [ -98.506951520446165, 20.919364430847519 ], [ -98.504895290020357, 20.92143125017682 ], [ -98.508123629824638, 20.922842309676088 ] ] ], [ [ [ -98.481637609389495, 20.892960757225786 ], [ -98.486979668777622, 20.896252011783947 ], [ -98.487084211327641, 20.901315748405089 ], [ -98.489272955176176, 20.904911392696508 ], [ -98.488567916782529, 20.907842450332616 ], [ -98.471594912086644, 20.908694484447761 ], [ -98.470846389088393, 20.897209545599495 ], [ -98.473638458547484, 20.893889750132178 ], [ -98.481637609389495, 20.892960757225786 ] ] ], [ [ [ -98.502131574067178, 20.895871114960649 ], [ -98.501259520874143, 20.898205945733327 ], [ -98.500865791193775, 20.89522722128552 ], [ -98.502131574067178, 20.895871114960649 ] ] ], [ [ [ -98.505756166807657, 20.987859775240423 ], [ -98.503419391949492, 20.98569554983624 ], [ -98.506694112194495, 20.981587583481105 ], [ -98.508353137786642, 20.983538414766223 ], [ -98.50980686234675, 20.979090491563444 ], [ -98.509181446300687, 20.977297754544427 ], [ -98.50759083332629, 20.977351963543317 ], [ -98.510037098764272, 20.973874177303042 ], [ -98.514436167035939, 20.982979844213652 ], [ -98.523730545519513, 20.974327964651017 ], [ -98.528403764423672, 20.979046673389693 ], [ -98.525518801041031, 20.984372850305352 ], [ -98.520823905492094, 20.98653862587356 ], [ -98.520739979008994, 20.993138346895581 ], [ -98.52241704784781, 20.997879066063941 ], [ -98.520245500029517, 20.997830491072108 ], [ -98.518835133919453, 20.987931035573983 ], [ -98.515991362491263, 20.990749480589706 ], [ -98.516120084963632, 20.997866112765085 ], [ -98.521100674563101, 20.998866137018698 ], [ -98.519848767426708, 21.006047018682747 ], [ -98.525471341084426, 21.005952860978354 ], [ -98.528043686371831, 21.008408280622128 ], [ -98.525481954865199, 21.014140970835776 ], [ -98.515424968896582, 21.014179752524747 ], [ -98.511668577946622, 21.008654769503774 ], [ -98.508524168690016, 21.006756764804859 ], [ -98.512389531672213, 21.003221020344117 ], [ -98.50921270542365, 21.003273996581584 ], [ -98.505756166807657, 20.987859775240423 ] ] ], [ [ [ -98.505158092352062, 20.59839896669321 ], [ -98.505828668787132, 20.596270389112853 ], [ -98.507933156756181, 20.596747052929341 ], [ -98.505158092352062, 20.59839896669321 ] ] ], [ [ [ -98.507621631609453, 20.611637941888649 ], [ -98.508388531086695, 20.609679217865519 ], [ -98.511612291586601, 20.612497191708975 ], [ -98.507621631609453, 20.611637941888649 ] ] ], [ [ [ -98.514980738627003, 20.607890403486245 ], [ -98.516856873652898, 20.609703091961222 ], [ -98.514975018605455, 20.60969782245186 ], [ -98.514980738627003, 20.607890403486245 ] ] ], [ [ [ -98.52904619042279, 20.627497611284934 ], [ -98.52810069129616, 20.625097354802794 ], [ -98.536984489131697, 20.626409950529645 ], [ -98.52904619042279, 20.627497611284934 ] ] ], [ [ [ -98.52810069129616, 20.625097354802794 ], [ -98.526013814061088, 20.624799467495169 ], [ -98.527810347197189, 20.62314323310417 ], [ -98.52810069129616, 20.625097354802794 ] ] ], [ [ [ -98.530262531043192, 20.617511498623347 ], [ -98.528122966778014, 20.617867675633736 ], [ -98.528649908367001, 20.616694567249681 ], [ -98.530262531043192, 20.617511498623347 ] ] ], [ [ [ -98.530201960285439, 20.620893877659658 ], [ -98.529374314156186, 20.621684088323761 ], [ -98.529055610202164, 20.620581372673236 ], [ -98.530201960285439, 20.620893877659658 ] ] ], [ [ [ -98.537015633953317, 21.095042076731289 ], [ -98.536704291106048, 21.097046131222783 ], [ -98.534974394266186, 21.095321122982682 ], [ -98.537015633953317, 21.095042076731289 ] ] ], [ [ [ -98.537732204675294, 20.882777181854205 ], [ -98.536732600798615, 20.880869135839689 ], [ -98.53987592737883, 20.881257762829822 ], [ -98.537732204675294, 20.882777181854205 ] ] ], [ [ [ -98.538925849727391, 21.087817925303256 ], [ -98.541929413215939, 21.088188791534574 ], [ -98.539876531225033, 21.089176010803367 ], [ -98.541969923899799, 21.090197034690569 ], [ -98.539410320541478, 21.092132161706871 ], [ -98.537169651865867, 21.091039250480204 ], [ -98.538925849727391, 21.087817925303256 ] ] ], [ [ [ -98.544810944592882, 21.083006122057366 ], [ -98.543659187085254, 21.083312369333406 ], [ -98.543985624038328, 21.082211456708212 ], [ -98.544810944592882, 21.083006122057366 ] ] ], [ [ [ -98.543659187085254, 21.083312369333406 ], [ -98.542704248533013, 21.086924480102422 ], [ -98.541771426711236, 21.083307282582741 ], [ -98.543659187085254, 21.083312369333406 ] ] ], [ [ [ -98.544594808336555, 21.086025894784715 ], [ -98.546182961233967, 21.083015560203858 ], [ -98.546166434651525, 21.085726528657521 ], [ -98.544594808336555, 21.086025894784715 ] ] ], [ [ [ -98.569634911648762, 21.063045035001149 ], [ -98.568799638505766, 21.064507271451564 ], [ -98.573413023048531, 21.066548882239498 ], [ -98.569384504856828, 21.072164893008495 ], [ -98.570653990948614, 21.076753603329749 ], [ -98.569629996513527, 21.083902599288781 ], [ -98.566354004093157, 21.080373057307202 ], [ -98.560730716592801, 21.084111974994968 ], [ -98.551793845818807, 21.082096574724684 ], [ -98.547113460569449, 21.071686355350412 ], [ -98.550756085643457, 21.068587809817814 ], [ -98.546086846633841, 21.069661630787426 ], [ -98.547569759110061, 21.064580995447827 ], [ -98.554336620756985, 21.063092351277092 ], [ -98.559341954243394, 21.065369353102643 ], [ -98.569634911648762, 21.063045035001149 ] ] ], [ [ [ -98.660606182788086, 20.847965079658881 ], [ -98.661631749179378, 20.843542310235151 ], [ -98.663146227794797, 20.842572488649761 ], [ -98.670201721118076, 20.844569170931802 ], [ -98.674464958299723, 20.847352428150838 ], [ -98.675990443632671, 20.853406741291877 ], [ -98.674035160754272, 20.856325013998074 ], [ -98.664370863802247, 20.848139075418679 ], [ -98.661197077615967, 20.848194933897826 ], [ -98.657934433904387, 20.851934542645935 ], [ -98.663015324857383, 20.862961766191745 ], [ -98.670120387233936, 20.870893660332406 ], [ -98.668026999414963, 20.874769731378098 ], [ -98.656870699615112, 20.871672518302308 ], [ -98.656972767465817, 20.877041597336017 ], [ -98.655019147725156, 20.879791850930999 ], [ -98.656942358616945, 20.883390005655485 ], [ -98.654971799556847, 20.886164049613935 ], [ -98.651937190106125, 20.886098551152138 ], [ -98.641235191886807, 20.875230541664795 ], [ -98.63889783391916, 20.875271349897329 ], [ -98.635292802791653, 20.878852413592579 ], [ -98.627869187167121, 20.879727106729788 ], [ -98.626595931449458, 20.87341652704858 ], [ -98.619695713167346, 20.875095735224296 ], [ -98.618090850484364, 20.873239647979279 ], [ -98.616489686024948, 20.875323296840506 ], [ -98.614537924899736, 20.875382159793922 ], [ -98.619619669157231, 20.879957940643067 ], [ -98.6181638566852, 20.882416812261791 ], [ -98.612644308291493, 20.879674993790729 ], [ -98.608435208217202, 20.881675453503632 ], [ -98.610605482128292, 20.885738773743213 ], [ -98.600592679398034, 20.882427204611648 ], [ -98.599388630554074, 20.895043701669145 ], [ -98.596765037391293, 20.895012097090376 ], [ -98.593020389022314, 20.885991705034098 ], [ -98.59169127886814, 20.8911602958466 ], [ -98.58808770547293, 20.891587948017239 ], [ -98.585265544303951, 20.874146705717976 ], [ -98.57497564266194, 20.870917204642506 ], [ -98.573891004296726, 20.863318472923808 ], [ -98.567310768218945, 20.864296118065752 ], [ -98.567428281057843, 20.870674518074093 ], [ -98.570304868712583, 20.873338632520142 ], [ -98.5802792793734, 20.877248335684637 ], [ -98.578637763226155, 20.883321738673267 ], [ -98.576356550518838, 20.885411853872974 ], [ -98.568303095491132, 20.886693034399144 ], [ -98.570793530762757, 20.879779181701796 ], [ -98.569196444067273, 20.876787248556244 ], [ -98.561116225384097, 20.876924789367816 ], [ -98.554107693265138, 20.880454422470752 ], [ -98.547597218135593, 20.875830611771804 ], [ -98.55079213523284, 20.869648720584731 ], [ -98.564624077905407, 20.866274997257793 ], [ -98.565788401303237, 20.861724877909353 ], [ -98.577789663019772, 20.86134893785464 ], [ -98.576391817462365, 20.857049202203576 ], [ -98.573102689723385, 20.854632973773814 ], [ -98.574862721786218, 20.849118861981008 ], [ -98.577456906515167, 20.852663106377914 ], [ -98.580952322871426, 20.854328783629267 ], [ -98.58114482021027, 20.856206781588266 ], [ -98.582832679611712, 20.855353153052263 ], [ -98.583483551995215, 20.850996766347485 ], [ -98.587223016646888, 20.850642710800525 ], [ -98.589189226556925, 20.847409245676758 ], [ -98.592177023409945, 20.852391166940837 ], [ -98.598526798770948, 20.852647541487674 ], [ -98.599988401053551, 20.850101057814246 ], [ -98.602416372283074, 20.852126353255649 ], [ -98.604295152265692, 20.848186108742603 ], [ -98.612984480223702, 20.84795501908874 ], [ -98.612362426887458, 20.846658942634729 ], [ -98.615033414910613, 20.845192662867039 ], [ -98.623443494557435, 20.846686724702181 ], [ -98.626468234655874, 20.842857846960584 ], [ -98.631642029915341, 20.842780490316212 ], [ -98.630263074000624, 20.841183580648526 ], [ -98.631242966985198, 20.839724490126308 ], [ -98.6347623227784, 20.842329451919426 ], [ -98.637035152844419, 20.840579678336109 ], [ -98.641948570209621, 20.839933371486524 ], [ -98.642236460633782, 20.842737217893358 ], [ -98.648249742815395, 20.842051384370684 ], [ -98.649159941491561, 20.843938632222304 ], [ -98.651448079870505, 20.842922847988682 ], [ -98.660606182788086, 20.847965079658881 ] ] ], [ [ [ -98.651020201844759, 20.900382240260534 ], [ -98.64885772185977, 20.901017471082753 ], [ -98.648456037705301, 20.895998259108143 ], [ -98.645737368475309, 20.893572836010961 ], [ -98.663041456008813, 20.889014080331254 ], [ -98.668222917157493, 20.891550096425487 ], [ -98.671408800392982, 20.896769628885203 ], [ -98.678683222889475, 20.901505162494786 ], [ -98.678470924270101, 20.896089396999013 ], [ -98.684985456912628, 20.889667890064764 ], [ -98.688987767392888, 20.8916007143233 ], [ -98.688027290030433, 20.893690374950072 ], [ -98.697104562293191, 20.891160677072556 ], [ -98.699407564627222, 20.888786840070978 ], [ -98.699249186003399, 20.884760767179664 ], [ -98.692755537072358, 20.880468656984096 ], [ -98.699459392174617, 20.878990426317205 ], [ -98.70135606561891, 20.880960338522467 ], [ -98.703076366227506, 20.886458516439216 ], [ -98.700701665617416, 20.892914627026244 ], [ -98.697205547073366, 20.897268074265895 ], [ -98.688414618611688, 20.89710092311028 ], [ -98.682272525879355, 20.900690246094488 ], [ -98.682343739906003, 20.902504895732196 ], [ -98.679081109929029, 20.903043019810426 ], [ -98.680132177673016, 20.903500299234199 ], [ -98.674786628384297, 20.907863736848817 ], [ -98.671904099976189, 20.908732415546357 ], [ -98.674179727607225, 20.913159514000316 ], [ -98.678619202741814, 20.914162467802726 ], [ -98.678479038661223, 20.91059098057255 ], [ -98.682390697360631, 20.906002575787042 ], [ -98.689990618491649, 20.904280346330669 ], [ -98.687963366510658, 20.91589055325338 ], [ -98.685062905065024, 20.91735607851858 ], [ -98.684193968012366, 20.920958049766661 ], [ -98.681211016015197, 20.924335450794263 ], [ -98.677879185100096, 20.919835523212509 ], [ -98.670338968182378, 20.919736796826058 ], [ -98.667182088512149, 20.91755733910556 ], [ -98.662576844312355, 20.918208379969347 ], [ -98.658665371776991, 20.916525094805934 ], [ -98.655536736114769, 20.918150310237991 ], [ -98.654839001418651, 20.917039613516543 ], [ -98.654398309168172, 20.918353432449553 ], [ -98.648830123712756, 20.920319766975545 ], [ -98.650070341834194, 20.922054660618887 ], [ -98.649104259005185, 20.925943578844443 ], [ -98.644466463276189, 20.925758122658138 ], [ -98.640301651436957, 20.92871544570826 ], [ -98.640315106873203, 20.93167241513083 ], [ -98.636682549417316, 20.936669878036593 ], [ -98.637412403590503, 20.938487877820652 ], [ -98.633799748438349, 20.940767829673085 ], [ -98.633170742341164, 20.943258076212008 ], [ -98.621938106428289, 20.949790848971684 ], [ -98.620205953963179, 20.949616687908676 ], [ -98.618327245020112, 20.951758818371314 ], [ -98.612248323888139, 20.950642889591251 ], [ -98.609336626643099, 20.954959859284511 ], [ -98.597003178835308, 20.952766831755945 ], [ -98.595756617459017, 20.955259879409326 ], [ -98.592182891153854, 20.956670950170249 ], [ -98.589255586140112, 20.955554540858479 ], [ -98.584685772548781, 20.95847268107681 ], [ -98.582397662179801, 20.956408310591922 ], [ -98.579879549823147, 20.957976166008777 ], [ -98.579391910629894, 20.952804652847458 ], [ -98.581647181871702, 20.941973715856843 ], [ -98.564399187276265, 20.941015837959082 ], [ -98.559118749344947, 20.936662630081432 ], [ -98.554033230344785, 20.936358879405081 ], [ -98.553595481132959, 20.934292122704793 ], [ -98.550834170425958, 20.932330834377133 ], [ -98.55781130553153, 20.930559520854317 ], [ -98.569124308025593, 20.933847996222816 ], [ -98.574002802406866, 20.930244656556333 ], [ -98.5776564928928, 20.932929227901802 ], [ -98.574781493779966, 20.935378001947232 ], [ -98.577264629051513, 20.935775508177549 ], [ -98.581323094598403, 20.931926463678451 ], [ -98.585544457717546, 20.937531822149491 ], [ -98.592412867540631, 20.93771970839629 ], [ -98.597510096756963, 20.927138997746518 ], [ -98.601378051213601, 20.923843285135927 ], [ -98.601115113419382, 20.91942608306346 ], [ -98.605000339774151, 20.918569202594874 ], [ -98.609876341043673, 20.914965633381971 ], [ -98.615712857453872, 20.919725631709831 ], [ -98.610493134789664, 20.92320232580866 ], [ -98.605989912295598, 20.922934686741161 ], [ -98.604247166247532, 20.927553532435841 ], [ -98.619839663971135, 20.923818038393158 ], [ -98.623500342061263, 20.926281027168653 ], [ -98.632355555515886, 20.923487143444245 ], [ -98.632258018425361, 20.921855605361202 ], [ -98.635611240145522, 20.920871066416229 ], [ -98.638639046480108, 20.910182675448205 ], [ -98.646147678621134, 20.905178909846462 ], [ -98.655850383997588, 20.906598785808267 ], [ -98.656062147063793, 20.903315416824352 ], [ -98.653454004559904, 20.902161550549827 ], [ -98.657441399994539, 20.897902114181559 ], [ -98.659137455872113, 20.901464704641914 ], [ -98.661865476400635, 20.896332206378286 ], [ -98.665343187592384, 20.894810470577212 ], [ -98.662932499341593, 20.892872574634303 ], [ -98.654317804334838, 20.894077110448958 ], [ -98.651020201844759, 20.900382240260534 ] ], [ [ -98.635611240145522, 20.920871066416229 ], [ -98.635931310508298, 20.921973569396897 ], [ -98.636760078947859, 20.921182890866248 ], [ -98.635611240145522, 20.920871066416229 ] ], [ [ -98.567060047569569, 20.936271876799722 ], [ -98.567889251242619, 20.935481541072612 ], [ -98.56674045597552, 20.935169254241742 ], [ -98.567060047569569, 20.936271876799722 ] ], [ [ -98.609701142192591, 20.940309558838166 ], [ -98.605071826336072, 20.942060095686724 ], [ -98.608746758740494, 20.944693121663537 ], [ -98.609638334021241, 20.949928092950742 ], [ -98.614059952103759, 20.947319827159006 ], [ -98.620182845119814, 20.949081244798602 ], [ -98.621802519488853, 20.947860992678265 ], [ -98.61615195845269, 20.944842650224931 ], [ -98.61105233537802, 20.937987060499161 ], [ -98.609701142192591, 20.940309558838166 ] ], [ [ -98.614352820458379, 20.926001230215263 ], [ -98.61130184997829, 20.927859660102651 ], [ -98.612401510805853, 20.929102050802296 ], [ -98.614352820458379, 20.926001230215263 ] ] ], [ [ [ -98.587814590661097, 20.933806840419027 ], [ -98.585297297443105, 20.934570511462422 ], [ -98.584661548245691, 20.933406424968314 ], [ -98.587814590661097, 20.933806840419027 ] ] ], [ [ [ -98.641688967434405, 21.139575563785701 ], [ -98.639800472227165, 21.139571557329727 ], [ -98.639809206796471, 21.135956884320574 ], [ -98.641688967434405, 21.139575563785701 ] ] ], [ [ [ -98.686312523230185, 20.844760449983024 ], [ -98.686326049600538, 20.839877510115969 ], [ -98.68970442718674, 20.839317462516536 ], [ -98.693786538394207, 20.833853980882797 ], [ -98.694910582627216, 20.829660580758873 ], [ -98.697442946822846, 20.827901534099112 ], [ -98.697684023803731, 20.831908777814686 ], [ -98.69268000039574, 20.841031943387843 ], [ -98.695623418209053, 20.843563543159451 ], [ -98.698584274605665, 20.850211338883547 ], [ -98.698312371716867, 20.854450462512283 ], [ -98.701182344337852, 20.858406068675233 ], [ -98.696233052802995, 20.863194821710241 ], [ -98.689322140055594, 20.855515479479106 ], [ -98.683559311361563, 20.853797514432646 ], [ -98.674263625771729, 20.843464904436413 ], [ -98.686312523230185, 20.844760449983024 ] ] ], [ [ [ -98.715692830714204, 20.763879788684299 ], [ -98.70134607144449, 20.762455661916757 ], [ -98.699071615075027, 20.7670572727523 ], [ -98.695606950718144, 20.767842971511872 ], [ -98.692829199442102, 20.764312693924445 ], [ -98.696389028382626, 20.759748093073775 ], [ -98.712305744794776, 20.751801746092166 ], [ -98.717458665326504, 20.75675452673897 ], [ -98.715692830714204, 20.763879788684299 ] ] ], [ [ [ -98.69974313709578, 20.904560030092622 ], [ -98.700116058860019, 20.902174289193361 ], [ -98.701365472456573, 20.904724502062258 ], [ -98.69974313709578, 20.904560030092622 ] ] ], [ [ [ -98.705867499709711, 20.818130438757361 ], [ -98.70696943666961, 20.819078197408786 ], [ -98.702425623216016, 20.823637490316063 ], [ -98.705867499709711, 20.818130438757361 ] ] ], [ [ [ -98.709956365263977, 20.735752013366781 ], [ -98.711348798957545, 20.736219907433505 ], [ -98.714399679168878, 20.733747724484839 ], [ -98.710397600253359, 20.738090004876593 ], [ -98.712320704678362, 20.743890352495562 ], [ -98.712312724833296, 20.748110675954674 ], [ -98.710898460320294, 20.748332263901432 ], [ -98.704338981083694, 20.740038184290658 ], [ -98.705493340040121, 20.737269796942442 ], [ -98.709456858304179, 20.736957308689924 ], [ -98.709956365263977, 20.735752013366781 ] ] ], [ [ [ -98.833059620235616, 20.863538951668698 ], [ -98.832738226069367, 20.862436796875947 ], [ -98.83388704306762, 20.862747298430342 ], [ -98.833059620235616, 20.863538951668698 ] ] ], [ [ [ -98.832738226069367, 20.862436796875947 ], [ -98.831346112412135, 20.864465198608659 ], [ -98.840071066616474, 20.865597753944435 ], [ -98.844813759272981, 20.859475912887234 ], [ -98.850803023969107, 20.858408242930913 ], [ -98.852992428244292, 20.863039958081309 ], [ -98.849990682648624, 20.865800105001586 ], [ -98.848752430431858, 20.864124950345893 ], [ -98.84757898366766, 20.867359415001257 ], [ -98.843669716011377, 20.868571790523017 ], [ -98.848301828436149, 20.87284697060856 ], [ -98.844515908355831, 20.875344885507644 ], [ -98.850078753518019, 20.876650314817915 ], [ -98.851463249477959, 20.873920640942803 ], [ -98.855543318304683, 20.872655108854662 ], [ -98.863176747951854, 20.87608588124975 ], [ -98.86818989368696, 20.882792255355728 ], [ -98.868104036554769, 20.878587968471514 ], [ -98.87083863362507, 20.881984611466223 ], [ -98.883209982592234, 20.865171551646924 ], [ -98.885919524692156, 20.865037028398817 ], [ -98.879120057936774, 20.886303968287763 ], [ -98.874302183177036, 20.888152687087629 ], [ -98.860944169359328, 20.90426464696689 ], [ -98.861737090857829, 20.915008372543809 ], [ -98.857712582040435, 20.924589984699217 ], [ -98.848436537858689, 20.932788834010061 ], [ -98.84523331239933, 20.934033341139969 ], [ -98.842572728911833, 20.938526120732043 ], [ -98.834283001595693, 20.937530010563471 ], [ -98.832883466620913, 20.939201359921739 ], [ -98.836118343255578, 20.95180017350733 ], [ -98.844370166784401, 20.956935220355227 ], [ -98.848848449677263, 20.957743006461062 ], [ -98.851571870695494, 20.951337964754146 ], [ -98.857789281608987, 20.965042443853275 ], [ -98.85717981534161, 20.97016886152409 ], [ -98.859967291387349, 20.972099551936275 ], [ -98.855386305209223, 20.974724570644913 ], [ -98.851075411376797, 20.971781123638912 ], [ -98.843245718445104, 20.972029021042133 ], [ -98.845334701170287, 20.969356047706999 ], [ -98.843208371987913, 20.965496770114022 ], [ -98.838628904812722, 20.967813086756962 ], [ -98.835426730999544, 20.972708311289885 ], [ -98.829803860929303, 20.967917414529449 ], [ -98.821505783043747, 20.966242060449751 ], [ -98.818216048610935, 20.968077581774459 ], [ -98.819042956125756, 20.968794147802054 ], [ -98.817579600897858, 20.971097781805579 ], [ -98.812254934087946, 20.96406402234517 ], [ -98.812492609475612, 20.958486862371075 ], [ -98.8076253902708, 20.955057590536288 ], [ -98.80640431910949, 20.951346033286033 ], [ -98.801305793326179, 20.950140685683294 ], [ -98.79907075597437, 20.952446412810929 ], [ -98.799280318121376, 20.957682711224393 ], [ -98.797911808362414, 20.958626688494085 ], [ -98.793343953028852, 20.952643019093689 ], [ -98.790654661150697, 20.951422797782943 ], [ -98.789321699944225, 20.947369557422423 ], [ -98.784133730460994, 20.951171397737369 ], [ -98.776919113829933, 20.948737803895522 ], [ -98.775600704136806, 20.951404981548773 ], [ -98.77078739663277, 20.954177774960058 ], [ -98.764081039104852, 20.955168346894148 ], [ -98.764199541481233, 20.95261175559482 ], [ -98.768569075161764, 20.947074202329087 ], [ -98.766156381499215, 20.945597017908629 ], [ -98.762961752947916, 20.945905320572905 ], [ -98.763119614508781, 20.94825111786275 ], [ -98.758143153855698, 20.947295911176568 ], [ -98.755849352585983, 20.949682066049512 ], [ -98.752413471449316, 20.948847241887286 ], [ -98.753187171745395, 20.951809454298996 ], [ -98.752048431652696, 20.954052045071819 ], [ -98.749922757615622, 20.953038720151373 ], [ -98.749016111733823, 20.947094640202494 ], [ -98.746829640940916, 20.945472097358042 ], [ -98.743935446718609, 20.95652827658089 ], [ -98.744787102515701, 20.958770843732015 ], [ -98.738317198403223, 20.959918434376384 ], [ -98.737262881318031, 20.958652634923645 ], [ -98.730246152502346, 20.961211431383941 ], [ -98.722992993167978, 20.965616328095091 ], [ -98.721819480085045, 20.969523108086754 ], [ -98.719757823705081, 20.966274802460667 ], [ -98.72035613150247, 20.959296156780184 ], [ -98.71845113576812, 20.959439667346125 ], [ -98.717496171154565, 20.950559432606969 ], [ -98.711926800815007, 20.94747068000752 ], [ -98.710558817019418, 20.941339692177522 ], [ -98.706056351997972, 20.93555361587347 ], [ -98.704786849818007, 20.927799616591862 ], [ -98.714560741823988, 20.93501141707825 ], [ -98.716186446563469, 20.933042028354166 ], [ -98.714249775249996, 20.929519200655751 ], [ -98.709021945943064, 20.929708991591234 ], [ -98.711422565899113, 20.92538011679488 ], [ -98.70575798383382, 20.923254829178394 ], [ -98.710245587815962, 20.91385759397421 ], [ -98.713535180739953, 20.912451604685103 ], [ -98.715671123679755, 20.914669087842597 ], [ -98.712384922803849, 20.91922875508638 ], [ -98.712476816478144, 20.921558322357978 ], [ -98.715409145811719, 20.921451870794602 ], [ -98.719989446511491, 20.916945072807589 ], [ -98.723642635781417, 20.917089799570761 ], [ -98.724822150883099, 20.923068190747198 ], [ -98.731263903146726, 20.925598709860289 ], [ -98.731595612226371, 20.933231654316494 ], [ -98.724461703423302, 20.930409902891359 ], [ -98.720798007109082, 20.930543112653222 ], [ -98.718982070804586, 20.932414824950605 ], [ -98.719001758958441, 20.939570267058368 ], [ -98.7206701207039, 20.941347392588195 ], [ -98.724524294621148, 20.93564946868414 ], [ -98.729453446102994, 20.936895748268977 ], [ -98.728020107608359, 20.943900561157179 ], [ -98.730412442533336, 20.953861205909664 ], [ -98.73888841677109, 20.955831239090699 ], [ -98.738778345659313, 20.953052710238143 ], [ -98.734441261597226, 20.953094496106445 ], [ -98.733170692735087, 20.947098420237822 ], [ -98.736316070513951, 20.939795086171443 ], [ -98.739200840516702, 20.938700092935477 ], [ -98.74163039375938, 20.942318589539994 ], [ -98.747994344062334, 20.94378134114163 ], [ -98.751061045073868, 20.935757693661039 ], [ -98.737306892890544, 20.934947774283152 ], [ -98.735096343849847, 20.929450006995854 ], [ -98.738842293260248, 20.926134576267916 ], [ -98.746053227000857, 20.931993701288899 ], [ -98.748958997568408, 20.927695983457333 ], [ -98.753372433485552, 20.928730664252317 ], [ -98.756151249780601, 20.924620172802825 ], [ -98.75207834942313, 20.91870510367368 ], [ -98.755822795616723, 20.913221867019331 ], [ -98.753563800987024, 20.909114612756273 ], [ -98.748720430504605, 20.913376267892737 ], [ -98.746965465711199, 20.906263518627263 ], [ -98.741338557876816, 20.904969863877128 ], [ -98.738805122613343, 20.902340337402599 ], [ -98.732242391988962, 20.902579493666035 ], [ -98.727732255231928, 20.900282606337782 ], [ -98.729489601921173, 20.89711228362739 ], [ -98.729300027950117, 20.892320210097552 ], [ -98.727568730354491, 20.8907772351108 ], [ -98.729168596119749, 20.886425510884926 ], [ -98.726438772291189, 20.881459225139924 ], [ -98.72670383977993, 20.87531539629865 ], [ -98.729526367829976, 20.875427164668359 ], [ -98.731659725694641, 20.871814318210308 ], [ -98.73997009330806, 20.878229161244835 ], [ -98.741763612100812, 20.864494133111503 ], [ -98.738828029906401, 20.864601208417206 ], [ -98.736001073416418, 20.867268115111212 ], [ -98.734245744677963, 20.865445737680574 ], [ -98.729468384197645, 20.867257912795186 ], [ -98.729635348533137, 20.863387910432358 ], [ -98.734579072155753, 20.856523845504157 ], [ -98.739990490344752, 20.859280176559139 ], [ -98.750401444957475, 20.860054426731605 ], [ -98.750238967938273, 20.855958650106572 ], [ -98.744569392697684, 20.85465484307074 ], [ -98.744810551646637, 20.849049874504338 ], [ -98.739737047174941, 20.842684331913322 ], [ -98.739966977008621, 20.837344546914355 ], [ -98.74827363639865, 20.837672677165681 ], [ -98.749337340670621, 20.836575195194889 ], [ -98.750744247709392, 20.83982676536629 ], [ -98.743232780913388, 20.842444319504928 ], [ -98.74682346423424, 20.846229981126783 ], [ -98.756257677394458, 20.848708573862652 ], [ -98.759246813009668, 20.846628981958997 ], [ -98.762146197346894, 20.8486833723674 ], [ -98.762666088438365, 20.846475064721961 ], [ -98.75875480182124, 20.843584276646357 ], [ -98.757907532938688, 20.845745667494821 ], [ -98.754302827693863, 20.847102444091348 ], [ -98.753945480293183, 20.845562467236142 ], [ -98.756982766204516, 20.842101990678675 ], [ -98.767108979637499, 20.849246241515363 ], [ -98.771267590735889, 20.85014838737558 ], [ -98.772891635818652, 20.848178424005265 ], [ -98.767181377993069, 20.843090356724673 ], [ -98.767557896259646, 20.842044406969357 ], [ -98.772964813213648, 20.844797379374146 ], [ -98.780336883380116, 20.844911958049828 ], [ -98.781379401382296, 20.840117392951566 ], [ -98.776020538628586, 20.834902869820983 ], [ -98.770575073428233, 20.832429428690286 ], [ -98.764485927827479, 20.822287156954641 ], [ -98.766133856076834, 20.820353355914339 ], [ -98.771741600451975, 20.824489901014307 ], [ -98.783066826659876, 20.828024427131936 ], [ -98.784232230115421, 20.826124479353147 ], [ -98.781411038740501, 20.822180943870791 ], [ -98.780411884993512, 20.816111526904731 ], [ -98.773771429179632, 20.818334106616859 ], [ -98.768264289071581, 20.816213469570275 ], [ -98.771094290787744, 20.81493715509982 ], [ -98.770952893518029, 20.811385537807077 ], [ -98.77295285720902, 20.807333666123899 ], [ -98.763873064769896, 20.802783004355959 ], [ -98.761384852807439, 20.798640439698961 ], [ -98.763093641037983, 20.797287233498114 ], [ -98.757126567521524, 20.795977317140245 ], [ -98.760271590594698, 20.794572164508658 ], [ -98.759704900206344, 20.792440489274469 ], [ -98.756432505484085, 20.787603881124031 ], [ -98.752361879217176, 20.787306269387994 ], [ -98.754392470209169, 20.785965690591222 ], [ -98.752724171167188, 20.785155168030077 ], [ -98.749918980496446, 20.788231376016608 ], [ -98.753488551490648, 20.791310853361004 ], [ -98.752737783830185, 20.79275404299058 ], [ -98.748802858610944, 20.79182083918317 ], [ -98.749539134961481, 20.794994667375992 ], [ -98.746485342265714, 20.794874092182852 ], [ -98.745574918346477, 20.786474924127756 ], [ -98.736697781766438, 20.778075627820911 ], [ -98.734736203399706, 20.779366059015583 ], [ -98.73188161581281, 20.77819589273436 ], [ -98.724148545976334, 20.782055516239652 ], [ -98.725915322517011, 20.779014461971776 ], [ -98.72151804378521, 20.777937768894226 ], [ -98.719803950068382, 20.771465759125615 ], [ -98.720700176471084, 20.77329591523435 ], [ -98.72808526860031, 20.77765061434522 ], [ -98.73428403408488, 20.775778529987452 ], [ -98.735400705585604, 20.770217073020817 ], [ -98.742642961020337, 20.768029399362003 ], [ -98.748528236030126, 20.763901327322834 ], [ -98.746578226845813, 20.760779627217897 ], [ -98.73575289784462, 20.766051873942953 ], [ -98.734981679524807, 20.764429630416526 ], [ -98.738970737791917, 20.760894938899309 ], [ -98.741899772311186, 20.75560451835393 ], [ -98.735403455303867, 20.752650602029973 ], [ -98.737258668219937, 20.744630393096756 ], [ -98.727100562000189, 20.747963973404794 ], [ -98.726698241365199, 20.746265384745797 ], [ -98.731005120155558, 20.740968003052139 ], [ -98.737269012526923, 20.73863856894679 ], [ -98.735968270577203, 20.733851994554048 ], [ -98.729932387396545, 20.730098114795261 ], [ -98.727595725965898, 20.726827375781617 ], [ -98.73433589161408, 20.722811364680531 ], [ -98.738611863777791, 20.723365400788506 ], [ -98.738584111234005, 20.727489649974117 ], [ -98.735290341836333, 20.72917049459139 ], [ -98.744056689479919, 20.735797433687466 ], [ -98.746064492959462, 20.740200802279258 ], [ -98.753085218085261, 20.740849619326365 ], [ -98.756942829364547, 20.753579523936121 ], [ -98.7563077999325, 20.760437739703676 ], [ -98.75493652009834, 20.761896967305351 ], [ -98.756658196560124, 20.764234937182604 ], [ -98.755581987155708, 20.766791893676722 ], [ -98.761273106105705, 20.773005677448758 ], [ -98.761676420696091, 20.775906215851411 ], [ -98.765469051445038, 20.77819832093779 ], [ -98.765747978668045, 20.784582259331568 ], [ -98.771170940069027, 20.791812219459118 ], [ -98.774330449784486, 20.793408509441818 ], [ -98.773217089419234, 20.796251862821798 ], [ -98.779125220047064, 20.79889130838966 ], [ -98.78162822709956, 20.798346520795018 ], [ -98.7877553406326, 20.7928246900847 ], [ -98.792830221465081, 20.792037338610836 ], [ -98.79419782136705, 20.788198417170626 ], [ -98.800757912006176, 20.783634142818922 ], [ -98.800274997743429, 20.787464784829911 ], [ -98.795157857669906, 20.789774038005135 ], [ -98.792330638509341, 20.793961977330909 ], [ -98.788227439007713, 20.795813434697315 ], [ -98.785245718429962, 20.801201199682623 ], [ -98.788099678198222, 20.807746547099526 ], [ -98.787909073633571, 20.812208190072845 ], [ -98.793918538392788, 20.808640695376717 ], [ -98.799309973055458, 20.809962121789518 ], [ -98.799538877138147, 20.815683702052986 ], [ -98.793249809767033, 20.819637492972809 ], [ -98.794561261147223, 20.825760990383426 ], [ -98.797088135422896, 20.82929248099656 ], [ -98.794623016741994, 20.833746449269881 ], [ -98.79830294071003, 20.837593149340343 ], [ -98.80268607100399, 20.836125691091283 ], [ -98.808279671923444, 20.842964117566112 ], [ -98.82271490660014, 20.842061169308039 ], [ -98.825837241360418, 20.839292829284343 ], [ -98.821380510886655, 20.831193968426113 ], [ -98.823153619336949, 20.82584395050954 ], [ -98.832702402664225, 20.83937485212455 ], [ -98.838909000309215, 20.83760778918418 ], [ -98.840189970053558, 20.833741334708595 ], [ -98.844533295487068, 20.831780476488468 ], [ -98.836091161419304, 20.829049381542646 ], [ -98.838010441764425, 20.822243767574161 ], [ -98.853887340760437, 20.825002115939057 ], [ -98.858156127661474, 20.820745641718219 ], [ -98.864329630330218, 20.823546128528896 ], [ -98.859195797826303, 20.829057619819782 ], [ -98.854751296285428, 20.830403032712237 ], [ -98.855004679198458, 20.83667983941784 ], [ -98.846785447735542, 20.836474723312659 ], [ -98.842005956535814, 20.839829806030249 ], [ -98.836906188727099, 20.845770161219743 ], [ -98.837049606216056, 20.84933297479397 ], [ -98.832186080089514, 20.852068267300034 ], [ -98.832361748574272, 20.856435266161427 ], [ -98.827576014000016, 20.859184454632512 ], [ -98.828480453282637, 20.861094223927608 ], [ -98.832738226069367, 20.862436796875947 ] ], [ [ -98.757508382389972, 20.888616776744403 ], [ -98.749788432604433, 20.888906374322143 ], [ -98.743113172248712, 20.891654422704939 ], [ -98.740884874240507, 20.890364283244239 ], [ -98.739722644655473, 20.88654438403217 ], [ -98.736177799216094, 20.885064031472595 ], [ -98.735198892854228, 20.880797879534903 ], [ -98.732799434967248, 20.880384105149254 ], [ -98.731125186659725, 20.883953171200666 ], [ -98.733706839271349, 20.890573886153369 ], [ -98.732907803322789, 20.897964716251401 ], [ -98.736179647275563, 20.896783796021925 ], [ -98.735869857032043, 20.893821566573333 ], [ -98.737626224425611, 20.891801469999841 ], [ -98.746745280202546, 20.900655305016322 ], [ -98.750415454570373, 20.896433410805056 ], [ -98.758556910943085, 20.893523448571717 ], [ -98.75891129716149, 20.890240788057454 ], [ -98.757508382389972, 20.888616776744403 ] ], [ [ -98.750434522436507, 20.865022941765609 ], [ -98.752512234031983, 20.866205886942264 ], [ -98.750651722793648, 20.866367514042281 ], [ -98.751393708153145, 20.868575107946892 ], [ -98.753546546822875, 20.867635297382694 ], [ -98.754275995451252, 20.865404197582023 ], [ -98.756779352333581, 20.867321211576375 ], [ -98.759775545031744, 20.86699003948813 ], [ -98.760802173728436, 20.868382696150004 ], [ -98.759476646662307, 20.873968523404514 ], [ -98.761592564952579, 20.875422676195441 ], [ -98.762894753887807, 20.879592000379706 ], [ -98.769575713894071, 20.882106405199327 ], [ -98.771832652273872, 20.880135989791786 ], [ -98.769566457551292, 20.877462241061206 ], [ -98.769569953764531, 20.875169522607564 ], [ -98.77208699531954, 20.867975201034518 ], [ -98.767944778947665, 20.868288723892437 ], [ -98.763821620013502, 20.861178395606821 ], [ -98.768125609235142, 20.855483524934936 ], [ -98.763790402156104, 20.854868938553384 ], [ -98.76077682102509, 20.856229779523549 ], [ -98.760381327917983, 20.855086876736106 ], [ -98.75642520278025, 20.860727252604462 ], [ -98.753264612382367, 20.861567714280227 ], [ -98.752009610691672, 20.860633981942403 ], [ -98.753394890884067, 20.862793450965743 ], [ -98.750434522436507, 20.865022941765609 ] ], [ [ -98.758413287069928, 20.778302645320576 ], [ -98.757919767320914, 20.780817678234488 ], [ -98.754717317293938, 20.783554402393133 ], [ -98.756184142793657, 20.786153300595466 ], [ -98.763104107448413, 20.789476858422876 ], [ -98.762471737133353, 20.779035242316109 ], [ -98.758413287069928, 20.778302645320576 ] ], [ [ -98.797858959465103, 20.866917714790937 ], [ -98.795604023306865, 20.868824389740599 ], [ -98.795838598047382, 20.879578122211221 ], [ -98.793977292720584, 20.882604838171886 ], [ -98.798071732448449, 20.882480210333675 ], [ -98.800378253438879, 20.886252858464577 ], [ -98.800301916205285, 20.891333481677631 ], [ -98.792611761304556, 20.907824316500918 ], [ -98.786790380490828, 20.916281668488999 ], [ -98.786835543805665, 20.921947033988928 ], [ -98.793248514278517, 20.92966988572077 ], [ -98.80132912079138, 20.924251738164905 ], [ -98.804912985799021, 20.918939099967087 ], [ -98.806004764940511, 20.914131518804819 ], [ -98.813692252736061, 20.909417293254521 ], [ -98.815970058046801, 20.901814477684191 ], [ -98.819333589697237, 20.899238660175946 ], [ -98.818107186447648, 20.892436985377589 ], [ -98.815007126465034, 20.888311591002633 ], [ -98.80945775159951, 20.890829362230448 ], [ -98.807312028910658, 20.888776072486948 ], [ -98.812096587059287, 20.886264977710752 ], [ -98.813641514981867, 20.877146336893851 ], [ -98.812197059006053, 20.873849170234937 ], [ -98.809732678684142, 20.873552510081982 ], [ -98.805705564768331, 20.876365790297623 ], [ -98.8014169425132, 20.875096367385833 ], [ -98.797858959465103, 20.866917714790937 ] ], [ [ -98.797884319214688, 20.847939798455307 ], [ -98.79711663304613, 20.853779153964044 ], [ -98.802167384196963, 20.855576382191007 ], [ -98.805423550753972, 20.859194961743892 ], [ -98.808057069903384, 20.850403672282678 ], [ -98.797884319214688, 20.847939798455307 ] ], [ [ -98.83595338112184, 20.915109856447987 ], [ -98.828940526080984, 20.912016396184036 ], [ -98.83144005764413, 20.909880298064778 ], [ -98.827502662640953, 20.906500978211579 ], [ -98.825157233076297, 20.901588433972577 ], [ -98.821384181052807, 20.899477442877014 ], [ -98.823562649151754, 20.908365926899563 ], [ -98.819947241482026, 20.907118233945454 ], [ -98.818624445278488, 20.908534117119153 ], [ -98.819149176423934, 20.91713891645475 ], [ -98.821449679153048, 20.919785494066367 ], [ -98.824286678686917, 20.912609639862193 ], [ -98.82605344827418, 20.916310004506968 ], [ -98.828555081402712, 20.916169619630455 ], [ -98.832282709115958, 20.919745510225908 ], [ -98.83595338112184, 20.915109856447987 ] ], [ [ -98.841728385326988, 20.890499031786906 ], [ -98.838785431479039, 20.889517476861382 ], [ -98.834094200074304, 20.890839615288385 ], [ -98.829591907822177, 20.888286662574767 ], [ -98.832082154076744, 20.891812954715064 ], [ -98.841728385326988, 20.890499031786906 ] ], [ [ -98.829655314377561, 20.9287634766449 ], [ -98.834549008613436, 20.930206198194686 ], [ -98.838641060484079, 20.926936057160091 ], [ -98.830781280083258, 20.926598218773471 ], [ -98.829655314377561, 20.9287634766449 ] ], [ [ -98.845052045811727, 20.960917338537808 ], [ -98.842897781844457, 20.958151320901919 ], [ -98.841482507998862, 20.960597369167978 ], [ -98.842828353474829, 20.964503015300266 ], [ -98.845052045811727, 20.960917338537808 ] ] ], [ [ [ -98.752737783830185, 20.79275404299058 ], [ -98.757830230538886, 20.794488977901572 ], [ -98.754207594634792, 20.795783358163256 ], [ -98.753960511113974, 20.793224867731695 ], [ -98.751580281492991, 20.79442862366357 ], [ -98.752737783830185, 20.79275404299058 ] ] ], [ [ [ -98.738317198403223, 20.959918434376384 ], [ -98.737992461486328, 20.961019759066971 ], [ -98.737166764486702, 20.960226015703185 ], [ -98.738317198403223, 20.959918434376384 ] ] ], [ [ [ -98.716416435001989, 20.881601630308488 ], [ -98.71945141405503, 20.882567095095784 ], [ -98.721865637380034, 20.887456325663567 ], [ -98.717812917303661, 20.889790745724341 ], [ -98.712577943316546, 20.888594811564975 ], [ -98.717173084437107, 20.886975706361255 ], [ -98.710703055860222, 20.883128496940699 ], [ -98.714891255700934, 20.879451486719681 ], [ -98.71640228328522, 20.879700160987539 ], [ -98.716416435001989, 20.881601630308488 ] ] ], [ [ [ -98.724663062790427, 20.791809769037116 ], [ -98.729323015647438, 20.798834253656743 ], [ -98.732644379529688, 20.800488399578374 ], [ -98.739259439371608, 20.800548497749503 ], [ -98.74092429337486, 20.804172332115197 ], [ -98.735027552445018, 20.805814269831128 ], [ -98.72560511273528, 20.802629729760024 ], [ -98.719197636674153, 20.803212976642339 ], [ -98.718806120619661, 20.801738946491675 ], [ -98.72156919176156, 20.80034684390295 ], [ -98.717540166527016, 20.799429595014988 ], [ -98.724314641464971, 20.796283294366908 ], [ -98.724663062790427, 20.791809769037116 ] ] ], [ [ [ -98.718806120619661, 20.801738946491675 ], [ -98.716921849338362, 20.801735847983593 ], [ -98.717866330228631, 20.800476539710417 ], [ -98.718806120619661, 20.801738946491675 ] ] ], [ [ [ -98.716921849338362, 20.801735847983593 ], [ -98.714112223706678, 20.806618874580963 ], [ -98.712650469511303, 20.805908374195642 ], [ -98.714950429567608, 20.80168643208739 ], [ -98.716921849338362, 20.801735847983593 ] ] ], [ [ [ -98.715105406810096, 20.765584229056874 ], [ -98.716253243840313, 20.765895512895121 ], [ -98.715425746682726, 20.766686606661597 ], [ -98.715105406810096, 20.765584229056874 ] ] ], [ [ [ -98.715105406810096, 20.765584229056874 ], [ -98.713957575534124, 20.765272937595253 ], [ -98.714785072447683, 20.764481850769258 ], [ -98.715105406810096, 20.765584229056874 ] ] ], [ [ [ -98.713936784392899, 20.809746761912194 ], [ -98.716297409032222, 20.808904013212288 ], [ -98.714058390609523, 20.807415710664195 ], [ -98.721915637781038, 20.805242211418381 ], [ -98.719863439044758, 20.811421615452826 ], [ -98.713936784392899, 20.809746761912194 ] ] ], [ [ [ -98.716295061723258, 20.805547794936793 ], [ -98.715974638166159, 20.804445422914959 ], [ -98.71712276887331, 20.80475670204105 ], [ -98.716295061723258, 20.805547794936793 ] ] ], [ [ [ -98.716085590687754, 20.86202083455273 ], [ -98.718653860245823, 20.858711684153494 ], [ -98.722658871473939, 20.857147651446269 ], [ -98.724025498421241, 20.850990863602409 ], [ -98.721286352676557, 20.848956337085646 ], [ -98.722493579458387, 20.846026814809647 ], [ -98.729085761956966, 20.848662450166309 ], [ -98.731785468085448, 20.847106774782731 ], [ -98.734209736480821, 20.847961257011583 ], [ -98.727658043465198, 20.855010582505727 ], [ -98.726707582588986, 20.862361956358239 ], [ -98.72020533548509, 20.867157082985571 ], [ -98.716085590687754, 20.86202083455273 ] ] ], [ [ [ -98.719296515998778, 20.770441973418389 ], [ -98.717316136396931, 20.768914987377915 ], [ -98.717799221770292, 20.767715537169831 ], [ -98.719296515998778, 20.770441973418389 ] ] ], [ [ [ -98.749618145524408, 20.969876082388602 ], [ -98.742222038177829, 20.973323337107754 ], [ -98.74416431200045, 20.978188294030641 ], [ -98.747093499259648, 20.974695181609594 ], [ -98.74452944480349, 20.979667773209677 ], [ -98.746806549773822, 20.982925560342309 ], [ -98.750289494847905, 20.979110847969086 ], [ -98.753510495688289, 20.986225261061637 ], [ -98.752763097550883, 20.988129677697611 ], [ -98.750384187892706, 20.988636937823344 ], [ -98.748919561301307, 20.984868787514877 ], [ -98.743515352932548, 20.990342975539388 ], [ -98.742038528093175, 20.989746095577335 ], [ -98.742837369142848, 20.992748515622829 ], [ -98.753586031401937, 20.989768460644463 ], [ -98.750697609321421, 20.991977302030538 ], [ -98.750999459013812, 20.994439166731386 ], [ -98.742542536660466, 20.997856166502409 ], [ -98.738279460630565, 21.001223278881533 ], [ -98.739885378335345, 21.00274970839471 ], [ -98.739214306515521, 21.007025636352022 ], [ -98.734975748615582, 21.002805197546994 ], [ -98.729752717481702, 21.002378757557715 ], [ -98.725552603321916, 21.005061744231917 ], [ -98.728003124110046, 21.003471770239962 ], [ -98.730183955224362, 20.998330767999327 ], [ -98.729625123687001, 20.996193142349018 ], [ -98.726746306883854, 20.99123750664279 ], [ -98.721954644300411, 20.987366493160863 ], [ -98.721915022552793, 20.986265994103857 ], [ -98.723403985375754, 20.987908830642684 ], [ -98.725598427794608, 20.98624462064253 ], [ -98.726012131923085, 20.984298901869064 ], [ -98.724125579713487, 20.984295857242834 ], [ -98.725075469531717, 20.980682612257322 ], [ -98.722821449394814, 20.978106099137044 ], [ -98.720933052698399, 20.979139116375833 ], [ -98.717806584046784, 20.97607560088996 ], [ -98.719459327940825, 20.973205373576782 ], [ -98.721775823433546, 20.974076513277183 ], [ -98.722254059823527, 20.9761595607937 ], [ -98.72554740511913, 20.977855134383216 ], [ -98.726805028099264, 20.981766337472216 ], [ -98.729798549264473, 20.983753597837666 ], [ -98.730940396484527, 20.980372912708258 ], [ -98.732461920918695, 20.981008520443936 ], [ -98.730331781724345, 20.976432104171106 ], [ -98.73361208018666, 20.981473807091419 ], [ -98.736737707801197, 20.9803351184291 ], [ -98.733227035299805, 20.977971990370214 ], [ -98.735099651660946, 20.978651580624803 ], [ -98.73640719351684, 20.973470951254026 ], [ -98.73219937371735, 20.977403830999975 ], [ -98.730633616611058, 20.97255822796782 ], [ -98.731395845001543, 20.970227437170767 ], [ -98.729989808355413, 20.969394271557757 ], [ -98.731700824778656, 20.968041427969332 ], [ -98.728871300792875, 20.968036950998822 ], [ -98.72793141564128, 20.966217525463371 ], [ -98.732648818297278, 20.965331826823046 ], [ -98.733588774094144, 20.967140692505666 ], [ -98.737427297735195, 20.964184203745617 ], [ -98.736419866086578, 20.966241395769771 ], [ -98.739572096080437, 20.966698088906004 ], [ -98.73662245624719, 20.968500951554883 ], [ -98.740184714194825, 20.970765661800453 ], [ -98.743017380900127, 20.968962561692528 ], [ -98.746790105610501, 20.968968207706098 ], [ -98.745545481494887, 20.964078752131694 ], [ -98.747390339325335, 20.964834117589394 ], [ -98.748658105725553, 20.966869340092849 ], [ -98.747733287704861, 20.968969606163729 ], [ -98.749618145524408, 20.969876082388602 ] ], [ [ -98.737712180391611, 20.982415280409018 ], [ -98.737654880378287, 20.98110621969257 ], [ -98.734000280414094, 20.981665180330708 ], [ -98.736556569581424, 20.981945880000648 ], [ -98.737834632171243, 20.983859756452159 ], [ -98.736801386809319, 20.985723054626234 ], [ -98.734586103118261, 20.985635503324396 ], [ -98.730262154277511, 20.991370128720423 ], [ -98.735433757297656, 20.990639658654946 ], [ -98.738650322138938, 20.986311946284008 ], [ -98.740156594068907, 20.987032149289327 ], [ -98.741591800822704, 20.985696026432848 ], [ -98.742503654152515, 20.983075454104057 ], [ -98.737712180391611, 20.982415280409018 ] ] ], [ [ [ -98.749618145524408, 20.969876082388602 ], [ -98.750144653636994, 20.968702335021405 ], [ -98.751762215209069, 20.96951724885194 ], [ -98.749618145524408, 20.969876082388602 ] ] ], [ [ [ -98.743017380900127, 20.968962561692528 ], [ -98.740848994483457, 20.96859297872118 ], [ -98.742506881748668, 20.967814353278911 ], [ -98.743017380900127, 20.968962561692528 ] ] ], [ [ [ -98.732648818297278, 20.965331826823046 ], [ -98.7329736029412, 20.964230513380333 ], [ -98.733799300258312, 20.965024276678797 ], [ -98.732648818297278, 20.965331826823046 ] ] ], [ [ [ -98.728871300792875, 20.968036950998822 ], [ -98.728546477642226, 20.969138255720381 ], [ -98.727720787004827, 20.968344466515223 ], [ -98.728871300792875, 20.968036950998822 ] ] ], [ [ [ -98.72252912655955, 20.980277409988958 ], [ -98.721678112182147, 20.981827068460856 ], [ -98.721304132330886, 20.97977279062399 ], [ -98.72252912655955, 20.980277409988958 ] ] ], [ [ [ -98.723501482689883, 20.986300358693914 ], [ -98.723180639333364, 20.985198018512698 ], [ -98.724330156333636, 20.985509231240773 ], [ -98.723501482689883, 20.986300358693914 ] ] ], [ [ [ -98.725296565059537, 20.972859058461665 ], [ -98.724467967024964, 20.973650192615256 ], [ -98.724147141432667, 20.972547852839767 ], [ -98.725296565059537, 20.972859058461665 ] ] ], [ [ [ -98.725306470312759, 20.96743689699904 ], [ -98.724477902567429, 20.968228031130369 ], [ -98.724157087969957, 20.967125691704457 ], [ -98.725306470312759, 20.96743689699904 ] ] ], [ [ [ -98.727196089528064, 20.965632538023133 ], [ -98.726367541667457, 20.96642368172515 ], [ -98.726046716858747, 20.965321345512169 ], [ -98.727196089528064, 20.965632538023133 ] ] ], [ [ [ -98.732729042281591, 21.036112207203395 ], [ -98.731962355170822, 21.035057390394304 ], [ -98.732732810529967, 21.034322014671453 ], [ -98.731582902660861, 21.034010856221887 ], [ -98.731837731418835, 21.034885929900188 ], [ -98.72698681925722, 21.028211548136579 ], [ -98.727708161078382, 21.022923102417852 ], [ -98.732238956010093, 21.020101955526115 ], [ -98.739025778461667, 21.018927095784885 ], [ -98.743446213857084, 21.011924713135254 ], [ -98.749651259962718, 21.012771251350838 ], [ -98.751708936777604, 21.025570998963794 ], [ -98.752854582440989, 21.02553133795098 ], [ -98.753377462160486, 21.029086620558761 ], [ -98.758479753809397, 21.036380354892046 ], [ -98.754018426809012, 21.037782359283931 ], [ -98.754522320574821, 21.035337450339185 ], [ -98.752601621094342, 21.035272600283893 ], [ -98.752254489771417, 21.036943430705207 ], [ -98.749269490472358, 21.035562520008348 ], [ -98.75225629113973, 21.038418074118326 ], [ -98.745810600891886, 21.040743245462398 ], [ -98.742760218662625, 21.036271695454868 ], [ -98.739687987279893, 21.036327057730503 ], [ -98.737727734422535, 21.032845439396016 ], [ -98.740170933233372, 21.029966635249362 ], [ -98.747767233324794, 21.032931036052251 ], [ -98.749033226143808, 21.032032693011789 ], [ -98.744340702348623, 21.024514045669008 ], [ -98.738991788376012, 21.022839327518707 ], [ -98.733860958563753, 21.031841311935278 ], [ -98.733982274188563, 21.038055169497685 ], [ -98.731971240645549, 21.04018532470354 ], [ -98.732729042281591, 21.036112207203395 ] ] ], [ [ [ -98.730028810958203, 20.963829653293374 ], [ -98.729200287876026, 20.964620811200682 ], [ -98.728879445923795, 20.963518478997248 ], [ -98.730028810958203, 20.963829653293374 ] ] ], [ [ [ -98.731705661112571, 20.965330345146729 ], [ -98.730556281040975, 20.965019182048188 ], [ -98.73138479929186, 20.964228017534499 ], [ -98.731705661112571, 20.965330345146729 ] ] ], [ [ [ -98.731918328318542, 20.962025240103635 ], [ -98.731089825116868, 20.962816407575513 ], [ -98.73076897296005, 20.961714078586549 ], [ -98.731918328318542, 20.962025240103635 ] ] ], [ [ [ -98.740046200077742, 20.820272211391973 ], [ -98.740436645474844, 20.824366074178364 ], [ -98.739542931223355, 20.821907606026272 ], [ -98.732856242990067, 20.819865839461382 ], [ -98.734378363293814, 20.81294628349481 ], [ -98.736998442540681, 20.811329274992627 ], [ -98.736286422766369, 20.812381374373945 ], [ -98.742291548119269, 20.81139914195851 ], [ -98.740046200077742, 20.820272211391973 ] ] ], [ [ [ -98.742919460804458, 21.060542310470122 ], [ -98.737708720175405, 21.062974581059148 ], [ -98.740358753167072, 21.069919844674807 ], [ -98.733710838682072, 21.073430909896143 ], [ -98.732518675552015, 21.070592891946827 ], [ -98.734486889087307, 21.068825249937738 ], [ -98.733395061300186, 21.063395384329738 ], [ -98.736129689905511, 21.055909957748163 ], [ -98.742387317759224, 21.058731365770225 ], [ -98.742919460804458, 21.060542310470122 ] ] ], [ [ [ -98.73545921341848, 20.976180571798469 ], [ -98.734309743563855, 20.975869434339923 ], [ -98.735138302768732, 20.975078252112151 ], [ -98.73545921341848, 20.976180571798469 ] ] ], [ [ [ -98.752942957323157, 20.831356910134424 ], [ -98.74839438709553, 20.832847506240391 ], [ -98.747240606684315, 20.831067232783187 ], [ -98.750792730059644, 20.829803519149593 ], [ -98.746081168463533, 20.829796603398176 ], [ -98.747150571689261, 20.83225403077283 ], [ -98.741956192716586, 20.829893477981695 ], [ -98.744935143729208, 20.83041630286175 ], [ -98.742995150307451, 20.829340147798259 ], [ -98.745400983038564, 20.828440027120578 ], [ -98.743258827242926, 20.82708126245306 ], [ -98.745785701984602, 20.827372238106715 ], [ -98.746553725107717, 20.828959781026594 ], [ -98.747399657134196, 20.827225641778139 ], [ -98.749282535411183, 20.82826449871353 ], [ -98.749854894028786, 20.827091015459473 ], [ -98.746091769972438, 20.823470631723861 ], [ -98.740959310931743, 20.822585495236225 ], [ -98.744381333146151, 20.816056527902379 ], [ -98.746100853935729, 20.818048366985476 ], [ -98.749784370103797, 20.818321299135388 ], [ -98.748921583240985, 20.821667373976826 ], [ -98.752207524361609, 20.820212198909587 ], [ -98.754527033254348, 20.825394152133303 ], [ -98.751484563928216, 20.828089433335052 ], [ -98.753413266454132, 20.831598352653188 ], [ -98.758777678243192, 20.834063562906909 ], [ -98.755627716430425, 20.839751315419193 ], [ -98.751724672591251, 20.836130857095672 ], [ -98.753463996312718, 20.834777800388103 ], [ -98.752010193546127, 20.833948439836945 ], [ -98.752942957323157, 20.831356910134424 ] ] ], [ [ [ -98.751724672591251, 20.836130857095672 ], [ -98.751339349697659, 20.838208548596651 ], [ -98.750527403293603, 20.836620136475936 ], [ -98.751724672591251, 20.836130857095672 ] ] ], [ [ [ -98.7414674946898, 20.961025063416574 ], [ -98.741146570882407, 20.959922752962456 ], [ -98.742295933939019, 20.960233844672633 ], [ -98.7414674946898, 20.961025063416574 ] ] ], [ [ [ -98.743486306231716, 20.814739003781579 ], [ -98.742658678263112, 20.81553022335175 ], [ -98.74233804280891, 20.814427900042123 ], [ -98.743486306231716, 20.814739003781579 ] ] ], [ [ [ -98.74540239745653, 20.825818743332814 ], [ -98.743260358447927, 20.826177552019725 ], [ -98.743786400779186, 20.825003800200697 ], [ -98.74540239745653, 20.825818743332814 ] ] ], [ [ [ -98.743770187309494, 20.959332367575112 ], [ -98.74488694487313, 20.959033742133219 ], [ -98.744595914674051, 20.960126080260093 ], [ -98.743770187309494, 20.959332367575112 ] ] ], [ [ [ -98.745117657483902, 20.964756576047836 ], [ -98.744289207728315, 20.965547808883482 ], [ -98.743968253920855, 20.964445504010776 ], [ -98.745117657483902, 20.964756576047836 ] ] ], [ [ [ -98.749010284702294, 20.954497469533013 ], [ -98.751693171438603, 20.959841175103538 ], [ -98.745326331068, 20.959055789806396 ], [ -98.749010284702294, 20.954497469533013 ] ] ], [ [ [ -98.748119711866607, 20.963794266996732 ], [ -98.747745412913801, 20.961740039494899 ], [ -98.748970351975558, 20.962244469273369 ], [ -98.748119711866607, 20.963794266996732 ] ] ], [ [ [ -98.748869148751893, 20.977413908110659 ], [ -98.74804064801873, 20.978205156595727 ], [ -98.747719640680415, 20.977102859865791 ], [ -98.748869148751893, 20.977413908110659 ] ] ], [ [ [ -98.750110022209839, 20.835528389175156 ], [ -98.748902112501597, 20.833415609023241 ], [ -98.751102648135372, 20.833844971141236 ], [ -98.750110022209839, 20.835528389175156 ] ] ], [ [ [ -98.750246327659227, 20.965160389295946 ], [ -98.750567329078905, 20.966262682738893 ], [ -98.749417901386707, 20.965951647266579 ], [ -98.750246327659227, 20.965160389295946 ] ] ], [ [ [ -98.755488244104527, 20.839751116375581 ], [ -98.755173545779414, 20.841575409665221 ], [ -98.753602429485696, 20.840402866085377 ], [ -98.75170834637882, 20.841807547480691 ], [ -98.751983716989315, 20.840000523770154 ], [ -98.755488244104527, 20.839751116375581 ] ] ], [ [ [ -98.7538917658717, 20.789450218321793 ], [ -98.753064332735136, 20.790241492913935 ], [ -98.752743672200083, 20.789139185079815 ], [ -98.7538917658717, 20.789450218321793 ] ] ], [ [ [ -98.759977141298222, 20.800531090231299 ], [ -98.76199062799715, 20.799932595600524 ], [ -98.761335039917213, 20.801940993759114 ], [ -98.759977141298222, 20.800531090231299 ] ] ], [ [ [ -98.761253832343755, 20.965944801561285 ], [ -98.761555480400617, 20.963927848305445 ], [ -98.762575558762492, 20.963144039373674 ], [ -98.763976085581305, 20.964908989777523 ], [ -98.765331102472246, 20.960829486469542 ], [ -98.767691065124595, 20.959526369416182 ], [ -98.771034581568443, 20.966726013768383 ], [ -98.776561636632096, 20.964963180337314 ], [ -98.776400056778698, 20.968732893297052 ], [ -98.765369451573733, 20.968196585378351 ], [ -98.761253832343755, 20.965944801561285 ] ] ], [ [ [ -98.786223261054275, 20.964324407700396 ], [ -98.793918497348855, 20.959560083401474 ], [ -98.795844227794888, 20.962708116039547 ], [ -98.788952269905366, 20.968134932791205 ], [ -98.781958289253041, 20.96863083626938 ], [ -98.784706964016266, 20.967392231762968 ], [ -98.786223261054275, 20.964324407700396 ] ] ], [ [ [ -98.801084846981553, 20.347629665846011 ], [ -98.798767557354154, 20.347956436358476 ], [ -98.799089942504992, 20.345875235633699 ], [ -98.796670322849081, 20.342748201977962 ], [ -98.800435793653037, 20.34336814496795 ], [ -98.801084846981553, 20.347629665846011 ] ] ], [ [ [ -98.801635772589307, 20.36707736495508 ], [ -98.800264519737738, 20.36840228250292 ], [ -98.797266544138182, 20.365182149709213 ], [ -98.798520854486895, 20.364440689223684 ], [ -98.801635772589307, 20.36707736495508 ] ] ], [ [ [ -98.798520854486895, 20.364440689223684 ], [ -98.799429513982048, 20.361510826351317 ], [ -98.801298495719735, 20.363990032318583 ], [ -98.798520854486895, 20.364440689223684 ] ] ], [ [ [ -98.803195796522104, 20.358924650766042 ], [ -98.80047227915118, 20.360099655807527 ], [ -98.801769964798936, 20.358343451866702 ], [ -98.799678016415612, 20.354098713464907 ], [ -98.802823374830737, 20.355816377928832 ], [ -98.803195796522104, 20.358924650766042 ] ] ], [ [ [ -98.801896341218551, 20.820221514473136 ], [ -98.800100390086868, 20.82188058156413 ], [ -98.799806211738286, 20.819926912352088 ], [ -98.801896341218551, 20.820221514473136 ] ] ], [ [ [ -98.802967322709435, 20.346657758176409 ], [ -98.80145418617974, 20.344941958171209 ], [ -98.803244484910891, 20.343659493965873 ], [ -98.802967322709435, 20.346657758176409 ] ] ], [ [ [ -98.804978711227719, 20.336778717483622 ], [ -98.804197477123722, 20.332815370237029 ], [ -98.806323050984332, 20.334714831788084 ], [ -98.804978711227719, 20.336778717483622 ] ] ], [ [ [ -98.817253414961115, 20.970814154074475 ], [ -98.818217486196744, 20.973263280978532 ], [ -98.811840910306486, 20.97171981174597 ], [ -98.813977327562625, 20.969827646720297 ], [ -98.817253414961115, 20.970814154074475 ] ] ], [ [ [ -98.849887055785146, 20.949500083417753 ], [ -98.848673187666662, 20.950111344379646 ], [ -98.849086163191487, 20.94708882000392 ], [ -98.849887055785146, 20.949500083417753 ] ] ], [ [ [ -98.848673187666662, 20.950111344379646 ], [ -98.848246135070468, 20.954062131340958 ], [ -98.847433429932451, 20.95081413558222 ], [ -98.848673187666662, 20.950111344379646 ] ] ], [ [ [ -98.859514915699478, 20.861252515957055 ], [ -98.858067450498922, 20.862827469850686 ], [ -98.857246338640124, 20.859747851428097 ], [ -98.859514915699478, 20.861252515957055 ] ] ], [ [ [ -98.871621349056682, 21.103604601351329 ], [ -98.873308489498015, 21.103669918470114 ], [ -98.878957898818769, 21.109587386104845 ], [ -98.87629856408347, 21.110156025976327 ], [ -98.872761296007738, 21.106860807940688 ], [ -98.871621349056682, 21.103604601351329 ] ] ], [ [ [ -98.933242808784215, 21.086075087853562 ], [ -98.932546382359419, 21.08391252222226 ], [ -98.93582310472982, 21.084882624952261 ], [ -98.933242808784215, 21.086075087853562 ] ] ], [ [ [ -98.952512113150377, 20.580097786956912 ], [ -98.948763569029424, 20.580272078506294 ], [ -98.954302740120909, 20.575933231426209 ], [ -98.952512113150377, 20.580097786956912 ] ] ], [ [ [ -98.958307935158942, 20.859767877435281 ], [ -98.959421693159456, 20.861074241162981 ], [ -98.955240391646541, 20.861978072124593 ], [ -98.954324256618321, 20.86070499497637 ], [ -98.958307935158942, 20.859767877435281 ] ] ], [ [ [ -98.968148532165031, 21.033493566079535 ], [ -98.967740573444715, 21.036410264079635 ], [ -98.96161252097636, 21.034277299910553 ], [ -98.959749022660432, 21.03755950846524 ], [ -98.957450907906434, 21.035866447867033 ], [ -98.958496973290238, 21.03128635129401 ], [ -98.961377179730405, 21.030290064208131 ], [ -98.968148532165031, 21.033493566079535 ] ] ], [ [ [ -98.96189264956277, 21.051535260558676 ], [ -98.961552119138204, 21.051107194791793 ], [ -98.964914445459584, 21.050958053213122 ], [ -98.96189264956277, 21.051535260558676 ] ] ], [ [ [ -98.961381287311895, 21.050892448457393 ], [ -98.96061065812026, 21.049923709320208 ], [ -98.960969515645559, 21.046160711348691 ], [ -98.961381287311895, 21.050892448457393 ] ] ], [ [ [ -98.967195893977802, 20.856582150056163 ], [ -98.966578532320099, 20.85347809934391 ], [ -98.969858856700483, 20.855328061215477 ], [ -98.967195893977802, 20.856582150056163 ] ] ], [ [ [ -98.967537180727291, 21.028096718348014 ], [ -98.969510851048895, 21.025823984739876 ], [ -98.973980813097853, 21.025407000626341 ], [ -98.968944912630505, 21.027799522372145 ], [ -98.96849653371531, 21.03100543625699 ], [ -98.967537180727291, 21.028096718348014 ] ] ], [ [ [ -98.970310645242662, 21.045064492176863 ], [ -98.969160152051202, 21.044754937277158 ], [ -98.969987804648966, 21.043962614473376 ], [ -98.970310645242662, 21.045064492176863 ] ] ], [ [ [ -98.970312077938004, 21.037834920632189 ], [ -98.976290763259357, 21.038175462873504 ], [ -98.973890037818364, 21.039946486646116 ], [ -98.970312077938004, 21.037834920632189 ] ] ], [ [ [ -98.978834416227642, 20.826368520062285 ], [ -98.975066107972779, 20.820945696759921 ], [ -98.976204284045807, 20.819679084628159 ], [ -98.983237691670439, 20.825938273622704 ], [ -98.978834416227642, 20.826368520062285 ] ] ], [ [ [ -98.975031249097967, 21.031509799934199 ], [ -98.97756835102372, 21.031816552133581 ], [ -98.979122102230619, 21.034864576958068 ], [ -98.977234899029526, 21.034821312590179 ], [ -98.975031249097967, 21.031509799934199 ] ] ], [ [ [ -98.978603767285904, 21.029998286947162 ], [ -98.975683611523237, 21.029254318337365 ], [ -98.981001619095693, 21.028306592750877 ], [ -98.978603767285904, 21.029998286947162 ] ] ], [ [ [ -98.977865467684865, 21.008014025250553 ], [ -98.981956104051577, 21.008373775950556 ], [ -98.98098572554234, 21.010125388757071 ], [ -98.977865467684865, 21.008014025250553 ] ] ], [ [ [ -98.978832016312495, 20.843539167080145 ], [ -98.98269867958038, 20.845554873035699 ], [ -98.983273672651592, 20.84801577256664 ], [ -98.978016438222326, 20.846721435740569 ], [ -98.978832016312495, 20.843539167080145 ] ] ], [ [ [ -98.982578867626671, 21.040547710647832 ], [ -98.982053919233778, 21.041722174410282 ], [ -98.980434377175939, 21.040909446392014 ], [ -98.982578867626671, 21.040547710647832 ] ] ], [ [ [ -98.982578867626671, 21.040547710647832 ], [ -98.982902045977369, 21.039445921799043 ], [ -98.98372942449096, 21.04023847535316 ], [ -98.982578867626671, 21.040547710647832 ] ] ], [ [ [ -98.989835068870136, 21.059981421454363 ], [ -98.995154078293737, 21.059033257034255 ], [ -98.992755895049669, 21.060725144621397 ], [ -98.989835068870136, 21.059981421454363 ] ] ], [ [ [ -98.997194759888174, 20.858169090032479 ], [ -98.995795064615223, 20.853481309443907 ], [ -98.997590892259353, 20.853863371570373 ], [ -98.998964653795412, 20.857358170410489 ], [ -98.997194759888174, 20.858169090032479 ] ] ], [ [ [ -98.995795064615223, 20.853481309443907 ], [ -98.993545105269732, 20.85292755878028 ], [ -98.992967784235091, 20.850770066758272 ], [ -98.995795064615223, 20.853481309443907 ] ] ], [ [ [ -99.032152852491379, 21.030186664780658 ], [ -99.038818479846569, 21.024903545895974 ], [ -99.048416622704679, 21.023760761265297 ], [ -99.047899992241824, 21.017626083646491 ], [ -99.052783591417722, 21.017248768301698 ], [ -99.053729025116255, 21.024429962493901 ], [ -99.0594450708452, 21.026870565459905 ], [ -99.052910473256802, 21.027257942958396 ], [ -99.05378493392908, 21.030181198888904 ], [ -99.058503209045782, 21.031206146368795 ], [ -99.056791013654959, 21.032738058736907 ], [ -99.049391791314918, 21.033604380323141 ], [ -99.048632239638053, 21.03602316350943 ], [ -99.045397542920398, 21.034833433099084 ], [ -99.037513233480183, 21.035774601654492 ], [ -99.037845270166486, 21.038326076205664 ], [ -99.03310835301356, 21.045321665165726 ], [ -99.037545097774313, 21.052629385225245 ], [ -99.034615564402074, 21.056131693992235 ], [ -99.031146250298733, 21.056399308863746 ], [ -99.0300259394878, 21.052838675003891 ], [ -99.023001805363876, 21.052904138863756 ], [ -99.018119997023945, 21.051188072658888 ], [ -99.015607961186234, 21.056580404991465 ], [ -99.011429183383882, 21.056259225978618 ], [ -99.008557927863393, 21.058208897044487 ], [ -99.000264329761038, 21.059371963441976 ], [ -98.998257960195232, 21.055928521253513 ], [ -99.004630262501195, 21.054091319255569 ], [ -99.005618739750844, 21.043216687351752 ], [ -99.032152852491379, 21.030186664780658 ] ], [ [ -99.029209618870269, 21.045681150163905 ], [ -99.032952243960906, 21.043657905362249 ], [ -99.027874121822791, 21.043257407411044 ], [ -99.029209618870269, 21.045681150163905 ] ], [ [ -99.042369618448191, 21.028623501884812 ], [ -99.045077783978542, 21.02735592448985 ], [ -99.042024422781608, 21.026987951953267 ], [ -99.042369618448191, 21.028623501884812 ] ] ], [ [ [ -99.020207751810105, 21.058147939029091 ], [ -99.01885526945459, 21.057340045688708 ], [ -99.020732317290253, 21.055468826458362 ], [ -99.023549572486587, 21.055413411778964 ], [ -99.029175658034575, 21.0596831636228 ], [ -99.030480004731174, 21.063329813096555 ], [ -99.024668708309989, 21.065585634274647 ], [ -99.024299176976001, 21.068123063456969 ], [ -99.009188769787528, 21.066867552819176 ], [ -99.008118310777192, 21.065601816530684 ], [ -99.013416127708695, 21.06189605825486 ], [ -99.015618075893215, 21.064090157409307 ], [ -99.01742018379278, 21.058770629530013 ], [ -99.020207751810105, 21.058147939029091 ] ] ], [ [ [ -99.072570910444156, 21.15867234723784 ], [ -99.071348197666481, 21.15655595373811 ], [ -99.061009603565367, 21.153921697158104 ], [ -99.057698861842056, 21.155129908099287 ], [ -99.054548474006694, 21.158897217539899 ], [ -99.050900538367372, 21.151950372906242 ], [ -99.047718141202566, 21.152931738219777 ], [ -99.039876566327891, 21.151164741590627 ], [ -99.033578155735967, 21.1523824206127 ], [ -99.026764374278528, 21.156216875052213 ], [ -99.024569754151756, 21.158072314104281 ], [ -99.023732947910403, 21.162175992427038 ], [ -99.022328372899494, 21.161781678408392 ], [ -99.022553417027737, 21.158193335282139 ], [ -99.019001878880928, 21.157318555650683 ], [ -99.014676630303043, 21.167132510587432 ], [ -99.010800432880927, 21.167276645237916 ], [ -99.012252909272746, 21.164001954542712 ], [ -99.008815113789268, 21.159565603274579 ], [ -99.0140943293502, 21.155665763701911 ], [ -99.019671551341531, 21.148749819227522 ], [ -99.01682461999367, 21.147635135715785 ], [ -99.019549593525355, 21.14656750832853 ], [ -99.029607895382142, 21.151154329216286 ], [ -99.034896158936533, 21.141251255523311 ], [ -99.03733507618125, 21.140854214352121 ], [ -99.038886273484806, 21.14320874862549 ], [ -99.038911216902619, 21.149561676424092 ], [ -99.043216484764073, 21.149140669787847 ], [ -99.048152011903838, 21.145404466668165 ], [ -99.045124545616957, 21.142999260843769 ], [ -99.045833264849989, 21.139948442153109 ], [ -99.052842798986831, 21.144083750228539 ], [ -99.055699092079891, 21.148580465701205 ], [ -99.059284829786876, 21.149382988782705 ], [ -99.062833519648919, 21.148076154158574 ], [ -99.066068369039854, 21.152083340020056 ], [ -99.070922574521376, 21.151294016503883 ], [ -99.073792390746149, 21.144011134891315 ], [ -99.072016157722317, 21.141195991443563 ], [ -99.077313899973291, 21.134350680365547 ], [ -99.075439239964311, 21.127919682127164 ], [ -99.072947424978707, 21.127568349731987 ], [ -99.066322964651377, 21.130342308619714 ], [ -99.06556534436406, 21.125449573123564 ], [ -99.076183902968125, 21.120776531174105 ], [ -99.080495552269809, 21.123241972855123 ], [ -99.079691679624503, 21.128466847292707 ], [ -99.081321004897859, 21.137617741971312 ], [ -99.084830214058698, 21.136634205545846 ], [ -99.084322841079072, 21.12912998818987 ], [ -99.088678929223391, 21.126612013824968 ], [ -99.09150596038981, 21.12701034159409 ], [ -99.095501832695462, 21.124171374194646 ], [ -99.099113789151716, 21.125188898932151 ], [ -99.098292920375997, 21.127784523941362 ], [ -99.09119130547397, 21.135298261903721 ], [ -99.091832123311221, 21.139431653240209 ], [ -99.088859266711751, 21.141630235212649 ], [ -99.093607538629144, 21.150290670751762 ], [ -99.0930545539332, 21.152580659019414 ], [ -99.087833298013422, 21.152053947392481 ], [ -99.084023175748243, 21.153882747037759 ], [ -99.080781199658446, 21.158420739718206 ], [ -99.077085781095107, 21.158703112515216 ], [ -99.074707880348043, 21.162193292608848 ], [ -99.072924187267915, 21.161811478236654 ], [ -99.072885536062216, 21.163984878691551 ], [ -99.069942924046529, 21.16582018169855 ], [ -99.068507334108276, 21.16524394397846 ], [ -99.072570910444156, 21.15867234723784 ] ], [ [ -99.073550661727765, 21.160921532984734 ], [ -99.074378404000541, 21.160128711445619 ], [ -99.073226807957795, 21.159819868048373 ], [ -99.073550661727765, 21.160921532984734 ] ] ], [ [ [ -99.068507334108276, 21.16524394397846 ], [ -99.068184517529957, 21.166345878275919 ], [ -99.067355991439598, 21.165553750903442 ], [ -99.068507334108276, 21.16524394397846 ] ] ], [ [ [ -99.027504752949653, 20.846618538848926 ], [ -99.022746243509459, 20.845739789585064 ], [ -99.022195597230962, 20.843385861895214 ], [ -99.029721990370277, 20.843537896417704 ], [ -99.027504752949653, 20.846618538848926 ] ] ], [ [ [ -99.042220091538283, 21.108662458384213 ], [ -99.043539105162921, 21.10994592526561 ], [ -99.049041989912325, 21.1085026792104 ], [ -99.055177430094659, 21.103900052931614 ], [ -99.060377089780047, 21.107450595526867 ], [ -99.061517050162067, 21.113457454327484 ], [ -99.066640295324078, 21.113358828502768 ], [ -99.067977393911079, 21.115653645495819 ], [ -99.063345943636918, 21.117633967491301 ], [ -99.061352567869761, 21.120682771407129 ], [ -99.052811882625065, 21.126121314439821 ], [ -99.052976008222075, 21.12806834888578 ], [ -99.062461716873457, 21.128710615690682 ], [ -99.06227948192587, 21.130892349238977 ], [ -99.057623462179407, 21.133681433948723 ], [ -99.056918080520347, 21.132807739563646 ], [ -99.044467610070825, 21.13502850463582 ], [ -99.039222911074063, 21.138142730471976 ], [ -99.037334397103123, 21.138143157335133 ], [ -99.03655452864723, 21.133755810223608 ], [ -99.031668278987112, 21.135433252616707 ], [ -99.027901911394579, 21.133793659107525 ], [ -99.027311154485375, 21.131054818578619 ], [ -99.035551627878192, 21.123261291764511 ], [ -99.036273969894737, 21.119891690706829 ], [ -99.040380877905875, 21.117159751444699 ], [ -99.041219814384377, 21.113973707838394 ], [ -99.039758214135787, 21.113611749778702 ], [ -99.036942233425322, 21.10719358066665 ], [ -99.035904201986497, 21.098944845081171 ], [ -99.036866261441489, 21.095270055112806 ], [ -99.039078360515788, 21.096087641363471 ], [ -99.038531979439185, 21.089598168883757 ], [ -99.048656539028713, 21.089866084643464 ], [ -99.051920288995689, 21.095061477897652 ], [ -99.04623243388221, 21.098474245390392 ], [ -99.039378701900006, 21.099966589205298 ], [ -99.040443758112332, 21.106933944779403 ], [ -99.042160488272202, 21.108604460626687 ], [ -99.041103206298374, 21.108320593164915 ], [ -99.041426711014878, 21.109422326979718 ], [ -99.042220091538283, 21.108662458384213 ] ] ], [ [ [ -99.058069407413271, 21.038731292228466 ], [ -99.056742674832449, 21.042116409150939 ], [ -99.059926274307514, 21.041804560589128 ], [ -99.061328898042021, 21.03982143339362 ], [ -99.059956664976653, 21.038730637093167 ], [ -99.063728739502039, 21.03421083673221 ], [ -99.061838701441559, 21.02607820463346 ], [ -99.066915042890344, 21.032882446184377 ], [ -99.075054268041839, 21.037820945298179 ], [ -99.073168787793023, 21.041436551625655 ], [ -99.070003835802069, 21.04016507654616 ], [ -99.0649188535956, 21.043984066764242 ], [ -99.059881667867543, 21.044544088655947 ], [ -99.048634292944371, 21.042349038518751 ], [ -99.045190463886158, 21.044639607162747 ], [ -99.046746143522427, 21.039638478998356 ], [ -99.051464005875133, 21.038733420209333 ], [ -99.052408075325374, 21.039993971725689 ], [ -99.054294564613301, 21.037828842812154 ], [ -99.058069407413271, 21.038731292228466 ] ] ], [ [ [ -99.075935752144247, 20.995740410737767 ], [ -99.07839530294109, 20.99495192263096 ], [ -99.079586821441268, 20.98952916288378 ], [ -99.081682484646677, 20.991693711068883 ], [ -99.081658545875783, 21.000083124827672 ], [ -99.085963361691043, 21.003880858715178 ], [ -99.085587828719383, 21.006323998308261 ], [ -99.091272478768062, 21.010356417519322 ], [ -99.093989492143564, 21.00997032538362 ], [ -99.094537496375267, 21.013507541210295 ], [ -99.090725940056998, 21.014049193822764 ], [ -99.087268375732705, 21.011596635786539 ], [ -99.075641952878939, 21.013494154929518 ], [ -99.078544917058792, 21.020858169079812 ], [ -99.084894593990555, 21.02554749076787 ], [ -99.083386866046624, 21.030763663044681 ], [ -99.080079317180207, 21.032676645372607 ], [ -99.074516107512281, 21.026583134589249 ], [ -99.068369208309946, 21.010058167193165 ], [ -99.073292914487183, 21.000562968211593 ], [ -99.06528095153692, 20.99894677750385 ], [ -99.059937165595699, 20.989930898245024 ], [ -99.057107199415142, 20.98993187062166 ], [ -99.058049125034572, 20.986316745139415 ], [ -99.05594764393399, 20.98318466245119 ], [ -99.057991391334085, 20.979936049702815 ], [ -99.050088623978326, 20.976722424511173 ], [ -99.051431124163173, 20.972369642174662 ], [ -99.056728994682132, 20.97333454515368 ], [ -99.06608703864184, 20.985155231619085 ], [ -99.067176386386919, 20.98140119286111 ], [ -99.070164793186422, 20.984213715154183 ], [ -99.074208359322881, 20.989808923383467 ], [ -99.075935752144247, 20.995740410737767 ] ] ], [ [ [ -99.050207653359791, 21.217663817798119 ], [ -99.051525474036538, 21.216759743778347 ], [ -99.05152610136858, 21.218567098379186 ], [ -99.050207653359791, 21.217663817798119 ] ] ], [ [ [ -99.0590170001893, 21.23943217878595 ], [ -99.064651687395411, 21.240159687671415 ], [ -99.060985033089466, 21.241973141699141 ], [ -99.053462398733913, 21.249862407248145 ], [ -99.054303513829538, 21.241949341650916 ], [ -99.0590170001893, 21.23943217878595 ] ] ], [ [ [ -99.064984370459925, 21.173747568186482 ], [ -99.065118299165448, 21.171940152625126 ], [ -99.072594670051416, 21.172019857424804 ], [ -99.064984370459925, 21.173747568186482 ] ] ], [ [ [ -99.07385532085955, 21.098479634479961 ], [ -99.078790722476555, 21.10601442835668 ], [ -99.080814829118964, 21.103702598127093 ], [ -99.079282740208427, 21.099715069122507 ], [ -99.081604583723902, 21.095726514454103 ], [ -99.081318169692224, 21.088100467454236 ], [ -99.076686481904332, 21.084959673591268 ], [ -99.083608950171822, 21.076475992975535 ], [ -99.084934926679679, 21.06945222585977 ], [ -99.08923376555417, 21.068822742302469 ], [ -99.091113445383627, 21.066731320229007 ], [ -99.094382273453931, 21.067671699799259 ], [ -99.091139530410075, 21.074940490107281 ], [ -99.092859837906872, 21.085706828722405 ], [ -99.09887134260795, 21.089505893758389 ], [ -99.102553775301601, 21.094001474316787 ], [ -99.0963787773684, 21.097709152955808 ], [ -99.096064082799984, 21.101487077133118 ], [ -99.099854760266524, 21.097958960738904 ], [ -99.103100341847991, 21.0977073517771 ], [ -99.101632417246208, 21.100229807364002 ], [ -99.099260220507261, 21.100281800464622 ], [ -99.099242880459116, 21.102095510947439 ], [ -99.101616240223919, 21.100257604931084 ], [ -99.100139207500106, 21.103359333773298 ], [ -99.091375595093808, 21.111186533440467 ], [ -99.086056373401675, 21.109319916885475 ], [ -99.082529904571743, 21.113242157616007 ], [ -99.070281530584793, 21.104222234936213 ], [ -99.068242304151042, 21.098913753508409 ], [ -99.07385532085955, 21.098479634479961 ] ] ], [ [ [ -99.075867795728286, 20.779359539418099 ], [ -99.078136858252805, 20.779917061021969 ], [ -99.075142391169223, 20.783343875380687 ], [ -99.073709301447423, 20.781974569750275 ], [ -99.075867795728286, 20.779359539418099 ] ] ], [ [ [ -99.091030788174223, 21.047798414007211 ], [ -99.087711855092735, 21.046482730548721 ], [ -99.082159814518064, 21.04114769491299 ], [ -99.08337368231507, 21.034706779388078 ], [ -99.086377800312903, 21.037923291493136 ], [ -99.091060437747203, 21.032898504806738 ], [ -99.100030085980833, 21.032381440538916 ], [ -99.091030788174223, 21.047798414007211 ] ] ], [ [ [ -99.091364943950225, 21.061721683342252 ], [ -99.090166918469436, 21.062213360046627 ], [ -99.090548205121266, 21.060134948686414 ], [ -99.091364943950225, 21.061721683342252 ] ] ], [ [ [ -99.090166918469436, 21.062213360046627 ], [ -99.089499041126487, 21.063429181380453 ], [ -99.087057474417378, 21.062601909107514 ], [ -99.090166918469436, 21.062213360046627 ] ] ], [ [ [ -99.092401410795674, 21.0656551728555 ], [ -99.092055581486932, 21.064019733457908 ], [ -99.095109817953386, 21.064386803001018 ], [ -99.092401410795674, 21.0656551728555 ] ] ], [ [ [ -99.097033824043791, 21.011181810730491 ], [ -99.092197485145505, 21.004610693649443 ], [ -99.092961246234822, 21.002567881184692 ], [ -99.102895025198208, 21.004795987853875 ], [ -99.1104618607839, 21.016686347466933 ], [ -99.11383005288117, 21.013405299029877 ], [ -99.11648250970822, 21.014915360011564 ], [ -99.115804999246635, 21.016414702486895 ], [ -99.120246721474459, 21.019943372016719 ], [ -99.118473056590702, 21.021356644100287 ], [ -99.114327235253157, 21.020954764035352 ], [ -99.112480124143559, 21.029649389508577 ], [ -99.114856638483715, 21.030406842916616 ], [ -99.107519227448464, 21.030803805932141 ], [ -99.102400601930213, 21.025338679275407 ], [ -99.098526596816569, 21.017987067422126 ], [ -99.097033824043791, 21.011181810730491 ] ] ], [ [ [ -99.096355760121241, 21.154526617415453 ], [ -99.0958881774242, 21.153482761508595 ], [ -99.098060130235027, 21.153847810722525 ], [ -99.096355760121241, 21.154526617415453 ] ] ], [ [ [ -99.102064829720547, 20.811229616549241 ], [ -99.101495258665167, 20.808799993429226 ], [ -99.106975680067009, 20.810069505399333 ], [ -99.102064829720547, 20.811229616549241 ] ] ], [ [ [ -99.112936022702385, 20.786058005291416 ], [ -99.110423803124874, 20.78682943619263 ], [ -99.109784615556251, 20.785667263229609 ], [ -99.112936022702385, 20.786058005291416 ] ] ], [ [ [ -99.114759223842356, 21.132686279254699 ], [ -99.112638891459454, 21.127824738304643 ], [ -99.11438416140318, 21.129302840903495 ], [ -99.114759223842356, 21.132686279254699 ] ] ], [ [ [ -99.113276038334135, 20.813132556695411 ], [ -99.112629533125514, 20.810969605025086 ], [ -99.1149334166481, 20.811599753734871 ], [ -99.113276038334135, 20.813132556695411 ] ] ], [ [ [ -99.126943387212606, 21.055521312535333 ], [ -99.130335276419984, 21.055325143524684 ], [ -99.134679486062439, 21.057581208857631 ], [ -99.137984295562319, 21.06254743084201 ], [ -99.135025673731448, 21.065371970733317 ], [ -99.128720575989931, 21.066906265670827 ], [ -99.128898056751865, 21.068557256690539 ], [ -99.132129629317816, 21.069951780231431 ], [ -99.133107582107868, 21.073120776557097 ], [ -99.128077112848814, 21.075267108492163 ], [ -99.123310013697733, 21.057451121806022 ], [ -99.11978830890159, 21.052631175197643 ], [ -99.11538684266479, 21.052587061898446 ], [ -99.114479648189274, 21.049781111228928 ], [ -99.117349779702494, 21.044860907750436 ], [ -99.118992363491699, 21.044096333791959 ], [ -99.12363582836349, 21.051825249294858 ], [ -99.126943387212606, 21.055521312535333 ] ] ], [ [ [ -99.121000253523746, 21.02347157887862 ], [ -99.11757563479452, 21.022892703133298 ], [ -99.122972869405416, 21.022277500731434 ], [ -99.121000253523746, 21.02347157887862 ] ] ], [ [ [ -99.123625758911302, 21.143037691947971 ], [ -99.12087286054502, 21.144770297567355 ], [ -99.119488294537248, 21.14262354107677 ], [ -99.123625758911302, 21.143037691947971 ] ] ], [ [ [ -99.134287051335889, 21.152701727928029 ], [ -99.129434794742892, 21.150113814340038 ], [ -99.129450007265874, 21.142214486285415 ], [ -99.125627031756153, 21.13944291062483 ], [ -99.122786652544974, 21.140375650646888 ], [ -99.119965937664816, 21.1377147701632 ], [ -99.129909934296279, 21.139575253897295 ], [ -99.131193424577901, 21.147427582379549 ], [ -99.134304715889371, 21.15052132233857 ], [ -99.142052851314318, 21.148028215797691 ], [ -99.134287051335889, 21.152701727928029 ] ] ], [ [ [ -99.12683033078855, 21.039679334100043 ], [ -99.131584449751102, 21.035966844017903 ], [ -99.128481467022439, 21.041446215478771 ], [ -99.12683033078855, 21.039679334100043 ] ] ], [ [ [ -99.1361570142858, 20.780226042378132 ], [ -99.138042678942327, 20.782031980857706 ], [ -99.136158634721923, 20.78203348518597 ], [ -99.1361570142858, 20.780226042378132 ] ] ], [ [ [ -99.1361570142858, 20.780226042378132 ], [ -99.132945527902791, 20.779438077978071 ], [ -99.134589419180429, 20.778051758598117 ], [ -99.1361570142858, 20.780226042378132 ] ] ], [ [ [ -99.246885349029696, 21.093686880867669 ], [ -99.244668924448789, 21.096770253113522 ], [ -99.244155260373219, 21.095093964872628 ], [ -99.246885349029696, 21.093686880867669 ] ] ], [ [ [ -99.246885349029696, 21.093686880867669 ], [ -99.24542250398369, 21.092359151362455 ], [ -99.246709790285976, 21.084331341925914 ], [ -99.24369892030947, 21.084104117108343 ], [ -99.239949642611407, 21.089182929597378 ], [ -99.240704061781599, 21.098855216972073 ], [ -99.243547394729418, 21.103716043816092 ], [ -99.234701166037084, 21.112568318682271 ], [ -99.231507167011785, 21.107765483064643 ], [ -99.226775767895077, 21.107890961517352 ], [ -99.223617922981688, 21.105626461505441 ], [ -99.214827769025476, 21.106216091973703 ], [ -99.209459350230972, 21.110196795994554 ], [ -99.209810545052065, 21.114885636417981 ], [ -99.207831238386788, 21.112903874605248 ], [ -99.20632670156985, 21.113609509032802 ], [ -99.208214140191629, 21.116330884838909 ], [ -99.206372000616, 21.118585632313373 ], [ -99.197475695670846, 21.121421307893424 ], [ -99.185912646517181, 21.121700953904842 ], [ -99.18224147409326, 21.125397647125489 ], [ -99.179275002151087, 21.125704395042387 ], [ -99.177392888985949, 21.129300456302889 ], [ -99.177082792927195, 21.136924242269011 ], [ -99.17278545584729, 21.138059128842055 ], [ -99.167639580529439, 21.13625693321886 ], [ -99.170973021108452, 21.135811549361225 ], [ -99.172254445286939, 21.128462249857421 ], [ -99.164592560984758, 21.128619507235516 ], [ -99.162013588102283, 21.119902845099428 ], [ -99.154880703938787, 21.115980817804132 ], [ -99.156238228970579, 21.113243224385467 ], [ -99.161760300297232, 21.113130159101729 ], [ -99.170787639659551, 21.120430267652399 ], [ -99.170850840748514, 21.113220301267912 ], [ -99.177380064130674, 21.113086045173379 ], [ -99.181241342519968, 21.116803209455011 ], [ -99.18660820168634, 21.11690220981535 ], [ -99.182283531182179, 21.104198063040108 ], [ -99.173727191959927, 21.101467966723199 ], [ -99.16478709869574, 21.088825256172665 ], [ -99.15966925128042, 21.093330501805632 ], [ -99.155887000309761, 21.086177894642056 ], [ -99.14911991450326, 21.084312781182774 ], [ -99.145497397819497, 21.080709687471018 ], [ -99.143541773187906, 21.082354393500683 ], [ -99.143490023505819, 21.091520536805692 ], [ -99.148330722179352, 21.099784896747266 ], [ -99.148223269580882, 21.105071790205312 ], [ -99.150133821386746, 21.1086136790402 ], [ -99.148625676627816, 21.11322166405148 ], [ -99.145817438781947, 21.112125823562756 ], [ -99.142179972727206, 21.101260533922847 ], [ -99.138032706893526, 21.099321698697093 ], [ -99.134329919249652, 21.093643907297956 ], [ -99.138932909210496, 21.091501439300277 ], [ -99.135019330012256, 21.077298122089136 ], [ -99.138432308216508, 21.074842655419449 ], [ -99.143470124944969, 21.079853999027002 ], [ -99.147686013877191, 21.076908729201776 ], [ -99.146316233417295, 21.074368671625674 ], [ -99.14912263574108, 21.073062044168129 ], [ -99.144446826905835, 21.065694830727651 ], [ -99.146032691680048, 21.063515159482357 ], [ -99.150087048117527, 21.063590858702966 ], [ -99.147266833740872, 21.054125131847677 ], [ -99.14914453263134, 21.052665775592583 ], [ -99.150392353642758, 21.053907087175197 ], [ -99.160641299943208, 21.05188712256664 ], [ -99.163773509437263, 21.055002571305995 ], [ -99.165682686052719, 21.053450325835762 ], [ -99.166701205806092, 21.055125289180868 ], [ -99.165569033368882, 21.056057010225281 ], [ -99.167066738479548, 21.057038605260001 ], [ -99.185751224565394, 21.051848212779589 ], [ -99.179777455066514, 21.05013415662922 ], [ -99.179150237872008, 21.051637228373721 ], [ -99.176163229384855, 21.049627450699596 ], [ -99.171768826855867, 21.05181141792405 ], [ -99.16905450139339, 21.050799340287167 ], [ -99.172722665120517, 21.049090585894522 ], [ -99.17148733140985, 21.041826690160004 ], [ -99.168351273184982, 21.04292041715706 ], [ -99.166170811580614, 21.047236038494344 ], [ -99.164130666110239, 21.046308791203973 ], [ -99.164291450633428, 21.038354515318787 ], [ -99.162343430714145, 21.032922388499905 ], [ -99.166140579936055, 21.032336537204667 ], [ -99.16945746597905, 21.037170461199675 ], [ -99.170813181444899, 21.030918006586752 ], [ -99.175384416414971, 21.030319900940462 ], [ -99.172224396201344, 21.028811653870978 ], [ -99.173083108599613, 21.026847130987484 ], [ -99.170631334508755, 21.02236389570902 ], [ -99.171621360110748, 21.021064645536708 ], [ -99.174322043829122, 21.020326230360396 ], [ -99.177730153655915, 21.021559576445696 ], [ -99.180520327964572, 21.027052002549492 ], [ -99.184619833953491, 21.021931664832927 ], [ -99.186705877115386, 21.023349657921809 ], [ -99.190523169929023, 21.030862678335193 ], [ -99.197614564466519, 21.035454381569767 ], [ -99.201032785513902, 21.034564772708187 ], [ -99.207769533735274, 21.029134515785302 ], [ -99.210697999510174, 21.038218776090833 ], [ -99.216003060461517, 21.038108425321983 ], [ -99.221690199693228, 21.040846844392004 ], [ -99.226690892648477, 21.035557453551668 ], [ -99.241380976678755, 21.032134959961745 ], [ -99.2463176596343, 21.053232203455284 ], [ -99.241299724787794, 21.052343454227753 ], [ -99.233053038800705, 21.045271666343837 ], [ -99.233156495633267, 21.049793919989099 ], [ -99.227476833961603, 21.049912621602687 ], [ -99.232168159341981, 21.044589373655228 ], [ -99.228802853103815, 21.043343529567696 ], [ -99.223358729742898, 21.046448328182773 ], [ -99.217882207717395, 21.055310821875416 ], [ -99.214252683679135, 21.054429839939619 ], [ -99.213219857706122, 21.048406102591059 ], [ -99.207600662827005, 21.0462917786008 ], [ -99.204853546197924, 21.040887162762832 ], [ -99.197270184613117, 21.042648196215175 ], [ -99.198247969779146, 21.045462628999452 ], [ -99.205666672987604, 21.048898309719839 ], [ -99.208526272608509, 21.052926712983606 ], [ -99.206684064553841, 21.058102846681798 ], [ -99.21052679631569, 21.061628911201353 ], [ -99.210487737510732, 21.0635917429099 ], [ -99.219477102490572, 21.071132377230803 ], [ -99.219859954467509, 21.074971176145798 ], [ -99.214747018352128, 21.073180879891634 ], [ -99.208847054827459, 21.073240472829671 ], [ -99.207628084939088, 21.065649248961236 ], [ -99.200443927927139, 21.06135275019377 ], [ -99.185585161558407, 21.038105685710363 ], [ -99.182723295831821, 21.038329027906631 ], [ -99.181254916498986, 21.044552204798087 ], [ -99.178278324093938, 21.046342027308661 ], [ -99.178470392890318, 21.048598604581983 ], [ -99.186677944387071, 21.050023177028397 ], [ -99.190311121000178, 21.058064064408146 ], [ -99.187883452627631, 21.062801850377056 ], [ -99.190089383558359, 21.064617283966388 ], [ -99.195189088168519, 21.06421908577429 ], [ -99.198261556363065, 21.065855807841778 ], [ -99.201456186560677, 21.06939717018539 ], [ -99.206420485676617, 21.080484585674927 ], [ -99.217204724743766, 21.082816031860322 ], [ -99.221559771670158, 21.089452256788373 ], [ -99.226938240889496, 21.091421905776524 ], [ -99.230320327423243, 21.086898918809425 ], [ -99.236236815121771, 21.082819095320122 ], [ -99.2359483321043, 21.079445703118076 ], [ -99.225658318986405, 21.078588991116298 ], [ -99.227761528471746, 21.07684916065233 ], [ -99.227435067991138, 21.073029250315798 ], [ -99.231611861654088, 21.070516455330992 ], [ -99.229515049155438, 21.065074144387264 ], [ -99.233620360311463, 21.065384346235728 ], [ -99.235119827498295, 21.070127384947149 ], [ -99.244456389029182, 21.080646335485437 ], [ -99.248242585771138, 21.079461149659402 ], [ -99.245980471137983, 21.077601031372549 ], [ -99.246606187330698, 21.073387975687741 ], [ -99.248565281003579, 21.075558317797249 ], [ -99.251987982538054, 21.073723258585694 ], [ -99.2483188774724, 21.083147181902575 ], [ -99.251178339979901, 21.089618685702355 ], [ -99.249263111621943, 21.094226667674793 ], [ -99.246885349029696, 21.093686880867669 ] ], [ [ -99.17138050701115, 21.068684802426404 ], [ -99.17418845364783, 21.074922872113099 ], [ -99.169964963296465, 21.080018172121541 ], [ -99.172015706746919, 21.081562289943864 ], [ -99.177861513502407, 21.078879669918784 ], [ -99.180767708349876, 21.083177726590097 ], [ -99.184249257618021, 21.084746198063286 ], [ -99.184048470414069, 21.0897445825543 ], [ -99.186593539836721, 21.094336025059178 ], [ -99.183220032173296, 21.09904098278373 ], [ -99.188905930456585, 21.103023563547556 ], [ -99.203050905490997, 21.095150320685001 ], [ -99.202955695230898, 21.092923788568523 ], [ -99.195546281952531, 21.086988695159089 ], [ -99.189121289121402, 21.084937141365547 ], [ -99.187368375214021, 21.08139217456343 ], [ -99.183233861384821, 21.082784682026571 ], [ -99.179292564885259, 21.075759059310535 ], [ -99.179339260693126, 21.072345560312268 ], [ -99.175592334429112, 21.069028895350826 ], [ -99.17138050701115, 21.068684802426404 ] ], [ [ -99.170970260597343, 21.090897710759265 ], [ -99.17398239844043, 21.095085089982728 ], [ -99.174606308750938, 21.092603940005169 ], [ -99.173100739374732, 21.089815119762701 ], [ -99.170970260597343, 21.090897710759265 ] ], [ [ -99.175572035182697, 21.136495169251681 ], [ -99.176419176457983, 21.134943261535373 ], [ -99.175191383482783, 21.134441924175594 ], [ -99.175572035182697, 21.136495169251681 ] ] ], [ [ [ -99.137506434452277, 20.805224508301819 ], [ -99.136062453693796, 20.806801818196959 ], [ -99.135235937156637, 20.803723515371015 ], [ -99.137506434452277, 20.805224508301819 ] ] ], [ [ [ -99.138582567543409, 21.14599159812488 ], [ -99.137191298524925, 21.144615171913411 ], [ -99.142857100549008, 21.144642669557143 ], [ -99.143097877670954, 21.146213694321585 ], [ -99.138582567543409, 21.14599159812488 ] ] ], [ [ [ -99.139971676857456, 20.783955351437516 ], [ -99.14086874447527, 20.7820296856049 ], [ -99.143113161236357, 20.783353791917314 ], [ -99.139971676857456, 20.783955351437516 ] ] ], [ [ [ -99.140871259548476, 20.784740849015019 ], [ -99.144907606879983, 20.785124097779953 ], [ -99.145919100201169, 20.787691157068345 ], [ -99.140871259548476, 20.784740849015019 ] ] ], [ [ [ -99.154395444464143, 20.78679905197512 ], [ -99.152630816458583, 20.787651067786214 ], [ -99.152176626240475, 20.785634921389466 ], [ -99.154395444464143, 20.78679905197512 ] ] ], [ [ [ -99.173129908213383, 20.738220364680899 ], [ -99.172284928795776, 20.739772339854362 ], [ -99.171905365804392, 20.737718983004406 ], [ -99.173129908213383, 20.738220364680899 ] ] ], [ [ [ -99.176994628492068, 20.756210549899222 ], [ -99.173477307740427, 20.757621570834647 ], [ -99.174750323362431, 20.754886881362616 ], [ -99.176994628492068, 20.756210549899222 ] ] ], [ [ [ -99.176835623659954, 20.750675517278058 ], [ -99.176010660292519, 20.751468832150508 ], [ -99.175686955582307, 20.750367308239795 ], [ -99.176835623659954, 20.750675517278058 ] ] ], [ [ [ -99.17985552660474, 20.742756909050964 ], [ -99.178353139552129, 20.744383401684193 ], [ -99.17661933835025, 20.742232832933087 ], [ -99.17985552660474, 20.742756909050964 ] ] ], [ [ [ -99.179820577616198, 20.809250779343003 ], [ -99.179521531102267, 20.80729776292587 ], [ -99.18161222045407, 20.807587737155142 ], [ -99.179820577616198, 20.809250779343003 ] ] ], [ [ [ -99.181284810996743, 20.740107998121879 ], [ -99.182264567561276, 20.737708317948137 ], [ -99.186443757662715, 20.739318397507326 ], [ -99.181284810996743, 20.740107998121879 ] ] ], [ [ [ -99.189308178600555, 20.804988564192037 ], [ -99.185042228824713, 20.805796823701684 ], [ -99.184229121854358, 20.804581617624592 ], [ -99.189308178600555, 20.804988564192037 ] ] ], [ [ [ -99.186288183741482, 20.769702783604558 ], [ -99.184184168654383, 20.767529148180017 ], [ -99.188405874284413, 20.768297675609578 ], [ -99.186288183741482, 20.769702783604558 ] ] ], [ [ [ -99.187224245303867, 20.749706131092978 ], [ -99.186043701618971, 20.747645240951947 ], [ -99.18826134124329, 20.748100480757373 ], [ -99.187224245303867, 20.749706131092978 ] ] ], [ [ [ -99.190158196846426, 20.750180146185752 ], [ -99.189812054685788, 20.748544846330059 ], [ -99.192860133031544, 20.748910191168751 ], [ -99.190158196846426, 20.750180146185752 ] ] ], [ [ [ -99.19306120045637, 20.717170920967433 ], [ -99.192595192533986, 20.715103913920316 ], [ -99.194326961715063, 20.715459399553552 ], [ -99.195478607339467, 20.718131822634689 ], [ -99.19306120045637, 20.717170920967433 ] ] ], [ [ [ -99.195839968375694, 20.762516167200303 ], [ -99.192699131500845, 20.763118688054448 ], [ -99.193595407755737, 20.76119274768164 ], [ -99.195839968375694, 20.762516167200303 ] ] ], [ [ [ -99.19658708630665, 20.720991717044551 ], [ -99.194486475932578, 20.721427874698477 ], [ -99.195698788921931, 20.719299070189823 ], [ -99.19658708630665, 20.720991717044551 ] ] ], [ [ [ -99.194486475932578, 20.721427874698477 ], [ -99.194165512121117, 20.722530094938548 ], [ -99.193338780516129, 20.721738555259158 ], [ -99.194486475932578, 20.721427874698477 ] ] ], [ [ [ -99.193657240943054, 20.747494414426189 ], [ -99.194517647686368, 20.74582841573968 ], [ -99.196719002841064, 20.74689384352709 ], [ -99.195801952505519, 20.748841723739453 ], [ -99.193657240943054, 20.747494414426189 ] ] ], [ [ [ -99.214379463171838, 20.702829148625916 ], [ -99.215172011744883, 20.699713819142886 ], [ -99.217440382106531, 20.700269512414355 ], [ -99.21596808620167, 20.703696858030057 ], [ -99.214379463171838, 20.702829148625916 ] ] ], [ [ [ -99.218531956129738, 21.070229906563657 ], [ -99.219531606523077, 21.068939438216642 ], [ -99.222658769171701, 21.070623163347936 ], [ -99.218531956129738, 21.070229906563657 ] ] ], [ [ [ -99.229165614391206, 20.777456879126472 ], [ -99.227523705819308, 20.774706976592974 ], [ -99.23172009226208, 20.775418649606955 ], [ -99.229165614391206, 20.777456879126472 ] ] ], [ [ [ -99.227523705819308, 20.774706976592974 ], [ -99.226374756117366, 20.774399109621264 ], [ -99.227199577689106, 20.773605556230756 ], [ -99.227523705819308, 20.774706976592974 ] ] ], [ [ [ -99.248131066932501, 21.101346744373931 ], [ -99.252888874020613, 21.101316577455947 ], [ -99.253405856770044, 21.103066830948123 ], [ -99.248131066932501, 21.101346744373931 ] ] ], [ [ [ -99.275677716574904, 21.113413448618608 ], [ -99.272556368445962, 21.119326287295902 ], [ -99.272992947999271, 21.114008985930703 ], [ -99.271462961067257, 21.112626660590571 ], [ -99.274421223912313, 21.111581373823508 ], [ -99.275677716574904, 21.113413448618608 ] ] ], [ [ [ -99.271462961067257, 21.112626660590571 ], [ -99.259512277476418, 21.107512129397112 ], [ -99.258580581802732, 21.104847079936391 ], [ -99.263938689084384, 21.10830543195199 ], [ -99.27102184752718, 21.110334545671058 ], [ -99.271462961067257, 21.112626660590571 ] ] ], [ [ [ -99.276195091916634, 21.118944781954834 ], [ -99.280915713491297, 21.118937022945843 ], [ -99.280919116394799, 21.120744377334066 ], [ -99.276198437638143, 21.120752137069093 ], [ -99.276195091916634, 21.118944781954834 ] ] ], [ [ [ -99.288258478520163, 21.119933335680383 ], [ -99.283322135653989, 21.118332502720996 ], [ -99.282798823724619, 21.116222850209173 ], [ -99.288340233099802, 21.118792399556138 ], [ -99.291384096135914, 21.117879211704615 ], [ -99.292605384917465, 21.119051824348659 ], [ -99.289891855079887, 21.122507006098445 ], [ -99.287641934438511, 21.12184044448966 ], [ -99.288258478520163, 21.119933335680383 ] ] ], [ [ [ -99.285009055207581, 21.129409206711298 ], [ -99.287625145099554, 21.13025752700808 ], [ -99.28413872111669, 21.13130335220043 ], [ -99.283765275875155, 21.127969071205349 ], [ -99.285359440572122, 21.128325597013959 ], [ -99.285009055207581, 21.129409206711298 ] ] ], [ [ [ -99.297087578059106, 21.141764434368262 ], [ -99.290392039412083, 21.136943241512686 ], [ -99.290992607287592, 21.135252892124328 ], [ -99.297436193495372, 21.140286439178759 ], [ -99.300782395579589, 21.13878384130625 ], [ -99.300334025536273, 21.140477073756358 ], [ -99.297087578059106, 21.141764434368262 ] ] ], [ [ [ -99.300204492230733, 21.134938337911162 ], [ -99.29888302713718, 21.133365140892543 ], [ -99.303922465167588, 21.133959278217265 ], [ -99.306862500918086, 21.136203681895477 ], [ -99.300204492230733, 21.134938337911162 ] ] ], [ [ [ -99.31023992134719, 21.145996186886322 ], [ -99.306893705284509, 21.146348566273392 ], [ -99.304143611010474, 21.140803470964784 ], [ -99.306283748400787, 21.14121551756228 ], [ -99.308148832839834, 21.145428176441616 ], [ -99.31023992134719, 21.145996186886322 ] ] ], [ [ [ -99.392057585862688, 20.975671120486535 ], [ -99.394775090042472, 20.975024947177072 ], [ -99.395293227800906, 20.980076704078858 ], [ -99.391378546845246, 20.9800900448909 ], [ -99.39342317290135, 20.977270883424527 ], [ -99.390449375475342, 20.976398606517446 ], [ -99.390497547905966, 20.973656435087811 ], [ -99.391978589474036, 20.972382328791916 ], [ -99.392057585862688, 20.975671120486535 ] ] ], [ [ [ -99.391970251248651, 20.972035178717743 ], [ -99.387220066421563, 20.972041063814242 ], [ -99.383457364146309, 20.968835419295928 ], [ -99.386997300991439, 20.963101867432322 ], [ -99.389583188162334, 20.961957486791068 ], [ -99.389466148521208, 20.960151727214384 ], [ -99.391374089731741, 20.961690286935472 ], [ -99.386196232982584, 20.968829952507377 ], [ -99.391933692100437, 20.970513064805189 ], [ -99.391970251248651, 20.972035178717743 ] ] ], [ [ [ -99.383726041932917, 20.951947936570392 ], [ -99.383803945282693, 20.950140379604321 ], [ -99.386218941358351, 20.948837555996118 ], [ -99.390839329697002, 20.949249507740998 ], [ -99.383726041932917, 20.951947936570392 ] ] ] ] } },
{ "type": "Feature", "properties": { "CUENCA": "Golfo Norte", "Prioridad": "Muy alta", "Tipo": "Matorral" }, "geometry": { "type": "MultiPolygon", "coordinates": [ [ [ [ -99.259744578856825, 20.708324561382092 ], [ -99.260607868649899, 20.706206641268924 ], [ -99.261961279567814, 20.707205999101433 ], [ -99.259744578856825, 20.708324561382092 ] ] ], [ [ [ -99.256622664616955, 20.722849251791843 ], [ -99.256217076129474, 20.717246813436873 ], [ -99.25819067053537, 20.718409813571171 ], [ -99.256622664616955, 20.722849251791843 ] ] ], [ [ [ -99.078920811830429, 20.761538397941372 ], [ -99.077741638723253, 20.759476759820412 ], [ -99.079959135934814, 20.759933396979108 ], [ -99.078920811830429, 20.761538397941372 ] ] ], [ [ [ -99.029517184371329, 20.8179766598256 ], [ -99.029717911666893, 20.822752373440117 ], [ -99.02824152322934, 20.822157957513742 ], [ -99.027327393452623, 20.824502293018547 ], [ -99.026430221636829, 20.819048730910019 ], [ -99.020851844197509, 20.817676544818514 ], [ -99.023261271130593, 20.816437922513881 ], [ -99.029517184371329, 20.8179766598256 ] ] ], [ [ [ -99.065168143902255, 20.832198017745771 ], [ -99.057336469172284, 20.822160899876472 ], [ -99.056100003938639, 20.8182271721676 ], [ -99.059296818224198, 20.818785350567161 ], [ -99.065168143902255, 20.832198017745771 ] ] ], [ [ [ -99.031853066704372, 20.830234314080609 ], [ -99.029718797915635, 20.82727097003065 ], [ -99.032930768520885, 20.828060860900333 ], [ -99.031853066704372, 20.830234314080609 ] ] ], [ [ [ -99.037264845301991, 20.832692083234821 ], [ -99.040489215655015, 20.838840926111793 ], [ -99.039145356947714, 20.840824850427566 ], [ -99.03372845602955, 20.830499599533507 ], [ -99.037264845301991, 20.832692083234821 ] ] ], [ [ [ -99.039145356947714, 20.840824850427566 ], [ -99.038811191776972, 20.843371209821306 ], [ -99.036001455458035, 20.840204123416633 ], [ -99.036812538395282, 20.839073145686346 ], [ -99.039145356947714, 20.840824850427566 ] ] ], [ [ [ -99.076849197817111, 20.857078977769895 ], [ -99.078185634273083, 20.85799653934173 ], [ -99.07346193340031, 20.861072608705385 ], [ -99.073477409778846, 20.85870856889947 ], [ -99.076849197817111, 20.857078977769895 ] ] ], [ [ [ -99.026272165010781, 20.862038941988516 ], [ -99.025282407125445, 20.863723960126855 ], [ -99.023313538673577, 20.863073701418905 ], [ -99.024070424010333, 20.861613112409461 ], [ -99.026272165010781, 20.862038941988516 ] ] ], [ [ [ -99.073081855570422, 20.862502918180315 ], [ -99.07434130926174, 20.863113144478529 ], [ -99.073703853643366, 20.86583752632805 ], [ -99.070882360910304, 20.867160147448402 ], [ -99.073081855570422, 20.862502918180315 ] ] ], [ [ [ -99.025546542037546, 20.864217257071061 ], [ -99.026273101737033, 20.867430012826635 ], [ -99.023765941294855, 20.868242751818098 ], [ -99.023128734317893, 20.867035533139546 ], [ -99.025546542037546, 20.864217257071061 ] ] ], [ [ [ -99.034866394713731, 20.87096225344035 ], [ -99.034439372986796, 20.867033630763796 ], [ -99.03678649834842, 20.867763328842656 ], [ -99.034866394713731, 20.87096225344035 ] ] ], [ [ [ -99.028190573263871, 20.873754440766476 ], [ -99.026341627344564, 20.872100371319554 ], [ -99.026899268297456, 20.868842411521289 ], [ -99.029195104840639, 20.869454955202297 ], [ -99.028190573263871, 20.873754440766476 ] ] ], [ [ [ -99.021573437337281, 20.876283916252937 ], [ -99.022177728027771, 20.879213407013218 ], [ -99.020302774235446, 20.879687890653663 ], [ -99.015621366579012, 20.877412219443482 ], [ -99.021573437337281, 20.876283916252937 ] ] ], [ [ [ -99.021656725604501, 20.884578168599688 ], [ -99.018418391159983, 20.886917809274035 ], [ -99.020102007548005, 20.882909103583852 ], [ -99.021656725604501, 20.884578168599688 ] ] ], [ [ [ -99.064862436466896, 20.887301708828971 ], [ -99.065607942018261, 20.889033613539926 ], [ -99.061781536392346, 20.886907640726278 ], [ -99.064862436466896, 20.887301708828971 ] ] ], [ [ [ -99.068380504112611, 20.893512751065821 ], [ -99.067439211365638, 20.890520351729915 ], [ -99.071647965262727, 20.893993330439528 ], [ -99.068380504112611, 20.893512751065821 ] ] ], [ [ [ -99.055184450706463, 20.891428458708443 ], [ -99.059141254466027, 20.891774908641672 ], [ -99.061159086735856, 20.895662685378596 ], [ -99.055184450706463, 20.891428458708443 ] ] ], [ [ [ -99.061783754840974, 20.892329913671873 ], [ -99.063990216367273, 20.892812673255076 ], [ -99.064964132720306, 20.895527688066302 ], [ -99.062942398185143, 20.895757627313717 ], [ -99.061783754840974, 20.892329913671873 ] ] ], [ [ [ -99.0520671726552, 20.893836982026759 ], [ -99.055186102353915, 20.895947017580227 ], [ -99.051098347308354, 20.895589042959099 ], [ -99.0520671726552, 20.893836982026759 ] ] ], [ [ [ -98.971323972323844, 20.678156210638893 ], [ -98.974532269271933, 20.680283501788743 ], [ -98.972284868333162, 20.681753378417334 ], [ -98.971323972323844, 20.678156210638893 ] ] ], [ [ [ -98.966616468499382, 20.680866566511842 ], [ -98.968883663656641, 20.681425536418502 ], [ -98.965324132012455, 20.683818506857001 ], [ -98.966616468499382, 20.680866566511842 ] ] ], [ [ [ -98.971412852389378, 20.775135231847891 ], [ -98.9723735471986, 20.777646387702738 ], [ -98.971412283068432, 20.778160723949288 ], [ -98.971412852389378, 20.775135231847891 ] ] ], [ [ [ -98.971312992065151, 20.784358559057051 ], [ -98.967573769144309, 20.789683318764062 ], [ -98.969419980737143, 20.783892194390525 ], [ -98.971312992065151, 20.784358559057051 ] ] ], [ [ [ -98.970276079548441, 20.803160323835812 ], [ -98.966437460635092, 20.800617016105058 ], [ -98.965649177528945, 20.795639880024375 ], [ -98.968859269285133, 20.800693702849241 ], [ -98.971685501011549, 20.80170867266909 ], [ -98.970276079548441, 20.803160323835812 ] ] ], [ [ [ -98.992448811760255, 20.804669726216588 ], [ -98.992027899886352, 20.801969187884627 ], [ -98.996164222642946, 20.802398355449014 ], [ -98.992448811760255, 20.804669726216588 ] ] ], [ [ [ -98.99014325139801, 20.807391418849225 ], [ -98.981309063955962, 20.80336856131688 ], [ -98.98078496286243, 20.801124753696612 ], [ -98.984858684734206, 20.803669856817692 ], [ -98.986349050463971, 20.801599707110611 ], [ -98.99034430854978, 20.803523972685682 ], [ -98.99014325139801, 20.807391418849225 ] ] ], [ [ [ -98.973842848961965, 20.806957236501074 ], [ -98.970526067165324, 20.806932179893014 ], [ -98.974395251370055, 20.805544233565655 ], [ -98.97412708056568, 20.801967422299114 ], [ -98.978280345147994, 20.802990421801564 ], [ -98.973842848961965, 20.806957236501074 ] ] ], [ [ [ -99.011255886508167, 20.804655236558567 ], [ -99.010246420793067, 20.807760518696107 ], [ -99.009928839347438, 20.803776529149154 ], [ -99.011255886508167, 20.804655236558567 ] ] ], [ [ [ -98.982605586394271, 20.809198262271575 ], [ -98.983830085054052, 20.809700988568736 ], [ -98.982982774516671, 20.811252025669962 ], [ -98.982605586394271, 20.809198262271575 ] ] ], [ [ [ -98.981663065604465, 20.811909327065454 ], [ -98.982811808817431, 20.812218830726913 ], [ -98.981985496640434, 20.813011211331705 ], [ -98.981663065604465, 20.811909327065454 ] ] ], [ [ [ -98.993320290931365, 20.811475525876414 ], [ -98.998133789794366, 20.8128868824734 ], [ -98.993344885549362, 20.813208393540354 ], [ -98.993495608900346, 20.82138203648049 ], [ -98.991249665015161, 20.819459436350119 ], [ -98.992027092178546, 20.817332444637103 ], [ -98.989653509779373, 20.817766968016251 ], [ -98.987759177080406, 20.821398932530464 ], [ -98.989653027430606, 20.82483202238927 ], [ -98.988032102118183, 20.82680405963913 ], [ -98.983056504269726, 20.816863936873677 ], [ -98.985054512977101, 20.815088673504384 ], [ -98.98591194014621, 20.810509193064714 ], [ -98.987093815640208, 20.814090687329568 ], [ -98.99049372428891, 20.810571672137215 ], [ -98.990558771523482, 20.813245605231728 ], [ -98.993320290931365, 20.811475525876414 ] ], [ [ -98.99317592649264, 20.817023108790035 ], [ -98.992349722249344, 20.816230608856657 ], [ -98.992027092178546, 20.817332444637103 ], [ -98.99317592649264, 20.817023108790035 ] ] ], [ [ [ -98.973734874708654, 20.822045361702138 ], [ -98.975066107972779, 20.820945696759921 ], [ -98.975065810593037, 20.822753135954056 ], [ -98.976950228401051, 20.823657119614236 ], [ -98.97576250108672, 20.824978942550189 ], [ -98.973734874708654, 20.822045361702138 ] ] ], [ [ [ -98.97656471891645, 20.827771515510996 ], [ -98.978834416227642, 20.826368520062285 ], [ -98.979622855883221, 20.829448893951781 ], [ -98.97656471891645, 20.827771515510996 ] ] ], [ [ [ -98.973418032965668, 20.833568061619815 ], [ -98.971564314924009, 20.83219536235611 ], [ -98.972238812664855, 20.823656421383159 ], [ -98.976034664116625, 20.827085875688418 ], [ -98.973418032965668, 20.833568061619815 ] ] ], [ [ [ -98.985430429936358, 20.827272927216306 ], [ -98.987691236611823, 20.8287148958992 ], [ -98.981284443832621, 20.83092110202487 ], [ -98.985430429936358, 20.827272927216306 ] ] ], [ [ [ -99.00366795554757, 20.830568407047345 ], [ -99.006494969947937, 20.831406017603914 ], [ -99.001284832198223, 20.831921814102685 ], [ -99.003334277895377, 20.829080952036723 ], [ -99.00366795554757, 20.830568407047345 ] ] ], [ [ [ -98.97810885227328, 20.832159201453536 ], [ -98.976006943833227, 20.829983023433691 ], [ -98.980229349040584, 20.830756666135589 ], [ -98.97810885227328, 20.832159201453536 ] ] ], [ [ [ -98.981782523742538, 20.837143430855615 ], [ -98.979775147194985, 20.838116975187933 ], [ -98.976631662624783, 20.836734025244215 ], [ -98.979420954078492, 20.83429179603683 ], [ -98.981782523742538, 20.837143430855615 ] ] ], [ [ [ -98.969822271199902, 20.867436319157765 ], [ -98.963328325243467, 20.868664530441716 ], [ -98.964260870800871, 20.865289311531026 ], [ -98.968832008167226, 20.865835335135955 ], [ -98.972855764445058, 20.863018199166479 ], [ -98.972733643220138, 20.865201789941995 ], [ -98.969822271199902, 20.867436319157765 ] ] ], [ [ [ -98.97693068527532, 20.863969561949467 ], [ -98.975396581308416, 20.868283561060764 ], [ -98.973756632249518, 20.867056815836026 ], [ -98.97693068527532, 20.863969561949467 ] ] ], [ [ [ -99.006479392890384, 20.866559412026227 ], [ -99.005489384796462, 20.868244314055357 ], [ -99.003520543420578, 20.867593827977196 ], [ -99.004277642600286, 20.866133327161158 ], [ -99.006479392890384, 20.866559412026227 ] ] ], [ [ [ -98.97505747105815, 20.87336127959302 ], [ -98.971844840963641, 20.872570307364153 ], [ -98.972923706270322, 20.870397242651816 ], [ -98.97505747105815, 20.87336127959302 ] ] ], [ [ [ -99.009934941972261, 20.896754646319042 ], [ -99.009934829912083, 20.895051924457686 ], [ -99.012763014088719, 20.895051736701518 ], [ -99.012763166902104, 20.896859160387979 ], [ -99.009934941972261, 20.896754646319042 ] ] ], [ [ [ -98.834171113585938, 20.410570061637287 ], [ -98.835502204246367, 20.411489535083561 ], [ -98.832173569172184, 20.413656730101653 ], [ -98.834171113585938, 20.410570061637287 ] ] ], [ [ [ -98.828720445712321, 20.413889238184765 ], [ -98.830002482393226, 20.413614247033433 ], [ -98.832284779534916, 20.416894571594174 ], [ -98.829242679648146, 20.416140654315033 ], [ -98.828720445712321, 20.413889238184765 ] ] ], [ [ [ -98.834510777745919, 20.427962447649723 ], [ -98.831933392138794, 20.429891386816564 ], [ -98.829814150564872, 20.425585225813769 ], [ -98.829104196182499, 20.41958643001897 ], [ -98.83322358582042, 20.417799232304539 ], [ -98.834515535469407, 20.423513053427808 ], [ -98.831741248594668, 20.421635802675393 ], [ -98.830689790674498, 20.424592849435491 ], [ -98.834510777745919, 20.427962447649723 ] ] ], [ [ [ -98.82689657340552, 20.427008372329741 ], [ -98.826640027086825, 20.422311598469193 ], [ -98.828758407689278, 20.422610570055014 ], [ -98.82689657340552, 20.427008372329741 ] ] ], [ [ [ -98.836677469247434, 20.437577177804215 ], [ -98.833367800235365, 20.436860478727702 ], [ -98.829447512862572, 20.43315946398139 ], [ -98.833314725180472, 20.434900448397435 ], [ -98.836681058174378, 20.434178161985017 ], [ -98.836677469247434, 20.437577177804215 ] ] ], [ [ [ -98.839296768351204, 20.439214365511415 ], [ -98.837903583002728, 20.43587881390453 ], [ -98.841132212369033, 20.436409240328281 ], [ -98.839296768351204, 20.439214365511415 ] ] ], [ [ [ -98.824619882040864, 20.44081707327436 ], [ -98.826008445850576, 20.44406623053866 ], [ -98.824206042190582, 20.443325594194455 ], [ -98.824619882040864, 20.44081707327436 ] ] ], [ [ [ -98.958508456210893, 20.67133377911944 ], [ -98.955875539231656, 20.667525069951697 ], [ -98.95908866616125, 20.668212654684798 ], [ -98.958508456210893, 20.67133377911944 ] ] ], [ [ [ -98.962661366847016, 20.682776537553085 ], [ -98.961909698618797, 20.679961856868996 ], [ -98.965117903003062, 20.682089323551654 ], [ -98.962661366847016, 20.682776537553085 ] ] ], [ [ [ -98.951929780260841, 20.708853882552344 ], [ -98.947778903316149, 20.708877605814234 ], [ -98.948190772836242, 20.706374486283 ], [ -98.951929780260841, 20.708853882552344 ] ] ], [ [ [ -98.952246306029508, 20.742444259166032 ], [ -98.952369201098278, 20.738956854657165 ], [ -98.949765125938868, 20.73752407103585 ], [ -98.949653983887842, 20.733278875042064 ], [ -98.952134032448882, 20.733890416150487 ], [ -98.956914164145104, 20.744663111210809 ], [ -98.955569217603184, 20.748109278099403 ], [ -98.952246306029508, 20.742444259166032 ] ] ], [ [ [ -98.963682760590615, 20.74813572937305 ], [ -98.959455095893091, 20.742811153682197 ], [ -98.960954190033249, 20.735089268366231 ], [ -98.964187159095445, 20.745541038597189 ], [ -98.966070445056104, 20.74693650529084 ], [ -98.963682760590615, 20.74813572937305 ] ] ], [ [ [ -98.965579344495694, 20.768064110915258 ], [ -98.96754015639965, 20.764009907774248 ], [ -98.966988846261714, 20.768064385372075 ], [ -98.965579344495694, 20.768064110915258 ] ] ], [ [ [ -98.965103224975479, 20.78626855441097 ], [ -98.964718452652903, 20.784801749573312 ], [ -98.966173783990811, 20.784109743552538 ], [ -98.965103224975479, 20.78626855441097 ] ] ], [ [ [ -98.962823736268604, 20.79202440126361 ], [ -98.962500944424235, 20.793126184459869 ], [ -98.961675029667759, 20.792333534882982 ], [ -98.962823736268604, 20.79202440126361 ] ] ], [ [ [ -98.968398157409325, 20.7951221915209 ], [ -98.965258793688577, 20.793398476948592 ], [ -98.966592480632684, 20.790217730572852 ], [ -98.968398157409325, 20.7951221915209 ] ] ], [ [ [ -98.959054658475608, 20.794734711490577 ], [ -98.961019423223405, 20.796086229332118 ], [ -98.954527258716027, 20.797315169806495 ], [ -98.952670443739123, 20.796037796642885 ], [ -98.959054658475608, 20.794734711490577 ] ] ], [ [ [ -98.94480986627984, 20.839340694352163 ], [ -98.942080921000581, 20.836300943556132 ], [ -98.946286089238001, 20.837516573774405 ], [ -98.94480986627984, 20.839340694352163 ] ] ], [ [ [ -98.955272914976661, 20.839919766075376 ], [ -98.956793308266072, 20.840304831727057 ], [ -98.958003432359263, 20.843458767278122 ], [ -98.964298278497807, 20.84280314583852 ], [ -98.964359079905336, 20.84572148542555 ], [ -98.95822187774904, 20.844557137171574 ], [ -98.95965683380048, 20.846725762058465 ], [ -98.958521548953129, 20.847527605927404 ], [ -98.955801387860092, 20.843886243269615 ], [ -98.951456516879603, 20.844172663365342 ], [ -98.950167024277306, 20.841567376835975 ], [ -98.953921143011073, 20.842279862552154 ], [ -98.955272914976661, 20.839919766075376 ] ] ], [ [ [ -98.950504700174903, 20.852884232888194 ], [ -98.951266651438502, 20.851113036532908 ], [ -98.948339036307075, 20.850244701427382 ], [ -98.949065613038258, 20.84918968253946 ], [ -98.95146317480112, 20.850138167027673 ], [ -98.952587291586966, 20.847525128009163 ], [ -98.951501641052246, 20.845341043474804 ], [ -98.953720014353692, 20.845799307449685 ], [ -98.952983690975884, 20.851905261674172 ], [ -98.950504700174903, 20.852884232888194 ] ] ] ] } },
{ "type": "Feature", "properties": { "CUENCA": "Golfo Norte", "Prioridad": "Muy alta", "Tipo": "Selva" }, "geometry": { "type": "MultiPolygon", "coordinates": [ [ [ [ -98.489366804881328, 21.011173506377506 ], [ -98.488536770372036, 21.011963465129334 ], [ -98.488217608072432, 21.010860713039126 ], [ -98.489366804881328, 21.011173506377506 ] ] ], [ [ [ -98.488217608072432, 21.010860713039126 ], [ -98.485998371805451, 21.010396424893909 ], [ -98.487044696045785, 21.008795126507447 ], [ -98.488217608072432, 21.010860713039126 ] ] ], [ [ [ -98.487635966090451, 21.0250059459112 ], [ -98.488431424954868, 21.027418810355602 ], [ -98.487215493128559, 21.028027459612563 ], [ -98.487635966090451, 21.0250059459112 ] ] ], [ [ [ -98.487215493128559, 21.028027459612563 ], [ -98.486888768041879, 21.029128264297764 ], [ -98.486064051867942, 21.02833332433109 ], [ -98.487215493128559, 21.028027459612563 ] ] ], [ [ [ -98.499271704921341, 21.021852594324098 ], [ -98.495326892662519, 21.018917293943272 ], [ -98.502019601441788, 21.020885120046749 ], [ -98.501404424888307, 21.017225576090041 ], [ -98.503426258469261, 21.017771244491545 ], [ -98.503944567031013, 21.021205214958659 ], [ -98.499271704921341, 21.021852594324098 ] ] ], [ [ [ -98.495749755905891, 21.015401564876864 ], [ -98.498904242232229, 21.015803676325117 ], [ -98.496385142947446, 21.016565965514843 ], [ -98.495749755905891, 21.015401564876864 ] ] ], [ [ [ -98.506354851565192, 20.906399746486517 ], [ -98.505546693030738, 20.905181372098205 ], [ -98.510627056946589, 20.905608458758394 ], [ -98.506354851565192, 20.906399746486517 ] ] ], [ [ [ -98.512140144683983, 20.907007697069989 ], [ -98.518177171636466, 20.908483554891461 ], [ -98.512520568587263, 20.908447046649513 ], [ -98.512140144683983, 20.907007697069989 ] ] ], [ [ [ -98.533380317547056, 20.97705877997738 ], [ -98.530792367857572, 20.98062745518703 ], [ -98.529014733712344, 20.978705042704917 ], [ -98.531721990386615, 20.97664618461117 ], [ -98.533380317547056, 20.97705877997738 ] ] ], [ [ [ -98.755046409182413, 21.025377783868347 ], [ -98.765965791143273, 21.025870487272385 ], [ -98.766289119597289, 21.022087077650365 ], [ -98.759753331436784, 21.016581904795846 ], [ -98.76309195956668, 21.015776298050088 ], [ -98.756685703372284, 21.010631613997351 ], [ -98.75550484077803, 21.004375988857198 ], [ -98.745286157294075, 21.003574354900042 ], [ -98.739631039709863, 21.008359581589325 ], [ -98.739885378335345, 21.00274970839471 ], [ -98.738192948120002, 21.001451754376156 ], [ -98.746112215256332, 20.995988737951041 ], [ -98.756180874726212, 20.994285405571848 ], [ -98.756734531477989, 20.998482335135066 ], [ -98.765090546419117, 20.999685546375826 ], [ -98.761749369783644, 21.005254505817682 ], [ -98.763433733698648, 21.009568294694422 ], [ -98.762982011486059, 21.01375058694989 ], [ -98.774360171182167, 21.014657808189654 ], [ -98.775439286164897, 21.01867709934438 ], [ -98.772089356033263, 21.0213346901294 ], [ -98.76950440051732, 21.027681905021257 ], [ -98.761879311428217, 21.030405310822612 ], [ -98.758479753809397, 21.036380354892046 ], [ -98.753377462160486, 21.029086620558761 ], [ -98.752854582440989, 21.02553133795098 ], [ -98.751708936777604, 21.025570998963794 ], [ -98.750483661017441, 21.017045378639033 ], [ -98.755046409182413, 21.025377783868347 ] ] ], [ [ [ -98.750035718764281, 21.013928304442366 ], [ -98.749914659983375, 21.013085876792449 ], [ -98.743446213857084, 21.011924713135254 ], [ -98.749276899024537, 21.010088290900804 ], [ -98.752502268592607, 21.006513593580895 ], [ -98.753268229024513, 21.009941201620602 ], [ -98.75015793661666, 21.012499950218679 ], [ -98.750035718764281, 21.013928304442366 ] ] ], [ [ [ -98.749922757615622, 20.953038720151373 ], [ -98.752048431652696, 20.954052045071819 ], [ -98.753187171745395, 20.951809454298996 ], [ -98.758137351818945, 20.950907173570194 ], [ -98.761913136401759, 20.951824432019546 ], [ -98.761134462974894, 20.948843818578197 ], [ -98.759081108676654, 20.947781282633269 ], [ -98.763340920980653, 20.948192737873441 ], [ -98.763166950299834, 20.945754858884474 ], [ -98.768569075161764, 20.947074202329087 ], [ -98.764199541481233, 20.95261175559482 ], [ -98.764081039104852, 20.955168346894148 ], [ -98.760552418478909, 20.956152856020228 ], [ -98.762456304376514, 20.959613035905786 ], [ -98.76155209427769, 20.963933320760578 ], [ -98.758643214839665, 20.961229999074444 ], [ -98.751693171438603, 20.959841175103538 ], [ -98.749010284702294, 20.954497469533013 ], [ -98.749922757615622, 20.953038720151373 ] ] ], [ [ [ -98.765649525149627, 20.971706274025937 ], [ -98.767668585066673, 20.968412246132722 ], [ -98.776400056778698, 20.968732893297052 ], [ -98.777337945741252, 20.971034589837366 ], [ -98.773462323172353, 20.972092154645004 ], [ -98.774439008962872, 20.975928266879542 ], [ -98.771778938783612, 20.972628798004674 ], [ -98.769734565527443, 20.974726523091785 ], [ -98.770433153921886, 20.978605475674904 ], [ -98.767512487250315, 20.977632835224732 ], [ -98.765212486911238, 20.983855617008249 ], [ -98.760456324926196, 20.980200313985083 ], [ -98.755217189861312, 20.982600179205363 ], [ -98.753395948466718, 20.986262735597023 ], [ -98.750289494847905, 20.979110847969086 ], [ -98.751321629355161, 20.976038958122491 ], [ -98.753544035678573, 20.972502533061384 ], [ -98.760277573437136, 20.969977425242163 ], [ -98.765649525149627, 20.971706274025937 ] ], [ [ -98.7717511689182, 20.970057308588732 ], [ -98.769776122601741, 20.970264400881639 ], [ -98.773364262672246, 20.971740262861317 ], [ -98.7717511689182, 20.970057308588732 ] ] ], [ [ [ -98.754124110824478, 20.965457140274829 ], [ -98.752592066998332, 20.967513871685327 ], [ -98.75275622339413, 20.965523770490009 ], [ -98.754124110824478, 20.965457140274829 ] ] ], [ [ [ -98.758114102947005, 20.965369859806351 ], [ -98.759263543882653, 20.965680836798224 ], [ -98.758435162626029, 20.966472138076149 ], [ -98.758114102947005, 20.965369859806351 ] ] ], [ [ [ -98.762990815378316, 21.077779154547471 ], [ -98.761781938220835, 21.075685066152332 ], [ -98.762658358073409, 21.073819405310669 ], [ -98.764275864405064, 21.074186548174403 ], [ -98.762990815378316, 21.077779154547471 ] ] ], [ [ [ -98.762498024935681, 20.969501712483417 ], [ -98.765015043004837, 20.968735452510721 ], [ -98.765652342018072, 20.969898881327133 ], [ -98.762498024935681, 20.969501712483417 ] ] ], [ [ [ -98.777707418730841, 21.109083534946958 ], [ -98.771576137897839, 21.113016811909073 ], [ -98.770152109079163, 21.110880827879143 ], [ -98.772761668260927, 21.110670862830755 ], [ -98.773338278898805, 21.108895678769485 ], [ -98.774522667156091, 21.110165085003704 ], [ -98.775099253936276, 21.108389894640176 ], [ -98.777348029606927, 21.107965895518941 ], [ -98.777707418730841, 21.109083534946958 ] ] ], [ [ [ -98.770152109079163, 21.110880827879143 ], [ -98.768245953478598, 21.111784509003005 ], [ -98.765415977301899, 21.110409205915516 ], [ -98.767808324046115, 21.109294946471707 ], [ -98.770152109079163, 21.110880827879143 ] ] ], [ [ [ -98.7750680066939, 20.9807559455218 ], [ -98.77617509639073, 20.977522326180964 ], [ -98.779981471960085, 20.978682377789376 ], [ -98.782991765131783, 20.984815156711953 ], [ -98.784017097997747, 20.976518973928865 ], [ -98.78029051940382, 20.969382330376021 ], [ -98.788952269905366, 20.968134932791205 ], [ -98.786886667864707, 20.973735427991059 ], [ -98.791701230730496, 20.975202417581201 ], [ -98.791520589381392, 20.979426921984519 ], [ -98.794732203543902, 20.980405397633788 ], [ -98.793411282974674, 20.984000999436301 ], [ -98.797218058076723, 20.988500069977967 ], [ -98.801007177208049, 20.985723670947564 ], [ -98.803844165851473, 20.989359404389763 ], [ -98.80195675356768, 21.002963534146286 ], [ -98.795304631777213, 21.004873399480818 ], [ -98.785494524659953, 21.012437351265717 ], [ -98.785956758985535, 21.018043084564884 ], [ -98.798234257277798, 21.019257783193485 ], [ -98.798032159374131, 21.021628803462463 ], [ -98.791326640776973, 21.02279197154035 ], [ -98.785282259513508, 21.026362267748127 ], [ -98.783809834342691, 21.020115269957959 ], [ -98.781996590966713, 21.018093847361463 ], [ -98.778289345525749, 21.018374356861145 ], [ -98.777415110536779, 21.011902927520431 ], [ -98.774590495089072, 21.008075606268832 ], [ -98.775913543227261, 21.005661993846655 ], [ -98.781772213652687, 21.004646163982652 ], [ -98.782531936137772, 20.995744594753891 ], [ -98.77926051433262, 20.99548853690472 ], [ -98.776682889448438, 20.998346540169749 ], [ -98.774708160824787, 20.996971240563489 ], [ -98.771279846347355, 20.990691569559864 ], [ -98.772007812162926, 20.988885152449058 ], [ -98.770488802695638, 20.985082913588741 ], [ -98.771192581812457, 20.979726317076885 ], [ -98.7750680066939, 20.9807559455218 ] ], [ [ -98.784734694647838, 20.988709268549382 ], [ -98.785305654501428, 20.991497169984022 ], [ -98.792579378461625, 20.992903539687525 ], [ -98.795196601937874, 20.996521495643144 ], [ -98.796651691010027, 20.991265838588323 ], [ -98.793371793775179, 20.989438803764429 ], [ -98.7925881130721, 20.986577667318041 ], [ -98.784734694647838, 20.988709268549382 ] ], [ [ -98.799886660834318, 21.00054398038554 ], [ -98.802011719766739, 20.996771140525951 ], [ -98.798827340140519, 20.995343420168869 ], [ -98.799886660834318, 21.00054398038554 ] ] ], [ [ [ -98.771301853496425, 20.976232443654421 ], [ -98.772526990945096, 20.976736704274121 ], [ -98.771676508745898, 20.978286619370358 ], [ -98.771301853496425, 20.976232443654421 ] ] ], [ [ [ -98.77799496606336, 21.105971787509393 ], [ -98.77714379346051, 21.107521700346723 ], [ -98.776768756941621, 21.105467564274761 ], [ -98.77799496606336, 21.105971787509393 ] ] ], [ [ [ -98.776768756941621, 21.105467564274761 ], [ -98.774676658163443, 21.105184767550149 ], [ -98.77605244231512, 21.103919892716707 ], [ -98.772995333309694, 21.103655185634132 ], [ -98.772209727257774, 21.100573970807595 ], [ -98.775356389329019, 21.103008364826941 ], [ -98.77677416058394, 21.101852832509863 ], [ -98.776768756941621, 21.105467564274761 ] ] ], [ [ [ -98.774217415132057, 21.106870484223993 ], [ -98.773366197325856, 21.108420376631802 ], [ -98.772991211696734, 21.106366232868563 ], [ -98.774217415132057, 21.106870484223993 ] ] ], [ [ [ -98.773844187745595, 20.979348006663898 ], [ -98.774694653821371, 20.977798081696154 ], [ -98.775069359197616, 20.979852250032508 ], [ -98.773844187745595, 20.979348006663898 ] ] ], [ [ [ -98.783770349838022, 21.094269729196984 ], [ -98.77902035565522, 21.096794579037784 ], [ -98.777436492707707, 21.095545114647972 ], [ -98.781506159739791, 21.093725824730786 ], [ -98.783770349838022, 21.094269729196984 ] ] ], [ [ [ -98.787173838358711, 21.091021970364455 ], [ -98.786849165015084, 21.092123372090747 ], [ -98.786022491895935, 21.091329868921036 ], [ -98.787173838358711, 21.091021970364455 ] ] ], [ [ [ -98.787173838358711, 21.091021970364455 ], [ -98.786233763502679, 21.088309729038894 ], [ -98.789471019489895, 21.089236437629864 ], [ -98.790410484515164, 21.086842449673565 ], [ -98.792851154128925, 21.087369407080519 ], [ -98.790996822257497, 21.090087819044054 ], [ -98.787173838358711, 21.091021970364455 ] ] ], [ [ [ -98.786905129255871, 21.070647680814211 ], [ -98.791922531006975, 21.07024304017909 ], [ -98.791920016799452, 21.072050414790041 ], [ -98.786905129255871, 21.070647680814211 ] ] ], [ [ [ -98.799880167844677, 21.072651899793286 ], [ -98.800680921913155, 21.075063359279337 ], [ -98.799465835738658, 21.075674250605129 ], [ -98.799880167844677, 21.072651899793286 ] ] ], [ [ [ -98.799465835738658, 21.075674250605129 ], [ -98.790386548748046, 21.081479092522915 ], [ -98.788414001597872, 21.080633932935449 ], [ -98.792416442527781, 21.077800674778779 ], [ -98.799465835738658, 21.075674250605129 ] ] ], [ [ [ -98.790961023980273, 21.082893495259139 ], [ -98.792111435044006, 21.083204254622252 ], [ -98.791282569715506, 21.083995701626922 ], [ -98.790961023980273, 21.082893495259139 ] ] ], [ [ [ -98.805894640053168, 21.069518087505173 ], [ -98.803254335952133, 21.065738101132485 ], [ -98.806745516610576, 21.063426679169115 ], [ -98.806523528555346, 21.06074028651976 ], [ -98.809793564390418, 21.059347516965047 ], [ -98.811322187703453, 21.056077836458119 ], [ -98.813890169513428, 21.058938791288437 ], [ -98.820619957495239, 21.056327538466721 ], [ -98.826328187733864, 21.047622221754601 ], [ -98.832259433355205, 21.04633811086325 ], [ -98.836815125378195, 21.041284918548161 ], [ -98.840674811464112, 21.043352090045332 ], [ -98.844499583105843, 21.040760435031974 ], [ -98.848582096638552, 21.040481165050032 ], [ -98.848263570261366, 21.041984684549639 ], [ -98.845462474214429, 21.042756070078145 ], [ -98.848887764633176, 21.043496104306897 ], [ -98.850469370722834, 21.040482835676208 ], [ -98.850748561246718, 21.043519314606481 ], [ -98.846351616918199, 21.044687594837931 ], [ -98.850191031834711, 21.047202132078553 ], [ -98.849914985687832, 21.045401119833627 ], [ -98.852147268841861, 21.044528477650434 ], [ -98.85458729120873, 21.038834258691473 ], [ -98.852532994173188, 21.032063326939038 ], [ -98.848539339593344, 21.029105294390131 ], [ -98.843474833190854, 21.01937693338667 ], [ -98.844832805594379, 21.0160780084592 ], [ -98.849823890293138, 21.016636320877573 ], [ -98.859443247974795, 21.011378339890477 ], [ -98.855669151461427, 21.010230307830486 ], [ -98.855859110121727, 21.005743198913965 ], [ -98.853378569533561, 21.00353762650035 ], [ -98.855752805431663, 21.000239036779657 ], [ -98.855796950373943, 20.993963650016827 ], [ -98.852232090887441, 20.992348204206699 ], [ -98.858298462685312, 20.98088540492823 ], [ -98.864243366550454, 20.988371888023881 ], [ -98.87389168140551, 20.989590219198927 ], [ -98.876994046165052, 20.993621912173037 ], [ -98.876796428320546, 20.996378370664104 ], [ -98.890521181837528, 20.992849854286732 ], [ -98.893683043328281, 20.995559865335338 ], [ -98.896660673839833, 20.996662421179547 ], [ -98.900317631904173, 20.995398144306776 ], [ -98.901672782466377, 20.997195772796285 ], [ -98.905330366246304, 20.992497783624859 ], [ -98.908242434485402, 20.993353617091969 ], [ -98.908834250454206, 20.994830946579714 ], [ -98.904688977823355, 20.996054690931427 ], [ -98.90467346773346, 20.999353981771282 ], [ -98.909704298756637, 21.007480699407342 ], [ -98.907512936154447, 21.009354047519846 ], [ -98.909494654638948, 21.010226572290481 ], [ -98.909332784768296, 21.012803412895405 ], [ -98.91468162773532, 21.020825232975707 ], [ -98.923589323385002, 21.012039531493674 ], [ -98.932782935878564, 21.007885663914362 ], [ -98.93484352508311, 21.012093649316675 ], [ -98.942260733193024, 21.013416614544067 ], [ -98.940449003081241, 21.017088553757862 ], [ -98.933379541807724, 21.021959785484135 ], [ -98.932108073843793, 21.01631933146394 ], [ -98.929158901747812, 21.014055214077995 ], [ -98.914631437489888, 21.027354951723755 ], [ -98.911373354244176, 21.025565471730054 ], [ -98.908666605304177, 21.025828270924144 ], [ -98.908039064978823, 21.027871979652506 ], [ -98.90166969096758, 21.03173494053825 ], [ -98.898601636661752, 21.030577704414295 ], [ -98.898954594371418, 21.020951008805479 ], [ -98.89077504384862, 21.014192158321045 ], [ -98.884577180801486, 21.012076588828918 ], [ -98.882812365143096, 21.014035740993542 ], [ -98.881419709731134, 21.011286720449299 ], [ -98.879190860498028, 21.011718350313419 ], [ -98.879672849795909, 21.014212289797292 ], [ -98.882214939861043, 21.014268520675653 ], [ -98.882183940673514, 21.017112496036425 ], [ -98.886463980357149, 21.019198720859801 ], [ -98.88795716431504, 21.018372852556279 ], [ -98.890170833516336, 21.02083729090835 ], [ -98.887721158321696, 21.022855827899487 ], [ -98.886845109409251, 21.026537271731947 ], [ -98.879145139358812, 21.027377315084273 ], [ -98.879201842567497, 21.030336458433869 ], [ -98.869402780904949, 21.032883160436164 ], [ -98.863590749643208, 21.035982732686506 ], [ -98.858952744237143, 21.05043072066222 ], [ -98.854102593158444, 21.054190432448873 ], [ -98.855001914971353, 21.058048223162718 ], [ -98.850764641389048, 21.063444532917547 ], [ -98.84852788109184, 21.062535054724737 ], [ -98.851040815738202, 21.060876996658404 ], [ -98.851396867040975, 21.056750130575637 ], [ -98.849033062637588, 21.057160852439477 ], [ -98.845743290450699, 21.054462030528477 ], [ -98.845465430041259, 21.056431309870074 ], [ -98.848152321816201, 21.058081174520531 ], [ -98.846994239790845, 21.06884818568097 ], [ -98.84156605170655, 21.069260800952975 ], [ -98.838490338707089, 21.064570667909539 ], [ -98.834821710748301, 21.063562483527871 ], [ -98.831350342873932, 21.058076994760409 ], [ -98.826382458043966, 21.056155009828405 ], [ -98.82549534623638, 21.057487409390365 ], [ -98.827466568985187, 21.059002268649188 ], [ -98.825235511843232, 21.059899762849692 ], [ -98.823336600751333, 21.066232157007647 ], [ -98.824953150586055, 21.072991376469783 ], [ -98.819290366630881, 21.070577350312647 ], [ -98.805894640053168, 21.069518087505173 ] ], [ [ -98.829069933634656, 21.056927257475866 ], [ -98.829898449411928, 21.056135620882007 ], [ -98.828748165354924, 21.055825117513194 ], [ -98.829069933634656, 21.056927257475866 ] ], [ [ -98.846368830715377, 21.050278979895449 ], [ -98.844392180129418, 21.047719000381072 ], [ -98.840945550453611, 21.049627230312066 ], [ -98.844529620786531, 21.051788540433282 ], [ -98.846368830715377, 21.050278979895449 ] ], [ [ -98.871329750356878, 21.012869740033953 ], [ -98.87189660045658, 21.008868220119844 ], [ -98.869178350580796, 21.007276820773882 ], [ -98.867135820575896, 21.008610970105909 ], [ -98.867217541105433, 21.013085170619988 ], [ -98.871329750356878, 21.012869740033953 ] ] ], [ [ [ -98.807521268533961, 21.11526836152585 ], [ -98.805079460455971, 21.113635640425688 ], [ -98.808228419253751, 21.114019370610027 ], [ -98.807521268533961, 21.11526836152585 ] ] ], [ [ [ -98.807744871387484, 21.163443774593887 ], [ -98.806905621488767, 21.161532898847657 ], [ -98.81008976966389, 21.161968127479575 ], [ -98.807744871387484, 21.163443774593887 ] ] ], [ [ [ -98.817813202646832, 20.97357074844949 ], [ -98.820160818787812, 20.971585646374439 ], [ -98.820521367235031, 20.969884003326946 ], [ -98.818216048610935, 20.968077581774459 ], [ -98.821505783043747, 20.966242060449751 ], [ -98.829803860929303, 20.967917414529449 ], [ -98.835426730999544, 20.972708311289885 ], [ -98.8309282815529, 20.978544047524764 ], [ -98.826498934985366, 20.976188010549137 ], [ -98.829298335230135, 20.970421692818242 ], [ -98.823858284919453, 20.968630653113554 ], [ -98.822729588444503, 20.973147987009575 ], [ -98.814693433116119, 20.974609082286069 ], [ -98.810468082967802, 20.972935645957001 ], [ -98.812413371854916, 20.971651829922006 ], [ -98.817813202646832, 20.97357074844949 ] ] ], [ [ [ -98.817297352151286, 21.158833397437334 ], [ -98.818524138298514, 21.159337329574512 ], [ -98.817673074515795, 21.160887436347682 ], [ -98.817297352151286, 21.158833397437334 ] ] ], [ [ [ -98.826106644262367, 21.146432749986911 ], [ -98.82203330738119, 21.147090586780212 ], [ -98.826478644063727, 21.144041771617839 ], [ -98.826106644262367, 21.146432749986911 ] ] ], [ [ [ -98.82818953312767, 21.078514531442838 ], [ -98.826928431733521, 21.080527604980343 ], [ -98.823619086068405, 21.080992313629558 ], [ -98.826835600486888, 21.077511756278021 ], [ -98.82818953312767, 21.078514531442838 ] ] ], [ [ [ -98.835648180276749, 21.123509210817875 ], [ -98.831325016226458, 21.12757179135296 ], [ -98.832322256565803, 21.124259942036563 ], [ -98.83433644643786, 21.122703613127548 ], [ -98.835648180276749, 21.123509210817875 ] ] ], [ [ [ -98.834830657967188, 21.083524592535799 ], [ -98.835321467612999, 21.085653405093478 ], [ -98.832147443087109, 21.085176553344244 ], [ -98.834830657967188, 21.083524592535799 ] ] ], [ [ [ -98.871621349056682, 21.103604601351329 ], [ -98.872761296007738, 21.106860807940688 ], [ -98.871172584382492, 21.106469255825026 ], [ -98.864289997086132, 21.097896086691506 ], [ -98.86186827173664, 21.099720151520387 ], [ -98.865016556731462, 21.108342663197984 ], [ -98.864107261457264, 21.109643883893106 ], [ -98.857842922571621, 21.110783358216576 ], [ -98.856128965911452, 21.117643069003208 ], [ -98.850140717110435, 21.117865042348985 ], [ -98.842716837720943, 21.114755976630615 ], [ -98.84007911223604, 21.117284397011787 ], [ -98.834233864222384, 21.110985797849207 ], [ -98.846650547894399, 21.105583718815126 ], [ -98.85354618532736, 21.095239956608641 ], [ -98.868369207877492, 21.090279940065219 ], [ -98.875011431101314, 21.101038417119796 ], [ -98.879670530130369, 21.104668123230212 ], [ -98.87921450988884, 21.109532512971743 ], [ -98.871621349056682, 21.103604601351329 ] ] ], [ [ [ -98.842763247673687, 20.972626800496098 ], [ -98.851075411376797, 20.971781123638912 ], [ -98.855386305209223, 20.974724570644913 ], [ -98.859967291387349, 20.972099551936275 ], [ -98.862159136667842, 20.974294968123921 ], [ -98.856471464546686, 20.977426572896185 ], [ -98.855552684147668, 20.980236413302414 ], [ -98.847417093233631, 20.980538248042929 ], [ -98.84629023281029, 20.974853583107794 ], [ -98.844097236513392, 20.977116773132746 ], [ -98.841482622771011, 20.975788125767938 ], [ -98.842763247673687, 20.972626800496098 ] ], [ [ -98.849201980589513, 20.97569423030518 ], [ -98.848786379783775, 20.978385379604401 ], [ -98.850132200301218, 20.977237950570874 ], [ -98.851122720257777, 20.978437291099631 ], [ -98.850283890320938, 20.976731880598585 ], [ -98.852486489735725, 20.977104630044149 ], [ -98.853712490992066, 20.975731600161659 ], [ -98.849201980589513, 20.97569423030518 ] ] ], [ [ [ -98.846640179098586, 21.093797212468999 ], [ -98.848946123934212, 21.095568407357099 ], [ -98.845876778002491, 21.099599920431743 ], [ -98.846640179098586, 21.093797212468999 ] ] ], [ [ [ -98.847903539112409, 21.092360082084156 ], [ -98.84758968338754, 21.088375935468424 ], [ -98.848918282974751, 21.089255909474922 ], [ -98.847903539112409, 21.092360082084156 ] ] ], [ [ [ -98.858543266841195, 21.08279036605995 ], [ -98.856285609353662, 21.081694542738674 ], [ -98.857036854054471, 21.080250949792006 ], [ -98.859240711728319, 21.081320684509485 ], [ -98.858543266841195, 21.08279036605995 ] ] ], [ [ [ -98.886308394115915, 21.065814013119535 ], [ -98.888194639797717, 21.067622650400601 ], [ -98.891408405565215, 21.077689698561308 ], [ -98.889129740518015, 21.079371257128788 ], [ -98.886308394115915, 21.065814013119535 ] ] ], [ [ [ -98.898626030651116, 21.105172320493917 ], [ -98.894773315241324, 21.10738923370679 ], [ -98.895719900304542, 21.103775064478143 ], [ -98.898626030651116, 21.105172320493917 ] ] ], [ [ [ -98.894773315241324, 21.10738923370679 ], [ -98.894771404316813, 21.110100297443356 ], [ -98.892883248180681, 21.11009911495788 ], [ -98.892884545023946, 21.108291738738082 ], [ -98.894773315241324, 21.10738923370679 ] ] ], [ [ [ -98.892883248180681, 21.11009911495788 ], [ -98.889103579280984, 21.114615122485539 ], [ -98.886780355569357, 21.113943929431436 ], [ -98.888161504769656, 21.11190344138836 ], [ -98.890993772334653, 21.11190528626188 ], [ -98.890995092176482, 21.110097911443383 ], [ -98.892883248180681, 21.11009911495788 ] ] ], [ [ [ -98.897215371319362, 20.987514711127499 ], [ -98.898436193905994, 20.990746485994844 ], [ -98.894657505630107, 20.988710204344173 ], [ -98.897215371319362, 20.987514711127499 ] ] ], [ [ [ -98.910317804741553, 21.103114940211871 ], [ -98.905552527197386, 21.105102740990837 ], [ -98.903806647820659, 21.103478523275854 ], [ -98.908937538364441, 21.101975299424442 ], [ -98.910317804741553, 21.103114940211871 ] ] ], [ [ [ -98.952126403764666, 21.234517429843699 ], [ -98.952320860893693, 21.232209950039564 ], [ -98.950453246939105, 21.23284069812561 ], [ -98.951033196324559, 21.22797097524586 ], [ -98.940917689020651, 21.228165181535037 ], [ -98.937993382571733, 21.221065688424918 ], [ -98.931093285237296, 21.224462183513012 ], [ -98.925620029959759, 21.221762385331594 ], [ -98.920676836607527, 21.225346393442415 ], [ -98.907056043933849, 21.223552061906691 ], [ -98.906030768439464, 21.220356163248098 ], [ -98.907938126241163, 21.21675738503491 ], [ -98.911806789619661, 21.215245264362803 ], [ -98.910041357066518, 21.212442045879463 ], [ -98.912224703691749, 21.21275184821792 ], [ -98.914778767806396, 21.210449823847288 ], [ -98.916382752829662, 21.212439788796917 ], [ -98.914501397066871, 21.218599297948497 ], [ -98.916566633060512, 21.220755361725132 ], [ -98.92326596382776, 21.212274734190444 ], [ -98.92965493385735, 21.210427208182349 ], [ -98.9308404149631, 21.217663254282961 ], [ -98.934866534537889, 21.216250846723987 ], [ -98.939375517211488, 21.219885987876655 ], [ -98.950583826007559, 21.214534784052592 ], [ -98.960057332721576, 21.217017509142984 ], [ -98.960625126662919, 21.215875189983759 ], [ -98.961870710296452, 21.217176949907756 ], [ -98.960815540341457, 21.217664860198827 ], [ -98.962889629822797, 21.217339750270263 ], [ -98.963707540181588, 21.219609780531481 ], [ -98.968087417941348, 21.218130733101614 ], [ -98.966926946924673, 21.220915524188975 ], [ -98.970095755660822, 21.21975117763893 ], [ -98.971640328506737, 21.222010237679712 ], [ -98.968824252634903, 21.221674708944825 ], [ -98.965422191633749, 21.223586610532056 ], [ -98.962571295228287, 21.234313580883082 ], [ -98.974170571292433, 21.232411090631889 ], [ -98.976363608515356, 21.226204576888627 ], [ -98.979495394260297, 21.224497603272422 ], [ -98.981139679178924, 21.228231128573768 ], [ -98.98229075213186, 21.225619214811633 ], [ -98.986222071181672, 21.224435470165012 ], [ -98.983038500209148, 21.230812590468588 ], [ -98.988918506250698, 21.232638067533859 ], [ -98.988675716435864, 21.243977237657891 ], [ -98.985514859695144, 21.246127428848904 ], [ -98.981597504527301, 21.231949205069302 ], [ -98.976424565388044, 21.230905672107607 ], [ -98.979238799050037, 21.24083344383644 ], [ -98.97080737135326, 21.240667637467833 ], [ -98.961295378198628, 21.246147230019705 ], [ -98.958865815544584, 21.24494955134098 ], [ -98.95346448688116, 21.24701985817336 ], [ -98.949940932325234, 21.237142227454076 ], [ -98.950224796284985, 21.234758860142328 ], [ -98.952126403764666, 21.234517429843699 ] ], [ [ -98.952522380544238, 21.228369550308077 ], [ -98.953051290774255, 21.231467060102819 ], [ -98.95119254021364, 21.23003466029941 ], [ -98.952176091179354, 21.232112949301982 ], [ -98.954616030516931, 21.230885980665125 ], [ -98.952522380544238, 21.228369550308077 ] ], [ [ -98.960998843931677, 21.234974204361261 ], [ -98.962419660033163, 21.236890427377531 ], [ -98.96371228106068, 21.235355140326067 ], [ -98.962180718603761, 21.234029898515082 ], [ -98.960998843931677, 21.234974204361261 ] ] ], [ [ [ -98.911498945202169, 21.10427768717852 ], [ -98.914996082958993, 21.105352551197125 ], [ -98.907989055843757, 21.109204297550416 ], [ -98.907213949504879, 21.107226174025921 ], [ -98.911498945202169, 21.10427768717852 ] ] ], [ [ [ -98.917721839101858, 21.231975473877384 ], [ -98.916285037707667, 21.233357555581403 ], [ -98.911411497114699, 21.232561690267787 ], [ -98.917721839101858, 21.231975473877384 ] ] ], [ [ [ -98.916491776441333, 21.098364429599169 ], [ -98.919323789567272, 21.098365800311907 ], [ -98.919322813326502, 21.100173179116069 ], [ -98.9164907659313, 21.100171808274911 ], [ -98.916491776441333, 21.098364429599169 ] ] ], [ [ [ -98.917419281994867, 21.128186591832606 ], [ -98.920688361546937, 21.129130312139242 ], [ -98.919287835057816, 21.131292204474519 ], [ -98.917419281994867, 21.128186591832606 ] ] ], [ [ [ -98.933389470133022, 20.992891149480606 ], [ -98.932542498953183, 20.993519394486444 ], [ -98.923697523312001, 20.993010610788261 ], [ -98.920628287917168, 20.994606514592412 ], [ -98.918304090125361, 20.990724285807847 ], [ -98.919241151092166, 20.988451979101274 ], [ -98.927873379244019, 20.98521661500461 ], [ -98.929896691254697, 20.989921261736942 ], [ -98.933389470133022, 20.992891149480606 ] ] ], [ [ [ -98.971237797230941, 21.13091533848382 ], [ -98.969690737003134, 21.129684936574453 ], [ -98.967406824946607, 21.124641895197886 ], [ -98.961050176608097, 21.120562706115273 ], [ -98.952354729182062, 21.127296332289308 ], [ -98.945525137357023, 21.129398363074301 ], [ -98.944282446032744, 21.123454743086715 ], [ -98.941026617782967, 21.121870643444549 ], [ -98.943447946351483, 21.121477787754728 ], [ -98.94476419277197, 21.116959783030481 ], [ -98.950336848839257, 21.119545379944274 ], [ -98.955494272923602, 21.11573732941314 ], [ -98.95597075421216, 21.112657002939454 ], [ -98.953142495385734, 21.111022915027014 ], [ -98.949046004799399, 21.113386579987409 ], [ -98.944335680772554, 21.109740118310569 ], [ -98.939019131651222, 21.113850005756426 ], [ -98.93562324443927, 21.10080124366262 ], [ -98.930674988523307, 21.100893693724068 ], [ -98.928907933914218, 21.099586848222174 ], [ -98.929947976826341, 21.092870277601683 ], [ -98.923853188819891, 21.088808654534354 ], [ -98.922510673390505, 21.083249359416214 ], [ -98.923706365374628, 21.079146250507286 ], [ -98.929718040842943, 21.076681839934007 ], [ -98.928337010669068, 21.085745289783137 ], [ -98.938288661147709, 21.087300296080183 ], [ -98.939678102634758, 21.092766074188997 ], [ -98.942985790856781, 21.095203443282273 ], [ -98.946539770562865, 21.088341536075511 ], [ -98.95280571492998, 21.086881128556833 ], [ -98.950280639016867, 21.079811214913786 ], [ -98.954368109795624, 21.080698708231804 ], [ -98.959388482685043, 21.078988820855042 ], [ -98.954554059664176, 21.07842188985898 ], [ -98.954908982111931, 21.077070341528088 ], [ -98.960323583643728, 21.077997319327508 ], [ -98.958854853294127, 21.068838422267628 ], [ -98.958454948313133, 21.069732583559432 ], [ -98.957464391616028, 21.068813619206427 ], [ -98.958814398530251, 21.068586133163421 ], [ -98.958439938850731, 21.066250839488116 ], [ -98.962223724301069, 21.064762100909235 ], [ -98.960773537893886, 21.060993272845323 ], [ -98.947656590604709, 21.062229228091887 ], [ -98.947185111305544, 21.061071664956049 ], [ -98.945768382638178, 21.064036023374978 ], [ -98.941993229392992, 21.064034775929656 ], [ -98.939903907599572, 21.0515909603089 ], [ -98.934803004903074, 21.043273636097108 ], [ -98.939594531061715, 21.031902780195736 ], [ -98.943370063796579, 21.028752859686026 ], [ -98.939454476766343, 21.025747532585058 ], [ -98.942742499326329, 21.021139163736184 ], [ -98.94587627907886, 21.019439475136068 ], [ -98.946971183701578, 21.027970658011601 ], [ -98.957974628394965, 21.031886118594908 ], [ -98.957450907906434, 21.035866447867033 ], [ -98.964064884361406, 21.041563244934999 ], [ -98.960873956186305, 21.04506258173797 ], [ -98.96061065812026, 21.049923709320208 ], [ -98.96189264956277, 21.051535260558676 ], [ -98.965364746090586, 21.050992789611353 ], [ -98.968421592141141, 21.053197411035676 ], [ -98.96903852042098, 21.051378082500985 ], [ -98.985245020419782, 21.041026534708841 ], [ -98.989151263407749, 21.047316933165956 ], [ -98.990609235166048, 21.046431167166965 ], [ -98.990513276631759, 21.041912929096913 ], [ -98.996818952989273, 21.043073176532268 ], [ -99.000970481209535, 21.050790663907922 ], [ -98.990818872396147, 21.057999488271946 ], [ -98.983982902424103, 21.059064561503888 ], [ -98.97645061418541, 21.066205013997166 ], [ -98.977640712507593, 21.069831890584819 ], [ -98.984778287965952, 21.066312279953546 ], [ -98.983649712037931, 21.070837482229397 ], [ -98.989580224462486, 21.070885164234653 ], [ -98.993840773636464, 21.068120237874872 ], [ -98.997195312523161, 21.069343076534626 ], [ -98.992427681144278, 21.073081448863789 ], [ -98.992550041087654, 21.078835490967901 ], [ -98.989717913221284, 21.081657341011336 ], [ -98.988031063215985, 21.080189557805213 ], [ -98.990144129683884, 21.076263065508059 ], [ -98.987851986381301, 21.076218129450698 ], [ -98.983999583294718, 21.079761289602708 ], [ -98.98922391164308, 21.085466534303418 ], [ -98.994435792592796, 21.08803731973137 ], [ -99.002840799996164, 21.088038104606795 ], [ -99.008589166358789, 21.082605610673198 ], [ -99.004746137501783, 21.077157215496804 ], [ -99.003821046246586, 21.072620681990944 ], [ -99.00037288178136, 21.071019019384558 ], [ -99.008118310777192, 21.065601816530684 ], [ -99.009188769787528, 21.066867552819176 ], [ -99.024299176976001, 21.068123063456969 ], [ -99.023641748425774, 21.072637170843855 ], [ -99.014210659939536, 21.074108212830815 ], [ -99.014164777686872, 21.076270013497226 ], [ -99.022502269592806, 21.085270928464979 ], [ -99.030605838686313, 21.078519351697139 ], [ -99.032843405351329, 21.084161111379281 ], [ -99.035779906920595, 21.086153553754446 ], [ -99.028390058243517, 21.090862049823283 ], [ -99.036866261441489, 21.095270055112806 ], [ -99.036767506866326, 21.106490750521697 ], [ -99.039758214135787, 21.113611749778702 ], [ -99.041219814384377, 21.113973707838394 ], [ -99.040380877905875, 21.117159751444699 ], [ -99.036273969894737, 21.119891690706829 ], [ -99.035551627878192, 21.123261291764511 ], [ -99.027160510224959, 21.130722109287166 ], [ -99.027901911394579, 21.133793659107525 ], [ -99.01792506971465, 21.139451880645503 ], [ -99.016907643463057, 21.146346559661701 ], [ -99.006731193165422, 21.148934968050668 ], [ -99.004522881250182, 21.156327148077139 ], [ -98.999668329740558, 21.157526531050468 ], [ -98.998199758096362, 21.15353809867921 ], [ -99.001977111476819, 21.148589617452181 ], [ -99.002915359477385, 21.144439402355381 ], [ -99.007538145331878, 21.139340252707502 ], [ -99.000278767068693, 21.14066252439909 ], [ -98.995792660875338, 21.13871081066425 ], [ -98.997949685281867, 21.147799471022179 ], [ -98.992481333941882, 21.15503389672342 ], [ -98.990426274490474, 21.154789173489526 ], [ -98.990928259270689, 21.150929540604821 ], [ -98.986946423690711, 21.151403240490172 ], [ -98.98430122658408, 21.149914947727773 ], [ -98.97705353340865, 21.150776823400832 ], [ -98.969117670442444, 21.14858681207058 ], [ -98.966512071368399, 21.15169924191548 ], [ -98.962968456300231, 21.152255529675596 ], [ -98.961790588102474, 21.150794556876566 ], [ -98.96674089160723, 21.147320077599833 ], [ -98.967587953587838, 21.143707762412692 ], [ -98.964240185304817, 21.141223662541677 ], [ -98.958960564025617, 21.139949671792454 ], [ -98.959455625332126, 21.137023953480544 ], [ -98.966722123614346, 21.133543498033973 ], [ -98.968897783508623, 21.136449838962989 ], [ -98.969868397480909, 21.135410843917377 ], [ -98.971048520282707, 21.137983800650183 ], [ -98.973154020351899, 21.136245709670128 ], [ -98.970413769844697, 21.134827040490386 ], [ -98.973520305121127, 21.131501474534545 ], [ -98.972197346380241, 21.12963451193858 ], [ -98.971237797230941, 21.13091533848382 ] ], [ [ -98.968421592141141, 21.053197411035676 ], [ -98.967544571545716, 21.055332435191325 ], [ -98.974396093493539, 21.056303186038932 ], [ -98.972542253719254, 21.051277223229725 ], [ -98.968421592141141, 21.053197411035676 ] ], [ [ -98.960862575951026, 21.044973224099351 ], [ -98.96037775201593, 21.041166324546449 ], [ -98.953326853526264, 21.037846632808947 ], [ -98.949848892838588, 21.040314509310502 ], [ -98.950795465844223, 21.046462058890153 ], [ -98.94766069830375, 21.050481199282522 ], [ -98.953021737127145, 21.056153087425532 ], [ -98.952796616325799, 21.053459977002557 ], [ -98.957147524417536, 21.053795906820476 ], [ -98.959100636293854, 21.045573416504233 ], [ -98.960862575951026, 21.044973224099351 ] ], [ [ -98.94766069830375, 21.050481199282522 ], [ -98.946509989632631, 21.050790189798185 ], [ -98.94733723784411, 21.051582919264629 ], [ -98.94766069830375, 21.050481199282522 ] ], [ [ -98.97057289925641, 21.105379458875916 ], [ -98.96540946860614, 21.105272382586616 ], [ -98.96553082068921, 21.110259734134626 ], [ -98.97057289925641, 21.105379458875916 ] ], [ [ -98.976357190440496, 21.105865345537492 ], [ -98.97875027402695, 21.103513723811229 ], [ -98.97326389130788, 21.104800536009385 ], [ -98.976357190440496, 21.105865345537492 ] ], [ [ -98.980719012187166, 21.106630600297809 ], [ -98.977014920560904, 21.106059340371822 ], [ -98.978595140900168, 21.108306709893732 ], [ -98.980719012187166, 21.106630600297809 ] ], [ [ -98.990970890571205, 21.120406890087299 ], [ -98.985272600140419, 21.120682260182814 ], [ -98.986488920976655, 21.122565000491885 ], [ -98.983063420677027, 21.125486910699454 ], [ -98.98381016967268, 21.126277660796401 ], [ -98.984639219919046, 21.125152490218138 ], [ -98.986391199794852, 21.130167710082475 ], [ -98.987806050327293, 21.128097710835185 ], [ -98.986245230154381, 21.125276740947726 ], [ -98.990970890571205, 21.120406890087299 ] ], [ [ -98.987827350281336, 21.107559939991859 ], [ -98.986166060818334, 21.10691043052535 ], [ -98.986275050874397, 21.108374520277419 ], [ -98.987827350281336, 21.107559939991859 ] ], [ [ -98.999683540564931, 21.105440740329175 ], [ -98.997849830710734, 21.105258200114925 ], [ -99.000313150018513, 21.107728830646561 ], [ -99.000999660531335, 21.10672538035757 ], [ -99.000462579724996, 21.108913830588975 ], [ -99.001604690845369, 21.109659489981585 ], [ -99.004899140353999, 21.103181380611986 ], [ -99.002442540378098, 21.104861659867737 ], [ -99.00274117047617, 21.102313980390925 ], [ -99.000822149981744, 21.101977880267253 ], [ -98.999683540564931, 21.105440740329175 ] ], [ [ -99.0028892504548, 21.117122020450928 ], [ -99.00428790962647, 21.11661571956142 ], [ -99.005168260519952, 21.112380520353064 ], [ -99.000487550258185, 21.110596120081933 ], [ -99.002536780122696, 21.113173230051434 ], [ -98.999735460045784, 21.116137060639467 ], [ -99.005303800761851, 21.121447340482732 ], [ -99.0028892504548, 21.117122020450928 ] ] ], [ [ [ -98.972388957980613, 21.1312248760232 ], [ -98.97156083408855, 21.132017201850442 ], [ -98.971237797230941, 21.13091533848382 ], [ -98.972388957980613, 21.1312248760232 ] ] ], [ [ [ -98.953807338348341, 21.288520607088838 ], [ -98.958918826074807, 21.290863847075833 ], [ -98.960594689566193, 21.295444779992142 ], [ -98.959542679876662, 21.295171339955655 ], [ -98.958943020627871, 21.297741660530598 ], [ -98.960933439055282, 21.295674900302998 ], [ -98.966477172814436, 21.306227893182225 ], [ -98.965040025279336, 21.306720511802009 ], [ -98.962498090573121, 21.302459483140428 ], [ -98.959460189369111, 21.303140190173874 ], [ -98.956110012998607, 21.301398778605993 ], [ -98.952539645069834, 21.308783051449023 ], [ -98.945037999196543, 21.311298502041723 ], [ -98.940141926890988, 21.294283043456932 ], [ -98.932413682362736, 21.298014441213187 ], [ -98.928995781344256, 21.288147620776186 ], [ -98.946359260964059, 21.289313940728437 ], [ -98.953807338348341, 21.288520607088838 ] ], [ [ -98.953762658669021, 21.294512452604572 ], [ -98.958401919768278, 21.292858643656729 ], [ -98.957028106032638, 21.291767044270685 ], [ -98.953762658669021, 21.294512452604572 ] ] ], [ [ [ -98.941602386401655, 21.252304430715203 ], [ -98.941612450300028, 21.255015455052046 ], [ -98.940408584396138, 21.252737662284151 ], [ -98.938610492326646, 21.253576599615975 ], [ -98.935730319157358, 21.252206186365292 ], [ -98.935305887921473, 21.25019120733678 ], [ -98.941602386401655, 21.252304430715203 ] ] ], [ [ [ -98.938703019477316, 21.203017347529759 ], [ -98.936272206232587, 21.200489370248164 ], [ -98.939422890691219, 21.202002264388089 ], [ -98.938703019477316, 21.203017347529759 ] ] ], [ [ [ -98.955675243038314, 21.191944220720661 ], [ -98.959064126325131, 21.186925399579053 ], [ -98.963669556174537, 21.19055700384887 ], [ -98.970029151176774, 21.187464217981088 ], [ -98.972744045331396, 21.191624176325696 ], [ -98.966585252099136, 21.193883432714191 ], [ -98.96510057350568, 21.197563644711373 ], [ -98.959459698126594, 21.201212618771358 ], [ -98.962259605309086, 21.203438640986782 ], [ -98.960436151162241, 21.210422787525001 ], [ -98.962926948572729, 21.21103211066816 ], [ -98.961774564815386, 21.213148567455846 ], [ -98.964115311422063, 21.214029373141649 ], [ -98.964631960064821, 21.211690052811392 ], [ -98.968860942966643, 21.213206236638754 ], [ -98.969711887193199, 21.21690866705902 ], [ -98.960671133660583, 21.215782630146048 ], [ -98.961266707957094, 21.214584399430247 ], [ -98.955137255782958, 21.205190797493767 ], [ -98.942884578644552, 21.200694420576372 ], [ -98.943533143111367, 21.1930078463668 ], [ -98.955675243038314, 21.191944220720661 ] ] ], [ [ [ -98.954324628616249, 21.173423567854783 ], [ -98.949182484529956, 21.175169850853298 ], [ -98.951962382633354, 21.170371349778009 ], [ -98.953597364870049, 21.169896614217048 ], [ -98.954324628616249, 21.173423567854783 ] ] ], [ [ [ -98.954469056759649, 21.162795350626617 ], [ -98.953691679726674, 21.160816066451819 ], [ -98.955511479422938, 21.161191153593382 ], [ -98.954469056759649, 21.162795350626617 ] ] ], [ [ [ -98.958594722093451, 21.158557856153177 ], [ -98.961285000203404, 21.159624171634032 ], [ -98.962304731361201, 21.164627506863976 ], [ -98.964619950077378, 21.166157798027609 ], [ -98.968760324178788, 21.174399229766426 ], [ -98.968923502440134, 21.178358356241024 ], [ -98.960693723022473, 21.185568871574954 ], [ -98.958494537574254, 21.182548166001737 ], [ -98.959956141280628, 21.178687201543255 ], [ -98.963182920654248, 21.175828064085568 ], [ -98.956425133874689, 21.168367079028346 ], [ -98.958594722093451, 21.158557856153177 ] ] ], [ [ [ -98.968371113090996, 21.290865888065987 ], [ -98.964264211417969, 21.290494441453927 ], [ -98.965802433005422, 21.287842608791554 ], [ -98.967935912593504, 21.288868006576429 ], [ -98.968371113090996, 21.290865888065987 ] ] ], [ [ [ -98.965559991305341, 21.185135315237826 ], [ -98.967894371388141, 21.187131647669641 ], [ -98.964384312780453, 21.188267811660371 ], [ -98.965559991305341, 21.185135315237826 ] ] ], [ [ [ -98.968470034941816, 21.279595439625087 ], [ -98.969607892995469, 21.28200669713469 ], [ -98.965537322007037, 21.282732300145614 ], [ -98.968470034941816, 21.279595439625087 ] ] ], [ [ [ -98.966502102422623, 21.195979670859678 ], [ -98.967653757304902, 21.196289252398799 ], [ -98.966825245725261, 21.197081521379289 ], [ -98.966502102422623, 21.195979670859678 ] ] ], [ [ [ -98.970260298541277, 21.297191918595107 ], [ -98.970260843858412, 21.2944809106287 ], [ -98.972151347830319, 21.29448123398187 ], [ -98.972150837178646, 21.297192241993333 ], [ -98.970260298541277, 21.297191918595107 ] ] ], [ [ [ -98.979730288021429, 21.170678698253852 ], [ -98.980957726258623, 21.171181453171528 ], [ -98.980108340433404, 21.172732395126836 ], [ -98.979730288021429, 21.170678698253852 ] ] ], [ [ [ -98.984791538323208, 21.297981507225636 ], [ -98.983763288986566, 21.295465427381036 ], [ -98.987275223174052, 21.296290395159435 ], [ -98.987275100384778, 21.297718471349327 ], [ -98.984791538323208, 21.297981507225636 ] ] ], [ [ [ -98.998745040834891, 21.274117341769252 ], [ -99.000508823423459, 21.27008442602726 ], [ -99.002836447231644, 21.270754476088932 ], [ -98.998745040834891, 21.274117341769252 ] ] ], [ [ [ -99.003344540592138, 21.289061485829031 ], [ -99.005621104194873, 21.290564119645953 ], [ -99.002576257612134, 21.292052126899748 ], [ -99.003344540592138, 21.289061485829031 ] ] ], [ [ [ -99.011896835227361, 21.281796504981937 ], [ -99.013740924824916, 21.27821691137585 ], [ -99.015072205253617, 21.279095565848216 ], [ -99.010226767985728, 21.284579680313524 ], [ -99.006291575952844, 21.2831721284644 ], [ -99.011896835227361, 21.281796504981937 ] ] ], [ [ [ -99.015006942768551, 21.227100182091764 ], [ -99.012486829384414, 21.22787013077518 ], [ -99.011846509773008, 21.226707639080654 ], [ -99.015006942768551, 21.227100182091764 ] ] ], [ [ [ -99.011846509773008, 21.226707639080654 ], [ -99.009673700198135, 21.226341486709607 ], [ -99.011333069050352, 21.22556026340191 ], [ -99.011846509773008, 21.226707639080654 ] ] ], [ [ [ -99.014087798030047, 21.166990367014687 ], [ -99.016877341685401, 21.163564033397346 ], [ -99.018271398643179, 21.157872969361062 ], [ -99.022553417027737, 21.158193335282139 ], [ -99.022531332615443, 21.162400701537614 ], [ -99.019782482184553, 21.162914715036088 ], [ -99.018066969729418, 21.166113263882696 ], [ -99.019397837665863, 21.171790423039791 ], [ -99.023175885781427, 21.172485690086816 ], [ -99.025502449983478, 21.175306494255331 ], [ -99.016057465769578, 21.174779325162461 ], [ -99.010376568596683, 21.1721600475115 ], [ -99.010800432880927, 21.167276645237916 ], [ -99.014087798030047, 21.166990367014687 ] ] ], [ [ [ -99.02165138976342, 21.285992866178287 ], [ -99.022248751379607, 21.288156378663967 ], [ -99.020358453501572, 21.289060288296913 ], [ -99.019018508255556, 21.288142337823373 ], [ -99.02165138976342, 21.285992866178287 ] ] ], [ [ [ -99.031668278987112, 21.135433252616707 ], [ -99.032691599002177, 21.1394169110612 ], [ -99.028450475580868, 21.138515341969768 ], [ -99.031668278987112, 21.135433252616707 ] ] ], [ [ [ -99.03914140302615, 21.151464178389951 ], [ -99.046603857645025, 21.152735591651247 ], [ -99.035235668625774, 21.152579371355614 ], [ -99.03914140302615, 21.151464178389951 ] ] ], [ [ [ -99.042517537597107, 21.038866477543216 ], [ -99.044640344256621, 21.037463174492302 ], [ -99.046746143522427, 21.039638478998356 ], [ -99.042517537597107, 21.038866477543216 ] ] ], [ [ [ -99.049978183778862, 21.152016479645635 ], [ -99.052298444303062, 21.153492259770143 ], [ -99.054427468043983, 21.159041917346819 ], [ -99.047135167174687, 21.152856536771541 ], [ -99.049978183778862, 21.152016479645635 ] ] ], [ [ [ -99.313358605957887, 21.145788419010863 ], [ -99.310764634881252, 21.143123031193511 ], [ -99.317284319131502, 21.140710470038993 ], [ -99.31355943632478, 21.140249326072198 ], [ -99.315053193927952, 21.138461484883504 ], [ -99.323444322587321, 21.138742074081136 ], [ -99.313358605957887, 21.145788419010863 ] ] ], [ [ [ -99.329507972015961, 21.119532812815663 ], [ -99.328327658203307, 21.122892922829141 ], [ -99.326237517803619, 21.120663193256885 ], [ -99.329507972015961, 21.119532812815663 ] ] ], [ [ [ -99.342562949382085, 21.09582166004272 ], [ -99.345430274103336, 21.0978978524154 ], [ -99.342736136234919, 21.100363640032331 ], [ -99.341296077055645, 21.099848958996699 ], [ -99.342562949382085, 21.09582166004272 ] ] ], [ [ [ -99.384647767578485, 21.071742203999147 ], [ -99.38520552817468, 21.068628037905423 ], [ -99.388673382607408, 21.070060929992437 ], [ -99.388089157262513, 21.079907540893366 ], [ -99.39433374825353, 21.079377917165047 ], [ -99.394755276036349, 21.081284312241511 ], [ -99.391844292587876, 21.080944504666775 ], [ -99.391689174873022, 21.082163398150691 ], [ -99.393695812301829, 21.082967452435181 ], [ -99.395067937154622, 21.086177100591289 ], [ -99.393827207895953, 21.086941661521816 ], [ -99.395177435511684, 21.088336918669402 ], [ -99.396014237947242, 21.087078569844056 ], [ -99.398387864038128, 21.088396587566912 ], [ -99.398465687378334, 21.096517981837192 ], [ -99.394620745229332, 21.099272577481855 ], [ -99.394662707436709, 21.10102359567102 ], [ -99.386149072257311, 21.101209517090567 ], [ -99.390000401037511, 21.100225161542546 ], [ -99.389890460887756, 21.095631367403033 ], [ -99.393166998607285, 21.09568781208797 ], [ -99.395057206061367, 21.09215349545978 ], [ -99.388007923597229, 21.089981588358938 ], [ -99.390791133364601, 21.08672016943968 ], [ -99.390839325658831, 21.084142424781231 ], [ -99.384920994946455, 21.082775479228157 ], [ -99.38195552720822, 21.08006077823163 ], [ -99.384177107609545, 21.075907087817082 ], [ -99.382485733699227, 21.074069189804305 ], [ -99.376823884849983, 21.078202814516942 ], [ -99.373806265367577, 21.076722973684024 ], [ -99.370978183312886, 21.078125760049492 ], [ -99.365340585032627, 21.076782193643012 ], [ -99.362351210971582, 21.06524062250163 ], [ -99.366343777657875, 21.058574885367989 ], [ -99.365729459766115, 21.05461408341057 ], [ -99.369346651114441, 21.052459050870098 ], [ -99.367856094371888, 21.059814784340936 ], [ -99.375422236363121, 21.060325802759692 ], [ -99.369070478764897, 21.060939568963516 ], [ -99.366549923479198, 21.064097929532039 ], [ -99.365563112835858, 21.075245007371127 ], [ -99.376587723489024, 21.076020314042772 ], [ -99.379869569309207, 21.071929296453451 ], [ -99.384647767578485, 21.071742203999147 ] ], [ [ -99.384999809124125, 21.073390932995085 ], [ -99.387797037372735, 21.072027974525994 ], [ -99.384647767578485, 21.071742203999147 ], [ -99.384999809124125, 21.073390932995085 ] ], [ [ -99.386947310746507, 21.078639075273475 ], [ -99.384664037915471, 21.078067912338255 ], [ -99.38374354850697, 21.080227508894275 ], [ -99.386947310746507, 21.078639075273475 ] ], [ [ -99.392474829110043, 21.098240238644866 ], [ -99.391323079590222, 21.097933558957632 ], [ -99.391649107692828, 21.099034599541021 ], [ -99.392474829110043, 21.098240238644866 ] ] ], [ [ [ -99.365729459766115, 21.05461408341057 ], [ -99.35928499555088, 21.056499483017632 ], [ -99.36021224614143, 21.053625500085932 ], [ -99.358482445537462, 21.048800823672956 ], [ -99.35402900971097, 21.047806285268198 ], [ -99.356455960452791, 21.047287981996892 ], [ -99.357570759912917, 21.044131796132376 ], [ -99.359097482339848, 21.043784041314957 ], [ -99.356617986379604, 21.038701767699429 ], [ -99.361410128597257, 21.039060314468863 ], [ -99.35581334080112, 21.036856897451965 ], [ -99.361910944810219, 21.036548608870152 ], [ -99.36229074005621, 21.038584811383632 ], [ -99.365027939190853, 21.037948241258977 ], [ -99.362854541856635, 21.036546597578244 ], [ -99.364741733689513, 21.036542559288019 ], [ -99.364735135391342, 21.033831522697842 ], [ -99.362801223709226, 21.031437097515216 ], [ -99.36496691500281, 21.031738885979614 ], [ -99.364044224946369, 21.025871189939643 ], [ -99.365353746436483, 21.018382564360405 ], [ -99.374128075708654, 21.016641122100314 ], [ -99.373281243824451, 21.014448524817222 ], [ -99.376389026484119, 21.014202437100494 ], [ -99.378961420403854, 21.017048650749746 ], [ -99.382110586926629, 21.015884589564848 ], [ -99.376213962867084, 21.010662545874251 ], [ -99.38028710544836, 21.00728505298768 ], [ -99.378731832333187, 21.002676989063534 ], [ -99.382851115387879, 21.004866343512411 ], [ -99.385928359908419, 21.003542615359695 ], [ -99.385765861227696, 20.999909874058794 ], [ -99.389603575778295, 20.997594928372983 ], [ -99.388221672410722, 20.994017428142588 ], [ -99.390488233830084, 20.992204874107646 ], [ -99.3876959784658, 20.989993845308746 ], [ -99.386831352142423, 20.986653126403414 ], [ -99.389658143401803, 20.985470936314652 ], [ -99.391318262858675, 20.981778611363325 ], [ -99.3942769543293, 20.981546888081176 ], [ -99.391264368870978, 20.986676629583375 ], [ -99.390612537509924, 20.989746506281563 ], [ -99.39292884528777, 20.990391888795802 ], [ -99.388755423357807, 21.004442210809181 ], [ -99.384480765766227, 21.006677513659572 ], [ -99.38220857061026, 21.010020016546818 ], [ -99.385051799535375, 21.01547498132755 ], [ -99.38386639082789, 21.018673368352811 ], [ -99.377991367889521, 21.019962161101773 ], [ -99.375255308515179, 21.024288796483226 ], [ -99.367427712910114, 21.023958339851241 ], [ -99.368279293216119, 21.029359051859675 ], [ -99.365723693497358, 21.033829399240549 ], [ -99.367422741194744, 21.036379287235452 ], [ -99.36321571603213, 21.041516084735264 ], [ -99.363925866820239, 21.047161147065253 ], [ -99.359288908218488, 21.046176046221252 ], [ -99.361945880233549, 21.051007459096457 ], [ -99.365725044720122, 21.052806729217302 ], [ -99.365729459766115, 21.05461408341057 ] ], [ [ -99.359097482339848, 21.043784041314957 ], [ -99.361133888978799, 21.045956722998564 ], [ -99.362372181489548, 21.043158153391008 ], [ -99.360980411776012, 21.041972686870853 ], [ -99.359097482339848, 21.043784041314957 ] ], [ [ -99.360980411776012, 21.041972686870853 ], [ -99.360522634386783, 21.039957167088367 ], [ -99.358756250512855, 21.040811333753407 ], [ -99.360980411776012, 21.041972686870853 ] ], [ [ -99.374128075708654, 21.016641122100314 ], [ -99.374453819402774, 21.017742212560854 ], [ -99.375279164748918, 21.016947932282871 ], [ -99.374128075708654, 21.016641122100314 ] ], [ [ -99.384480765766227, 21.006677513659572 ], [ -99.383965215371688, 21.005531256911592 ], [ -99.382310297104453, 21.006316107470202 ], [ -99.384480765766227, 21.006677513659572 ] ], [ [ -99.36131994490259, 21.051312370983549 ], [ -99.360690954875835, 21.053410449837774 ], [ -99.363212479294134, 21.053433482834087 ], [ -99.36131994490259, 21.051312370983549 ] ], [ [ -99.363291430424809, 21.039012978420466 ], [ -99.361636005092407, 21.039797632824548 ], [ -99.363806914429873, 21.04015929493546 ], [ -99.363291430424809, 21.039012978420466 ] ], [ [ -99.366405934313775, 21.01983574554232 ], [ -99.365290218186985, 21.022019393298606 ], [ -99.367794568722701, 21.021266296025271 ], [ -99.373542068664136, 21.024216420786438 ], [ -99.3750662806641, 21.019899001462793 ], [ -99.370356426794714, 21.017553059190625 ], [ -99.370000357466836, 21.019016667737027 ], [ -99.366405934313775, 21.01983574554232 ] ], [ [ -99.376236237397947, 21.022367924655132 ], [ -99.375085105682047, 21.022061120892072 ], [ -99.375410868823352, 21.023162209441949 ], [ -99.376236237397947, 21.022367924655132 ] ] ], [ [ [ -99.358437541744124, 21.033090788673714 ], [ -99.358789125324208, 21.030775596613928 ], [ -99.356272737092098, 21.030814864381 ], [ -99.354342940719761, 21.028431390834342 ], [ -99.358841162372329, 21.029153527914129 ], [ -99.363793750229419, 21.034737224435943 ], [ -99.361908762329961, 21.035644929517829 ], [ -99.358437541744124, 21.033090788673714 ] ] ], [ [ [ -99.367199164311316, 21.10140929807061 ], [ -99.363559249669166, 21.102866973066021 ], [ -99.363008002466756, 21.099803876558006 ], [ -99.367199164311316, 21.10140929807061 ] ] ], [ [ [ -99.363008002466756, 21.099803876558006 ], [ -99.361125244833886, 21.101972384772868 ], [ -99.357982734500737, 21.098958783649678 ], [ -99.355458185168658, 21.100723545822529 ], [ -99.354738034156057, 21.097720066537814 ], [ -99.357855198390979, 21.096565499521603 ], [ -99.363008002466756, 21.099803876558006 ] ] ], [ [ [ -99.377320646226494, 21.098170953733199 ], [ -99.374333674280905, 21.098875580564144 ], [ -99.373919555828621, 21.097345915222689 ], [ -99.371116684067246, 21.099102006354268 ], [ -99.372531282530815, 21.094361001576395 ], [ -99.379046265478976, 21.095946149191892 ], [ -99.379908233544612, 21.09958561846955 ], [ -99.377320646226494, 21.098170953733199 ] ] ] ] } },
{ "type": "Feature", "properties": { "CUENCA": "Golfo Norte", "Prioridad": null, "Tipo": "Bosque" }, "geometry": { "type": "MultiPolygon", "coordinates": [ ] } },
{ "type": "Feature", "properties": { "CUENCA": "Valle de Mexico", "Prioridad": "Extrema", "Tipo": "Bosque" }, "geometry": { "type": "MultiPolygon", "coordinates": [ [ [ [ -98.244698634389025, 19.791924166544334 ], [ -98.232750695413486, 19.775661604268528 ], [ -98.22817239820661, 19.775080891851303 ], [ -98.22583671728529, 19.776595447950886 ], [ -98.225639716773415, 19.779787116712747 ], [ -98.220972568709229, 19.778141748169691 ], [ -98.216155550492388, 19.778416965151667 ], [ -98.221424247515557, 19.773576353604877 ], [ -98.21071578122087, 19.774266156705156 ], [ -98.202641416175638, 19.767954910972673 ], [ -98.19448419558303, 19.765589651476304 ], [ -98.193517492838311, 19.762954091651086 ], [ -98.200798068649135, 19.766805940345883 ], [ -98.203600328863047, 19.762941653516272 ], [ -98.200558689621502, 19.759897324875386 ], [ -98.198220972874722, 19.761024505333417 ], [ -98.198638140820378, 19.757576820786941 ], [ -98.195511875199117, 19.75336618502833 ], [ -98.197845477108871, 19.748787843938544 ], [ -98.195698805593807, 19.741619663533069 ], [ -98.204377236188833, 19.738593696092497 ], [ -98.209342109011359, 19.738351848241926 ], [ -98.215109342440698, 19.741314451126577 ], [ -98.21896015323054, 19.73698696387282 ], [ -98.234664940451978, 19.72616748973671 ], [ -98.236546396565217, 19.727139519715283 ], [ -98.238738224931879, 19.722584829650657 ], [ -98.248621124964259, 19.719183880520639 ], [ -98.25696293706477, 19.71881261585068 ], [ -98.259159818575526, 19.721866550891892 ], [ -98.263289123405187, 19.723183821206732 ], [ -98.262788470120441, 19.724494690485869 ], [ -98.259584791080471, 19.724123116065496 ], [ -98.256768860528723, 19.720670915000284 ], [ -98.255937385706588, 19.723232010227353 ], [ -98.25358460098245, 19.724634229871054 ], [ -98.254513604830692, 19.727157741362813 ], [ -98.259903064789981, 19.728291404077261 ], [ -98.259870522134221, 19.735356743710085 ], [ -98.271952501414489, 19.737669429276298 ], [ -98.276149892538299, 19.743693083274813 ], [ -98.274147109481717, 19.744272072533541 ], [ -98.274034070203882, 19.74697591095147 ], [ -98.263354787237176, 19.74921404218259 ], [ -98.260918579802436, 19.745211725764712 ], [ -98.257945529614673, 19.745101914518202 ], [ -98.257158492567044, 19.746368066742722 ], [ -98.258930050523176, 19.751804891745369 ], [ -98.252346730803339, 19.756509423906138 ], [ -98.249735879976342, 19.756420165298429 ], [ -98.249015287382306, 19.754645869029968 ], [ -98.243536594692742, 19.755897576997718 ], [ -98.245861207416766, 19.759663224699608 ], [ -98.242772001520137, 19.758936304778771 ], [ -98.247673657863729, 19.766870822296323 ], [ -98.249036099525625, 19.766265601149151 ], [ -98.247822190446939, 19.762584548562753 ], [ -98.26353473386429, 19.752485003392284 ], [ -98.265309931308096, 19.753773635884919 ], [ -98.261554483820973, 19.756482574846057 ], [ -98.263650990284731, 19.760530386228851 ], [ -98.262568622419352, 19.764327903234307 ], [ -98.259091913840479, 19.766213223497008 ], [ -98.260748791778283, 19.77076841222193 ], [ -98.262143678984572, 19.772027524790676 ], [ -98.262898346330616, 19.770536155156062 ], [ -98.264899652354572, 19.772345659070794 ], [ -98.265008860901091, 19.774395822791874 ], [ -98.260482821576602, 19.775598849318623 ], [ -98.261982941351718, 19.777213767770107 ], [ -98.261583571604476, 19.779570239439476 ], [ -98.265720785145078, 19.782840737201731 ], [ -98.26239315582167, 19.786755652020762 ], [ -98.26398115591951, 19.789802754855 ], [ -98.262045180588686, 19.791703634825403 ], [ -98.259065017301083, 19.789579141940809 ], [ -98.255184823713307, 19.79090670297866 ], [ -98.255897779191926, 19.785844855500077 ], [ -98.254679729296967, 19.784755360654533 ], [ -98.249822289945897, 19.790947497772411 ], [ -98.24902876945545, 19.789762180207298 ], [ -98.24739665804826, 19.790611892594573 ], [ -98.244518150582152, 19.787346271701544 ], [ -98.243394085573811, 19.788664135200843 ], [ -98.250562748503896, 19.793286636953429 ], [ -98.250011443952388, 19.794732535083728 ], [ -98.244698634389025, 19.791924166544334 ] ], [ [ -98.254069658281892, 19.72411470560295 ], [ -98.253396634490656, 19.72296488290262 ], [ -98.254832010620305, 19.723056326209608 ], [ -98.255596499052359, 19.720472342186095 ], [ -98.252853702657603, 19.721226015496363 ], [ -98.253865947839984, 19.722414699853111 ], [ -98.250552212918166, 19.720998842174865 ], [ -98.247940697802534, 19.721634052327051 ], [ -98.251148144686368, 19.725777260777214 ], [ -98.254069658281892, 19.72411470560295 ] ] ], [ [ [ -98.284988329595592, 19.74357315428427 ], [ -98.284980990945982, 19.734888271516066 ], [ -98.277800544466302, 19.73218127436774 ], [ -98.279570846973087, 19.730822625773033 ], [ -98.278446166435984, 19.726564987441307 ], [ -98.276622299979508, 19.725703550602695 ], [ -98.274703272766459, 19.726801328816119 ], [ -98.26920834186204, 19.735656080241977 ], [ -98.267924721325628, 19.735567608123873 ], [ -98.269320163196852, 19.73403712644717 ], [ -98.263488624953013, 19.731580843356245 ], [ -98.265121047666867, 19.727379945521001 ], [ -98.270196373636239, 19.726921994956669 ], [ -98.271046274874962, 19.724156717233559 ], [ -98.268396221128924, 19.722654916610438 ], [ -98.26864902233423, 19.72144157349523 ], [ -98.271982363944758, 19.724579426699712 ], [ -98.275232512671323, 19.723802967157607 ], [ -98.281660920426049, 19.726259981423837 ], [ -98.282299754773703, 19.724035786568052 ], [ -98.279871361501876, 19.71727952637006 ], [ -98.281857191713925, 19.721318960029368 ], [ -98.284068950140679, 19.720287002026758 ], [ -98.288088891162118, 19.725858224707874 ], [ -98.290092834995733, 19.726029200932075 ], [ -98.290462736626168, 19.727007054993717 ], [ -98.287393279211116, 19.726964079778401 ], [ -98.28641930195576, 19.725438485351123 ], [ -98.285838317470535, 19.727333819864754 ], [ -98.283630142913012, 19.727039289545832 ], [ -98.287132920691562, 19.728093115810633 ], [ -98.284391222486832, 19.730852250279327 ], [ -98.291168353815564, 19.736843220200306 ], [ -98.28723364643372, 19.735472149070677 ], [ -98.288747761127752, 19.742402277277666 ], [ -98.284988329595592, 19.74357315428427 ] ], [ [ -98.266578951988947, 19.729566684542117 ], [ -98.267042864312813, 19.731753331167113 ], [ -98.270182240734371, 19.731180940354641 ], [ -98.269912579631722, 19.729858931280116 ], [ -98.266578951988947, 19.729566684542117 ] ] ], [ [ [ -98.267705131354475, 19.779129251895377 ], [ -98.271194128681898, 19.778873217898763 ], [ -98.269397114146528, 19.777555711507958 ], [ -98.273002795521919, 19.77341086933346 ], [ -98.271561288056631, 19.772862665449455 ], [ -98.273628149587367, 19.768490647216968 ], [ -98.272491345767008, 19.766588394461618 ], [ -98.273299635043699, 19.764802981536945 ], [ -98.271415830918144, 19.763349115086324 ], [ -98.276919059789947, 19.758931553373841 ], [ -98.278789296350226, 19.760545269788366 ], [ -98.278264172124963, 19.767733823525752 ], [ -98.281492804656907, 19.773498784766392 ], [ -98.278563581294222, 19.775673723128932 ], [ -98.276186474959999, 19.774236063275286 ], [ -98.272576009323515, 19.780786240886098 ], [ -98.270026468398655, 19.781110059941486 ], [ -98.267705131354475, 19.779129251895377 ] ] ], [ [ [ -98.379243394611336, 19.767862824576419 ], [ -98.379962597511749, 19.76620765818755 ], [ -98.377875087651518, 19.764648426559575 ], [ -98.378928474418586, 19.759275525472926 ], [ -98.38165142604845, 19.761049187747542 ], [ -98.382458886341723, 19.766338663290508 ], [ -98.385427826221076, 19.764837325942015 ], [ -98.389335775552524, 19.766912303864729 ], [ -98.389725501762101, 19.768553634507992 ], [ -98.391903234569639, 19.766393324399061 ], [ -98.394456191063426, 19.767367439979601 ], [ -98.394770152315886, 19.76966627525362 ], [ -98.39313913367171, 19.771510704251813 ], [ -98.39548540781378, 19.77309231531018 ], [ -98.388905446271892, 19.774831709366815 ], [ -98.379243394611336, 19.767862824576419 ] ] ], [ [ [ -98.403940064333469, 19.749984892347062 ], [ -98.403350103389855, 19.746074013741712 ], [ -98.405527184478487, 19.742785011474091 ], [ -98.407357342564453, 19.745657716744617 ], [ -98.409046213812559, 19.740971158056301 ], [ -98.415021702791535, 19.73700032830379 ], [ -98.416486329702821, 19.739087746905263 ], [ -98.417776303891884, 19.73865485187449 ], [ -98.418906824349605, 19.742724986733887 ], [ -98.420338401721637, 19.742729624936846 ], [ -98.42200019613216, 19.741813024602937 ], [ -98.422204756997431, 19.737685531131088 ], [ -98.42665766804231, 19.737056903935596 ], [ -98.425721925038388, 19.734885122468988 ], [ -98.42810656569597, 19.732181766371816 ], [ -98.420312841428085, 19.738553426805712 ], [ -98.417449236535091, 19.737441260762324 ], [ -98.417213521793244, 19.735942043840623 ], [ -98.415866345559337, 19.736286149357973 ], [ -98.43265510876877, 19.730013081052086 ], [ -98.436850538754584, 19.733858859844243 ], [ -98.435113566542427, 19.736336588841425 ], [ -98.435960790355992, 19.73880318729173 ], [ -98.43358171872822, 19.739682664710454 ], [ -98.433494260141302, 19.741743182095348 ], [ -98.429961180080014, 19.744896427627339 ], [ -98.426595912886668, 19.746361272491846 ], [ -98.425042777189816, 19.752288808668585 ], [ -98.412347487324112, 19.764163501966014 ], [ -98.410664132241791, 19.767962520594164 ], [ -98.411531810383181, 19.772619311191999 ], [ -98.409537601308344, 19.774751804782046 ], [ -98.405231294235776, 19.775108000201691 ], [ -98.402550902271784, 19.772812515602332 ], [ -98.406608014164092, 19.770329754341585 ], [ -98.409677787060659, 19.76411195417441 ], [ -98.409598424158915, 19.759627142718735 ], [ -98.41377448555086, 19.756857795987511 ], [ -98.415149173805176, 19.752472262528464 ], [ -98.413356148753351, 19.749048297072029 ], [ -98.414934278586287, 19.748200084243681 ], [ -98.414888532066996, 19.745422882943796 ], [ -98.409735770583382, 19.745134878943986 ], [ -98.407414195358513, 19.753531220537596 ], [ -98.40182852235634, 19.753783742769517 ], [ -98.403940064333469, 19.749984892347062 ] ] ], [ [ [ -98.660055703161888, 20.10032547475609 ], [ -98.664121459472582, 20.100692588255075 ], [ -98.663320484715953, 20.103276748685051 ], [ -98.660055703161888, 20.10032547475609 ] ] ], [ [ [ -98.900270162675952, 20.429082393126425 ], [ -98.896934893770847, 20.427703234103063 ], [ -98.899631371209082, 20.427493359743934 ], [ -98.896585553370201, 20.425337511790307 ], [ -98.896236914420228, 20.427414603138352 ], [ -98.894957905326194, 20.426885692575205 ], [ -98.892553091284654, 20.427418353717936 ], [ -98.887891510757569, 20.425640939766925 ], [ -98.884246197589334, 20.420387954952478 ], [ -98.882146141749786, 20.421113478051701 ], [ -98.881621077338892, 20.419708646912387 ], [ -98.879165600233208, 20.420292569124012 ], [ -98.87731904696281, 20.418966660330685 ], [ -98.868344579430101, 20.419937846391402 ], [ -98.865578567658389, 20.417525980154686 ], [ -98.862129521958906, 20.418215871952707 ], [ -98.860774017830778, 20.41445076627442 ], [ -98.854097446579132, 20.413566149573466 ], [ -98.851790449927293, 20.410888579317753 ], [ -98.849916567205, 20.411615464030636 ], [ -98.849730047682002, 20.409292848664958 ], [ -98.847254862224702, 20.410009324693579 ], [ -98.84631105948732, 20.407824550756516 ], [ -98.843385692359021, 20.40657634098109 ], [ -98.837720150733517, 20.408465261609063 ], [ -98.834076490720634, 20.407655487459454 ], [ -98.831838415488832, 20.410911752043404 ], [ -98.827789524215575, 20.410905228934823 ], [ -98.828828488451848, 20.412758797020384 ], [ -98.826576982713817, 20.413977652140847 ], [ -98.819873228196471, 20.407880893974234 ], [ -98.819728784441836, 20.404215830518929 ], [ -98.817414058772485, 20.403478540925761 ], [ -98.817904779498249, 20.400807800336203 ], [ -98.815660433471805, 20.402435939005397 ], [ -98.813732749796102, 20.398891691664552 ], [ -98.813567490785118, 20.397225445297366 ], [ -98.81586733759562, 20.396823953387532 ], [ -98.814623167714274, 20.394362414289748 ], [ -98.816884214174252, 20.393777307051764 ], [ -98.815941378713021, 20.388228263795501 ], [ -98.813410369857579, 20.386269954893837 ], [ -98.81448781638322, 20.384657219535825 ], [ -98.811277026747049, 20.381867754651729 ], [ -98.813503203413788, 20.379546817385979 ], [ -98.809785379261299, 20.37861861699961 ], [ -98.811091645014841, 20.375724058928885 ], [ -98.803756182311204, 20.371078781546135 ], [ -98.803987277189279, 20.368626118938021 ], [ -98.801695353622449, 20.367536661720237 ], [ -98.801453749039524, 20.365674197644633 ], [ -98.802986198622733, 20.364671940682463 ], [ -98.801298495719735, 20.363990032318583 ], [ -98.80383336742517, 20.363578720027043 ], [ -98.803613856772685, 20.362138320470102 ], [ -98.812091576445496, 20.357037940401675 ], [ -98.809126947125762, 20.355866848007075 ], [ -98.811292338777761, 20.355016957330484 ], [ -98.811111565112014, 20.353830129333687 ], [ -98.812626942175882, 20.352707461041419 ], [ -98.814409588790085, 20.354854150936973 ], [ -98.816420712852846, 20.352443625773589 ], [ -98.812658847074616, 20.350498058923876 ], [ -98.806338897015479, 20.354928902829091 ], [ -98.806817595125992, 20.358668162533771 ], [ -98.80366819439665, 20.36052160275143 ], [ -98.804245246481216, 20.35457513868446 ], [ -98.807923724417492, 20.350028396306172 ], [ -98.803563578091413, 20.343487888895464 ], [ -98.805927003039287, 20.340374232127839 ], [ -98.805585517721937, 20.336039764954677 ], [ -98.807707631873257, 20.331898858106555 ], [ -98.810776574073174, 20.329363486587496 ], [ -98.820369309634884, 20.330034201785541 ], [ -98.820449920655378, 20.325650244352985 ], [ -98.824100691158492, 20.324719077841092 ], [ -98.82213706412513, 20.322186288352832 ], [ -98.819895045757988, 20.321721691118015 ], [ -98.820233860055112, 20.318378306117637 ], [ -98.819073476365077, 20.317530752897142 ], [ -98.820009398993093, 20.317837449804721 ], [ -98.819304188793197, 20.314794446241613 ], [ -98.815491221575726, 20.313848524651522 ], [ -98.816996183507484, 20.316013439841669 ], [ -98.814011876668829, 20.313833523326181 ], [ -98.813628166764317, 20.310275217050158 ], [ -98.808083813458495, 20.313473462796996 ], [ -98.807173911104087, 20.310842155424989 ], [ -98.803009847425713, 20.311525616527813 ], [ -98.802925970324367, 20.313751184311485 ], [ -98.799809736414474, 20.313272432031091 ], [ -98.798193401974061, 20.317277063345593 ], [ -98.794610661119677, 20.315932880420547 ], [ -98.795145460058635, 20.317427966709705 ], [ -98.793520122056663, 20.318794124161979 ], [ -98.792731379116205, 20.315698507508607 ], [ -98.790003691670563, 20.316101480314789 ], [ -98.789385149206993, 20.313897650464455 ], [ -98.786583548950873, 20.313837366915294 ], [ -98.786292091322608, 20.311613094182999 ], [ -98.784035420774501, 20.311624768654127 ], [ -98.797890749349193, 20.292178178521365 ], [ -98.803580119093226, 20.288929983371705 ], [ -98.805055936164138, 20.285811342104815 ], [ -98.808977772979731, 20.285363646097263 ], [ -98.810467629166666, 20.279671981725144 ], [ -98.814200723252711, 20.277464626607589 ], [ -98.81492377914384, 20.273122774031656 ], [ -98.820401968513295, 20.26860301977953 ], [ -98.817428799867443, 20.264673017283275 ], [ -98.818216153716165, 20.262088136671739 ], [ -98.813369468003415, 20.26276151098163 ], [ -98.811407258060683, 20.256920403045989 ], [ -98.810200625963105, 20.256814827321445 ], [ -98.812276122749054, 20.253196276741544 ], [ -98.811307800589049, 20.252344089316029 ], [ -98.812946600207056, 20.251504814640263 ], [ -98.812465117757569, 20.249525064445109 ], [ -98.814330912180452, 20.249393970653696 ], [ -98.814660231458859, 20.247740518834551 ], [ -98.815957679252449, 20.249081908368268 ], [ -98.815327626897755, 20.250740365636695 ], [ -98.818208334462241, 20.252783020560909 ], [ -98.815527572452453, 20.257864880244316 ], [ -98.816360230928879, 20.259136226151366 ], [ -98.819478544931656, 20.257142505390167 ], [ -98.828445106676767, 20.258944669896245 ], [ -98.831132484557898, 20.258561412930394 ], [ -98.834860054560963, 20.254354648319701 ], [ -98.832094849777775, 20.252600416988656 ], [ -98.829597467434439, 20.25326200201328 ], [ -98.827859536245043, 20.251863003777963 ], [ -98.829453875715927, 20.250674136658162 ], [ -98.834907015883942, 20.250908568848335 ], [ -98.843498943499554, 20.247906112914901 ], [ -98.847181230312671, 20.248973781860467 ], [ -98.851351396192101, 20.246058767691917 ], [ -98.854775018250521, 20.252108373191867 ], [ -98.857121109628267, 20.251996738935283 ], [ -98.857714550343147, 20.255027801718729 ], [ -98.864313319598224, 20.259019008212245 ], [ -98.858222481247608, 20.263801536108286 ], [ -98.858936770184343, 20.265015213336465 ], [ -98.867272217773873, 20.268435398743193 ], [ -98.872088973174598, 20.266711028533617 ], [ -98.871963742321753, 20.262461538317289 ], [ -98.873637923581043, 20.262314231602833 ], [ -98.875141025204343, 20.262656892719296 ], [ -98.873861894766264, 20.263772622419602 ], [ -98.878367650611807, 20.266488639940555 ], [ -98.876845767227962, 20.268639374161754 ], [ -98.87022944635784, 20.270465512199266 ], [ -98.86990128059503, 20.269405057910223 ], [ -98.866174488987284, 20.271571445106254 ], [ -98.865617043889102, 20.277965820451275 ], [ -98.869107810772505, 20.28433761553325 ], [ -98.867635550854104, 20.28893515111611 ], [ -98.863775778319635, 20.292461151179054 ], [ -98.860270530709258, 20.28747878597451 ], [ -98.853918381669146, 20.290909657048658 ], [ -98.851746544226074, 20.289630180651084 ], [ -98.85152736992346, 20.296682525234239 ], [ -98.849814219691751, 20.297695183940206 ], [ -98.852495663583696, 20.300309625790803 ], [ -98.848937636921022, 20.30510260832002 ], [ -98.851032946965816, 20.308218496175609 ], [ -98.852781797369431, 20.308466163436275 ], [ -98.859785595065802, 20.308890491184073 ], [ -98.860069610467789, 20.306595385649707 ], [ -98.864154151360978, 20.304689390117595 ], [ -98.867069895335959, 20.306960349056748 ], [ -98.868724832347979, 20.305658313595277 ], [ -98.865023913931225, 20.300133964176212 ], [ -98.866395010748491, 20.296872817608591 ], [ -98.877570863660978, 20.294109651716202 ], [ -98.881104186805374, 20.290859802853511 ], [ -98.877305752095594, 20.29897959242863 ], [ -98.883040559807796, 20.302200955811351 ], [ -98.883727824201884, 20.297615416007801 ], [ -98.888177366970453, 20.295528885188673 ], [ -98.886178629503604, 20.290394627419751 ], [ -98.8912034411577, 20.300252186994406 ], [ -98.891720680598652, 20.305913192412337 ], [ -98.888080511280037, 20.306907275876437 ], [ -98.887633112861408, 20.308280167054154 ], [ -98.889193576003109, 20.311914637228195 ], [ -98.8882018942831, 20.314430364429438 ], [ -98.891346016806921, 20.314189640712112 ], [ -98.89080018372681, 20.317834812783101 ], [ -98.89566532990672, 20.318031324726725 ], [ -98.895241839838718, 20.334808487414993 ], [ -98.885231828999693, 20.333861602779422 ], [ -98.883212390910899, 20.324996565576985 ], [ -98.877803986621657, 20.320401501037139 ], [ -98.87399171722781, 20.31943780889787 ], [ -98.871525569698434, 20.320389764699812 ], [ -98.87471117655754, 20.327543098728238 ], [ -98.877339555141987, 20.329065924039085 ], [ -98.874827555782048, 20.334263159198279 ], [ -98.880726487392721, 20.338978416788734 ], [ -98.883643357681223, 20.338322814111894 ], [ -98.884708715548882, 20.339769255578013 ], [ -98.883298405706185, 20.350300419856264 ], [ -98.878515196332827, 20.354063463767648 ], [ -98.878196215856491, 20.357276584301577 ], [ -98.879008915654055, 20.3544232573072 ], [ -98.881955920452242, 20.353323820823498 ], [ -98.885398969923912, 20.35445740031415 ], [ -98.889734860135022, 20.35177383013195 ], [ -98.891046356066965, 20.341217585906527 ], [ -98.891674839223029, 20.339500272982644 ], [ -98.894619127806791, 20.338300137449952 ], [ -98.890516956640937, 20.3510324143882 ], [ -98.885680215854237, 20.36003041134169 ], [ -98.881276191988661, 20.358260469252553 ], [ -98.878705590906293, 20.360084592835157 ], [ -98.879403443781598, 20.362561556148226 ], [ -98.883757086589071, 20.365069350677473 ], [ -98.883307673021761, 20.367058857322469 ], [ -98.884922273060724, 20.369146135325835 ], [ -98.882923729481774, 20.371900086124572 ], [ -98.884100930331684, 20.374231957541873 ], [ -98.882881856468558, 20.37699258192135 ], [ -98.877707040577548, 20.380180823788706 ], [ -98.880459422959433, 20.38089047458153 ], [ -98.886702161049641, 20.376955058919311 ], [ -98.889320246048399, 20.380460429161698 ], [ -98.889215555629661, 20.382976845706626 ], [ -98.88518981905537, 20.383991897951766 ], [ -98.886106033138205, 20.387723078235837 ], [ -98.884933079031427, 20.389380163135645 ], [ -98.886929866824431, 20.388055944082378 ], [ -98.889527687276342, 20.389731204844555 ], [ -98.887116882927828, 20.392389483743631 ], [ -98.887304735460361, 20.395587369655402 ], [ -98.88911186058634, 20.395020700804476 ], [ -98.888995395759167, 20.399579649514969 ], [ -98.890982934207699, 20.393647141214874 ], [ -98.888574048309991, 20.393585847331654 ], [ -98.890952624166147, 20.391674670210151 ], [ -98.889497610168419, 20.387459876118683 ], [ -98.890609597438214, 20.383694982084869 ], [ -98.893472893102967, 20.38841380604843 ], [ -98.898735465498291, 20.403418315399225 ], [ -98.901022384317898, 20.416526355446404 ], [ -98.892514096209283, 20.412949525648514 ], [ -98.890372527297572, 20.414132027068099 ], [ -98.885762542108949, 20.413450939343765 ], [ -98.885307810022823, 20.415856752345281 ], [ -98.891641039208977, 20.420058574815169 ], [ -98.89691612133069, 20.418400290672643 ], [ -98.898196274784368, 20.416424408353855 ], [ -98.901033221316027, 20.416841335457374 ], [ -98.900565624424644, 20.431658884155034 ], [ -98.900270162675952, 20.429082393126425 ] ], [ [ -98.806061362597944, 20.344566408225429 ], [ -98.806509717664895, 20.34658360833123 ], [ -98.808271136167349, 20.345735071266741 ], [ -98.806061362597944, 20.344566408225429 ] ], [ [ -98.812632391103065, 20.34818864049403 ], [ -98.813004372358421, 20.349716019044358 ], [ -98.817572343373058, 20.351090177313697 ], [ -98.816033465733909, 20.346729262339579 ], [ -98.811573831819032, 20.341896004555338 ], [ -98.81253569224917, 20.336235922237918 ], [ -98.810860324771241, 20.335731816200273 ], [ -98.809026626047725, 20.338587851777021 ], [ -98.80778594874306, 20.335838343915565 ], [ -98.811711636692536, 20.332823625093678 ], [ -98.810716492396338, 20.331533314757753 ], [ -98.806712273011641, 20.335750225253406 ], [ -98.807601795696058, 20.340757666115731 ], [ -98.806064745221406, 20.341855115415196 ], [ -98.806455977631714, 20.343329022300946 ], [ -98.810575816989953, 20.342445216348413 ], [ -98.810167317721934, 20.344188979235515 ], [ -98.814895463035356, 20.347632487893691 ], [ -98.812632391103065, 20.34818864049403 ] ], [ [ -98.811711636692536, 20.332823625093678 ], [ -98.812346694276386, 20.333987003553595 ], [ -98.814852999752844, 20.333219841213079 ], [ -98.811711636692536, 20.332823625093678 ] ], [ [ -98.812632391103065, 20.34818864049403 ], [ -98.812123389973451, 20.347040625404251 ], [ -98.810472601687636, 20.347820039105553 ], [ -98.812632391103065, 20.34818864049403 ] ], [ [ -98.813114514521018, 20.301360280074356 ], [ -98.811983871912076, 20.29956732865336 ], [ -98.809613085275444, 20.299711456773593 ], [ -98.806365546343343, 20.301972010225665 ], [ -98.806341414414433, 20.303808774742773 ], [ -98.807540219320302, 20.305257974066691 ], [ -98.813114514521018, 20.301360280074356 ] ], [ [ -98.813563079388928, 20.355419757741942 ], [ -98.813936863179336, 20.357474036433445 ], [ -98.814783410708728, 20.355923686976666 ], [ -98.813563079388928, 20.355419757741942 ] ], [ [ -98.815415031161436, 20.378015815674296 ], [ -98.815788892257586, 20.38007008570203 ], [ -98.816635545597222, 20.378519732078523 ], [ -98.815415031161436, 20.378015815674296 ] ], [ [ -98.818068475069296, 20.366599876414096 ], [ -98.816368476486701, 20.366267900999272 ], [ -98.816743176481964, 20.369153012792047 ], [ -98.819744131797137, 20.370617361863612 ], [ -98.820438644787373, 20.369147696876873 ], [ -98.81750109437462, 20.367714206206848 ], [ -98.818068475069296, 20.366599876414096 ] ], [ [ -98.81914791115382, 20.399709999774519 ], [ -98.818423277181537, 20.401108133723142 ], [ -98.82215486479835, 20.405076411689684 ], [ -98.824157165217741, 20.403940910627178 ], [ -98.81914791115382, 20.399709999774519 ] ], [ [ -98.824686830972126, 20.316531979310277 ], [ -98.828750563147352, 20.316061262019026 ], [ -98.832870871580297, 20.312146074759283 ], [ -98.837465373690932, 20.312715085996143 ], [ -98.838706060727759, 20.310949535490721 ], [ -98.841950258084339, 20.31242114751101 ], [ -98.842330863800711, 20.307545911395962 ], [ -98.845185607154392, 20.307060415209396 ], [ -98.841470089109819, 20.304412364603348 ], [ -98.838462596158678, 20.308318383992212 ], [ -98.83308810376019, 20.309939132546344 ], [ -98.827819843593943, 20.307064983202988 ], [ -98.818790310939093, 20.309682808925562 ], [ -98.819149698889589, 20.313828364187437 ], [ -98.823266277677391, 20.314277827507926 ], [ -98.824686830972126, 20.316531979310277 ] ], [ [ -98.827025373646336, 20.382860502533294 ], [ -98.823427032405917, 20.380882233758786 ], [ -98.822589802138367, 20.378351467732546 ], [ -98.820112749680547, 20.378020721828566 ], [ -98.824630098610399, 20.383776105116308 ], [ -98.827025373646336, 20.382860502533294 ] ], [ [ -98.824173204539889, 20.332269100802087 ], [ -98.821689416336795, 20.32884987626408 ], [ -98.821106419223042, 20.331025956743275 ], [ -98.824173204539889, 20.332269100802087 ] ], [ [ -98.825160045051021, 20.40833550244685 ], [ -98.821957590706177, 20.407846732489283 ], [ -98.824339959360444, 20.411271455084144 ], [ -98.825160045051021, 20.40833550244685 ] ], [ [ -98.83825355904321, 20.263464446570538 ], [ -98.835169517158889, 20.262799371924995 ], [ -98.833321048771168, 20.260366438291456 ], [ -98.8307214586128, 20.262461480970945 ], [ -98.82213012307264, 20.264676494041776 ], [ -98.824941459201085, 20.265540041510747 ], [ -98.823585521449431, 20.267767717328532 ], [ -98.827908002419505, 20.270295528062356 ], [ -98.837396401420634, 20.26868045982318 ], [ -98.83825355904321, 20.263464446570538 ] ], [ [ -98.838361478268695, 20.382259830831106 ], [ -98.836085365963712, 20.380969805819646 ], [ -98.831546601572114, 20.381207521822077 ], [ -98.827152639462227, 20.373633724527899 ], [ -98.824782546585567, 20.374410818215392 ], [ -98.828097779107921, 20.384497465051727 ], [ -98.830802427989312, 20.385562406011623 ], [ -98.838361478268695, 20.382259830831106 ] ], [ [ -98.826089697873286, 20.326111009818192 ], [ -98.8248695624129, 20.325607159302603 ], [ -98.825243428433595, 20.327661421395074 ], [ -98.826089697873286, 20.326111009818192 ] ], [ [ -98.832875060544808, 20.360537999103446 ], [ -98.836782192468078, 20.357802391812541 ], [ -98.833445883425739, 20.35695474964821 ], [ -98.828345728258697, 20.346143084418024 ], [ -98.831430672629182, 20.339460715553383 ], [ -98.829964736168222, 20.33697378219021 ], [ -98.833351497229387, 20.333508623462816 ], [ -98.833582520888783, 20.330931224654332 ], [ -98.831106344656206, 20.327342772574532 ], [ -98.824906903251204, 20.332553572976693 ], [ -98.826423906279459, 20.335726995571999 ], [ -98.825108961200556, 20.338181424230648 ], [ -98.830668939277984, 20.357194034991608 ], [ -98.828572876205357, 20.359525677875784 ], [ -98.83079986187785, 20.362996249040368 ], [ -98.832736400710218, 20.362369557165721 ], [ -98.832875060544808, 20.360537999103446 ] ], [ [ -98.828628462743467, 20.323803346617396 ], [ -98.8274557702631, 20.326636840312752 ], [ -98.831328610366256, 20.324215491763812 ], [ -98.828628462743467, 20.323803346617396 ] ], [ [ -98.832299457621829, 20.403338189901714 ], [ -98.831790132021993, 20.402190236108101 ], [ -98.830138851874864, 20.402969827302055 ], [ -98.832299457621829, 20.403338189901714 ] ], [ [ -98.842122992903853, 20.373366371912645 ], [ -98.835166505301515, 20.370419190353033 ], [ -98.834828776909035, 20.366151196086339 ], [ -98.832440998002824, 20.365491059322345 ], [ -98.835553489142285, 20.37677374932305 ], [ -98.839685029161643, 20.377237330583977 ], [ -98.842122992903853, 20.373366371912645 ] ], [ [ -98.846642234776311, 20.262409803573092 ], [ -98.845964512729765, 20.258498575934766 ], [ -98.848674165709738, 20.255428574361879 ], [ -98.837678416380314, 20.252089216053193 ], [ -98.83603535328065, 20.257008782505412 ], [ -98.837455436667568, 20.259780246119714 ], [ -98.842199513277635, 20.263336760361803 ], [ -98.846642234776311, 20.262409803573092 ] ], [ [ -98.84497265510565, 20.329957100687267 ], [ -98.842572989954576, 20.328869926975031 ], [ -98.840829959668142, 20.331948795188865 ], [ -98.84497265510565, 20.329957100687267 ] ], [ [ -98.840829959668142, 20.331948795188865 ], [ -98.836755954738251, 20.333284583281149 ], [ -98.839717794789053, 20.33405892450687 ], [ -98.840829959668142, 20.331948795188865 ] ], [ [ -98.841218589743534, 20.32706116513237 ], [ -98.843879975991044, 20.327801844896776 ], [ -98.840838281297692, 20.32381488540852 ], [ -98.841218589743534, 20.32706116513237 ] ], [ [ -98.840838281297692, 20.32381488540852 ], [ -98.840329149600308, 20.322666948334078 ], [ -98.838678760215231, 20.323446633481073 ], [ -98.840838281297692, 20.32381488540852 ] ], [ [ -98.840072590896611, 20.268192510254725 ], [ -98.840666188309342, 20.274054906135738 ], [ -98.839555055449267, 20.275536268821092 ], [ -98.841016367871305, 20.280258627090895 ], [ -98.84345086028749, 20.279942448099405 ], [ -98.847009067634957, 20.281934033437764 ], [ -98.8470225460389, 20.285377488919867 ], [ -98.853201616764537, 20.286078664211704 ], [ -98.855449260869648, 20.281396918696906 ], [ -98.859233659368343, 20.27965779550026 ], [ -98.860664073542395, 20.277146650198954 ], [ -98.858672959973688, 20.276379348428392 ], [ -98.86082272003587, 20.274451643608565 ], [ -98.861607273715691, 20.270152876580543 ], [ -98.856358987412492, 20.267168699411517 ], [ -98.840072590896611, 20.268192510254725 ] ], [ [ -98.841715817856169, 20.384367996349464 ], [ -98.84296677437149, 20.388584332479635 ], [ -98.845620748756858, 20.389193916967173 ], [ -98.843291191274361, 20.384675453525613 ], [ -98.841715817856169, 20.384367996349464 ] ], [ [ -98.851878024046385, 20.359760386975484 ], [ -98.850607654396825, 20.353892807689096 ], [ -98.84537344697074, 20.343120883306518 ], [ -98.845355129070427, 20.350296914279653 ], [ -98.847903953946513, 20.359636187158728 ], [ -98.851878024046385, 20.359760386975484 ] ], [ [ -98.846770154715102, 20.404501621072882 ], [ -98.84761663572398, 20.402951120159429 ], [ -98.846395827198592, 20.402447419939481 ], [ -98.846770154715102, 20.404501621072882 ] ], [ [ -98.846578903936646, 20.39398629070897 ], [ -98.850305433594997, 20.394620573997496 ], [ -98.847345311449246, 20.392506876320876 ], [ -98.846578903936646, 20.39398629070897 ] ], [ [ -98.85052462963624, 20.390220658194878 ], [ -98.848288482138202, 20.388892650190499 ], [ -98.847012744341839, 20.391625108454033 ], [ -98.85052462963624, 20.390220658194878 ] ], [ [ -98.858194191571343, 20.310479733723891 ], [ -98.852157074638924, 20.313185639615657 ], [ -98.856335787402159, 20.314171030040029 ], [ -98.858729871071588, 20.312603753099726 ], [ -98.856654070641724, 20.312443751496183 ], [ -98.863365945641945, 20.311297120225785 ], [ -98.858194191571343, 20.310479733723891 ] ], [ [ -98.857979280803491, 20.386493129743688 ], [ -98.858943651159635, 20.384730073607855 ], [ -98.853930404963151, 20.384378651469856 ], [ -98.857979280803491, 20.386493129743688 ] ], [ [ -98.860824350353539, 20.33732003053484 ], [ -98.865041060326462, 20.336125970232846 ], [ -98.863096220376519, 20.334878340477804 ], [ -98.860824350353539, 20.33732003053484 ] ], [ [ -98.863838127869286, 20.382822841953388 ], [ -98.865489025523857, 20.382042927466905 ], [ -98.863328635376277, 20.381674977438255 ], [ -98.863838127869286, 20.382822841953388 ] ], [ [ -98.86893853436213, 20.414214720461111 ], [ -98.868937004513626, 20.416022240073488 ], [ -98.871756334664056, 20.41602433811946 ], [ -98.871757831603844, 20.414216818305206 ], [ -98.86893853436213, 20.414214720461111 ] ], [ [ -98.871865364469372, 20.372809737244022 ], [ -98.87398819531613, 20.371002098318279 ], [ -98.871794456101441, 20.369932464498984 ], [ -98.871865364469372, 20.372809737244022 ] ] ], [ [ [ -98.823913798486686, 20.249529579941328 ], [ -98.829652571591012, 20.245781687398246 ], [ -98.835675517243715, 20.245845446137679 ], [ -98.837707487626759, 20.244522662585211 ], [ -98.839768419473771, 20.245389723232499 ], [ -98.839153858926338, 20.246420755668346 ], [ -98.831571408079199, 20.246737282160836 ], [ -98.82551799871716, 20.250284720282316 ], [ -98.823913798486686, 20.249529579941328 ] ] ], [ [ [ -98.962296290149297, 20.550054725104481 ], [ -98.963300228743492, 20.548808549201084 ], [ -98.961984232303195, 20.548004140645403 ], [ -98.96387782077052, 20.545551057808261 ], [ -98.961939027119683, 20.5446722160689 ], [ -98.962864108131697, 20.542887381200966 ], [ -98.961091288499532, 20.541891246208912 ], [ -98.96018565097836, 20.535877458408883 ], [ -98.958979911589452, 20.535893478719348 ], [ -98.958899632456138, 20.533698647162161 ], [ -98.957065924634662, 20.533695288489657 ], [ -98.957661688375012, 20.531490309548474 ], [ -98.953422474940822, 20.528879821009966 ], [ -98.952205001074702, 20.526203426309458 ], [ -98.950516627045033, 20.527193045683386 ], [ -98.949113229301659, 20.526308862063214 ], [ -98.954715168152845, 20.523302990141886 ], [ -98.963700095034241, 20.536355995752967 ], [ -98.97081485473754, 20.554834806143546 ], [ -98.968061646236663, 20.557605708459441 ], [ -98.966114236274322, 20.557469959451847 ], [ -98.962296290149297, 20.550054725104481 ] ] ], [ [ [ -99.221712480684232, 20.666208691392967 ], [ -99.220094417711508, 20.672571352539602 ], [ -99.220837573269989, 20.675733347873461 ], [ -99.219231842490913, 20.677972547303447 ], [ -99.214104090810423, 20.670637339922688 ], [ -99.213006578616003, 20.665966534897763 ], [ -99.215679920334708, 20.665002336997087 ], [ -99.216061078229842, 20.66265979216934 ], [ -99.217596252100847, 20.663035980334072 ], [ -99.21723211545941, 20.664605668150852 ], [ -99.221712480684232, 20.666208691392967 ] ] ], [ [ [ -99.519479137398193, 20.378567370919768 ], [ -99.518798429849497, 20.380851538280137 ], [ -99.521167293733399, 20.382128647874264 ], [ -99.51630322917363, 20.384909322313579 ], [ -99.51865091017298, 20.387353742544377 ], [ -99.51710526026497, 20.388763569239426 ], [ -99.518791542228215, 20.389737458904573 ], [ -99.520124808030744, 20.397569620446376 ], [ -99.516678074289104, 20.396713601411541 ], [ -99.515623189454516, 20.399302017780911 ], [ -99.512406777426307, 20.400307340702511 ], [ -99.509940367394535, 20.399037668558119 ], [ -99.510427862404896, 20.396319728334326 ], [ -99.506394330747625, 20.394139142135288 ], [ -99.501006787978611, 20.399569030142093 ], [ -99.500793901062465, 20.398111271343581 ], [ -99.492002512140843, 20.399674437480343 ], [ -99.487450971471645, 20.39649871072012 ], [ -99.487177189195492, 20.394818386118352 ], [ -99.489790329234225, 20.393724240703033 ], [ -99.48649061930233, 20.392968327730753 ], [ -99.486560064356212, 20.39188434628554 ], [ -99.490025081746978, 20.391863487573232 ], [ -99.490401359943434, 20.390749541953763 ], [ -99.492869975719799, 20.392743930090184 ], [ -99.496028060187413, 20.391061569387734 ], [ -99.496980479095541, 20.393485540606289 ], [ -99.4978048672331, 20.389965568136276 ], [ -99.494221501835796, 20.390508210148035 ], [ -99.489145944787623, 20.388329099061583 ], [ -99.487555885828229, 20.389732064309083 ], [ -99.483829780299416, 20.389630039679432 ], [ -99.48145703852714, 20.391914210240614 ], [ -99.479956114066454, 20.39158414306107 ], [ -99.480558424777399, 20.390324990470933 ], [ -99.478126592868477, 20.391784654361157 ], [ -99.475590363086894, 20.391253150205884 ], [ -99.474604897008419, 20.390121641488335 ], [ -99.477616676827864, 20.391201085960095 ], [ -99.480553572531491, 20.387152502906755 ], [ -99.482592016938753, 20.387483261664539 ], [ -99.485328984441026, 20.383732194894552 ], [ -99.487422841296407, 20.383126041110724 ], [ -99.487523228678725, 20.381366416151334 ], [ -99.478389957354395, 20.381258204594655 ], [ -99.477302020256616, 20.380305100683085 ], [ -99.482529498098742, 20.380164826056916 ], [ -99.479525765455435, 20.379630468625841 ], [ -99.475985572770355, 20.376645654641123 ], [ -99.471646498972092, 20.376239985428633 ], [ -99.470400488330895, 20.375035301074398 ], [ -99.471614418183265, 20.372196885904142 ], [ -99.470196494542947, 20.370946209855024 ], [ -99.463992076187466, 20.37183583200202 ], [ -99.463940135981673, 20.366610397628477 ], [ -99.461707200927833, 20.365468954793698 ], [ -99.46282783688298, 20.361971405211428 ], [ -99.460076618284006, 20.362455548019458 ], [ -99.46141135389729, 20.360103070629027 ], [ -99.456374418902726, 20.360564824420376 ], [ -99.466488995716333, 20.358020786322157 ], [ -99.468946568096641, 20.354254597174702 ], [ -99.466993953391935, 20.348448212289782 ], [ -99.472284354399832, 20.340733539290554 ], [ -99.480632864926918, 20.339987328612242 ], [ -99.481996762328592, 20.341507079470784 ], [ -99.48216792674404, 20.346412048186661 ], [ -99.486218858328485, 20.349362341823678 ], [ -99.486235485746107, 20.35104077011944 ], [ -99.494863517840685, 20.350530430438774 ], [ -99.496025604963862, 20.353127872351781 ], [ -99.504661070143484, 20.35380857415927 ], [ -99.504473099171392, 20.356185040776413 ], [ -99.506443117161993, 20.357456901442134 ], [ -99.508109769477826, 20.354827239864989 ], [ -99.510750282283894, 20.355557150765129 ], [ -99.51041330924761, 20.359506786699239 ], [ -99.512443182029386, 20.35968574797791 ], [ -99.512192175263792, 20.361042275799306 ], [ -99.514970899520094, 20.363435486756892 ], [ -99.508748277192083, 20.36496033184503 ], [ -99.514733191415985, 20.370910489056833 ], [ -99.515728257665003, 20.37479480867497 ], [ -99.527701662918261, 20.375608177137774 ], [ -99.519479137398193, 20.378567370919768 ] ] ] ] } },
{ "type": "Feature", "properties": { "CUENCA": "Valle de Mexico", "Prioridad": "Extrema", "Tipo": "Matorral" }, "geometry": { "type": "MultiPolygon", "coordinates": [ [ [ [ -99.077954004908392, 20.445970992613315 ], [ -99.077407451254828, 20.446915436968446 ], [ -99.074792366464564, 20.444695713466608 ], [ -99.073627084615069, 20.445913812765504 ], [ -99.072121941684259, 20.444548896866152 ], [ -99.071681361553914, 20.445792583685012 ], [ -99.070014685973376, 20.44483516390768 ], [ -99.069249885417335, 20.445722374562706 ], [ -99.066582701943645, 20.443819604585524 ], [ -99.06521926609615, 20.44439677586157 ], [ -99.064727308842038, 20.442973120205799 ], [ -99.059701046543879, 20.445273621338476 ], [ -99.058631216578092, 20.444327811631975 ], [ -99.053713158704724, 20.445110131886533 ], [ -99.04781001746133, 20.441591703579 ], [ -99.04620918363905, 20.437410877850589 ], [ -99.047704810481761, 20.433162910944436 ], [ -99.045639482381034, 20.432657268813006 ], [ -99.049290638305891, 20.429237557332083 ], [ -99.0499442375705, 20.424942287546152 ], [ -99.055896848985071, 20.422744480417503 ], [ -99.057058229359001, 20.426891473483348 ], [ -99.060467852724472, 20.425854377881851 ], [ -99.060715570879864, 20.43001572275675 ], [ -99.067294928348019, 20.428058584332621 ], [ -99.068056154525493, 20.432123615841466 ], [ -99.071547838188067, 20.431062958225187 ], [ -99.073692609055556, 20.431530708389662 ], [ -99.073120602258044, 20.43304794693141 ], [ -99.077959845272105, 20.431987340657972 ], [ -99.077821352527394, 20.434896369563777 ], [ -99.081687853619087, 20.435438335590565 ], [ -99.081432809284536, 20.437154255896747 ], [ -99.089782930474513, 20.436313304143408 ], [ -99.088385713624632, 20.438519248862178 ], [ -99.092243598971379, 20.438555602397784 ], [ -99.092704526375826, 20.439982583630691 ], [ -99.090888526129362, 20.440393207765293 ], [ -99.092476716468113, 20.442471776596307 ], [ -99.086410768985189, 20.444760332309247 ], [ -99.089747827437449, 20.446913585183946 ], [ -99.089417432353244, 20.448092002448156 ], [ -99.087030425423478, 20.44865767824891 ], [ -99.077954004908392, 20.445970992613315 ] ] ], [ [ [ -99.207515301652478, 20.442139739193074 ], [ -99.205703251224293, 20.440684529021702 ], [ -99.207694578625777, 20.437434961666902 ], [ -99.205677605724489, 20.438181701220365 ], [ -99.206520709255884, 20.436130274830937 ], [ -99.204629830224732, 20.43704008608119 ], [ -99.204162317670523, 20.434606964041986 ], [ -99.202475638782445, 20.434387305703844 ], [ -99.204663863292737, 20.431164761445654 ], [ -99.211368729846839, 20.431234815044249 ], [ -99.20495773634255, 20.432341639337771 ], [ -99.207907091535432, 20.434440369589453 ], [ -99.21322770021213, 20.431878193786162 ], [ -99.224251136053496, 20.432119239815705 ], [ -99.229247718659394, 20.434728239203942 ], [ -99.229761812138918, 20.436840653500408 ], [ -99.231516107122616, 20.4365250248743 ], [ -99.213142754676625, 20.442129200208733 ], [ -99.207515301652478, 20.442139739193074 ] ] ], [ [ [ -98.975996879795503, 20.573348589350186 ], [ -98.97279941223357, 20.571944507898021 ], [ -98.972769010108564, 20.568788582041527 ], [ -98.9745741180419, 20.567550820148753 ], [ -98.975996879795503, 20.573348589350186 ] ] ], [ [ [ -98.953889509130562, 20.633504233937408 ], [ -98.957044397454766, 20.632882757481678 ], [ -98.95491342084253, 20.629728923777769 ], [ -98.945390695210591, 20.624462855295999 ], [ -98.948408291229526, 20.610017428607232 ], [ -98.947054601157149, 20.606198222928374 ], [ -98.948561452861483, 20.606757273541195 ], [ -98.95175496136963, 20.60443807605153 ], [ -98.954714261772054, 20.605342690455302 ], [ -98.958372325167502, 20.581219415455042 ], [ -98.957231522130954, 20.576934421566786 ], [ -98.958174440217917, 20.573677817258464 ], [ -98.960475941507639, 20.572306950644084 ], [ -98.959365213799231, 20.573540237828432 ], [ -98.963592942506708, 20.577934087088686 ], [ -98.964042011288896, 20.581955124965468 ], [ -98.961281835391461, 20.589560260985944 ], [ -98.962900831996592, 20.59467473944941 ], [ -98.965020855528991, 20.596383419096831 ], [ -98.96327085465937, 20.598361865520197 ], [ -98.964275055227546, 20.601586044711084 ], [ -98.961452236477228, 20.603394643173193 ], [ -98.96355461638133, 20.606629972537405 ], [ -98.961672761616015, 20.612006271522752 ], [ -98.966178012388966, 20.612626235726662 ], [ -98.968660799518062, 20.614487844440006 ], [ -98.966612304659193, 20.624213582727482 ], [ -98.964180097666016, 20.628223499598214 ], [ -98.957961814113574, 20.632032401873815 ], [ -98.956134540803262, 20.635799785223266 ], [ -98.951975275705507, 20.636049919191144 ], [ -98.953889509130562, 20.633504233937408 ] ] ], [ [ [ -99.000182303355402, 20.63089854433376 ], [ -98.993267337975993, 20.622097184818085 ], [ -98.996212446649324, 20.617627169976085 ], [ -99.000182303355402, 20.63089854433376 ] ] ], [ [ [ -99.003651619999516, 20.645247229638187 ], [ -99.000214453225922, 20.640011895770641 ], [ -99.000865086180681, 20.633158793912116 ], [ -99.003651619999516, 20.645247229638187 ] ] ], [ [ [ -98.99949714337103, 20.647566535517427 ], [ -98.999884327137366, 20.643488852693352 ], [ -99.004368349380641, 20.647471070855136 ], [ -99.007913233622901, 20.661534202700057 ], [ -99.005518535903079, 20.658543581497614 ], [ -99.005326778634753, 20.651429859813891 ], [ -99.002296417920363, 20.652664969233967 ], [ -98.999079205540951, 20.651967846998719 ], [ -99.003083038465377, 20.649961858160943 ], [ -98.99949714337103, 20.647566535517427 ] ] ], [ [ [ -99.035474035893159, 20.773451923384926 ], [ -99.037226251370612, 20.769223289800159 ], [ -99.036651013947534, 20.76541226631926 ], [ -99.032691637392048, 20.764645028609639 ], [ -99.031491846480307, 20.762508198849702 ], [ -99.028812680454692, 20.761735830331165 ], [ -99.026834578915569, 20.758043070193423 ], [ -99.025369668077303, 20.763998220211473 ], [ -99.030740961209389, 20.771756336145163 ], [ -99.023164548012033, 20.770045951741743 ], [ -99.012791142295924, 20.762671396958961 ], [ -99.012138077264524, 20.750092000640013 ], [ -99.008843484880373, 20.747488684946973 ], [ -99.013781467058365, 20.745057854743152 ], [ -99.015711861944013, 20.746168976852477 ], [ -99.015674610353059, 20.750931170657452 ], [ -99.019989737047993, 20.746841977743195 ], [ -99.021139978218613, 20.747713921620072 ], [ -99.020898891750178, 20.753280070785838 ], [ -99.02395390217562, 20.752965474708752 ], [ -99.025141701719178, 20.750279214540889 ], [ -99.021091735766021, 20.734284371455942 ], [ -99.015524175005254, 20.735606158517744 ], [ -99.014797334785655, 20.740994325415347 ], [ -99.010420354471435, 20.739171633521654 ], [ -99.007235525281402, 20.740459316638855 ], [ -99.006909056058447, 20.74234973519588 ], [ -99.010073242388643, 20.743300986337498 ], [ -99.008559792684792, 20.74722209005985 ], [ -99.004655013994991, 20.738872690597411 ], [ -99.004694381170722, 20.737472472208381 ], [ -99.009844405425966, 20.735893492416142 ], [ -99.009818987603936, 20.733638180923336 ], [ -99.015821942303617, 20.729426953853377 ], [ -99.019216507858332, 20.721612459449048 ], [ -99.022610965352598, 20.722483169465196 ], [ -99.023919830418961, 20.720492419029451 ], [ -99.019096105830556, 20.713216553632105 ], [ -99.021621857138612, 20.710801718308918 ], [ -99.016135014882934, 20.704811478482487 ], [ -99.016234418248686, 20.701527967791854 ], [ -99.018158416846305, 20.698913306957657 ], [ -99.017477511910997, 20.696889722099613 ], [ -99.009848448325926, 20.689392935727252 ], [ -99.004229615048416, 20.680944982050921 ], [ -99.008945348594224, 20.675391213450478 ], [ -99.008753743598248, 20.666183910651878 ], [ -99.009391024624989, 20.67539237814281 ], [ -99.02096497681238, 20.700897552991279 ], [ -99.023934410091798, 20.718875138026295 ], [ -99.027557107391416, 20.719242725073283 ], [ -99.029601577971093, 20.72274313276073 ], [ -99.029456540816938, 20.734253678171246 ], [ -99.032928352454192, 20.734919544103072 ], [ -99.033879357215568, 20.737395120892131 ], [ -99.036995475953859, 20.739451330632107 ], [ -99.037878637894906, 20.743010677427883 ], [ -99.048328525611311, 20.749193392672332 ], [ -99.058123706274543, 20.75737280917421 ], [ -99.054967882677616, 20.759237848913255 ], [ -99.058213510275763, 20.76562329387637 ], [ -99.050157581801258, 20.765524507825269 ], [ -99.040774981005896, 20.770399680724317 ], [ -99.036423740132378, 20.775756985351659 ], [ -99.035474035893159, 20.773451923384926 ] ] ], [ [ [ -98.424971491734681, 19.733601922126194 ], [ -98.415619212697948, 19.736186902849081 ], [ -98.409046213812559, 19.740971158056301 ], [ -98.412481524524765, 19.737422442200518 ], [ -98.412352155936176, 19.73512229802051 ], [ -98.415317478934426, 19.733159704087573 ], [ -98.415294263383714, 19.72786867356875 ], [ -98.421054897095161, 19.726993154164841 ], [ -98.420886090270002, 19.730270658847608 ], [ -98.422467830956776, 19.73118862062946 ], [ -98.426692325131441, 19.725484281477907 ], [ -98.429361159528241, 19.725536089497343 ], [ -98.427927439402652, 19.73101052106275 ], [ -98.424971491734681, 19.733601922126194 ] ] ], [ [ [ -98.401160704976832, 19.753718707408709 ], [ -98.399817743550528, 19.748698557438757 ], [ -98.403350103389855, 19.746074013741712 ], [ -98.404207369412276, 19.748875259805413 ], [ -98.401160704976832, 19.753718707408709 ] ] ], [ [ [ -98.813772654128641, 20.352399340652809 ], [ -98.812626942175882, 20.352707461041419 ], [ -98.812949807827607, 20.351605901967595 ], [ -98.813772654128641, 20.352399340652809 ] ] ], [ [ [ -98.883496199593594, 20.363253636742325 ], [ -98.880061195965482, 20.361381355840351 ], [ -98.884622933604575, 20.361655427493247 ], [ -98.883496199593594, 20.363253636742325 ] ] ], [ [ [ -98.896632778526069, 20.450503370129727 ], [ -98.892860402478533, 20.444573415731998 ], [ -98.89392578024227, 20.443916464698084 ], [ -98.898132396083255, 20.444593831772689 ], [ -98.896763410010777, 20.458097196346412 ], [ -98.894703592846895, 20.457899316967776 ], [ -98.896632778526069, 20.450503370129727 ] ] ], [ [ [ -98.895368620165726, 20.464700324552041 ], [ -98.894170761336525, 20.462825807269102 ], [ -98.895862459426255, 20.462321721561633 ], [ -98.895368620165726, 20.464700324552041 ] ] ], [ [ [ -98.916377732269751, 20.490260251129165 ], [ -98.913304272597784, 20.493911283059361 ], [ -98.909005284497724, 20.486857583995139 ], [ -98.916377732269751, 20.490260251129165 ] ] ], [ [ [ -98.939888717951618, 20.51677312992387 ], [ -98.942663446965, 20.518628167017052 ], [ -98.947229487430974, 20.51904977249421 ], [ -98.948761628350752, 20.51706885212004 ], [ -98.954715168152845, 20.523302990141886 ], [ -98.940187089762858, 20.529919169832333 ], [ -98.939224855691236, 20.52505304927363 ], [ -98.942789495140858, 20.522732673282849 ], [ -98.939888717951618, 20.51677312992387 ] ] ], [ [ [ -98.928433312215759, 20.639443908447848 ], [ -98.931106316835198, 20.63724459288207 ], [ -98.934807187199723, 20.637620089128951 ], [ -98.943073366283869, 20.634663589695009 ], [ -98.947725141749672, 20.638964348838606 ], [ -98.946540136745696, 20.638842936277488 ], [ -98.945316104542229, 20.642691030313937 ], [ -98.943854322507093, 20.641370980718438 ], [ -98.944023110553573, 20.644722705686998 ], [ -98.94315845902166, 20.642166136504301 ], [ -98.943237850750165, 20.647693349951304 ], [ -98.940762859726362, 20.646695218950512 ], [ -98.938713578130375, 20.649421480955123 ], [ -98.931833231380139, 20.652853309775249 ], [ -98.928433312215759, 20.639443908447848 ] ] ] ] } },
{ "type": "Feature", "properties": { "CUENCA": "Valle de Mexico", "Prioridad": "Muy alta", "Tipo": "Bosque" }, "geometry": { "type": "MultiPolygon", "coordinates": [ [ [ [ -98.871794456101441, 20.369932464498984 ], [ -98.87398819531613, 20.371002098318279 ], [ -98.871865364469372, 20.372809737244022 ], [ -98.871794456101441, 20.369932464498984 ] ] ], [ [ [ -98.853930404963151, 20.384378651469856 ], [ -98.858943651159635, 20.384730073607855 ], [ -98.857979280803491, 20.386493129743688 ], [ -98.853930404963151, 20.384378651469856 ] ] ], [ [ [ -98.85052462963624, 20.390220658194878 ], [ -98.847012744341839, 20.391625108454033 ], [ -98.848288482138202, 20.388892650190499 ], [ -98.85052462963624, 20.390220658194878 ] ] ], [ [ [ -98.952635320935642, 20.579461244794562 ], [ -98.954150838674281, 20.577103675314724 ], [ -98.95378200485257, 20.579945558264534 ], [ -98.952635320935642, 20.579461244794562 ] ] ], [ [ [ -98.958377959258286, 20.579051584181357 ], [ -98.957552784090097, 20.579843871398754 ], [ -98.957231018566148, 20.578741911586 ], [ -98.958377959258286, 20.579051584181357 ] ] ], [ [ [ -98.957495246519073, 20.582130302782261 ], [ -98.955348162785327, 20.583260159291743 ], [ -98.955825203668795, 20.581132808432191 ], [ -98.957495246519073, 20.582130302782261 ] ] ], [ [ [ -98.947986528920637, 20.582423644427042 ], [ -98.948350368743903, 20.581450723292971 ], [ -98.951952602673444, 20.581910032234994 ], [ -98.950722964105807, 20.583577343887494 ], [ -98.947986528920637, 20.582423644427042 ] ] ], [ [ [ -98.952334461800987, 20.582069550645251 ], [ -98.955348162785327, 20.583260159291743 ], [ -98.953042765732732, 20.586348077818226 ], [ -98.952334461800987, 20.582069550645251 ] ] ], [ [ [ -99.270675619723932, 20.636790640021847 ], [ -99.267788645832312, 20.638186537077473 ], [ -99.268228740299151, 20.636074792715146 ], [ -99.270675619723932, 20.636790640021847 ] ] ], [ [ [ -99.266641728581646, 20.63849770024607 ], [ -99.267788645832312, 20.638186537077473 ], [ -99.267468381074963, 20.639288896707185 ], [ -99.266641728581646, 20.63849770024607 ] ] ], [ [ [ -99.248620338381187, 20.660175584080253 ], [ -99.247804156281205, 20.658589493569668 ], [ -99.248998479049362, 20.658096745619822 ], [ -99.248620338381187, 20.660175584080253 ] ] ], [ [ [ -99.267257980344681, 20.677509078960931 ], [ -99.262646635747998, 20.678286683150422 ], [ -99.262205434648664, 20.675248029783692 ], [ -99.263870883208867, 20.677362332645764 ], [ -99.266522778776462, 20.676397988020142 ], [ -99.267257980344681, 20.677509078960931 ] ] ], [ [ [ -99.183146578263774, 20.688002358788278 ], [ -99.184284854282467, 20.688553621873552 ], [ -99.182515000188957, 20.691921546768977 ], [ -99.183146578263774, 20.688002358788278 ] ] ], [ [ [ -99.179395700817679, 20.700658521141591 ], [ -99.180534059264815, 20.701209806692386 ], [ -99.178763977536562, 20.704577689817008 ], [ -99.179395700817679, 20.700658521141591 ] ] ], [ [ [ -98.344755309137653, 19.742021868429301 ], [ -98.340119792918614, 19.740500982806786 ], [ -98.341958191524199, 19.737018328800623 ], [ -98.340845973042306, 19.7360566671661 ], [ -98.341406894454593, 19.732831735574855 ], [ -98.340125560764832, 19.732383687130266 ], [ -98.340779888837517, 19.730068131077882 ], [ -98.348644745624881, 19.729388125096005 ], [ -98.35234191258823, 19.736095283738035 ], [ -98.354757289677423, 19.736380685921944 ], [ -98.344755309137653, 19.742021868429301 ] ] ], [ [ [ -98.815491221575726, 20.313848524651522 ], [ -98.819304188793197, 20.314794446241613 ], [ -98.820009398993093, 20.317837449804721 ], [ -98.817749329249679, 20.317096826262773 ], [ -98.815491221575726, 20.313848524651522 ] ] ], [ [ [ -98.82824425211146, 20.324337596629043 ], [ -98.831328610366256, 20.324215491763812 ], [ -98.8274557702631, 20.326636840312752 ], [ -98.82824425211146, 20.324337596629043 ] ] ], [ [ [ -98.842572989954576, 20.328869926975031 ], [ -98.84497265510565, 20.329957100687267 ], [ -98.840829959668142, 20.331948795188865 ], [ -98.842572989954576, 20.328869926975031 ] ] ], [ [ [ -98.824173204539889, 20.332269100802087 ], [ -98.821106419223042, 20.331025956743275 ], [ -98.821689416336795, 20.32884987626408 ], [ -98.824173204539889, 20.332269100802087 ] ] ], [ [ [ -98.839717794789053, 20.33405892450687 ], [ -98.836755954738251, 20.333284583281149 ], [ -98.840829959668142, 20.331948795188865 ], [ -98.839717794789053, 20.33405892450687 ] ] ], [ [ [ -98.806455977631714, 20.343329022300946 ], [ -98.806064745221406, 20.341855115415196 ], [ -98.807601795696058, 20.340757666115731 ], [ -98.806712273011641, 20.335750225253406 ], [ -98.810716492396338, 20.331533314757753 ], [ -98.811711636692536, 20.332823625093678 ], [ -98.80778594874306, 20.335838343915565 ], [ -98.809026626047725, 20.338587851777021 ], [ -98.810860324771241, 20.335731816200273 ], [ -98.81253569224917, 20.336235922237918 ], [ -98.811573831819032, 20.341896004555338 ], [ -98.816033465733909, 20.346729262339579 ], [ -98.817572343373058, 20.351090177313697 ], [ -98.813004372358421, 20.349716019044358 ], [ -98.812632391103065, 20.34818864049403 ], [ -98.814895463035356, 20.347632487893691 ], [ -98.810167317721934, 20.344188979235515 ], [ -98.810575816989953, 20.342445216348413 ], [ -98.806455977631714, 20.343329022300946 ] ] ], [ [ [ -98.80366819439665, 20.36052160275143 ], [ -98.806817595125992, 20.358668162533771 ], [ -98.806338897015479, 20.354928902829091 ], [ -98.812658847074616, 20.350498058923876 ], [ -98.816420712852846, 20.352443625773589 ], [ -98.814409588790085, 20.354854150936973 ], [ -98.812626942175882, 20.352707461041419 ], [ -98.811111565112014, 20.353830129333687 ], [ -98.811292338777761, 20.355016957330484 ], [ -98.809126947125762, 20.355866848007075 ], [ -98.812091576445496, 20.357037940401675 ], [ -98.803613856772685, 20.362138320470102 ], [ -98.80383336742517, 20.363578720027043 ], [ -98.801298495719735, 20.363990032318583 ], [ -98.799195202485976, 20.362225216419816 ], [ -98.803195796522104, 20.358924650766042 ], [ -98.80366819439665, 20.36052160275143 ] ], [ [ -98.813772654128641, 20.352399340652809 ], [ -98.812949807827607, 20.351605901967595 ], [ -98.812626942175882, 20.352707461041419 ], [ -98.813772654128641, 20.352399340652809 ] ] ], [ [ [ -98.819744131797137, 20.370617361863612 ], [ -98.816743176481964, 20.369153012792047 ], [ -98.816368476486701, 20.366267900999272 ], [ -98.820438644787373, 20.369147696876873 ], [ -98.819744131797137, 20.370617361863612 ] ] ], [ [ [ -98.824630098610399, 20.383776105116308 ], [ -98.820112749680547, 20.378020721828566 ], [ -98.822589802138367, 20.378351467732546 ], [ -98.823427032405917, 20.380882233758786 ], [ -98.827025373646336, 20.382860502533294 ], [ -98.824630098610399, 20.383776105116308 ] ] ], [ [ [ -98.841715817856169, 20.384367996349464 ], [ -98.843291191274361, 20.384675453525613 ], [ -98.845620748756858, 20.389193916967173 ], [ -98.84296677437149, 20.388584332479635 ], [ -98.841715817856169, 20.384367996349464 ] ] ] ] } },
{ "type": "Feature", "properties": { "CUENCA": "Valle de Mexico", "Prioridad": "Muy alta", "Tipo": "Matorral" }, "geometry": { "type": "MultiPolygon", "coordinates": [ [ [ [ -98.824157165217741, 20.403940910627178 ], [ -98.82215486479835, 20.405076411689684 ], [ -98.818423277181537, 20.401108133723142 ], [ -98.81914791115382, 20.399709999774519 ], [ -98.824157165217741, 20.403940910627178 ] ] ], [ [ [ -98.821957590706177, 20.407846732489283 ], [ -98.825160045051021, 20.40833550244685 ], [ -98.824339959360444, 20.411271455084144 ], [ -98.821957590706177, 20.407846732489283 ] ] ], [ [ [ -98.840838281297692, 20.32381488540852 ], [ -98.843879975991044, 20.327801844896776 ], [ -98.841218589743534, 20.32706116513237 ], [ -98.840838281297692, 20.32381488540852 ] ] ], [ [ [ -98.846578903936646, 20.39398629070897 ], [ -98.847345311449246, 20.392506876320876 ], [ -98.850305433594997, 20.394620573997496 ], [ -98.846578903936646, 20.39398629070897 ] ] ], [ [ [ -98.86893853436213, 20.414214720461111 ], [ -98.871757831603844, 20.414216818305206 ], [ -98.871756334664056, 20.41602433811946 ], [ -98.868937004513626, 20.416022240073488 ], [ -98.86893853436213, 20.414214720461111 ] ] ], [ [ [ -98.945922961030774, 20.632059532266364 ], [ -98.947273664107868, 20.633061377215007 ], [ -98.945055717563477, 20.634175907464538 ], [ -98.945922961030774, 20.632059532266364 ] ] ], [ [ [ -98.947820851116703, 20.58596928674481 ], [ -98.95002798132785, 20.59082502438909 ], [ -98.947316612375303, 20.589842700557309 ], [ -98.947820851116703, 20.58596928674481 ] ] ], [ [ [ -98.947820851116703, 20.58596928674481 ], [ -98.947821465712792, 20.584161798480956 ], [ -98.9508959498785, 20.5845579210872 ], [ -98.951635981227511, 20.586284145914338 ], [ -98.947820851116703, 20.58596928674481 ] ] ], [ [ [ -98.951072436364186, 20.587533972031856 ], [ -98.951583256864708, 20.588681612881132 ], [ -98.94941976338265, 20.588314674933077 ], [ -98.951072436364186, 20.587533972031856 ] ] ], [ [ [ -99.003651619999516, 20.645247229638187 ], [ -99.006538229896975, 20.645599025218591 ], [ -99.003789950369281, 20.643777178658208 ], [ -99.003094983021796, 20.640736231115508 ], [ -99.008420599330833, 20.645700492284909 ], [ -99.004895425647916, 20.647800617521565 ], [ -98.999978450218421, 20.64472624487038 ], [ -99.000214453225922, 20.640011895770641 ], [ -99.003651619999516, 20.645247229638187 ] ] ], [ [ [ -99.006153299774809, 20.632971626906961 ], [ -99.008368744567179, 20.633429195381087 ], [ -99.007330524801034, 20.635033788247306 ], [ -99.006153299774809, 20.632971626906961 ] ] ], [ [ [ -99.015244028172091, 20.651751438906551 ], [ -99.015566364157763, 20.652853281642003 ], [ -99.014418755130464, 20.652543990013807 ], [ -99.015244028172091, 20.651751438906551 ] ] ], [ [ [ -99.016507687786174, 20.653756931069569 ], [ -99.01785904494561, 20.654758222545688 ], [ -99.01564129739414, 20.655873656922356 ], [ -99.016507687786174, 20.653756931069569 ] ] ], [ [ [ -99.257782770849047, 20.54206770177483 ], [ -99.2556401309661, 20.541675086293449 ], [ -99.256811828171493, 20.53947782884466 ], [ -99.258496145381798, 20.540307422269493 ], [ -99.265411397181495, 20.537751327950527 ], [ -99.261374768571599, 20.541398290955392 ], [ -99.265407524327046, 20.541938740173268 ], [ -99.2655003285617, 20.543548231313672 ], [ -99.273949350553721, 20.540823288114659 ], [ -99.27137318855371, 20.545830784410082 ], [ -99.260170194605763, 20.545655675063539 ], [ -99.258264201141927, 20.546711110503754 ], [ -99.257782770849047, 20.54206770177483 ] ] ] ] } }
]
}
