{
"type": "FeatureCollection",
"name": "umas",
"crs": { "type": "name", "properties": { "name": "urn:ogc:def:crs:OGC:1.3:CRS84" } },
"features": [
{ "type": "Feature", "properties": { "hectareas": 821.27, "hectareas_quantil": "(376,1.48e+03]" }, "geometry": { "type": "Polygon", "coordinates": [ [ [ -99.610793089567622, 20.292454847328546 ], [ -99.610845451373905, 20.292313768184027 ], [ -99.610899522638803, 20.292175140850514 ], [ -99.610955300525902, 20.292038975276107 ], [ -99.611012782181305, 20.291905276890798 ], [ -99.611071964761933, 20.291774053835383 ], [ -99.611132845414247, 20.291645311539888 ], [ -99.611195347162109, 20.2915192029797 ], [ -99.611259536472687, 20.291395582441588 ], [ -99.6113254105001, 20.291274457162597 ], [ -99.611392965426731, 20.291155830768627 ], [ -99.611462199364794, 20.291039710493287 ], [ -99.611533108497028, 20.290926099962419 ], [ -99.611605690932436, 20.29081500550587 ], [ -99.611679941900007, 20.290706431656353 ], [ -99.611755857586601, 20.290600382943094 ], [ -99.611833437052368, 20.290496863885348 ], [ -99.611912676480969, 20.290395878108693 ], [ -99.611993572052739, 20.290297428335119 ], [ -99.612076121874182, 20.290201519990578 ], [ -99.612160323083685, 20.290108155793629 ], [ -99.612246170904413, 20.290017338469479 ], [ -99.612333664397525, 20.289929072536964 ], [ -99.612422791153506, 20.289843367976655 ], [ -99.612513555944517, 20.289760220251424 ], [ -99.612605956860392, 20.28967963026906 ], [ -99.612699989135862, 20.289601603465229 ], [ -99.612795650857535, 20.289526139844078 ], [ -99.612892939172283, 20.289453243930836 ], [ -99.61299185025176, 20.289382915736343 ], [ -99.613092382197308, 20.289315158878765 ], [ -99.613194530233869, 20.289249976082854 ], [ -99.613298293406601, 20.289187367349175 ], [ -99.613403666940812, 20.289127335402345 ], [ -99.613510649889108, 20.289069882049898 ], [ -99.613619238427702, 20.289015008205869 ], [ -99.613729429694203, 20.288962715684555 ], [ -99.613841219865137, 20.288913005399717 ], [ -99.613954607993804, 20.288865879158944 ], [ -99.614240624085014, 20.288754153608846 ], [ -99.614538001257102, 20.288643990716739 ], [ -99.614843293961698, 20.288536664850724 ], [ -99.615153894187301, 20.288433090537332 ], [ -99.615466757551729, 20.288334263371066 ], [ -99.615780833772178, 20.288240496063374 ], [ -99.61609456655448, 20.288152253110852 ], [ -99.6164067697066, 20.288069864889408 ], [ -99.616713700429969, 20.287994249993318 ], [ -99.61701729208373, 20.287924859478313 ], [ -99.617316829964622, 20.287861856720838 ], [ -99.617611747634783, 20.287805360302901 ], [ -99.617901432667253, 20.287755483550509 ], [ -99.618185587462278, 20.287712276333654 ], [ -99.618463843566147, 20.287675792388466 ], [ -99.618735901422951, 20.287646071655281 ], [ -99.61899671370054, 20.287623501574188 ], [ -99.619251076112349, 20.287607496873417 ], [ -99.619498796251776, 20.287598070911269 ], [ -99.61973971136976, 20.287595229712739 ], [ -99.619973651029142, 20.287598973005046 ], [ -99.62020051470094, 20.287609300267892 ], [ -99.620420186510003, 20.287626205613414 ], [ -99.620527295175393, 20.287637122020254 ], [ -99.62063257067966, 20.287649680371519 ], [ -99.620735947868212, 20.287663871865519 ], [ -99.620837472722883, 20.287679699053282 ], [ -99.620937136630971, 20.287697162872064 ], [ -99.621034929049912, 20.287716260651635 ], [ -99.621130843271317, 20.287736990611617 ], [ -99.621224869713643, 20.287759350981837 ], [ -99.621317002629524, 20.287783340882051 ], [ -99.621407234348879, 20.287808957631672 ], [ -99.621495555286216, 20.2878361985567 ], [ -99.621581962566779, 20.287865062766674 ], [ -99.621666450439065, 20.287895548477515 ], [ -99.621749013151472, 20.287927653905221 ], [ -99.621829645906331, 20.287961376358691 ], [ -99.621908342951713, 20.287996714053797 ], [ -99.62198510044739, 20.288033664295913 ], [ -99.622059041271726, 20.288071776596666 ], [ -99.622059914560182, 20.288072226197549 ], [ -99.622159272088084, 20.288128973443865 ], [ -99.622257625316408, 20.288192739739507 ], [ -99.622355134618317, 20.288263632043996 ], [ -99.622451999772622, 20.288341792416759 ], [ -99.622548362961126, 20.288427328784813 ], [ -99.622644575915203, 20.288520542603337 ], [ -99.622740949176887, 20.288621732762426 ], [ -99.6228379049615, 20.2887313432336 ], [ -99.622936309290495, 20.288850395615057 ], [ -99.623036536701377, 20.288979383742994 ], [ -99.623139486306513, 20.289119459212557 ], [ -99.623246787395303, 20.289272833649239 ], [ -99.623349879072506, 20.28942630793507 ], [ -99.62346254743062, 20.289599537762488 ], [ -99.623886938683583, 20.290272911096327 ], [ -99.624068461890516, 20.290553244414944 ], [ -99.624168590389573, 20.290701742665629 ], [ -99.624263626589908, 20.290837470383938 ], [ -99.624355426556122, 20.290963075732524 ], [ -99.624444945507292, 20.29107985739568 ], [ -99.624555112827821, 20.291215310500728 ], [ -99.624663863385265, 20.291339643486683 ], [ -99.624771962034842, 20.291453731021839 ], [ -99.624879922335055, 20.291558113434249 ], [ -99.624988339302092, 20.291653343410168 ], [ -99.625042769822372, 20.291697564569002 ], [ -99.625097399293395, 20.291739565763521 ], [ -99.625152268055743, 20.291779376668341 ], [ -99.625207402041099, 20.291817016166213 ], [ -99.625262831019199, 20.291852504933441 ], [ -99.625318581872278, 20.29188586004209 ], [ -99.625413955425984, 20.291938151271939 ], [ -99.625512856468461, 20.291986907622594 ], [ -99.625615321460998, 20.292032147029929 ], [ -99.625721390695318, 20.2920738874158 ], [ -99.6258311025328, 20.292112143094133 ], [ -99.62594451548236, 20.292146937342739 ], [ -99.62606168706219, 20.292178285310101 ], [ -99.626182684385128, 20.292206206627867 ], [ -99.626307448996428, 20.292230694268635 ], [ -99.626436192740201, 20.292251797164454 ], [ -99.626569015271727, 20.292269530311295 ], [ -99.626706033487906, 20.292283909546434 ], [ -99.626847347032268, 20.292294947153781 ], [ -99.626993146550845, 20.292302660512487 ], [ -99.627143613072221, 20.292307057095435 ], [ -99.627298977424715, 20.292308144196301 ], [ -99.627441408673619, 20.292306335391345 ], [ -99.627588152488869, 20.292301909556258 ], [ -99.62773947603452, 20.292294859397266 ], [ -99.627895732637796, 20.292285170081762 ], [ -99.628057150174129, 20.292272829032498 ], [ -99.628224464909835, 20.2922577857032 ], [ -99.628398346988917, 20.292239979841789 ], [ -99.628579814984434, 20.292219307473086 ], [ -99.628908932056547, 20.292177229749139 ], [ -99.629276584660133, 20.292124797755378 ], [ -99.629639096195106, 20.292069329323446 ], [ -99.630540268469034, 20.291927036394814 ], [ -99.630792516782805, 20.291889001754779 ], [ -99.631016844064632, 20.291856912746834 ], [ -99.63126607749885, 20.29182390145052 ], [ -99.6314953911087, 20.291796714845784 ], [ -99.631709310817385, 20.291774820728126 ], [ -99.631910141868758, 20.291757985838323 ], [ -99.632145681466341, 20.291743827470956 ], [ -99.632365732028859, 20.291737227291328 ], [ -99.632470502297579, 20.291736744067141 ], [ -99.632571955021305, 20.291738137789295 ], [ -99.632670225249498, 20.291741410686338 ], [ -99.632765423135154, 20.291746565979825 ], [ -99.632857792009048, 20.291753620867201 ], [ -99.63294726580078, 20.291762577398902 ], [ -99.633033922115828, 20.291773442527454 ], [ -99.633117828024794, 20.291786223243196 ], [ -99.63319905157789, 20.29180093195443 ], [ -99.633277635906737, 20.291817576641094 ], [ -99.633353631815382, 20.291836167966135 ], [ -99.633427080523433, 20.291856714819652 ], [ -99.633556102576478, 20.291898094493312 ], [ -99.633679884104978, 20.291943711928592 ], [ -99.633798442382684, 20.291993574302587 ], [ -99.633911792759946, 20.292047686991712 ], [ -99.634019951554919, 20.292106058079295 ], [ -99.634122936050048, 20.292168697451721 ], [ -99.634220761607835, 20.292235614098267 ], [ -99.634313445516497, 20.292306819711612 ], [ -99.634400993534271, 20.29238231698972 ], [ -99.634483430649738, 20.292462127536062 ], [ -99.634560772240661, 20.292546264855769 ], [ -99.634633030821945, 20.292634745175029 ], [ -99.634700221773457, 20.292727582901879 ], [ -99.634762357630564, 20.292824799682894 ], [ -99.634819453789959, 20.292926414443166 ], [ -99.634871520881106, 20.293032451546065 ], [ -99.634918513386012, 20.293142788272107 ], [ -99.634960514315821, 20.293257585164412 ], [ -99.63499753335833, 20.293376871106609 ], [ -99.635029581173001, 20.293500678592579 ], [ -99.635056664576595, 20.293629037419048 ], [ -99.63507879330237, 20.293761988214904 ], [ -99.635095974209648, 20.293899571618997 ], [ -99.635108212256227, 20.294041831891086 ], [ -99.635115510325292, 20.294188774443356 ], [ -99.635117874529513, 20.294340492324764 ], [ -99.635115307960191, 20.294497042450985 ], [ -99.635107807998338, 20.294658490793765 ], [ -99.635095371994581, 20.294824896096124 ], [ -99.635077994535891, 20.294996344218255 ], [ -99.635055667320344, 20.295172917416235 ], [ -99.63502837731167, 20.295354711516744 ], [ -99.635000517874559, 20.295517584566209 ], [ -99.634968859583523, 20.295684580942925 ], [ -99.63493338838606, 20.295855781115858 ], [ -99.634894084537777, 20.296031279128492 ], [ -99.634850929214508, 20.296211159984654 ], [ -99.634803892256798, 20.296395547583593 ], [ -99.634752943504296, 20.296584565824379 ], [ -99.634698044231342, 20.296778352190728 ], [ -99.634639224727238, 20.296976823438374 ], [ -99.634576368801859, 20.297180380277755 ], [ -99.634509418784958, 20.297389212668865 ], [ -99.634438300881726, 20.297603549484382 ], [ -99.634362951690861, 20.297823585222332 ], [ -99.634283251932317, 20.298049669097583 ], [ -99.634199085130717, 20.298282134049749 ], [ -99.634110303515527, 20.29852138993677 ], [ -99.633939909509252, 20.298966544669398 ], [ -99.633752894063008, 20.299438397422243 ], [ -99.6335474206534, 20.299941594755332 ], [ -99.633319934709903, 20.300484848383658 ], [ -99.633096425443725, 20.301008220878209 ], [ -99.632842356560701, 20.301594401387408 ], [ -99.631833840067074, 20.303888927756823 ], [ -99.631404377024097, 20.304877720140681 ], [ -99.631177492128131, 20.305409487763715 ], [ -99.630969195108946, 20.305905913512053 ], [ -99.630775649047877, 20.306376148439497 ], [ -99.630594974338933, 20.306824768849957 ], [ -99.630388418351785, 20.307351844828389 ], [ -99.630197528078313, 20.307855778183526 ], [ -99.630021108749489, 20.308339732236533 ], [ -99.62985841694767, 20.308805750928176 ], [ -99.629708684167937, 20.309256076170524 ], [ -99.629638624159838, 20.309475526084942 ], [ -99.629571711058347, 20.309691349362193 ], [ -99.629507902338474, 20.309903684408845 ], [ -99.62944717154528, 20.310112617164776 ], [ -99.629389489400864, 20.310318246230452 ], [ -99.629334833280197, 20.310520657531615 ], [ -99.629272447519568, 20.310762447287907 ], [ -99.629214465641112, 20.310999728506211 ], [ -99.629160861318056, 20.311232616945588 ], [ -99.629111609122006, 20.311461213904067 ], [ -99.629066687476723, 20.311685626086899 ], [ -99.629026083279413, 20.311905924024678 ], [ -99.62898978058216, 20.312122185486867 ], [ -99.628957769143042, 20.312334478282395 ], [ -99.628930030336164, 20.312542928983671 ], [ -99.628906568943975, 20.312747531250331 ], [ -99.628887377537353, 20.312948338422665 ], [ -99.628872450580388, 20.313145398412342 ], [ -99.628861786374955, 20.313338760924193 ], [ -99.628855382213544, 20.31352846301602 ], [ -99.628853237307197, 20.313714542641904 ], [ -99.628855349894025, 20.313897034144901 ], [ -99.628861732515361, 20.314076193197035 ], [ -99.628872385332713, 20.314251819199043 ], [ -99.628887310388251, 20.314423940154125 ], [ -99.628906509716288, 20.31459258225804 ], [ -99.628929987269913, 20.314757772602938 ], [ -99.628957745056795, 20.314919531058877 ], [ -99.628989787003349, 20.315077878392337 ], [ -99.629026117035536, 20.315232835369407 ], [ -99.629066743900779, 20.315384430870964 ], [ -99.629111667630539, 20.315532670315452 ], [ -99.629160895004432, 20.315677569939773 ], [ -99.629214428962882, 20.315819144187241 ], [ -99.629272277235017, 20.315957407483562 ], [ -99.629334443710732, 20.316092372460716 ], [ -99.629400934195189, 20.316224051743667 ], [ -99.629471755439823, 20.316352455242534 ], [ -99.629520542464348, 20.31643473901687 ], [ -99.629572455248621, 20.316517548260723 ], [ -99.629627498601991, 20.316600886568526 ], [ -99.629685673513421, 20.316684760258557 ], [ -99.629746985757478, 20.316769174728407 ], [ -99.629811439196857, 20.316854136285855 ], [ -99.629879038648482, 20.316939650331587 ], [ -99.629949790859683, 20.317025725873357 ], [ -99.630023694874879, 20.31711236200708 ], [ -99.63010076225639, 20.317199574048082 ], [ -99.630181001660262, 20.317287369189547 ], [ -99.63026441887267, 20.317375755538457 ], [ -99.630440823300319, 20.317554339658706 ], [ -99.630630057337541, 20.317735407397599 ], [ -99.630832003787063, 20.317918862450124 ], [ -99.63104696463742, 20.318104991927928 ], [ -99.631275073567409, 20.318293913669951 ], [ -99.631516503625932, 20.318485768862619 ], [ -99.631771395191549, 20.318680672602195 ], [ -99.632040056773903, 20.318878863165637 ], [ -99.632322787235395, 20.319080560787864 ], [ -99.632619984363942, 20.319286049495503 ], [ -99.632881902660102, 20.319462326543192 ], [ -99.633154794503994, 20.319641776636516 ], [ -99.633439091192969, 20.319824683696332 ], [ -99.633735385352523, 20.320011429545421 ], [ -99.634044026634299, 20.320202239655469 ], [ -99.634366330753537, 20.320397935071583 ], [ -99.634703502917404, 20.320599246867427 ], [ -99.635057438706241, 20.320807307502726 ], [ -99.635682694364078, 20.32116810796871 ], [ -99.636383600162503, 20.321564704106997 ], [ -99.637057172675483, 20.321940592577224 ], [ -99.638541625054856, 20.322763439171077 ], [ -99.639196849550913, 20.323130430594965 ], [ -99.639780287866856, 20.323463346508081 ], [ -99.640039511785048, 20.323614132816775 ], [ -99.640281187760806, 20.323756856067462 ], [ -99.640525624063727, 20.323903808516746 ], [ -99.640753486790928, 20.324043694707154 ], [ -99.640966110731426, 20.324177333889214 ], [ -99.64116441588736, 20.324305306467814 ], [ -99.641349350194034, 20.324428227977144 ], [ -99.641521273833533, 20.324546344723991 ], [ -99.641680666125296, 20.324659988414602 ], [ -99.641827893056444, 20.324769417072041 ], [ -99.641990515902691, 20.324896766042134 ], [ -99.642136135341303, 20.325018593094946 ], [ -99.642265099277409, 20.325135187953332 ], [ -99.64232341702845, 20.325191598246004 ], [ -99.642377664393649, 20.325246785549943 ], [ -99.642427880820392, 20.325300793096677 ], [ -99.64247406823786, 20.325353625400638 ], [ -99.642516246842632, 20.325405303173518 ], [ -99.642554431080413, 20.325455846244335 ], [ -99.642588635397118, 20.325505274441749 ], [ -99.64261887230812, 20.325553603986943 ], [ -99.642645151451532, 20.325600850207643 ], [ -99.642667479592021, 20.325647028442024 ], [ -99.642685890591736, 20.325692220794114 ], [ -99.642700351635725, 20.325736368652368 ], [ -99.642710867569548, 20.325779486457545 ], [ -99.642717440346573, 20.325821584142744 ], [ -99.642720071927798, 20.325862673448 ], [ -99.642718763312715, 20.325902765213105 ], [ -99.64271351357398, 20.325941867573654 ], [ -99.642704321795534, 20.325979991375892 ], [ -99.642691185145736, 20.326017147472864 ], [ -99.64267409981646, 20.326053342202794 ], [ -99.642653062953926, 20.326088580996597 ], [ -99.642628070757709, 20.326122871999349 ], [ -99.64259911655013, 20.326156222462604 ], [ -99.642566196523603, 20.326188638723593 ], [ -99.642529303035317, 20.326220126229767 ], [ -99.642488431316295, 20.326250690417737 ], [ -99.642442656823604, 20.326281222912648 ], [ -99.642392849747239, 20.326311357269741 ], [ -99.64233901867641, 20.326341086225266 ], [ -99.642281175081578, 20.326370404311973 ], [ -99.64221933138748, 20.326399305155032 ], [ -99.642153502888874, 20.326427781465441 ], [ -99.642083704884357, 20.326455826857337 ], [ -99.642009956500473, 20.326483434027061 ], [ -99.641850657351853, 20.3265373118148 ], [ -99.641675807265671, 20.326589345372152 ], [ -99.641485615755499, 20.326639471536179 ], [ -99.641280342129008, 20.326687622440236 ], [ -99.641059833195158, 20.326733818472032 ], [ -99.640824834453284, 20.32677788606285 ], [ -99.640575746968182, 20.326819752301276 ], [ -99.640313051272344, 20.326859334044016 ], [ -99.640037197306754, 20.326896562716978 ], [ -99.639748895446786, 20.326931339877849 ], [ -99.639448842715396, 20.326963580688819 ], [ -99.639137852999141, 20.326993198983772 ], [ -99.638807590192329, 20.327020830567236 ], [ -99.638467813475884, 20.327045506282893 ], [ -99.638119721817375, 20.32706713676161 ], [ -99.637764675145533, 20.327085639283926 ], [ -99.637403968301982, 20.327100943124449 ], [ -99.637039345371818, 20.327112971413083 ], [ -99.636672476779538, 20.327121671055554 ], [ -99.636305154642784, 20.32712699756436 ], [ -99.635938479531987, 20.327128924343363 ], [ -99.635575113452717, 20.327127429069364 ], [ -99.635216980923275, 20.32712251742101 ], [ -99.634866003679932, 20.327114217692287 ], [ -99.634524095857273, 20.327102573580611 ], [ -99.634193035642326, 20.327087648265589 ], [ -99.633874552421744, 20.327069518669575 ], [ -99.633570243446755, 20.327048276661241 ], [ -99.63334513173514, 20.32703005441677 ], [ -99.633119356903507, 20.327009879810387 ], [ -99.632892995622768, 20.326987759790395 ], [ -99.632666126483329, 20.326963702202313 ], [ -99.632438829033461, 20.326937714888611 ], [ -99.632211177081231, 20.326909807519968 ], [ -99.631983249220539, 20.326879988846713 ], [ -99.631755121175175, 20.326848268533524 ], [ -99.631526879216807, 20.326814658917979 ], [ -99.631298586616211, 20.326779169710633 ], [ -99.631070319107778, 20.326741813287921 ], [ -99.63084214858327, 20.326702599330005 ], [ -99.630614149829938, 20.326661542928363 ], [ -99.630386393792278, 20.326618656477976 ], [ -99.630158949495183, 20.326573951477567 ], [ -99.629931886939545, 20.326527443940662 ], [ -99.629705384450091, 20.326479169370067 ], [ -99.629479398902731, 20.326429121597876 ], [ -99.629253997416754, 20.326377314841768 ], [ -99.629029246157017, 20.326323764227027 ], [ -99.628805209375997, 20.326268485789473 ], [ -99.628581948444932, 20.326211493768593 ], [ -99.628359525703701, 20.326152805111484 ], [ -99.628138001565219, 20.3260924340616 ], [ -99.627917448927704, 20.326030402950209 ], [ -99.627697911904619, 20.325966722465694 ], [ -99.627479446129541, 20.325901409580283 ], [ -99.627262108193761, 20.325834481263147 ], [ -99.62704595277242, 20.325765954490556 ], [ -99.626831030701624, 20.325695844445566 ], [ -99.626617394747541, 20.32562416991901 ], [ -99.626405093829888, 20.325550946101266 ], [ -99.626195046961698, 20.325476502228721 ], [ -99.625986420583388, 20.325400556661208 ], [ -99.625779259782249, 20.325323124603514 ], [ -99.625573609656257, 20.325244223971261 ], [ -99.625369515295858, 20.32516387087307 ], [ -99.625167016047442, 20.325082082341925 ], [ -99.624966154123555, 20.324998873593522 ], [ -99.624766967915875, 20.324914262568072 ], [ -99.624569510195101, 20.324828269865431 ], [ -99.624373804000555, 20.324740907155803 ], [ -99.624179886761553, 20.3246521914797 ], [ -99.623987793980504, 20.32456213717381 ], [ -99.623797560216161, 20.324470762192679 ], [ -99.623609218096718, 20.324378080883434 ], [ -99.623422798341608, 20.324284109407326 ], [ -99.623238333585803, 20.324188863918852 ], [ -99.623055930384652, 20.324092400970905 ], [ -99.622875537869248, 20.32399469545047 ], [ -99.622697184838643, 20.323895762622321 ], [ -99.622520899130109, 20.323795616850958 ], [ -99.622346706675785, 20.32369427521871 ], [ -99.622174632431609, 20.323591750293271 ], [ -99.622004700406194, 20.323488057356631 ], [ -99.621836934600807, 20.323383209883552 ], [ -99.62167136479259, 20.323277228557103 ], [ -99.621508005381784, 20.323170121464617 ], [ -99.621346877495242, 20.323061902091219 ], [ -99.62118800130898, 20.322952585732445 ], [ -99.621031396987959, 20.322842184973215 ], [ -99.62087708374267, 20.322730713305322 ], [ -99.620725078864012, 20.322618183323769 ], [ -99.620575399649908, 20.322504609430759 ], [ -99.620414745488105, 20.322379609521466 ], [ -99.620254273060908, 20.322251594418351 ], [ -99.62009400640369, 20.322120583915524 ], [ -99.619933973386765, 20.321986598697094 ], [ -99.619774198059559, 20.321849662171637 ], [ -99.619614710218542, 20.32170979772738 ], [ -99.61945554062865, 20.321567031460194 ], [ -99.619296718145918, 20.321421391279888 ], [ -99.619138257193399, 20.321272888882739 ], [ -99.618980207775465, 20.321121571079384 ], [ -99.618822603551223, 20.320967469377489 ], [ -99.618665481067367, 20.320810618888764 ], [ -99.618508872077342, 20.320651053838674 ], [ -99.618352819853882, 20.320488814737107 ], [ -99.618197360964203, 20.320323942117728 ], [ -99.618042536778887, 20.320156480111994 ], [ -99.617888178916161, 20.319986237753735 ], [ -99.617734544242182, 20.319813493347841 ], [ -99.617581678937157, 20.319638296430636 ], [ -99.617429629205802, 20.31946070286379 ], [ -99.617278441238028, 20.31928076489471 ], [ -99.617128168939956, 20.319098548297692 ], [ -99.616978866202757, 20.318914115232975 ], [ -99.616830586945639, 20.318727535089508 ], [ -99.616683353298853, 20.318538832188917 ], [ -99.616537258656919, 20.318348127286232 ], [ -99.616392363674407, 20.31815549787968 ], [ -99.616248731910972, 20.317961029589924 ], [ -99.616106424030548, 20.317764802626204 ], [ -99.615965510353547, 20.317566917043301 ], [ -99.615826061181693, 20.317367468378151 ], [ -99.615688147802388, 20.317166559393296 ], [ -99.615522132833419, 20.316918628425448 ], [ -99.615357599477392, 20.316665180130162 ], [ -99.615194587267226, 20.31640627762366 ], [ -99.61503313958417, 20.316141988526727 ], [ -99.61487329692801, 20.315872378663276 ], [ -99.61471511234582, 20.315597538210216 ], [ -99.614558636957398, 20.315317554640771 ], [ -99.614403926723995, 20.315032528965158 ], [ -99.614250970050918, 20.314742434120287 ], [ -99.614099899144406, 20.314447517231663 ], [ -99.613950781555985, 20.314147904570081 ], [ -99.613803686829868, 20.31384374227871 ], [ -99.613658681571167, 20.31353516024657 ], [ -99.613515857568473, 20.313222359658596 ], [ -99.613375302730958, 20.312905529967008 ], [ -99.613237114650971, 20.312584887698051 ], [ -99.613055116913273, 20.31214704953722 ], [ -99.61287505879848, 20.311695075699571 ], [ -99.612697447237494, 20.31123023487104 ], [ -99.612522766156758, 20.310753794916941 ], [ -99.61235150550786, 20.310267097778802 ], [ -99.612184082792666, 20.309771332945893 ], [ -99.612020919562937, 20.309267748629054 ], [ -99.611862402678426, 20.308757542560848 ], [ -99.611709125004211, 20.308242666259325 ], [ -99.611561179878549, 20.307723482658449 ], [ -99.611418877097051, 20.307201085850291 ], [ -99.611282494537576, 20.306676493233493 ], [ -99.61115231223333, 20.306150785451738 ], [ -99.611028532597999, 20.305624791316422 ], [ -99.610911364005688, 20.305099395641498 ], [ -99.610800986762257, 20.304575410147486 ], [ -99.61069861190272, 20.304059060934431 ], [ -99.61060318418069, 20.303545544557302 ], [ -99.610514825820658, 20.303035518423155 ], [ -99.610433641581807, 20.30252958307263 ], [ -99.610359728658651, 20.302028364373012 ], [ -99.610293155810837, 20.30153232022079 ], [ -99.610233987146955, 20.301041943768492 ], [ -99.610182276038373, 20.300557676699963 ], [ -99.610138100222798, 20.300080313016956 ], [ -99.610101450028239, 20.299609848243691 ], [ -99.610072352640088, 20.299146640118096 ], [ -99.610050830314918, 20.298691010250341 ], [ -99.610036895782983, 20.298243292933243 ], [ -99.610030557598975, 20.297803733920393 ], [ -99.610031817665046, 20.297372591638169 ], [ -99.610035298146045, 20.297160249959525 ], [ -99.610040676825435, 20.296950098311001 ], [ -99.610056439046986, 20.296550521487706 ], [ -99.610079275582237, 20.296159393948667 ], [ -99.610093343560621, 20.295967052661648 ], [ -99.610109175552054, 20.295776885607886 ], [ -99.610126771624749, 20.29558891176249 ], [ -99.610146128966903, 20.295403148303429 ], [ -99.610167244798689, 20.295219620540848 ], [ -99.610190118192222, 20.295038337513542 ], [ -99.610214747293881, 20.294859316395964 ], [ -99.610241129278421, 20.294682570751423 ], [ -99.610269263250231, 20.294508117750897 ], [ -99.610299145423141, 20.294335970057446 ], [ -99.61033077393364, 20.294166142134408 ], [ -99.610364146907756, 20.293998645734426 ], [ -99.610380487326424, 20.293921789135947 ], [ -99.610399252096144, 20.293833533308124 ], [ -99.610436096088918, 20.293670776820235 ], [ -99.610474676054935, 20.293510388026505 ], [ -99.61051498820197, 20.293352377782398 ], [ -99.610557029699322, 20.293196757843532 ], [ -99.610600798663441, 20.293043537251506 ], [ -99.610646293214543, 20.292892725951358 ], [ -99.610693508596412, 20.292744332994481 ], [ -99.61074244102835, 20.292598371946855 ], [ -99.610793089567622, 20.292454847328546 ] ] ] } },
{ "type": "Feature", "properties": { "hectareas": 2828.3, "hectareas_quantil": "(1.48e+03,4.4e+03]" }, "geometry": { "type": "Polygon", "coordinates": [ [ [ -99.541794560841851, 20.329083014936405 ], [ -99.541929123965531, 20.3290813735053 ], [ -99.542066703224094, 20.329081529827761 ], [ -99.542350844066732, 20.329087235909206 ], [ -99.542646844495295, 20.329100129938183 ], [ -99.542954536884594, 20.329120204241555 ], [ -99.543277883736337, 20.329147841318701 ], [ -99.543612798647871, 20.329182811621546 ], [ -99.543959022924938, 20.329225086068423 ], [ -99.544316235581434, 20.329274627638807 ], [ -99.544684173119578, 20.32933140184447 ], [ -99.545062298863144, 20.329395327157815 ], [ -99.545450109655661, 20.329466319238733 ], [ -99.545846966193579, 20.329544259837999 ], [ -99.54625473322632, 20.329629566856227 ], [ -99.546669964620307, 20.329721566059444 ], [ -99.54709156465195, 20.32982001594511 ], [ -99.547518057883082, 20.329924572295454 ], [ -99.547948540290776, 20.330035027367018 ], [ -99.548379869923437, 20.330150589488056 ], [ -99.54880931311699, 20.33027052808524 ], [ -99.549232944160124, 20.330393746783486 ], [ -99.549385443448685, 20.330440763721413 ], [ -99.54953804345844, 20.33049131871779 ], [ -99.549690804624007, 20.330545432364787 ], [ -99.549843790263708, 20.330603127956358 ], [ -99.549997060818967, 20.330664427891612 ], [ -99.550150701673232, 20.330729364430326 ], [ -99.550304793430143, 20.330797972558212 ], [ -99.550459425331198, 20.330870291751207 ], [ -99.55061455227515, 20.330946296848694 ], [ -99.550770422795466, 20.331026103630876 ], [ -99.550927153034309, 20.331109773174386 ], [ -99.551084878325597, 20.331197375530909 ], [ -99.551243710990647, 20.331288974499042 ], [ -99.551403850698023, 20.331384682395907 ], [ -99.551565479864749, 20.331484608881539 ], [ -99.551728818365234, 20.331588890605016 ], [ -99.551889962813746, 20.331694912206927 ], [ -99.552053237565573, 20.331805401568303 ], [ -99.552218948010051, 20.33192056645008 ], [ -99.552387485976055, 20.332040676687495 ], [ -99.552559119420508, 20.332165918470427 ], [ -99.552734603277543, 20.332296839696106 ], [ -99.552914621459976, 20.332433949627987 ], [ -99.553100162430155, 20.332578001438986 ], [ -99.553450788607392, 20.332856872944909 ], [ -99.553836766949857, 20.333172008034097 ], [ -99.554227715532306, 20.333497263984668 ], [ -99.555285629342535, 20.334385198093553 ], [ -99.555607191564093, 20.334650912384252 ], [ -99.55589722261071, 20.334886539702548 ], [ -99.556231015804102, 20.335151511790794 ], [ -99.556545217587612, 20.335393516394788 ], [ -99.556845955613767, 20.335617268075296 ], [ -99.557136359149069, 20.335825084609951 ], [ -99.557314175035728, 20.335947983160242 ], [ -99.55748932538647, 20.336065612990168 ], [ -99.557662187573939, 20.336178226816497 ], [ -99.557833062127642, 20.336286019769162 ], [ -99.558002274522266, 20.336389196836492 ], [ -99.5581699908237, 20.336487855986139 ], [ -99.558336415499312, 20.336582117652355 ], [ -99.558501718445967, 20.336672078885407 ], [ -99.558666303721736, 20.336757950743689 ], [ -99.558830058987922, 20.336839666722334 ], [ -99.558993113785206, 20.336917289661898 ], [ -99.55915557846599, 20.336990874331345 ], [ -99.559317571034057, 20.337060471860376 ], [ -99.559479170157843, 20.337126117239251 ], [ -99.559640462166698, 20.337187844529868 ], [ -99.559801525710171, 20.337245683300253 ], [ -99.559932693180016, 20.337290229943491 ], [ -99.560065797751122, 20.33733343475642 ], [ -99.5602008960078, 20.337375315625415 ], [ -99.560338052214604, 20.337415894929858 ], [ -99.560618802180997, 20.337493221171826 ], [ -99.560908716977536, 20.337565596531903 ], [ -99.56120825209544, 20.337633147813669 ], [ -99.561518738348084, 20.337696186952705 ], [ -99.561841401898661, 20.337754962054113 ], [ -99.562178042093436, 20.337809803402383 ], [ -99.562490713896864, 20.337855530713778 ], [ -99.562818673389003, 20.337898804653232 ], [ -99.563165045162563, 20.337940043373141 ], [ -99.563535783849971, 20.337979956769946 ], [ -99.563882415730916, 20.338014104473444 ], [ -99.564268065501679, 20.338049382425673 ], [ -99.565675135591178, 20.338168619023758 ], [ -99.566249514616629, 20.338220263895142 ], [ -99.566556977058866, 20.338250302515721 ], [ -99.566843639564937, 20.338280371008395 ], [ -99.567114999336098, 20.338311047110476 ], [ -99.567373846278642, 20.338342649843057 ], [ -99.567680797894752, 20.338383537663145 ], [ -99.567974487393315, 20.338426614091642 ], [ -99.568256938215256, 20.338472178033044 ], [ -99.568529475107567, 20.338520442999911 ], [ -99.568793550427159, 20.338571675391702 ], [ -99.569049607131802, 20.338625971393231 ], [ -99.569298341281637, 20.338683478769578 ], [ -99.569540278315515, 20.338744318729155 ], [ -99.569871179164195, 20.338832705485299 ], [ -99.570202709301356, 20.33892461720707 ], [ -99.570534847658294, 20.339020049441032 ], [ -99.570867571237002, 20.339118994125787 ], [ -99.571200858007387, 20.339221445907889 ], [ -99.571534684971397, 20.33932739672619 ], [ -99.571869028176252, 20.339436839426646 ], [ -99.572203861746488, 20.339549765054361 ], [ -99.572539171322504, 20.339666170038548 ], [ -99.572874921432089, 20.339786040938097 ], [ -99.573211086202875, 20.339909369702266 ], [ -99.573547639752405, 20.34003614556989 ], [ -99.573884554285442, 20.340166358689657 ], [ -99.574221801045312, 20.340299998310158 ], [ -99.574559352229812, 20.340437052773442 ], [ -99.574897178117297, 20.340577509524493 ], [ -99.575235330553454, 20.340721392787593 ], [ -99.575573696339717, 20.340868655042225 ], [ -99.575912243831255, 20.341019281933306 ], [ -99.576250939466959, 20.341173259112079 ], [ -99.576589752559485, 20.341330572220862 ], [ -99.576928647621244, 20.341491204206907 ], [ -99.577267588213005, 20.341655139828458 ], [ -99.577606540759248, 20.34182236112353 ], [ -99.577945480329831, 20.341992856427101 ], [ -99.578284356077589, 20.342166600605992 ], [ -99.578623130587275, 20.342343573904838 ], [ -99.57896176452401, 20.342523755671053 ], [ -99.579300219513797, 20.342707126152842 ], [ -99.57963845237883, 20.342893662000328 ], [ -99.579976420898817, 20.343083339860762 ], [ -99.580314082849725, 20.343276135478071 ], [ -99.580652405107912, 20.343472615810978 ], [ -99.580990329707305, 20.343672181672478 ], [ -99.581327808657534, 20.343874804308939 ], [ -99.581664794929139, 20.34408045586731 ], [ -99.582001242450161, 20.344289108491797 ], [ -99.582337098421604, 20.344500728927706 ], [ -99.582672313882725, 20.344715285715292 ], [ -99.583006835078649, 20.344932746507453 ], [ -99.583340628406418, 20.34515308792631 ], [ -99.583673621853052, 20.345376263228946 ], [ -99.58400575876388, 20.345602233754068 ], [ -99.584336983451607, 20.345830963548455 ], [ -99.58466724117271, 20.346062413041565 ], [ -99.584996470463068, 20.346296539071549 ], [ -99.585324610822525, 20.346533300280946 ], [ -99.585651602694554, 20.346772651695204 ], [ -99.585977546978143, 20.347014670691273 ], [ -99.586302214082636, 20.347259190879491 ], [ -99.586625541554355, 20.347506161874936 ], [ -99.586947461197155, 20.347755535119411 ], [ -99.587267909593947, 20.348007259328476 ], [ -99.587586814687171, 20.348261278729247 ], [ -99.587904109215273, 20.348517539340385 ], [ -99.588219722073219, 20.348775984483098 ], [ -99.588533602328823, 20.349036571868748 ], [ -99.58884565580297, 20.349299224114599 ], [ -99.589155809454169, 20.349563880031891 ], [ -99.589463988309902, 20.34983047482454 ], [ -99.589770117399908, 20.350098944600571 ], [ -99.590074118861438, 20.350369220960197 ], [ -99.590375914827106, 20.35064123460069 ], [ -99.590675425501814, 20.350914913515478 ], [ -99.590937904497011, 20.35115783134939 ], [ -99.591199023238531, 20.351402353637152 ], [ -99.591458716332056, 20.351648415547118 ], [ -99.591716919361062, 20.351895957666404 ], [ -99.591973566936261, 20.352144916971341 ], [ -99.59222860039813, 20.352395236741128 ], [ -99.592481961079329, 20.352646858447866 ], [ -99.59273359031863, 20.352899725371358 ], [ -99.59298341405227, 20.353153761868409 ], [ -99.593231398610087, 20.353408932820923 ], [ -99.593477490125665, 20.353665183300311 ], [ -99.593721638578018, 20.35392246197971 ], [ -99.593963792976965, 20.354180714824949 ], [ -99.594203909058891, 20.354439893200833 ], [ -99.594441939681772, 20.354699947578361 ], [ -99.594677840584112, 20.354960830226414 ], [ -99.59491144624792, 20.35522235376969 ], [ -99.595142841333569, 20.355484610999255 ], [ -99.59537198446229, 20.355747556885316 ], [ -99.595598838087085, 20.356011146385189 ], [ -99.595823363702294, 20.356275334459482 ], [ -99.596045527612944, 20.356540081474172 ], [ -99.596265293242382, 20.356805345997916 ], [ -99.596482628810762, 20.357071088390331 ], [ -99.596697490023473, 20.357337253692744 ], [ -99.596909857617462, 20.357603818486812 ], [ -99.597119702692765, 20.357870744929699 ], [ -99.597326995397808, 20.358137996989051 ], [ -99.59753170683517, 20.358405537725641 ], [ -99.597733811949951, 20.358673332897979 ], [ -99.597933284732179, 20.35894134917141 ], [ -99.598130101087747, 20.359209553204725 ], [ -99.598323677248814, 20.35947713286896 ], [ -99.598514565088479, 20.359744836267016 ], [ -99.598702744351144, 20.360012631851554 ], [ -99.598888192875094, 20.360280490792711 ], [ -99.599070889449521, 20.360548382449998 ], [ -99.59925081670616, 20.360816278880591 ], [ -99.599427955363808, 20.361084153051646 ], [ -99.599602287099131, 20.361351977927093 ], [ -99.599773789721098, 20.3616197174482 ], [ -99.599942452616204, 20.36188735629894 ], [ -99.600108259380178, 20.362154868340024 ], [ -99.600271196493381, 20.362422230132971 ], [ -99.600431246596401, 20.36268941644521 ], [ -99.60058839809254, 20.362956405638755 ], [ -99.600742636503398, 20.363223174278058 ], [ -99.600893950228425, 20.363489699821383 ], [ -99.601042292949927, 20.36375590201623 ], [ -99.601187688752361, 20.364021818738621 ], [ -99.601330124132474, 20.364287431067321 ], [ -99.601469590367046, 20.3645527173537 ], [ -99.601606074910706, 20.364817658673061 ], [ -99.601739570966828, 20.365082236080728 ], [ -99.60187006695142, 20.365346431552062 ], [ -99.601997555109577, 20.365610226145396 ], [ -99.602122022881517, 20.365873597321237 ], [ -99.602243466369245, 20.36613653244958 ], [ -99.602361877831612, 20.366399016202738 ], [ -99.602477248565776, 20.366661032352557 ], [ -99.602589571778154, 20.366922562857226 ], [ -99.602698841647253, 20.367183593285528 ], [ -99.602805051389936, 20.367444108305989 ], [ -99.602908195188149, 20.367704094390746 ], [ -99.603028309016082, 20.36801422720362 ], [ -99.603146301242106, 20.368325171440915 ], [ -99.603262125392831, 20.368636806186309 ], [ -99.603375739795368, 20.368949013217659 ], [ -99.603487098939922, 20.369261673422621 ], [ -99.603596168887762, 20.369574686624222 ], [ -99.603702910884138, 20.369887946337197 ], [ -99.603807291950773, 20.370201353285005 ], [ -99.603909262619368, 20.370514756743315 ], [ -99.604008811229491, 20.370828118806202 ], [ -99.604105907707535, 20.371141348319284 ], [ -99.604200527753093, 20.371454360433518 ], [ -99.604292643222067, 20.371767067602285 ], [ -99.604382232730075, 20.372079395809394 ], [ -99.604469274881836, 20.372391268327831 ], [ -99.604553749253981, 20.372702612041667 ], [ -99.604635554688443, 20.373013045085969 ], [ -99.604714760157691, 20.373322813003007 ], [ -99.604791349102086, 20.373631850795544 ], [ -99.604865306892364, 20.373940097073952 ], [ -99.604936617926782, 20.374247486837398 ], [ -99.605005268569144, 20.374553967728577 ], [ -99.605071247085434, 20.37485948376905 ], [ -99.605134543672108, 20.375163982587999 ], [ -99.605195139802873, 20.375467386544159 ], [ -99.605253033456009, 20.375769673058127 ], [ -99.605308213887128, 20.37607079427989 ], [ -99.605360674202316, 20.376370706864012 ], [ -99.605410406528321, 20.376669362046883 ], [ -99.60545740303769, 20.376966722811204 ], [ -99.605501657805334, 20.377262748518582 ], [ -99.605543164909761, 20.377557399434156 ], [ -99.605581760253003, 20.377849391222746 ], [ -99.605617621080413, 20.37813994854185 ], [ -99.605650744366713, 20.378429037067633 ], [ -99.605681125173803, 20.378716623386474 ], [ -99.605708761441846, 20.379002674978128 ], [ -99.605733649212354, 20.379287163846779 ], [ -99.605755785471018, 20.379570058378871 ], [ -99.605775169144906, 20.379851333279184 ], [ -99.605791797181098, 20.380130946994488 ], [ -99.605805669518119, 20.38040888777962 ], [ -99.60581678411809, 20.380685128535024 ], [ -99.605825139915694, 20.380959645772059 ], [ -99.605830736800485, 20.381232415095035 ], [ -99.605833573717987, 20.381503415725781 ], [ -99.605833651523483, 20.381772625072088 ], [ -99.605830969162866, 20.382040022355643 ], [ -99.605825528188859, 20.382305518115718 ], [ -99.605817329746586, 20.382569163853429 ], [ -99.60580637374791, 20.382830940593582 ], [ -99.605792662021415, 20.383090829354479 ], [ -99.605776193528115, 20.383348812971192 ], [ -99.605756971062306, 20.383604874265561 ], [ -99.605734995509081, 20.383858997872988 ], [ -99.605710266795384, 20.384111168432085 ], [ -99.605682788656864, 20.384361364242924 ], [ -99.605652562003897, 20.384609576265596 ], [ -99.605619588687773, 20.384855790938843 ], [ -99.605583868643436, 20.385099994707819 ], [ -99.605545406597443, 20.385342174001114 ], [ -99.605504202488731, 20.385582316167135 ], [ -99.605460259138368, 20.385820410351545 ], [ -99.605413578395286, 20.386056442088766 ], [ -99.605274848046776, 20.38671832844803 ], [ -99.605135007732599, 20.387352191853356 ], [ -99.604992850268175, 20.387963494181189 ], [ -99.604847782767393, 20.388554763924976 ], [ -99.60477385744413, 20.388844083407189 ], [ -99.60469904552555, 20.389129006346291 ], [ -99.604623310191855, 20.38940967473302 ], [ -99.604546621190082, 20.389686194391338 ], [ -99.60446894736863, 20.389958686509523 ], [ -99.604390270717147, 20.390227201750086 ], [ -99.604310573302726, 20.390491810654215 ], [ -99.604229838080201, 20.390752565688125 ], [ -99.604147717550362, 20.391010546037855 ], [ -99.604064523023737, 20.391264731373525 ], [ -99.603980241228541, 20.391515158786973 ], [ -99.603894864614688, 20.391761858121669 ], [ -99.603808379885749, 20.392004860144343 ], [ -99.603720781359129, 20.392244182041502 ], [ -99.603632062408039, 20.39247984461727 ], [ -99.603542216384682, 20.392711863254334 ], [ -99.603451227156654, 20.392940278668451 ], [ -99.603359099467042, 20.393165078191529 ], [ -99.603265830480609, 20.393386271771245 ], [ -99.603171413528841, 20.393603869368491 ], [ -99.603075846735024, 20.393817880927791 ], [ -99.602979125326442, 20.394028310981785 ], [ -99.602881248377969, 20.394235167664306 ], [ -99.602782212071986, 20.394438454601218 ], [ -99.60268150663984, 20.394639175634122 ], [ -99.602579626416215, 20.394836300766478 ], [ -99.602476569497156, 20.395029832713657 ], [ -99.602372333982373, 20.39521977509477 ], [ -99.602266918923007, 20.395406129718239 ], [ -99.602160322412033, 20.395588898395903 ], [ -99.602052545417592, 20.395768082929553 ], [ -99.601943585078189, 20.395943686037857 ], [ -99.601833439490761, 20.396115710436035 ], [ -99.601722109609923, 20.396284154311424 ], [ -99.601609595439143, 20.396449017661933 ], [ -99.601495896992532, 20.39661030319613 ], [ -99.601381012350231, 20.39676800911122 ], [ -99.601264943436362, 20.39692213630185 ], [ -99.601147689296738, 20.397072684769103 ], [ -99.601029248980822, 20.397219655417508 ], [ -99.600909615819631, 20.397363057303593 ], [ -99.600788796484224, 20.397502879558978 ], [ -99.600666792899602, 20.397639123078086 ], [ -99.600543603147074, 20.397771786058001 ], [ -99.600419230110361, 20.397900869389844 ], [ -99.600293671874567, 20.398026372174201 ], [ -99.600166930361937, 20.398148294401818 ], [ -99.600039004616264, 20.398266635169911 ], [ -99.599909896563631, 20.398381395372869 ], [ -99.59977960524472, 20.398492573204067 ], [ -99.599648132578892, 20.398600167750757 ], [ -99.599515478576095, 20.3987041799138 ], [ -99.599381643239312, 20.398804608786843 ], [ -99.59924662848502, 20.398901452553375 ], [ -99.599110434327088, 20.398994713017739 ], [ -99.598973060765601, 20.399084388370017 ], [ -99.598877113460986, 20.399142992327281 ], [ -99.598776962197064, 20.399199245976057 ], [ -99.598672564892908, 20.39925317204349 ], [ -99.598563867981355, 20.399304796909956 ], [ -99.598450827468724, 20.399354144211816 ], [ -99.598333367770465, 20.399401246729248 ], [ -99.598211416159813, 20.399446132714299 ], [ -99.598084887468971, 20.399488834978811 ], [ -99.597953865948028, 20.399529330634234 ], [ -99.597818071167524, 20.399567716412552 ], [ -99.597677375795485, 20.399604026172 ], [ -99.59753162377713, 20.39963830109707 ], [ -99.597380687773821, 20.399670573237149 ], [ -99.597224308279706, 20.399700897683083 ], [ -99.597062239185135, 20.399729324056889 ], [ -99.596894164437174, 20.399755906736733 ], [ -99.596605368944623, 20.399795562631514 ], [ -99.596297218918565, 20.399830757264276 ], [ -99.595966682467278, 20.399861846068383 ], [ -99.595607645450443, 20.399889408224084 ], [ -99.595285939567106, 20.399909861033958 ], [ -99.594925092406953, 20.399929315532859 ], [ -99.593714402015564, 20.399983825302279 ], [ -99.593267533164862, 20.400006307194467 ], [ -99.592827668988818, 20.400033556770154 ], [ -99.592628509827762, 20.400048334442445 ], [ -99.592439947435622, 20.400064114103074 ], [ -99.592230104831529, 20.40008408351725 ], [ -99.592031125248511, 20.400105765141689 ], [ -99.591841760431421, 20.400129294272073 ], [ -99.591661181776061, 20.400154774954096 ], [ -99.591488500403869, 20.400182338540922 ], [ -99.591323423251723, 20.40021203845841 ], [ -99.591165517424301, 20.400243952097714 ], [ -99.591014455405514, 20.400278145647366 ], [ -99.590845178202287, 20.400321362619984 ], [ -99.590684608069665, 20.400367916708543 ], [ -99.590532432911047, 20.400417896642701 ], [ -99.590388411521928, 20.400471383680902 ], [ -99.590252297954734, 20.40052847174589 ], [ -99.590123963997371, 20.400589216409259 ], [ -99.590003261371137, 20.400653688670051 ], [ -99.589890072441747, 20.400721953097047 ], [ -99.589836191524398, 20.400757574256559 ], [ -99.589784156303182, 20.400794168648272 ], [ -99.589733957225747, 20.400831744438495 ], [ -99.589685581857736, 20.400870307995962 ], [ -99.589639023521983, 20.400909867477175 ], [ -99.589594272659355, 20.40095042924089 ], [ -99.589551323547752, 20.400992000536675 ], [ -99.589510167583029, 20.401034586816387 ], [ -99.589470795230341, 20.401078200763891 ], [ -99.589433205535499, 20.401122843287059 ], [ -99.589397391818252, 20.401168521638375 ], [ -99.58936334931164, 20.401215242160209 ], [ -99.589331074203812, 20.401263010287959 ], [ -99.589300561731307, 20.401311833267357 ], [ -99.589271808082415, 20.401361716533728 ], [ -99.589244810407209, 20.401412666422786 ], [ -99.589196348838769, 20.401513833647865 ], [ -99.589150957714367, 20.401620247576044 ], [ -99.589108650326253, 20.401731874731741 ], [ -99.589069443770057, 20.401848673493937 ], [ -99.589033350363906, 20.401970605872041 ], [ -99.589000386188061, 20.402097614887072 ], [ -99.588970568292154, 20.4022296462675 ], [ -99.588943907938557, 20.402366635821512 ], [ -99.588920407129166, 20.402508604326052 ], [ -99.588900096872493, 20.402655387223703 ], [ -99.588882988340288, 20.402806895925515 ], [ -99.5888690945701, 20.402963028282116 ], [ -99.58885842288764, 20.403123692102916 ], [ -99.588850984250243, 20.403288741872895 ], [ -99.58884678485127, 20.403458039321599 ], [ -99.588845828871825, 20.403631420884683 ], [ -99.588848175527644, 20.403811351358009 ], [ -99.588853860431968, 20.403995093643317 ], [ -99.588862875995844, 20.404182412831819 ], [ -99.588875208742877, 20.404373037890821 ], [ -99.588890845310246, 20.404566727605431 ], [ -99.58890975447629, 20.404763080885413 ], [ -99.588931900326827, 20.404961722860357 ], [ -99.588957234241093, 20.405162213644196 ], [ -99.588985819895839, 20.405364912649098 ], [ -99.589017479519399, 20.405568433461891 ], [ -99.589052119791347, 20.405772175508186 ], [ -99.589089622086846, 20.40597543709676 ], [ -99.589129876738596, 20.406177604154568 ], [ -99.589172688308423, 20.406377687005019 ], [ -99.589217865533087, 20.406574786316366 ], [ -99.589265177422462, 20.40676788994271 ], [ -99.58930151749523, 20.406900299419682 ], [ -99.589343307267598, 20.4070319621636 ], [ -99.589390561321409, 20.407162928722087 ], [ -99.589443299040823, 20.407293252336657 ], [ -99.589501540754682, 20.407422982630866 ], [ -99.58956531742038, 20.407552191781459 ], [ -99.589634661881149, 20.407680943825838 ], [ -99.589709612772324, 20.407809313624462 ], [ -99.589790142175303, 20.407937265120594 ], [ -99.589876369717629, 20.408065000305719 ], [ -99.589968357102606, 20.408192611128275 ], [ -99.590066180461889, 20.408320203041313 ], [ -99.590169908208594, 20.408447867969112 ], [ -99.590279664582312, 20.408575759994051 ], [ -99.590395570903496, 20.408704021460604 ], [ -99.590517780221333, 20.408832820808836 ], [ -99.590644762942887, 20.408960664153195 ], [ -99.59077827155356, 20.409089429527633 ], [ -99.590918556172255, 20.4092193546164 ], [ -99.591065941935625, 20.409350744617022 ], [ -99.591220655847522, 20.409483806566442 ], [ -99.591383366274073, 20.409619123702818 ], [ -99.591554700143206, 20.409757218860616 ], [ -99.591735591007364, 20.40989884424495 ], [ -99.591907282921525, 20.410029897049565 ], [ -99.592088991283902, 20.410165574554025 ], [ -99.592282430905897, 20.41030715941671 ], [ -99.592490895663317, 20.410457064729396 ], [ -99.592907859215799, 20.410750930643733 ], [ -99.593717346896227, 20.411312454487284 ], [ -99.594047619661239, 20.411543459220706 ], [ -99.59438717238622, 20.411785253937534 ], [ -99.594686867635559, 20.412004270775331 ], [ -99.59485890498361, 20.412133174236832 ], [ -99.595021988399338, 20.412258002186704 ], [ -99.595177247364433, 20.412379620949466 ], [ -99.595325415363973, 20.412498605434386 ], [ -99.595467283648631, 20.412615596311674 ], [ -99.5956030868347, 20.412730794295644 ], [ -99.595733195126314, 20.412844515294978 ], [ -99.595857886427027, 20.41295699963085 ], [ -99.59600709973266, 20.413096776034873 ], [ -99.596148522868958, 20.413235291342129 ], [ -99.596282462719557, 20.413372846320801 ], [ -99.59640915309862, 20.413509682350249 ], [ -99.596528834618269, 20.413646063374514 ], [ -99.596641623754252, 20.413782124548003 ], [ -99.596747658191035, 20.41391803257698 ], [ -99.596847046762917, 20.41405392896467 ], [ -99.59694001981569, 20.414190148165286 ], [ -99.597026503187337, 20.414326600988105 ], [ -99.597106562451032, 20.414463394745638 ], [ -99.597180253546981, 20.414600624132067 ], [ -99.597247629561181, 20.414738389272276 ], [ -99.597308722368254, 20.414876757833738 ], [ -99.597363565787759, 20.415015804705281 ], [ -99.59741218594715, 20.415155598476307 ], [ -99.597517680123346, 20.415490118442023 ], [ -99.597620425451126, 20.415835210702031 ], [ -99.597718912881248, 20.416185804076406 ], [ -99.59781216369575, 20.416538399621231 ], [ -99.597899124042513, 20.416888910416876 ], [ -99.597979573351552, 20.417236325211977 ], [ -99.598053091490286, 20.417578838282481 ], [ -99.598119402111678, 20.417915144902423 ], [ -99.598177727149448, 20.418240853603422 ], [ -99.598228621915368, 20.418558550365987 ], [ -99.59827197239791, 20.418867518141123 ], [ -99.598307702620247, 20.419167208719418 ], [ -99.598335744121201, 20.419457034106806 ], [ -99.598356076650717, 20.419736727820034 ], [ -99.598368675868969, 20.42000595652339 ], [ -99.598373529195868, 20.420264452801533 ], [ -99.598370753830551, 20.42050758355817 ], [ -99.598366565182744, 20.420625127649409 ], [ -99.59836050942684, 20.420739961967193 ], [ -99.598352588402534, 20.420852067529882 ], [ -99.598342802998147, 20.420961427166077 ], [ -99.598331155067669, 20.421068025508394 ], [ -99.598317645506853, 20.421171847192468 ], [ -99.598302279014177, 20.421272868708641 ], [ -99.598285053662707, 20.421371088256027 ], [ -99.598265974193282, 20.421466493167706 ], [ -99.598245042481935, 20.421559073497228 ], [ -99.59822225943941, 20.421648817494404 ], [ -99.598197627907695, 20.421735717016524 ], [ -99.598171151683928, 20.421819763014028 ], [ -99.598142831693522, 20.42190094735065 ], [ -99.598112685020453, 20.421979226594829 ], [ -99.598080703162637, 20.422054633303979 ], [ -99.598046887053101, 20.422127161148861 ], [ -99.598011240500611, 20.422196803790385 ], [ -99.597973765400539, 20.422263555799432 ], [ -99.597934465569139, 20.422327412643781 ], [ -99.597893342902239, 20.422388368894339 ], [ -99.597850400264946, 20.422446421829193 ], [ -99.59780564242557, 20.42250156510562 ], [ -99.59775907033611, 20.422553796911735 ], [ -99.597710687820808, 20.42260311452231 ], [ -99.597660496783561, 20.422649514314994 ], [ -99.597608501056058, 20.422692995371374 ], [ -99.597554702539142, 20.422733553165582 ], [ -99.59749910410639, 20.422771186782338 ], [ -99.597441708628054, 20.422805894402984 ], [ -99.59737509006564, 20.422841551683995 ], [ -99.597304394460764, 20.422874864557116 ], [ -99.59722960268202, 20.422905843022608 ], [ -99.597150688885264, 20.422934496199627 ], [ -99.597067630102245, 20.422960833197127 ], [ -99.596980388046219, 20.422984867694286 ], [ -99.596888925368432, 20.423006607945045 ], [ -99.596793198028294, 20.423026066743915 ], [ -99.596693255842879, 20.423043236684332 ], [ -99.596588944616784, 20.423058149912848 ], [ -99.596480194420153, 20.423070816600461 ], [ -99.596366919025328, 20.42308124606993 ], [ -99.596249047534101, 20.423089445783727 ], [ -99.596126434302306, 20.423095427977572 ], [ -99.595998937495722, 20.423099198548329 ], [ -99.595866377895163, 20.42310076261608 ], [ -99.595619103413441, 20.423098139530957 ], [ -99.595353664261253, 20.423088616039117 ], [ -99.595067788489914, 20.423072117592419 ], [ -99.59475668151498, 20.423048369506269 ], [ -99.59450998764261, 20.423026198246134 ], [ -99.59423825977197, 20.422999197430652 ], [ -99.593060195079872, 20.422870039179177 ], [ -99.59279892831367, 20.422843362824572 ], [ -99.592572475449799, 20.422822528609323 ], [ -99.592323338797158, 20.422799327034923 ], [ -99.592073526791566, 20.42277245521403 ], [ -99.591823034655135, 20.42274191225583 ], [ -99.591571858568614, 20.4227076972664 ], [ -99.591319991840734, 20.422669810265088 ], [ -99.591067428731975, 20.422628249460733 ], [ -99.590814164464916, 20.42258301396242 ], [ -99.590560190428192, 20.422534102892406 ], [ -99.590305506640561, 20.422481516246918 ], [ -99.590050100650032, 20.422425251353893 ], [ -99.589793964800648, 20.422365306428372 ], [ -99.589537092398601, 20.422301680585669 ], [ -99.589279475781353, 20.422234370233788 ], [ -99.589021105383239, 20.422163375401112 ], [ -99.588761972580087, 20.422088691595079 ], [ -99.588502067796242, 20.422010316133299 ], [ -99.588241444799849, 20.421928267805701 ], [ -99.587980028761606, 20.42184252427132 ], [ -99.58771781009942, 20.421753081040475 ], [ -99.587454777317845, 20.421659934533409 ], [ -99.587190917963042, 20.42156308117352 ], [ -99.586926218616057, 20.421462515580203 ], [ -99.586660664899583, 20.42135823237593 ], [ -99.586394243395063, 20.421250226179847 ], [ -99.586126950282789, 20.421138495193123 ], [ -99.585858756788056, 20.42102302866483 ], [ -99.585589644686763, 20.420903817615592 ], [ -99.585319595761845, 20.420780854873101 ], [ -99.585048591789771, 20.420654131457599 ], [ -99.584776608792808, 20.420523637505042 ], [ -99.58450362566218, 20.420389361334468 ], [ -99.584229617452053, 20.420251290373834 ], [ -99.583956978461799, 20.420110676195495 ], [ -99.583683279115178, 20.419966307100108 ], [ -99.583408491581025, 20.419818167814128 ], [ -99.583132582274274, 20.419666242179616 ], [ -99.58285552431623, 20.419510513112208 ], [ -99.582577274513937, 20.419350958160518 ], [ -99.582297795425873, 20.419187554853465 ], [ -99.582017042891408, 20.419020278031461 ], [ -99.581735030385275, 20.418849135774884 ], [ -99.581451648424704, 20.418674064287405 ], [ -99.581166844187138, 20.418495028497755 ], [ -99.580880557179583, 20.418311992456367 ], [ -99.58059273266062, 20.418124920193751 ], [ -99.580303288025959, 20.417933757761304 ], [ -99.580012145481703, 20.417738455711515 ], [ -99.579719216644364, 20.417538951981502 ], [ -99.579425941127909, 20.417336252891054 ], [ -99.579130694028748, 20.41712925694091 ], [ -99.578833359100074, 20.416917883182933 ], [ -99.578533800863084, 20.416702033563983 ], [ -99.578231902115931, 20.416481627137404 ], [ -99.577927457209327, 20.41625651096156 ], [ -99.577620273965977, 20.416026545602467 ], [ -99.577310122703011, 20.415791557412543 ], [ -99.576997429307539, 20.415551878389209 ], [ -99.576681213409145, 20.415306766299832 ], [ -99.57636112997065, 20.41505595389847 ], [ -99.576036734935954, 20.414799092940505 ], [ -99.575707718833328, 20.41453594045301 ], [ -99.575373233847699, 20.41426582151394 ], [ -99.575032519618134, 20.413988120542541 ], [ -99.574684500457053, 20.413701962756466 ], [ -99.57443398089876, 20.41349960812536 ], [ -99.574146344612586, 20.413275831988724 ], [ -99.573852318727035, 20.413052995351073 ], [ -99.573050818648952, 20.412452766545041 ], [ -99.572812794954729, 20.412270917863523 ], [ -99.572601617870461, 20.412106084717781 ], [ -99.572368218025929, 20.411918572754395 ], [ -99.572155336985389, 20.411741077179357 ], [ -99.571959090505487, 20.41157035517735 ], [ -99.571777578460356, 20.411404743203139 ], [ -99.571673185981908, 20.411305391471767 ], [ -99.571573545319524, 20.411207250262425 ], [ -99.57147846599733, 20.41111013226099 ], [ -99.57138780080372, 20.411013886154404 ], [ -99.57130139768914, 20.410918347994333 ], [ -99.571219180621384, 20.410823434906224 ], [ -99.571141062952634, 20.410729044170537 ], [ -99.571066972472124, 20.410635089284856 ], [ -99.5709967541042, 20.410541364743416 ], [ -99.570930458848508, 20.41044792731039 ], [ -99.570868040456403, 20.41035471298683 ], [ -99.570809462290356, 20.410261664970726 ], [ -99.57075468482779, 20.410168723758481 ], [ -99.570703686829816, 20.410075849665255 ], [ -99.570656443203916, 20.409982997597101 ], [ -99.570612934634923, 20.409890129669503 ], [ -99.570550658027543, 20.409742402818932 ], [ -99.570493970311688, 20.4095894963239 ], [ -99.570442884053151, 20.409431441774405 ], [ -99.57039741184964, 20.40926827979575 ], [ -99.570357564357707, 20.409100044694028 ], [ -99.570323354212576, 20.408926787936501 ], [ -99.570294789249658, 20.408748559198465 ], [ -99.570271881166676, 20.408565416274417 ], [ -99.570254629889774, 20.408377343805778 ], [ -99.570243053170998, 20.408184482696697 ], [ -99.570237155097175, 20.407986907029738 ], [ -99.570236937880452, 20.407784702639535 ], [ -99.57024240274356, 20.407577947231349 ], [ -99.570253547220915, 20.407366758279831 ], [ -99.570270364043893, 20.407151250564254 ], [ -99.570292844086026, 20.406931555133973 ], [ -99.570321267464124, 20.406705665997634 ], [ -99.570355425785351, 20.406475821130588 ], [ -99.570395292858493, 20.406242203141243 ], [ -99.570440832062374, 20.406005025393799 ], [ -99.570492007637469, 20.405764475044904 ], [ -99.570548755544195, 20.405520867653447 ], [ -99.570611005919488, 20.405274498918157 ], [ -99.570678670893955, 20.40502571971523 ], [ -99.570751885013507, 20.404774117559636 ], [ -99.570830309701208, 20.404520931476323 ], [ -99.570913792458313, 20.404266658934286 ], [ -99.571002134202701, 20.40401189966127 ], [ -99.571095169967265, 20.403757147552554 ], [ -99.571192560091475, 20.403503344354696 ], [ -99.571293978958877, 20.403251340505694 ], [ -99.571399013431957, 20.403002162027896 ], [ -99.57144298278179, 20.40290439729575 ], [ -99.571490468354057, 20.402806866801942 ], [ -99.571541492980231, 20.402709526192897 ], [ -99.571596085208711, 20.402612322059976 ], [ -99.571654267864076, 20.402515208241837 ], [ -99.571716085723722, 20.402418114107913 ], [ -99.571781577834471, 20.402320974467749 ], [ -99.571850796620296, 20.402223713243494 ], [ -99.571923687689491, 20.402126396571607 ], [ -99.572000419791607, 20.402028786248895 ], [ -99.572081071142648, 20.401930783522019 ], [ -99.572165739052394, 20.401832269695657 ], [ -99.57225450366596, 20.40173314962373 ], [ -99.572347532955192, 20.401633234801189 ], [ -99.57244498536727, 20.401532353018418 ], [ -99.572547069978896, 20.401430287622674 ], [ -99.572720478520779, 20.401264075806179 ], [ -99.572907805908088, 20.401092821208618 ], [ -99.573110984325353, 20.400914747295008 ], [ -99.57333395614944, 20.400726392933827 ], [ -99.573532730147832, 20.400563170026462 ], [ -99.573757142758382, 20.400382687922693 ], [ -99.574507889625295, 20.399790363416791 ], [ -99.5747825924458, 20.399571259173275 ], [ -99.575048492648421, 20.399354196748273 ], [ -99.575283148482356, 20.399156356157054 ], [ -99.575519662271986, 20.398948521709915 ], [ -99.575629413474786, 20.398848380105207 ], [ -99.575734138342909, 20.398750174263636 ], [ -99.575834298157446, 20.39865346623494 ], [ -99.575930048565425, 20.398558100094647 ], [ -99.576021615872975, 20.398463850107493 ], [ -99.576109173856466, 20.398370539504974 ], [ -99.576195984584075, 20.39827449524941 ], [ -99.576278770701691, 20.398179142853067 ], [ -99.576357645762002, 20.398084347310721 ], [ -99.576432704240602, 20.397989998076927 ], [ -99.576504040572232, 20.397895973762658 ], [ -99.576571707215038, 20.397802204622266 ], [ -99.576635762326603, 20.397708607336799 ], [ -99.5766962564511, 20.397615113070103 ], [ -99.576753283887285, 20.397521564288443 ], [ -99.576806822706942, 20.397427989982639 ], [ -99.57685690434036, 20.397334335836213 ], [ -99.57690355543599, 20.397240550258978 ], [ -99.576946802635447, 20.397146579853519 ], [ -99.576986663057312, 20.397052387518201 ], [ -99.577023153809947, 20.396957933440461 ], [ -99.577056289126659, 20.396863177817124 ], [ -99.577104210760112, 20.396712251979523 ], [ -99.577149079352282, 20.396557826678308 ], [ -99.577190882632749, 20.396399950750137 ], [ -99.577229606425021, 20.396238675748673 ], [ -99.577265236559882, 20.396074055034461 ], [ -99.57729775987741, 20.395906155518645 ], [ -99.577327162249787, 20.395735041404421 ], [ -99.577353433423369, 20.39556078772522 ], [ -99.57737656767425, 20.395383399018975 ], [ -99.577396544497446, 20.395203028061797 ], [ -99.57741335369461, 20.395019764343793 ], [ -99.577426987018171, 20.39483370638451 ], [ -99.5774374361974, 20.394644946378243 ], [ -99.577444694999798, 20.394453609041587 ], [ -99.577448758138132, 20.394259815473628 ], [ -99.577449622285883, 20.394063698513374 ], [ -99.577447265500965, 20.393864252533739 ], [ -99.577441675298687, 20.39366275344937 ], [ -99.577432855179694, 20.39345936570184 ], [ -99.57742081445862, 20.393254270881794 ], [ -99.577405560486426, 20.39304763793583 ], [ -99.577387112339537, 20.39283969631224 ], [ -99.577365487133918, 20.39263066371911 ], [ -99.577340710687707, 20.392420778618011 ], [ -99.577312779251528, 20.392210059995243 ], [ -99.577281755083632, 20.391999010040912 ], [ -99.577247680460985, 20.391787912341467 ], [ -99.577210603504085, 20.391577075764637 ], [ -99.577170576088832, 20.391366788383028 ], [ -99.5771276676561, 20.391157423148762 ], [ -99.577081950453717, 20.390949334932838 ], [ -99.577033507357285, 20.390742902064524 ], [ -99.577009502533215, 20.390650268247693 ], [ -99.576982222894159, 20.390557051599231 ], [ -99.576951658708566, 20.390463210584347 ], [ -99.5769177935166, 20.390368698268663 ], [ -99.576880612798803, 20.39027347403654 ], [ -99.576840093327036, 20.390177474710839 ], [ -99.576796209966787, 20.390080639831414 ], [ -99.576748929893881, 20.389982902638206 ], [ -99.576698290707981, 20.38988432173754 ], [ -99.576644185230961, 20.389784678810877 ], [ -99.57658656234095, 20.389683882760853 ], [ -99.576525359329466, 20.389581819034671 ], [ -99.576460522207384, 20.389478398350974 ], [ -99.576391939145154, 20.389373439452608 ], [ -99.576319502211064, 20.389266778237484 ], [ -99.576243070720707, 20.389158204627925 ], [ -99.576109072794807, 20.388975964074838 ], [ -99.575962874015616, 20.388786518682323 ], [ -99.575803035758653, 20.388587990980604 ], [ -99.575626597639996, 20.388376701325104 ], [ -99.575466555237313, 20.388190330014972 ], [ -99.575285447342438, 20.387983717035929 ], [ -99.574671866432155, 20.387296865587384 ], [ -99.574445864704941, 20.387040985609865 ], [ -99.57422551524742, 20.386785218633786 ], [ -99.574034212478423, 20.386555055805029 ], [ -99.573932157515657, 20.386427944134301 ], [ -99.573836621809193, 20.38630543645262 ], [ -99.573747005481636, 20.386186766689129 ], [ -99.573662919433787, 20.386071413855422 ], [ -99.573583949466922, 20.385958806442918 ], [ -99.573509967398891, 20.385848751511237 ], [ -99.573440779528184, 20.385740959649961 ], [ -99.573376241270935, 20.385635207248917 ], [ -99.573306180053194, 20.385513272422568 ], [ -99.57324222403652, 20.385393618956893 ], [ -99.573184249692588, 20.38527601684827 ], [ -99.573132165274473, 20.385160278456816 ], [ -99.573085884749091, 20.385046206183574 ], [ -99.573045364579059, 20.384933691745157 ], [ -99.573010558269274, 20.384822604277442 ], [ -99.572981433789451, 20.384712837265116 ], [ -99.572957934642176, 20.384604146022738 ], [ -99.572940085947295, 20.384496589204023 ], [ -99.572927873008055, 20.384390082824986 ], [ -99.572921287886089, 20.384284556432704 ], [ -99.572920326449591, 20.384179932332508 ], [ -99.572924989465122, 20.384076161728085 ], [ -99.572935278624371, 20.38397318678367 ], [ -99.572951199475597, 20.383870955975326 ], [ -99.572972948140091, 20.383762898618592 ], [ -99.572998830662172, 20.383652727725519 ], [ -99.573028829112005, 20.38354052106261 ], [ -99.573062917933441, 20.383426367263954 ], [ -99.573101075373188, 20.383310346818838 ], [ -99.573143264459048, 20.383192570988328 ], [ -99.573189448202044, 20.383073146515425 ], [ -99.573239579108943, 20.382952190116924 ], [ -99.573293658170769, 20.382829713533052 ], [ -99.573351582789115, 20.382705961971745 ], [ -99.573413284476104, 20.382581075711627 ], [ -99.573478688096458, 20.38245521131789 ], [ -99.573547718471701, 20.382328513608869 ], [ -99.57362027184972, 20.382201174483683 ], [ -99.573696243483923, 20.38207337590519 ], [ -99.57377551813768, 20.38194531342463 ], [ -99.57385873047258, 20.381816030753662 ], [ -99.573945033690663, 20.381686910462339 ], [ -99.574034273392655, 20.381558181663735 ], [ -99.574126281821648, 20.381430088876286 ], [ -99.574220892136594, 20.381302864868829 ], [ -99.574317900279709, 20.381176784098248 ], [ -99.574417104067578, 20.381052109268978 ], [ -99.574518286981231, 20.38092911307244 ], [ -99.574621301169401, 20.380807979422073 ], [ -99.574725838475146, 20.380689076189416 ], [ -99.574831653650051, 20.380572679776431 ], [ -99.574938497617552, 20.380459067501583 ], [ -99.575046117429594, 20.380348505853753 ], [ -99.575154252483713, 20.380241264058256 ], [ -99.575262641183869, 20.380137601404979 ], [ -99.575371024770064, 20.380037766331714 ], [ -99.575429794026988, 20.379986404638132 ], [ -99.575491056366999, 20.379936262687753 ], [ -99.57555483853605, 20.379887317799898 ], [ -99.575621173977893, 20.37983954456082 ], [ -99.575690091361821, 20.379792922090413 ], [ -99.575761638481836, 20.379747418602022 ], [ -99.57583586122216, 20.379703004122405 ], [ -99.575912813122898, 20.379659645942109 ], [ -99.575992439657171, 20.379617369538089 ], [ -99.576074919643659, 20.379576074017372 ], [ -99.576160335346174, 20.379535720249592 ], [ -99.576248782413757, 20.379496260927734 ], [ -99.576340344075021, 20.379457658724792 ], [ -99.576435184888354, 20.379419843515524 ], [ -99.576533459856378, 20.379382752434314 ], [ -99.576635371843182, 20.37934630890296 ], [ -99.576807560595839, 20.379288825015653 ], [ -99.57699117816226, 20.379232331457882 ], [ -99.577188075660956, 20.379176254612645 ], [ -99.577401996825358, 20.379119524840238 ], [ -99.577591587812819, 20.37907206762214 ], [ -99.577804351524463, 20.379021110646633 ], [ -99.578506295258435, 20.378859935455321 ], [ -99.578759618755853, 20.378800380678033 ], [ -99.579004768315272, 20.378739837020667 ], [ -99.579222192067846, 20.378682481683278 ], [ -99.579443038940695, 20.37861933712546 ], [ -99.579645173578655, 20.37855585235555 ], [ -99.579831931574631, 20.378490976316165 ], [ -99.580005057543133, 20.378424096945061 ], [ -99.580091866853664, 20.378387612166666 ], [ -99.580175355792775, 20.378350358584083 ], [ -99.580255652555891, 20.378312279752816 ], [ -99.580332856624992, 20.378273328359366 ], [ -99.580407073204299, 20.378233449842302 ], [ -99.580478362542024, 20.378192611475484 ], [ -99.580546791573695, 20.378150775088812 ], [ -99.5806124147947, 20.378107907071286 ], [ -99.580675344986986, 20.378063929341589 ], [ -99.580735559197919, 20.378018853725685 ], [ -99.5807930946916, 20.377972651187346 ], [ -99.580847984912694, 20.377925296317073 ], [ -99.580900263289038, 20.377876759187547 ], [ -99.580949951786906, 20.377827019848816 ], [ -99.580997074268808, 20.377776052922858 ], [ -99.581041649826375, 20.377723838469159 ], [ -99.581092679069627, 20.377659839517495 ], [ -99.581143015230623, 20.377593220628114 ], [ -99.581192628741434, 20.377524018947337 ], [ -99.581241492919133, 20.377452274322891 ], [ -99.581289580122757, 20.377378026605513 ], [ -99.581336857954227, 20.37730132469795 ], [ -99.581383297845193, 20.377222216586446 ], [ -99.581428867414886, 20.377140755691702 ], [ -99.581517301346835, 20.376970942130132 ], [ -99.581601875259324, 20.376792424412585 ], [ -99.581682333405311, 20.376605741035469 ], [ -99.581758410743774, 20.376411506428262 ], [ -99.581830012116015, 20.376209896210735 ], [ -99.581896692553144, 20.376002092869893 ], [ -99.58195820296352, 20.37578887252554 ], [ -99.582014303106789, 20.375571070905274 ], [ -99.58206477384033, 20.375349527280456 ], [ -99.582109400240512, 20.375125183014354 ], [ -99.582147997053895, 20.37489896943131 ], [ -99.582180402084219, 20.374671833139502 ], [ -99.58220639407034, 20.374445578455205 ], [ -99.582226001096672, 20.374220276671043 ], [ -99.582239142299755, 20.37399684249641 ], [ -99.582245767326455, 20.373776149876516 ], [ -99.582245851782972, 20.373559096162921 ], [ -99.582239397511188, 20.373346420489792 ], [ -99.582226427493183, 20.37313887818485 ], [ -99.582206984563726, 20.372937153125001 ], [ -99.582181207177754, 20.372742386990161 ], [ -99.582149127124609, 20.372554619429771 ], [ -99.582110835520538, 20.372374379643162 ], [ -99.582089391606488, 20.372287229845725 ], [ -99.582066431855424, 20.372202130838858 ], [ -99.582041978595399, 20.372119159353215 ], [ -99.582016038616402, 20.372038337051805 ], [ -99.581988627420074, 20.371959709061976 ], [ -99.581959757613049, 20.371883315099293 ], [ -99.581929446609649, 20.371809199381257 ], [ -99.58189770794381, 20.371737393487724 ], [ -99.581864556124373, 20.3716679335135 ], [ -99.581830007559489, 20.371600851028848 ], [ -99.581789186600645, 20.371528909127179 ], [ -99.581744365116052, 20.371458230220984 ], [ -99.581695519019746, 20.371388778243496 ], [ -99.581642620379199, 20.371320513526353 ], [ -99.58158564415001, 20.371253400005283 ], [ -99.581524546076409, 20.37118738902965 ], [ -99.581459283818987, 20.371122431941856 ], [ -99.581389805446221, 20.371058477405384 ], [ -99.581316159958149, 20.370995559588454 ], [ -99.581238178141462, 20.370933525438076 ], [ -99.581155781188073, 20.370872311055503 ], [ -99.581068867252839, 20.370811841775126 ], [ -99.580977350830764, 20.370752056430163 ], [ -99.5808810647748, 20.370692841716568 ], [ -99.580779843905432, 20.370634097876938 ], [ -99.580673476962588, 20.370575701812914 ], [ -99.580486645789051, 20.370480034338616 ], [ -99.580283639578624, 20.37038413489854 ], [ -99.58006236383622, 20.370287003790988 ], [ -99.579818653180581, 20.370186809640497 ], [ -99.579593370746878, 20.370098897065688 ], [ -99.579338324876957, 20.370003234353685 ], [ -99.578409479814141, 20.369667708601774 ], [ -99.578035517082142, 20.369528907243119 ], [ -99.577839808224866, 20.369453320669123 ], [ -99.577658801309298, 20.369380877620927 ], [ -99.577489197117615, 20.369310255352751 ], [ -99.577329339215211, 20.369240761800967 ], [ -99.577147782578578, 20.369157700065671 ], [ -99.576977126246305, 20.369074823487278 ], [ -99.576816307569786, 20.36899161694565 ], [ -99.57666464202444, 20.368907724905558 ], [ -99.576521403671904, 20.368822734134728 ], [ -99.576386380234737, 20.368736508008347 ], [ -99.576259239382239, 20.368648834394186 ], [ -99.576139736132944, 20.368559542434909 ], [ -99.576043057314195, 20.368482716081051 ], [ -99.575947184976513, 20.368403455432677 ], [ -99.57585208067897, 20.368321728991898 ], [ -99.575757705970702, 20.368237502549984 ], [ -99.575664024327352, 20.368150744602623 ], [ -99.575570982868669, 20.36806140562728 ], [ -99.575478532567388, 20.367969441510333 ], [ -99.575386621478344, 20.367874796400709 ], [ -99.575295275603352, 20.367777504550062 ], [ -99.575204346811972, 20.367677411028755 ], [ -99.575113766803895, 20.367574441967278 ], [ -99.575023459563511, 20.367468509967601 ], [ -99.574933357732689, 20.367359536638894 ], [ -99.574843348718858, 20.367247389523342 ], [ -99.57475333047671, 20.367131937935344 ], [ -99.574663178826626, 20.367013025057638 ], [ -99.574487459065693, 20.366771875998271 ], [ -99.574309435698453, 20.366515254809578 ], [ -99.57412749048423, 20.366240842753278 ], [ -99.573938694349053, 20.365944226337817 ], [ -99.57376064272259, 20.365654818515779 ], [ -99.573566663949848, 20.365330865903374 ], [ -99.573372286871887, 20.364999764193044 ], [ -99.572851973751952, 20.364105116739854 ], [ -99.572693615399658, 20.363837231806741 ], [ -99.572549923873339, 20.36359838178911 ], [ -99.572383237826642, 20.36332777420073 ], [ -99.572224711439688, 20.363078070615401 ], [ -99.572071235591835, 20.362844381942441 ], [ -99.571921202069078, 20.362624268331455 ], [ -99.571828253284011, 20.362492251795537 ], [ -99.57173593076935, 20.362364518012598 ], [ -99.571644033243572, 20.362240790238712 ], [ -99.571552399884538, 20.362120850330648 ], [ -99.571460852581453, 20.362004468454774 ], [ -99.571369300840587, 20.361891530150825 ], [ -99.571277631080449, 20.361781895733028 ], [ -99.5711857489826, 20.361675452560348 ], [ -99.571093425558615, 20.361571943856251 ], [ -99.571000722400271, 20.36147144441755 ], [ -99.570907563517949, 20.361373874975587 ], [ -99.570813887337479, 20.361279167961388 ], [ -99.570719622697013, 20.361187254029797 ], [ -99.570624724397447, 20.361098089051577 ], [ -99.570529139551638, 20.361011622597161 ], [ -99.57043282105785, 20.360927814157542 ], [ -99.570278404624091, 20.360799076078582 ], [ -99.570119575760131, 20.360672564270111 ], [ -99.569956259516601, 20.360548219327196 ], [ -99.569788371339726, 20.360425975550555 ], [ -99.569615833415966, 20.360305776254169 ], [ -99.569438524713533, 20.360187536880794 ], [ -99.569256330937634, 20.360071180982686 ], [ -99.569069116672097, 20.359956620433231 ], [ -99.5688769961628, 20.359843916288671 ], [ -99.568679545937698, 20.359732812386635 ], [ -99.568476577806024, 20.359623199082623 ], [ -99.568267859457876, 20.359514954224043 ], [ -99.568053197933381, 20.35940797360049 ], [ -99.56783222176233, 20.35930207135311 ], [ -99.567604578694898, 20.359197076919227 ], [ -99.567369823423093, 20.359092786602528 ], [ -99.567168558887317, 20.359006321806444 ], [ -99.566961631676804, 20.358920024252104 ], [ -99.566748618620224, 20.358833717283794 ], [ -99.566528961275466, 20.35874717588748 ], [ -99.566302295980776, 20.358660251219959 ], [ -99.566067480963426, 20.358572500577157 ], [ -99.565823474294248, 20.358483534236569 ], [ -99.565568704498219, 20.358392779849389 ], [ -99.565114444889559, 20.358235511710255 ], [ -99.564605951550462, 20.358064810431188 ], [ -99.5641036122217, 20.357899871701463 ], [ -99.562809398018516, 20.357479312720951 ], [ -99.56243497170037, 20.357355713934808 ], [ -99.562099275386956, 20.357243052438537 ], [ -99.5617258246604, 20.357114971632026 ], [ -99.561378255364204, 20.356992494070269 ], [ -99.561050126390569, 20.356873347268593 ], [ -99.560738152756443, 20.356756332869843 ], [ -99.560378149538735, 20.356616041696132 ], [ -99.560035203538519, 20.356476339333263 ], [ -99.559707084773976, 20.356336316779799 ], [ -99.559392331747233, 20.356195348089031 ], [ -99.559089355184796, 20.35605270831314 ], [ -99.558797662672418, 20.355908152406766 ], [ -99.558516495927194, 20.355761303339889 ], [ -99.558245279947073, 20.355611861199336 ], [ -99.556205627978841, 20.354461154670645 ], [ -99.55534543927773, 20.353973540659855 ], [ -99.554447125044177, 20.353459209089177 ], [ -99.553638208979478, 20.352989546238305 ], [ -99.553219201910466, 20.352743198778406 ], [ -99.552815181814239, 20.352503353048306 ], [ -99.552424119838321, 20.352268802939442 ], [ -99.552044656337799, 20.352038734176222 ], [ -99.551675291453549, 20.351812233514842 ], [ -99.551315549814831, 20.351589005236864 ], [ -99.550964700645821, 20.351368595389832 ], [ -99.550622188885072, 20.351150656084737 ], [ -99.550266779584035, 20.350921402966122 ], [ -99.549919764965722, 20.350694284987636 ], [ -99.549580729170955, 20.350469030621259 ], [ -99.549249341799126, 20.350245420474817 ], [ -99.548925248425604, 20.350023213541352 ], [ -99.548608260777385, 20.349802282142331 ], [ -99.54829815598525, 20.349582467982916 ], [ -99.547994746729842, 20.349363640666017 ], [ -99.547697618012563, 20.349145494303894 ], [ -99.547406880254442, 20.348928106292924 ], [ -99.547122398940601, 20.348711375883653 ], [ -99.546844061643981, 20.348495216713481 ], [ -99.546571746332901, 20.348279535219621 ], [ -99.546305378036152, 20.348064270220203 ], [ -99.546044870258243, 20.347849352436238 ], [ -99.545790148029866, 20.347634720683672 ], [ -99.545529872489652, 20.347410498785564 ], [ -99.545275780725547, 20.347186465911186 ], [ -99.545027808328001, 20.346962567169353 ], [ -99.544785898558899, 20.346738749450996 ], [ -99.544549994684033, 20.346514960549879 ], [ -99.544320054381501, 20.346291159960483 ], [ -99.544096034368806, 20.346067306276058 ], [ -99.543877896163551, 20.345843360784698 ], [ -99.543665573386733, 20.34561925233093 ], [ -99.543459066017618, 20.345394981840084 ], [ -99.543258343258131, 20.34517051599574 ], [ -99.543063380071388, 20.344945825077225 ], [ -99.542874147582239, 20.344720877567994 ], [ -99.54269062652142, 20.344495649149625 ], [ -99.542512795697377, 20.344270113701885 ], [ -99.542340635841143, 20.344044246905209 ], [ -99.542174021786892, 20.34381787748055 ], [ -99.542013051672427, 20.343591131644313 ], [ -99.541857712951, 20.343363989572008 ], [ -99.541707991159925, 20.343136431444776 ], [ -99.541563872794484, 20.342908437440094 ], [ -99.541425347230486, 20.342679989532972 ], [ -99.541292404811145, 20.342451072406007 ], [ -99.54116503683143, 20.342221668930772 ], [ -99.541043226893848, 20.341991753869728 ], [ -99.540926975917628, 20.341761322714092 ], [ -99.540816274245856, 20.341530360144038 ], [ -99.540711116063235, 20.341298853538078 ], [ -99.540611495548063, 20.341066788466971 ], [ -99.540517407845996, 20.340834153208878 ], [ -99.540428847144653, 20.340600936044183 ], [ -99.540345809550658, 20.34036712615055 ], [ -99.540321417398459, 20.34029461873541 ], [ -99.540286218333648, 20.340189990908879 ], [ -99.540178050382323, 20.339868462703649 ], [ -99.54001523694987, 20.339365478094123 ], [ -99.539973939625796, 20.339232718168784 ], [ -99.539859046521613, 20.338863364681679 ], [ -99.539710444003575, 20.338365233323483 ], [ -99.53957049285971, 20.337874720473302 ], [ -99.539439348430761, 20.337392450065831 ], [ -99.539317403636886, 20.336919873906584 ], [ -99.539204926348248, 20.336458022204052 ], [ -99.53910271135922, 20.336010421101676 ], [ -99.539010214750064, 20.335574956962748 ], [ -99.53892755815707, 20.335152205026993 ], [ -99.538854828280634, 20.334742610521754 ], [ -99.538822214435697, 20.334542916083642 ], [ -99.538792106179841, 20.334346648509023 ], [ -99.538764508428926, 20.334153847543178 ], [ -99.53873942703504, 20.333964546603024 ], [ -99.538716864992423, 20.333778783632187 ], [ -99.538696827170781, 20.333596584821599 ], [ -99.538679315572537, 20.333417978178154 ], [ -99.538664334103842, 20.333242988088234 ], [ -99.53865199907942, 20.333073392487524 ], [ -99.538642144250389, 20.332907384680979 ], [ -99.538634771592569, 20.332744984542597 ], [ -99.538629882117959, 20.332586210142029 ], [ -99.538627475887182, 20.332431081358912 ], [ -99.53862755197818, 20.332279610846957 ], [ -99.53863011235569, 20.332131814865399 ], [ -99.538635156098422, 20.3319877060677 ], [ -99.538642681361864, 20.331847307049731 ], [ -99.53865268910063, 20.331710618712162 ], [ -99.538665177439711, 20.331577654614652 ], [ -99.538680145443593, 20.331448422892322 ], [ -99.53869759314756, 20.331322935291499 ], [ -99.53871751770096, 20.33120119995295 ], [ -99.538739918169384, 20.331083225011358 ], [ -99.538764793615684, 20.330969017697754 ], [ -99.538792134594175, 20.33085861779897 ], [ -99.538821944836158, 20.330751997290854 ], [ -99.538854223405593, 20.330649163404068 ], [ -99.538888968402588, 20.330550121564837 ], [ -99.538926177924537, 20.330454876295804 ], [ -99.53896585007854, 20.3303634348302 ], [ -99.539007981995383, 20.330275798982576 ], [ -99.539052573695741, 20.330191975076424 ], [ -99.539099620404627, 20.330111967642729 ], [ -99.5391491211698, 20.330035778489826 ], [ -99.539201073132986, 20.329963412142522 ], [ -99.539255475342671, 20.329894870408822 ], [ -99.539312324935068, 20.32983015600621 ], [ -99.539371620010897, 20.329769273456275 ], [ -99.539428782804379, 20.329716450388364 ], [ -99.539433357697604, 20.329712222765334 ], [ -99.539497536093606, 20.329659007551157 ], [ -99.539556899590877, 20.329614576654613 ], [ -99.539619454364242, 20.329571909663883 ], [ -99.539685198506646, 20.329531009292445 ], [ -99.539754128185891, 20.329491875548463 ], [ -99.539826240540535, 20.329454512051505 ], [ -99.539901531738835, 20.329418918809424 ], [ -99.539979997961822, 20.32938509944433 ], [ -99.540061634423409, 20.329353054870467 ], [ -99.540146440172649, 20.329322786893403 ], [ -99.540234406592106, 20.329294296438825 ], [ -99.540325529863694, 20.329267587128125 ], [ -99.540419804241154, 20.329242658974177 ], [ -99.540517223029894, 20.329219514703318 ], [ -99.540617780487196, 20.329198155231715 ], [ -99.54072146896101, 20.329178583288286 ], [ -99.540828281744822, 20.329160797984649 ], [ -99.540938251401599, 20.329144796503474 ], [ -99.541051331981194, 20.329130587113319 ], [ -99.541167512952299, 20.32911817074439 ], [ -99.5412867847418, 20.329107548323638 ], [ -99.5414091368188, 20.329098720780831 ], [ -99.541534558652671, 20.329091689045836 ], [ -99.541663037793995, 20.329086453150378 ], [ -99.541794560841851, 20.329083014936405 ] ] ] } },
{ "type": "Feature", "properties": { "hectareas": 1136.92, "hectareas_quantil": "(376,1.48e+03]" }, "geometry": { "type": "Polygon", "coordinates": [ [ [ -99.503168214208401, 20.381791036480038 ], [ -99.517746724042681, 20.374097870772435 ], [ -99.528288930455119, 20.375779345884155 ], [ -99.541287559243798, 20.377851688386322 ], [ -99.55106133274306, 20.388531760608249 ], [ -99.534849830767158, 20.393172518445635 ], [ -99.54139976465575, 20.409983337055881 ], [ -99.529227562239726, 20.410020728265284 ], [ -99.520265296261172, 20.399337035482723 ], [ -99.515779341197359, 20.397941984040092 ], [ -99.505644630436933, 20.394789749344152 ], [ -99.503168214208401, 20.381791036480038 ] ] ] } },
{ "type": "Feature", "properties": { "hectareas": 65.03, "hectareas_quantil": "(0,65]" }, "geometry": { "type": "Polygon", "coordinates": [ [ [ -99.736714089057287, 20.550697478209003 ], [ -99.745461149386102, 20.550417712432299 ], [ -99.746001038218694, 20.555626028020381 ], [ -99.740085259835126, 20.556136111630334 ], [ -99.739968274639764, 20.558560165201396 ], [ -99.736880502447406, 20.558573327862103 ], [ -99.736714089057287, 20.550697478209003 ] ] ] } },
{ "type": "Feature", "properties": { "hectareas": 108.42, "hectareas_quantil": "(65,123]" }, "geometry": { "type": "Polygon", "coordinates": [ [ [ -99.39888345374888, 20.498996837446001 ], [ -99.39871393871735, 20.496243045503409 ], [ -99.393518634618957, 20.496713926202521 ], [ -99.393503796566392, 20.490899571248928 ], [ -99.407467213556998, 20.490255337376741 ], [ -99.407320187846381, 20.496070062853629 ], [ -99.404233985300436, 20.495771254214752 ], [ -99.404080419547753, 20.499137831818452 ], [ -99.39888345374888, 20.498996837446001 ] ] ] } },
{ "type": "Feature", "properties": { "hectareas": 200.91, "hectareas_quantil": "(123,376]" }, "geometry": { "type": "Polygon", "coordinates": [ [ [ -99.282109127716723, 20.700321332742941 ], [ -99.281845775949819, 20.695301190467877 ], [ -99.277123619083099, 20.694904957016295 ], [ -99.273460286795299, 20.694597478887587 ], [ -99.272941891503592, 20.688860495051575 ], [ -99.2764382001413, 20.688460024637592 ], [ -99.279291981311403, 20.688133094991308 ], [ -99.279288043981637, 20.685981424686215 ], [ -99.280811471384752, 20.685500798588098 ], [ -99.281812099673587, 20.683066922862995 ], [ -99.282490974542625, 20.68141561767008 ], [ -99.282581857913001, 20.681194549057214 ], [ -99.286899692995291, 20.680709267209014 ], [ -99.286851820059169, 20.682441503351193 ], [ -99.286851610570992, 20.682449077589311 ], [ -99.286423913391559, 20.697923464764425 ], [ -99.29302837780007, 20.69719513301931 ], [ -99.291764889631622, 20.700783398547721 ], [ -99.282109127716723, 20.700321332742941 ] ] ] } },
{ "type": "Feature", "properties": { "hectareas": 844.56, "hectareas_quantil": "(376,1.48e+03]" }, "geometry": { "type": "Polygon", "coordinates": [ [ [ -98.933496946730074, 20.663530314489325 ], [ -98.933092613370007, 20.658748598277917 ], [ -98.929638093455196, 20.658747224141944 ], [ -98.929638205324778, 20.658504193654306 ], [ -98.929640470192282, 20.653583137906011 ], [ -98.931700209004163, 20.653307020719055 ], [ -98.932485442075603, 20.653201749345563 ], [ -98.932530845509831, 20.652606916653873 ], [ -98.932689820343995, 20.650524151997292 ], [ -98.936983423457463, 20.650076742793559 ], [ -98.938176347016736, 20.649952416674726 ], [ -98.938329009862898, 20.649607910017963 ], [ -98.939193236927721, 20.647657625653107 ], [ -98.940066171394136, 20.647540553997715 ], [ -98.940615656846973, 20.647466858205902 ], [ -98.94083924841037, 20.646731246896735 ], [ -98.941429451096667, 20.644789457850781 ], [ -98.942971838427752, 20.644997393348561 ], [ -98.945577734558583, 20.645348672103619 ], [ -98.947118464947224, 20.645556345043794 ], [ -98.946510100336596, 20.642113426469354 ], [ -98.949354816534495, 20.641731758752577 ], [ -98.949558757591021, 20.639436663707578 ], [ -98.951996934809884, 20.639437358718752 ], [ -98.951794657227026, 20.636568358233447 ], [ -98.953095644630721, 20.636474511360355 ], [ -98.954041933320994, 20.636406244664972 ], [ -98.957077383894557, 20.636187226162612 ], [ -98.957077783248465, 20.634763283381766 ], [ -98.957078134839989, 20.633509543066964 ], [ -98.957679959665015, 20.63358051148337 ], [ -98.960328812784965, 20.633892846287441 ], [ -98.960126336294962, 20.631215116494257 ], [ -98.964862685483283, 20.631450818871294 ], [ -98.967846736912747, 20.631599252247497 ], [ -98.967845692226533, 20.636572092691122 ], [ -98.970893394486197, 20.636381370300946 ], [ -98.971096102201017, 20.63886782325255 ], [ -98.97373751727774, 20.638485719373008 ], [ -98.973578322991685, 20.642959586222162 ], [ -98.973533344566206, 20.644223575318595 ], [ -98.973329556525613, 20.647666275117579 ], [ -98.963169889289858, 20.647855669126383 ], [ -98.962153169131952, 20.650915653407885 ], [ -98.952399726615354, 20.650913239120886 ], [ -98.951381249967625, 20.658754720797685 ], [ -98.949349052057258, 20.659136661034033 ], [ -98.949361680915771, 20.659279835722334 ], [ -98.94975395801913, 20.663727078747325 ], [ -98.944266072209345, 20.666785590123087 ], [ -98.944061944185066, 20.669271933542518 ], [ -98.938778042674215, 20.669652663184333 ], [ -98.938979966281963, 20.672904192495164 ], [ -98.935321819135552, 20.673094121339606 ], [ -98.936544909162492, 20.664105250270431 ], [ -98.933496946730074, 20.663530314489325 ] ] ] } },
{ "type": "Feature", "properties": { "hectareas": 4395.87, "hectareas_quantil": "(1.48e+03,4.4e+03]" }, "geometry": { "type": "Polygon", "coordinates": [ [ [ -98.658727117327814, 21.070562552604549 ], [ -98.6391546591055, 21.054265773528662 ], [ -98.631006436335298, 21.053770144761931 ], [ -98.627200704627072, 21.048024313081491 ], [ -98.623633691818227, 21.048733641265208 ], [ -98.614195913479065, 21.054689056230526 ], [ -98.612938637302236, 21.048470553833234 ], [ -98.622133478758144, 21.037733386839278 ], [ -98.627997923320436, 21.034638490054633 ], [ -98.626754509568656, 21.022682560845702 ], [ -98.633142103138169, 21.013612005306303 ], [ -98.625506503724182, 21.01263911461567 ], [ -98.621700194489208, 21.007610341025085 ], [ -98.620471969373995, 20.989916811890549 ], [ -98.60597841579424, 20.98366821268452 ], [ -98.599891539214042, 20.975286754589817 ], [ -98.614152803067086, 20.972450857285136 ], [ -98.6172175022961, 20.968393653883545 ], [ -98.637318468603112, 20.971067332911151 ], [ -98.641914198839871, 20.965100397708269 ], [ -98.647255709186226, 20.966545930801821 ], [ -98.642152788639862, 20.97179474863378 ], [ -98.641626064236348, 20.97920468405048 ], [ -98.660208701085509, 20.978764622487137 ], [ -98.659984436070431, 20.965376461873419 ], [ -98.672972174298508, 20.96205493567653 ], [ -98.676498332481927, 20.979274461215311 ], [ -98.672360915526383, 20.992669678948069 ], [ -98.663225686788934, 20.995505229335496 ], [ -98.662420041285856, 21.014150738312775 ], [ -98.654500969453508, 21.025609956932719 ], [ -98.649400731031946, 21.028946424030323 ], [ -98.656522597084049, 21.032307862725297 ], [ -98.663125298997585, 21.040210202442996 ], [ -98.667956679220012, 21.043327546823331 ], [ -98.659034100353225, 21.047613038557412 ], [ -98.644770421923297, 21.048779140565678 ], [ -98.649597769192738, 21.053570441081057 ], [ -98.65543862743084, 21.060754302395363 ], [ -98.661800777773081, 21.062918664106647 ], [ -98.670970992332528, 21.062219484780286 ], [ -98.670965210055357, 21.064849177528782 ], [ -98.665350316690905, 21.070097608345407 ], [ -98.658727117327814, 21.070562552604549 ] ] ] } },
{ "type": "Feature", "properties": { "hectareas": 446.95, "hectareas_quantil": "(376,1.48e+03]" }, "geometry": { "type": "Polygon", "coordinates": [ [ [ -98.616186367426295, 20.625667549508794 ], [ -98.610824924345692, 20.624890516126005 ], [ -98.61080936684418, 20.631010797897755 ], [ -98.603820868726714, 20.630841902341441 ], [ -98.603020904040136, 20.625943815587078 ], [ -98.602071980102338, 20.615843110120206 ], [ -98.606953356287661, 20.613559158407838 ], [ -98.613778171661949, 20.613880558693563 ], [ -98.614908850089719, 20.616637228889822 ], [ -98.624822787774121, 20.616506026501103 ], [ -98.62562041645397, 20.62262808682944 ], [ -98.622694986322514, 20.622621723600126 ], [ -98.622181362806984, 20.633178157950763 ], [ -98.619416366200824, 20.633937126747881 ], [ -98.620046754580102, 20.641894923859109 ], [ -98.611757390853583, 20.641723476064346 ], [ -98.613741129138546, 20.628569251682119 ], [ -98.617155407754282, 20.628117828146866 ], [ -98.616186367426295, 20.625667549508794 ] ] ] } },
{ "type": "Feature", "properties": { "hectareas": 115.04, "hectareas_quantil": "(65,123]" }, "geometry": { "type": "Polygon", "coordinates": [ [ [ -98.759044948479115, 20.570917021187885 ], [ -98.758800473471823, 20.564939702962132 ], [ -98.775554493092756, 20.565081765659343 ], [ -98.775672689646498, 20.571058901959166 ], [ -98.759044948479115, 20.570917021187885 ] ] ] } },
{ "type": "Feature", "properties": { "hectareas": 2688.48, "hectareas_quantil": "(1.48e+03,4.4e+03]" }, "geometry": { "type": "Polygon", "coordinates": [ [ [ -98.964919480128984, 20.568134290647119 ], [ -98.96757410021462, 20.566974161395887 ], [ -98.967192473279582, 20.546372577228546 ], [ -98.966038218768261, 20.52976992357349 ], [ -98.955869241774337, 20.530105728583685 ], [ -98.955103389574916, 20.530130994955499 ], [ -98.950541703585344, 20.527185846065269 ], [ -98.949113905912412, 20.526263973257887 ], [ -98.948919772230724, 20.526138626449534 ], [ -98.945714507223101, 20.524069021922742 ], [ -98.945754666106851, 20.518423571441321 ], [ -98.945849835120626, 20.505042873036597 ], [ -98.948376940687609, 20.503828015561549 ], [ -98.951896030806822, 20.502136187812461 ], [ -98.951897581255551, 20.497167556159123 ], [ -98.959357438199774, 20.496805903498842 ], [ -98.959613464786088, 20.501411037341995 ], [ -98.962314280435265, 20.502259947572618 ], [ -98.970931899971305, 20.502140418303966 ], [ -98.971188619910777, 20.504927741585504 ], [ -98.971943830884797, 20.505002766071495 ], [ -98.97363241684063, 20.505170502565345 ], [ -98.974016978973125, 20.512926466972235 ], [ -98.976203685293612, 20.512926780578791 ], [ -98.976588726486099, 20.518501386295323 ], [ -98.971185990698856, 20.518985316753525 ], [ -98.970928286880692, 20.521287805458421 ], [ -98.968484113613329, 20.521650936439642 ], [ -98.968354829212686, 20.524801744712626 ], [ -98.97375767461736, 20.524923831776373 ], [ -98.973501000462235, 20.521409404017401 ], [ -98.979804205757418, 20.521410252265724 ], [ -98.982117810733925, 20.53740702625478 ], [ -98.985332922456053, 20.549404699587264 ], [ -98.985461124013554, 20.554252127708395 ], [ -98.982244515837067, 20.554251827938479 ], [ -98.981986235978241, 20.562371220238749 ], [ -98.984945671431788, 20.56237150274103 ], [ -98.984945172636145, 20.567461284544503 ], [ -98.989963511995882, 20.567461648104128 ], [ -99.001415554154164, 20.5601908152615 ], [ -99.012223514849182, 20.556918385365346 ], [ -99.023546151763014, 20.556796031348139 ], [ -99.023934284583689, 20.570489914433683 ], [ -99.006562786890171, 20.570976184936569 ], [ -98.987388710768229, 20.583215544739424 ], [ -98.979667123043242, 20.585274955086518 ], [ -98.964996511670549, 20.584909054370399 ], [ -98.964120072149257, 20.570929551022026 ], [ -98.964050215997403, 20.569815212919742 ], [ -98.963991548614942, 20.568879343579059 ], [ -98.963970831571913, 20.568548857435157 ], [ -98.964919480128984, 20.568134290647119 ] ] ] } },
{ "type": "Feature", "properties": { "hectareas": 3866.85, "hectareas_quantil": "(1.48e+03,4.4e+03]" }, "geometry": { "type": "Polygon", "coordinates": [ [ [ -98.961326243897872, 20.399881852012182 ], [ -98.969846601178546, 20.399883533870973 ], [ -98.97633748462907, 20.40524004448908 ], [ -98.99094429627155, 20.405623951514727 ], [ -99.027868799712024, 20.414420287585259 ], [ -99.028687360039171, 20.45229112128753 ], [ -99.027563422192145, 20.452455684526473 ], [ -99.005147086616034, 20.455736217982093 ], [ -98.998873343233754, 20.45573629048376 ], [ -98.982823805986882, 20.455735446118684 ], [ -98.980388053627394, 20.459560528398484 ], [ -98.970646673077269, 20.45994169081407 ], [ -98.95199146229109, 20.409442936109926 ], [ -98.961326243897872, 20.399881852012182 ] ] ] } },
{ "type": "Feature", "properties": { "hectareas": 84.04, "hectareas_quantil": "(65,123]" }, "geometry": { "type": "Polygon", "coordinates": [ [ [ -98.055682039010691, 20.463062030281034 ], [ -98.065748780028372, 20.462810412857618 ], [ -98.066029961585102, 20.470002828641089 ], [ -98.055638998547849, 20.470099686566094 ], [ -98.055682039010691, 20.463062030281034 ] ] ] } },
{ "type": "Feature", "properties": { "hectareas": 450.06, "hectareas_quantil": "(376,1.48e+03]" }, "geometry": { "type": "Polygon", "coordinates": [ [ [ -98.223252324909296, 20.418235181529681 ], [ -98.226447784376589, 20.412110126096753 ], [ -98.238311626375079, 20.412908286780514 ], [ -98.239693645120909, 20.416529044315229 ], [ -98.243527881091353, 20.416545735624137 ], [ -98.245157978048127, 20.419249504876312 ], [ -98.250573866687859, 20.419445019056404 ], [ -98.25079148852349, 20.424781978711341 ], [ -98.246828612325501, 20.426141922283424 ], [ -98.241031833030519, 20.429100331396672 ], [ -98.238081168918214, 20.434997214609925 ], [ -98.236135657060416, 20.434529677815664 ], [ -98.230319463091945, 20.429053309242921 ], [ -98.222781640286854, 20.427126410001829 ], [ -98.223252324909296, 20.418235181529681 ] ] ] } },
{ "type": "Feature", "properties": { "hectareas": 305.59, "hectareas_quantil": "(123,376]" }, "geometry": { "type": "Polygon", "coordinates": [ [ [ -98.697231465418625, 20.152870374344147 ], [ -98.697503859796683, 20.150371998405138 ], [ -98.704794391619387, 20.150843421644872 ], [ -98.705419265088651, 20.1632388682692 ], [ -98.711251736539054, 20.163860601553548 ], [ -98.711241600695089, 20.169369203508126 ], [ -98.714310255760481, 20.175035845573564 ], [ -98.704585132125231, 20.175937887096367 ], [ -98.702545583144854, 20.175084173630658 ], [ -98.699079583944837, 20.17363330279451 ], [ -98.699254544791899, 20.166900853633219 ], [ -98.696019216601584, 20.163987972230796 ], [ -98.697231465418625, 20.152870374344147 ] ] ] } },
{ "type": "Feature", "properties": { "hectareas": 122.6, "hectareas_quantil": "(123,376]" }, "geometry": { "type": "Polygon", "coordinates": [ [ [ -98.301076398779372, 20.347475354172666 ], [ -98.301143461220846, 20.332557443370369 ], [ -98.305199569127581, 20.332382353195541 ], [ -98.309846983161847, 20.336034686370141 ], [ -98.311861962125079, 20.338911517230223 ], [ -98.312253967363532, 20.341973205480862 ], [ -98.305362175899134, 20.341372167742161 ], [ -98.30594658656041, 20.346729735834376 ], [ -98.301076398779372, 20.347475354172666 ] ] ] } },
{ "type": "Feature", "properties": { "hectareas": 175.35, "hectareas_quantil": "(123,376]" }, "geometry": { "type": "Polygon", "coordinates": [ [ [ -98.676229958429275, 20.077428951259332 ], [ -98.678675073751364, 20.06968685743287 ], [ -98.686870258156247, 20.071423028950075 ], [ -98.689592428497122, 20.076879118055572 ], [ -98.687148299488385, 20.084334453712156 ], [ -98.676218174723786, 20.083167116027013 ], [ -98.676229958429275, 20.077428951259332 ] ] ] } },
{ "type": "Feature", "properties": { "hectareas": 224.48, "hectareas_quantil": "(123,376]" }, "geometry": { "type": "Polygon", "coordinates": [ [ [ -98.663637407725062, 20.006841290067946 ], [ -98.677486956893091, 20.005533936466385 ], [ -98.67925611335869, 20.018262250296065 ], [ -98.662712806262434, 20.019564616362214 ], [ -98.663637407725062, 20.006841290067946 ] ] ] } },
{ "type": "Feature", "properties": { "hectareas": 276.11, "hectareas_quantil": "(123,376]" }, "geometry": { "type": "Polygon", "coordinates": [ [ [ -98.551838418730213, 20.086207052681928 ], [ -98.56127084082479, 20.079631896176711 ], [ -98.574627547825784, 20.081386008095873 ], [ -98.576115036844129, 20.092865846676677 ], [ -98.562447278481173, 20.093406311129311 ], [ -98.551838418730213, 20.086207052681928 ] ] ] } },
{ "type": "Feature", "properties": { "hectareas": 2512.82, "hectareas_quantil": "(1.48e+03,4.4e+03]" }, "geometry": { "type": "Polygon", "coordinates": [ [ [ -98.506755032158466, 20.165302759709107 ], [ -98.506340099863976, 20.142655445247616 ], [ -98.500506438862772, 20.142945030856943 ], [ -98.501034756455212, 20.129634245330031 ], [ -98.507192412532362, 20.129192523598714 ], [ -98.515804611272713, 20.120800554647285 ], [ -98.509020798949408, 20.114355157466964 ], [ -98.507737320779668, 20.110373182272678 ], [ -98.508174722710308, 20.109531685018958 ], [ -98.513885987087974, 20.098543082549195 ], [ -98.520283892552868, 20.086231260714406 ], [ -98.53294455217214, 20.076931210922972 ], [ -98.544929026832378, 20.076962490769912 ], [ -98.545255687593382, 20.10509228549363 ], [ -98.545318184801246, 20.110474048710923 ], [ -98.545150891367385, 20.112309808546907 ], [ -98.536565037882042, 20.112440476091095 ], [ -98.536503272905506, 20.133403449530892 ], [ -98.512105769234864, 20.164246572709168 ], [ -98.506755032158466, 20.165302759709107 ] ] ] } },
{ "type": "Feature", "properties": { "hectareas": 122.56, "hectareas_quantil": "(65,123]" }, "geometry": { "type": "Polygon", "coordinates": [ [ [ -98.221547713065235, 20.216908983824304 ], [ -98.231154195443295, 20.216377522409879 ], [ -98.231864434007292, 20.220282315066168 ], [ -98.230635210707675, 20.223031062544237 ], [ -98.228553237570168, 20.226120320426439 ], [ -98.219193307720374, 20.22584943280205 ], [ -98.218981098545115, 20.219651712841959 ], [ -98.221547713065235, 20.216908983824304 ] ] ] } },
{ "type": "Feature", "properties": { "hectareas": 121.53, "hectareas_quantil": "(65,123]" }, "geometry": { "type": "Polygon", "coordinates": [ [ [ -98.408138139295531, 19.986240993629156 ], [ -98.414289804352109, 19.985955389898113 ], [ -98.418482898144219, 19.990100614471579 ], [ -98.419432750345393, 19.995918321691263 ], [ -98.408257702572726, 19.99756453306761 ], [ -98.408138139295531, 19.986240993629156 ] ] ] } },
{ "type": "Feature", "properties": { "hectareas": 3439.64, "hectareas_quantil": "(1.48e+03,4.4e+03]" }, "geometry": { "type": "Polygon", "coordinates": [ [ [ -98.377862496088127, 19.850423476377159 ], [ -98.379416231862635, 19.848068058644287 ], [ -98.380505982463589, 19.846415976863728 ], [ -98.384958249194824, 19.845092483565178 ], [ -98.386675062978895, 19.84870112210978 ], [ -98.386963492155985, 19.849307365625329 ], [ -98.393434322129735, 19.848755677286086 ], [ -98.395678906511094, 19.843216408658417 ], [ -98.402965881716455, 19.840563135424009 ], [ -98.411254821793833, 19.840208138396374 ], [ -98.408035553219463, 19.836180762174578 ], [ -98.407861773760331, 19.828529279595248 ], [ -98.414740850130926, 19.826639239482699 ], [ -98.416371756040661, 19.822819119558112 ], [ -98.421421808546924, 19.823600649686824 ], [ -98.424212131304998, 19.834512239986893 ], [ -98.428047083242106, 19.836054758377291 ], [ -98.441992062352782, 19.836672733855337 ], [ -98.443176845630916, 19.844709917334651 ], [ -98.436696854784998, 19.847941212459634 ], [ -98.431841287363454, 19.849073447662303 ], [ -98.423121345482244, 19.856696357810598 ], [ -98.421890394499172, 19.861665453516032 ], [ -98.415202923023145, 19.866042897231466 ], [ -98.406084029660136, 19.871750894218795 ], [ -98.397163055456716, 19.878415432682072 ], [ -98.385004077077014, 19.885642160820929 ], [ -98.380339548963079, 19.889260132828671 ], [ -98.381117861460226, 19.897104935825094 ], [ -98.379736668764252, 19.897146782355886 ], [ -98.375455358747715, 19.897276425262451 ], [ -98.375014906460038, 19.90645585145711 ], [ -98.355801989793093, 19.906961126355156 ], [ -98.350162560252855, 19.901393800768876 ], [ -98.345730452533971, 19.897360900479416 ], [ -98.345959363073973, 19.890858575829238 ], [ -98.350432637217168, 19.884754318958439 ], [ -98.354498104527622, 19.87941354001876 ], [ -98.366831986118584, 19.879266544193918 ], [ -98.367086555303118, 19.866069773765318 ], [ -98.369337347973286, 19.860206753338129 ], [ -98.369946333948192, 19.858620340759757 ], [ -98.375152684484647, 19.853229513277487 ], [ -98.376852714543261, 19.851469131978284 ], [ -98.377795735364117, 19.85049260977452 ], [ -98.377862496088127, 19.850423476377159 ] ] ] } },
{ "type": "Feature", "properties": { "hectareas": 842.91, "hectareas_quantil": "(376,1.48e+03]" }, "geometry": { "type": "Polygon", "coordinates": [ [ [ -98.642117387243744, 19.609164434917549 ], [ -98.641481883457914, 19.604366810430157 ], [ -98.641605135160574, 19.604437105532892 ], [ -98.641785257762692, 19.604855094599689 ], [ -98.641872809457524, 19.605110867912181 ], [ -98.641987145000684, 19.605367241133358 ], [ -98.642336576481313, 19.605620739232911 ], [ -98.642975852415262, 19.605785913833511 ], [ -98.643504107271113, 19.605680239716609 ], [ -98.643782474409491, 19.60574470318533 ], [ -98.644156658245876, 19.606041299664106 ], [ -98.644381471531943, 19.606558726664229 ], [ -98.644700873026352, 19.60696523785565 ], [ -98.645459657988795, 19.607366042875565 ], [ -98.645909297196596, 19.607530175109222 ], [ -98.646530287767106, 19.607603932283819 ], [ -98.646927164461246, 19.607744664829429 ], [ -98.647331812673968, 19.607826449229069 ], [ -98.647659434446226, 19.607803547169674 ], [ -98.647888376286616, 19.607626427686334 ], [ -98.64821882262703, 19.607607721461179 ], [ -98.648654781611199, 19.607302090229041 ], [ -98.648965356110409, 19.607196172519011 ], [ -98.649259543127584, 19.606926219735033 ], [ -98.649619361813251, 19.606746937142336 ], [ -98.649645689959911, 19.606440951887492 ], [ -98.650119846941976, 19.60653169155151 ], [ -98.650559124606104, 19.606816486962479 ], [ -98.650748611996804, 19.606920269660296 ], [ -98.650976373840862, 19.607014848067198 ], [ -98.65106792441415, 19.607012420941384 ], [ -98.651100049552056, 19.607068289964307 ], [ -98.651122127121852, 19.607187087337692 ], [ -98.651357109468734, 19.607361300243049 ], [ -98.65177393387259, 19.607538840265775 ], [ -98.652187220905716, 19.60780482621859 ], [ -98.652298416090559, 19.607743584130805 ], [ -98.652418076584041, 19.607633467473271 ], [ -98.652593772695781, 19.607429591933979 ], [ -98.652755664127838, 19.60737885335633 ], [ -98.652907230878824, 19.60742890650215 ], [ -98.652934223374402, 19.607440775223886 ], [ -98.653177561492257, 19.607707661398749 ], [ -98.653308479367311, 19.60783407198058 ], [ -98.653656538944546, 19.607804279637534 ], [ -98.653682891336885, 19.60776997359476 ], [ -98.657618912088211, 19.609500614767519 ], [ -98.658246407422226, 19.618224290705072 ], [ -98.662597382314658, 19.622670249239683 ], [ -98.663706192588634, 19.633078082747623 ], [ -98.659827172265395, 19.63444802422806 ], [ -98.659329421358777, 19.640721135150351 ], [ -98.64382456062674, 19.640538082659781 ], [ -98.640288331325294, 19.632879776194745 ], [ -98.636266564456093, 19.625832519729485 ], [ -98.635648162061074, 19.613589216261293 ], [ -98.638723215494693, 19.610534894049433 ], [ -98.642117387243744, 19.609164434917549 ] ] ] } }
]
}
