{
"type": "FeatureCollection",
"name": "regiones_hidrolog",
"crs": { "type": "name", "properties": { "name": "urn:ogc:def:crs:OGC:1.3:CRS84" } },
"features": [
{ "type": "Feature", "properties": { "region": "Golfo de México", "Nombre": "Confluencia de las Huastecas", "hectareas": 686800.0 }, "geometry": { "type": "MultiPolygon", "coordinates": [ [ [ [ -98.530096295912571, 20.346372701877318 ], [ -98.5298648212827, 20.346304489368087 ], [ -98.529662967641002, 20.34620633839668 ], [ -98.529446329110172, 20.346028479388089 ], [ -98.52929157043782, 20.345917649716995 ], [ -98.529278699317274, 20.345908431946288 ], [ -98.529132576494803, 20.34569986726288 ], [ -98.529012246813636, 20.345516836273198 ], [ -98.528860388208514, 20.345344423957076 ], [ -98.528723456698614, 20.345152509777339 ], [ -98.52867383137324, 20.345009950770233 ], [ -98.528636126106463, 20.344901633473345 ], [ -98.528581793836381, 20.344582912127105 ], [ -98.528489908459846, 20.344415837446039 ], [ -98.528343180713733, 20.344324612840289 ], [ -98.528207798769103, 20.34425972595734 ], [ -98.528032922729864, 20.34423475596034 ], [ -98.527840557081234, 20.34423546509263 ], [ -98.527709867630406, 20.344268763780811 ], [ -98.527660749628311, 20.344402571241169 ], [ -98.527661586742838, 20.344650905658781 ], [ -98.527665365055853, 20.344878330891458 ], [ -98.527628261527681, 20.345012412821802 ], [ -98.527557121265161, 20.345067480987716 ], [ -98.527398526648184, 20.345063858553956 ], [ -98.52725514992747, 20.345029402406659 ], [ -98.527140725043921, 20.344991072033448 ], [ -98.527104009296195, 20.344922768639371 ], [ -98.527074371472196, 20.344859729295322 ], [ -98.52704803327336, 20.344854446153668 ], [ -98.526959553927057, 20.344836696930294 ], [ -98.526851550304102, 20.344735583788385 ], [ -98.526767561699685, 20.344635586143507 ], [ -98.526681577718719, 20.344519668831296 ], [ -98.526662075782454, 20.344436451509047 ], [ -98.526654310127086, 20.344270730556342 ], [ -98.526618896589483, 20.344184131840628 ], [ -98.52661358929349, 20.344171154432157 ], [ -98.526608940952244, 20.344168580954435 ], [ -98.526516393296731, 20.344117343182901 ], [ -98.526475134180231, 20.344038731134695 ], [ -98.526485081425221, 20.34397511032088 ], [ -98.526495272569463, 20.343909931263607 ], [ -98.526576415370101, 20.343746241685228 ], [ -98.526584146110579, 20.343632465458057 ], [ -98.526504571326868, 20.343547875680898 ], [ -98.526352778074369, 20.343466738166498 ], [ -98.526202354641029, 20.343425883796655 ], [ -98.526090276115752, 20.34338987397825 ], [ -98.525963385713013, 20.343275289341577 ], [ -98.525835491246255, 20.343199799791279 ], [ -98.525725130523185, 20.343096931287633 ], [ -98.525693526210787, 20.342923295584882 ], [ -98.525665329211805, 20.342710619649765 ], [ -98.525650530832777, 20.342537934987622 ], [ -98.525638586612232, 20.342347740774656 ], [ -98.525619855847637, 20.342140950554622 ], [ -98.525574796411874, 20.342023133421975 ], [ -98.525494539070749, 20.341965173253492 ], [ -98.525390383889331, 20.341901564499796 ], [ -98.525283258194449, 20.341859998007724 ], [ -98.525173001805555, 20.34184670632607 ], [ -98.525074600605336, 20.341933465024184 ], [ -98.52502408327183, 20.342121664607429 ], [ -98.524982449480405, 20.34233841371967 ], [ -98.524949742157546, 20.34248846925739 ], [ -98.524882578092104, 20.342575941902531 ], [ -98.524805117380609, 20.342596281504353 ], [ -98.524692180904594, 20.342593699870793 ], [ -98.524563283149803, 20.342557304446458 ], [ -98.524451773639797, 20.342499196187706 ], [ -98.524287837242468, 20.342422881385179 ], [ -98.524147362113027, 20.342369213045981 ], [ -98.524006726909278, 20.342321777138046 ], [ -98.523812951355382, 20.34228389768996 ], [ -98.523630185486326, 20.34228538786315 ], [ -98.523474972704705, 20.342337397665506 ], [ -98.523346293310354, 20.342479588925393 ], [ -98.523160949007817, 20.342581366076502 ], [ -98.522981561002609, 20.34263849181481 ], [ -98.522852241216455, 20.342618526230869 ], [ -98.522732548416258, 20.34250467044388 ], [ -98.522550832059565, 20.342371821065729 ], [ -98.522406979642142, 20.342262514778096 ], [ -98.522286471638438, 20.342180388051045 ], [ -98.522180847383268, 20.3420804599779 ], [ -98.522120207998171, 20.342007639686035 ], [ -98.522163388370473, 20.341917918825271 ], [ -98.52241406215424, 20.341800062551208 ], [ -98.522582367216089, 20.34170640057787 ], [ -98.522695740737646, 20.341598442635199 ], [ -98.522766022420214, 20.341483262797134 ], [ -98.522777237104179, 20.341327613862159 ], [ -98.522699035420516, 20.341189762272428 ], [ -98.522570053010838, 20.341063221550701 ], [ -98.522365736764073, 20.340967839342028 ], [ -98.522140536848994, 20.340936608985881 ], [ -98.522015922565913, 20.340920718826148 ], [ -98.521789382234715, 20.340941614726024 ], [ -98.521549094927138, 20.340936117030125 ], [ -98.52133624480264, 20.340892128685116 ], [ -98.521192567994561, 20.340869565443999 ], [ -98.520913372544172, 20.340694231638253 ], [ -98.520486366330346, 20.34047016008622 ], [ -98.520349011895121, 20.340388780167881 ], [ -98.520101852345519, 20.340370083509903 ], [ -98.519965559832173, 20.340340884985256 ], [ -98.519823050209823, 20.340272992869842 ], [ -98.51963283347655, 20.340190402174837 ], [ -98.519510392735441, 20.340090087350323 ], [ -98.519447122565524, 20.339932733484357 ], [ -98.519436379908015, 20.339789621565778 ], [ -98.519488271744052, 20.339641707432246 ], [ -98.519594309176199, 20.339445143210312 ], [ -98.519623700297501, 20.339330729647781 ], [ -98.51963689843042, 20.339191567472408 ], [ -98.519563086981776, 20.338976712711251 ], [ -98.519428782077711, 20.338776913887816 ], [ -98.519207975685759, 20.338575134437399 ], [ -98.519019555401329, 20.338422852040335 ], [ -98.518815653988312, 20.338311600647042 ], [ -98.518482762589827, 20.338074371715823 ], [ -98.518371905004173, 20.337980532163108 ], [ -98.518353349528468, 20.337964825559556 ], [ -98.518321564419708, 20.33791380070231 ], [ -98.518270231976956, 20.337831394774302 ], [ -98.518247761087295, 20.337815964948241 ], [ -98.518159195828773, 20.337755151141142 ], [ -98.518083997798442, 20.337687665246388 ], [ -98.518059886138786, 20.337596971520647 ], [ -98.518048776586028, 20.337552186500766 ], [ -98.518027213523155, 20.337465262939634 ], [ -98.517987551353627, 20.337324890362471 ], [ -98.517930223572677, 20.337216994947454 ], [ -98.517827038389854, 20.33711598611929 ], [ -98.517623139927295, 20.337004733249973 ], [ -98.517466874705079, 20.33691101218627 ], [ -98.517401084431839, 20.336851678476336 ], [ -98.51725211091366, 20.336848265661967 ], [ -98.517171126076363, 20.336912173889985 ], [ -98.517004992576688, 20.337014950032664 ], [ -98.516872921228028, 20.337102065543878 ], [ -98.516626346880727, 20.337154242474323 ], [ -98.516468909609443, 20.337199390726063 ], [ -98.516303116101085, 20.337195591567266 ], [ -98.516078726590095, 20.337133189716859 ], [ -98.515873364444772, 20.337172136703835 ], [ -98.5157721345835, 20.337275265168334 ], [ -98.515682626671165, 20.33739000079342 ], [ -98.515518622669759, 20.337410052759676 ], [ -98.515283454070897, 20.337392756872379 ], [ -98.514960879297419, 20.337408606432735 ], [ -98.514746409909733, 20.337521043755402 ], [ -98.514530742840549, 20.337679941420298 ], [ -98.514350190980778, 20.33796890353382 ], [ -98.514205987347708, 20.338246793469153 ], [ -98.514042281987329, 20.338348488398875 ], [ -98.51379177490891, 20.338366554989115 ], [ -98.513434966441821, 20.338311317225248 ], [ -98.513037602450467, 20.338243809842378 ], [ -98.512739959366542, 20.338225077052215 ], [ -98.512428490572987, 20.338276325619987 ], [ -98.512261759341598, 20.338495303442173 ], [ -98.512091710679258, 20.338842897824456 ], [ -98.512022281661629, 20.339111162979648 ], [ -98.511866430957838, 20.339279370223526 ], [ -98.511841745445423, 20.339306012785979 ], [ -98.511542580311414, 20.339346203373246 ], [ -98.511244935008975, 20.339327467639173 ], [ -98.510900738535682, 20.339249269255539 ], [ -98.51082149646264, 20.339229680744488 ], [ -98.510640334784341, 20.339184898874223 ], [ -98.510477181395046, 20.339070777018605 ], [ -98.510432510574034, 20.339039530261552 ], [ -98.51026494494532, 20.338824786336474 ], [ -98.510147863306571, 20.338517090995783 ], [ -98.510116046137682, 20.338352518217356 ], [ -98.510082747299933, 20.338152194941436 ], [ -98.51007892235593, 20.338134018032747 ], [ -98.510050623269166, 20.337999520649642 ], [ -98.509979761884523, 20.337857295646252 ], [ -98.509819986945089, 20.337806572541556 ], [ -98.509558679898873, 20.337777329133456 ], [ -98.50933492592651, 20.337783530181088 ], [ -98.509146882221472, 20.337896566527974 ], [ -98.508846837627047, 20.337877770947941 ], [ -98.508512846572032, 20.337870100638824 ], [ -98.508240114576651, 20.337910891709328 ], [ -98.507998926211812, 20.337940501357565 ], [ -98.50781743881943, 20.337892678963506 ], [ -98.507617259911356, 20.3378191265232 ], [ -98.507614999247195, 20.337818296310228 ], [ -98.507485920434505, 20.337789252259494 ], [ -98.507369982358782, 20.337716856495724 ], [ -98.507324384286832, 20.337620564907688 ], [ -98.5073561443008, 20.337507908874016 ], [ -98.50734889214408, 20.337449777678639 ], [ -98.507332241494396, 20.337316304834346 ], [ -98.507266449131635, 20.337071014080784 ], [ -98.507168458055517, 20.336955377047296 ], [ -98.507012331830438, 20.336856545915502 ], [ -98.506821454571934, 20.336800002663207 ], [ -98.506721210416842, 20.33677162052232 ], [ -98.506638239519688, 20.336726060468276 ], [ -98.506601645086974, 20.336652798787661 ], [ -98.506523939264895, 20.336497229567986 ], [ -98.506357961091069, 20.336128313659813 ], [ -98.506228423074404, 20.335837904244659 ], [ -98.506060426641781, 20.335547177812924 ], [ -98.505907174017381, 20.335430269968739 ], [ -98.505592850481719, 20.335406037330827 ], [ -98.505257901254382, 20.335528731091678 ], [ -98.50502230125808, 20.33571436949288 ], [ -98.504937005152144, 20.335851872772398 ], [ -98.504904130746056, 20.336007589086812 ], [ -98.504937860633447, 20.336190915388507 ], [ -98.504905205771422, 20.336338132874765 ], [ -98.504802941747542, 20.336387939113528 ], [ -98.504627538420863, 20.336383906253342 ], [ -98.504480968525826, 20.336380536173873 ], [ -98.50425833070797, 20.336436645046991 ], [ -98.504077318232049, 20.33664961612488 ], [ -98.504013955127064, 20.336961670453647 ], [ -98.5040215626953, 20.33731844351038 ], [ -98.504007827787063, 20.337606410492491 ], [ -98.504005815922469, 20.337648600881057 ], [ -98.50385212577271, 20.337827617599658 ], [ -98.503841297351883, 20.337830397335303 ], [ -98.503663589114225, 20.337876019635956 ], [ -98.503602834676656, 20.337891616620148 ], [ -98.503317808319579, 20.337849911424932 ], [ -98.50295851457534, 20.337705017021776 ], [ -98.502684242808371, 20.33752636120953 ], [ -98.502651157969851, 20.337505782970602 ], [ -98.502476019440508, 20.337396846497775 ], [ -98.502252998695937, 20.337281731199326 ], [ -98.501976237530698, 20.337199394758571 ], [ -98.501729291521016, 20.337172736004497 ], [ -98.501465335495737, 20.337153055469294 ], [ -98.50117219420386, 20.337146309068356 ], [ -98.500806074832497, 20.337172465009505 ], [ -98.500438885103065, 20.337239981251582 ], [ -98.50015963264461, 20.337253962066594 ], [ -98.499981369161688, 20.33736040919533 ], [ -98.499814838858399, 20.337570874323646 ], [ -98.499690854724207, 20.337809531550622 ], [ -98.499716125174004, 20.33794787723977 ], [ -98.499609664102024, 20.338159725329739 ], [ -98.499624324027948, 20.338429354442781 ], [ -98.499647805522301, 20.338636824454138 ], [ -98.499609079638788, 20.338739680941909 ], [ -98.499546620616826, 20.33874184665893 ], [ -98.499491165239704, 20.338743769054851 ], [ -98.499389090294912, 20.338693229612137 ], [ -98.499269758025207, 20.338566324118254 ], [ -98.499155231618204, 20.338439529209733 ], [ -98.499152659977483, 20.33841738784994 ], [ -98.499137536753068, 20.338287184570564 ], [ -98.49900699516003, 20.338221816096262 ], [ -98.498891222589563, 20.338143181330945 ], [ -98.498894082668357, 20.338032695929975 ], [ -98.4987591785234, 20.337857242453921 ], [ -98.498601593362409, 20.337722085408299 ], [ -98.498427435354131, 20.337669885106667 ], [ -98.498311557920829, 20.337688192434229 ], [ -98.498208237272777, 20.337685812524803 ], [ -98.498084010228084, 20.337655171416518 ], [ -98.497766528500961, 20.33775273973356 ], [ -98.497431434306662, 20.337880515821851 ], [ -98.497185243487692, 20.338010339669378 ], [ -98.496991088392946, 20.33826608674589 ], [ -98.49683964032279, 20.338543794178676 ], [ -98.496703992247319, 20.338675597672008 ], [ -98.496494403624951, 20.338691744118211 ], [ -98.496470869665856, 20.338686774263078 ], [ -98.496274415428715, 20.338645288284074 ], [ -98.49592579532063, 20.338459804072812 ], [ -98.495632161982229, 20.338286358271858 ], [ -98.495509411168157, 20.338218415146375 ], [ -98.495338250439517, 20.338123677167278 ], [ -98.495248592948457, 20.338091360665938 ], [ -98.495121488615766, 20.338045545959407 ], [ -98.494991244526503, 20.337965994912928 ], [ -98.494891910722302, 20.337905323592423 ], [ -98.49477336875826, 20.337772155715669 ], [ -98.494721366300666, 20.337713737586011 ], [ -98.494624486850228, 20.337555598069638 ], [ -98.49462813451126, 20.337538754109541 ], [ -98.494662722398289, 20.337379030711951 ], [ -98.49481201507713, 20.337184614591326 ], [ -98.494928740138121, 20.336948061634597 ], [ -98.494975764002973, 20.336803444970545 ], [ -98.494993166704504, 20.336595783155172 ], [ -98.494886955598119, 20.336426657140329 ], [ -98.49467021692746, 20.336254982559851 ], [ -98.494305273598641, 20.336235795587132 ], [ -98.493903953544219, 20.336414194005428 ], [ -98.493565891796351, 20.336656412731909 ], [ -98.493233199137833, 20.336784234870283 ], [ -98.492633531716962, 20.336916101808285 ], [ -98.492190889412129, 20.336926298275674 ], [ -98.491707268625859, 20.336897260524928 ], [ -98.491638776920468, 20.336893148214369 ], [ -98.491256226874114, 20.336811185346502 ], [ -98.490954150378798, 20.336586966444219 ], [ -98.490951941596492, 20.33658532715015 ], [ -98.490763379484335, 20.336439809081526 ], [ -98.490553999442639, 20.336448015045786 ], [ -98.49028633281651, 20.336664072131043 ], [ -98.490099295385349, 20.336830399779593 ], [ -98.489931135653208, 20.336917792916072 ], [ -98.489726186946484, 20.336847863752631 ], [ -98.489591237050604, 20.336674668680089 ], [ -98.489455272756814, 20.336540568232568 ], [ -98.489314558370239, 20.33658947628496 ], [ -98.489138423730154, 20.336428369118 ], [ -98.488742602030669, 20.336209463334761 ], [ -98.488566130234346, 20.336061387123259 ], [ -98.488303870081566, 20.335976525931564 ], [ -98.48823841190513, 20.335812305051373 ], [ -98.488202880507572, 20.335699232216239 ], [ -98.488181883448732, 20.33558195970317 ], [ -98.488115547614626, 20.335544143792415 ], [ -98.487892208315941, 20.33553444876722 ], [ -98.487602871810012, 20.33547390572387 ], [ -98.487428161778311, 20.335443223322081 ], [ -98.487244208671868, 20.335398153903263 ], [ -98.487075050861449, 20.335246276499777 ], [ -98.486995697034345, 20.335154300990528 ], [ -98.486884025408372, 20.334918145499376 ], [ -98.486675835901366, 20.334788042848849 ], [ -98.486405447412267, 20.334831116534456 ], [ -98.486112421646396, 20.335005194094546 ], [ -98.485864131590674, 20.335123045384805 ], [ -98.485620393322591, 20.335158229814759 ], [ -98.485428172875132, 20.335153785985639 ], [ -98.485297128395118, 20.335200646103321 ], [ -98.485225107347205, 20.335289122764308 ], [ -98.485108273074502, 20.335344248287797 ], [ -98.485085696444003, 20.335565395783604 ], [ -98.485082059457753, 20.335705343337793 ], [ -98.485020282239006, 20.335769678816327 ], [ -98.484861699668457, 20.335766012047074 ], [ -98.48468165182932, 20.335663202966035 ], [ -98.484442389390196, 20.335526142395405 ], [ -98.48429534752627, 20.335448474116383 ], [ -98.484123630182765, 20.335395179921566 ], [ -98.483913675056229, 20.335333064120423 ], [ -98.483680401305293, 20.335335605575487 ], [ -98.48339207035643, 20.335328936060925 ], [ -98.483103091188426, 20.335347195913503 ], [ -98.482850168049453, 20.335365722484465 ], [ -98.482692485837418, 20.335419901117561 ], [ -98.482595344968956, 20.335549748207324 ], [ -98.482489653816515, 20.335638578454777 ], [ -98.482341891656134, 20.335681080749488 ], [ -98.482139853201943, 20.335684342614964 ], [ -98.481993284626967, 20.33568095086072 ], [ -98.481903394936253, 20.335716854962016 ], [ -98.481877186059904, 20.335800154086389 ], [ -98.481797703198779, 20.33580568474105 ], [ -98.481609285221424, 20.335839875351198 ], [ -98.481486773820976, 20.335928315653984 ], [ -98.481327837554133, 20.336123062616256 ], [ -98.481202318561273, 20.336234677254229 ], [ -98.481087796157709, 20.33629325488419 ], [ -98.480902384527781, 20.336304270092189 ], [ -98.480705386201862, 20.336390985532212 ], [ -98.480557416247322, 20.336441418369475 ], [ -98.480371621015095, 20.33646716425195 ], [ -98.480260076533312, 20.336411290245238 ], [ -98.480133895047686, 20.336271171536549 ], [ -98.479845150304754, 20.336187950130217 ], [ -98.479520377962402, 20.33619573660409 ], [ -98.479138748879265, 20.336263434084003 ], [ -98.478846420314369, 20.336317891910198 ], [ -98.478618774648695, 20.336381217588045 ], [ -98.478365303106386, 20.336420700509276 ], [ -98.478057747908252, 20.336413575583617 ], [ -98.477835777814349, 20.336443582674885 ], [ -98.477595678099533, 20.336438019662836 ], [ -98.477590694743938, 20.33643790419654 ], [ -98.47758672100565, 20.3364361331009 ], [ -98.477393433687268, 20.336349994613222 ], [ -98.477227954952582, 20.336241844824791 ], [ -98.476916589389063, 20.336011825492886 ], [ -98.476524938352767, 20.336002748508626 ], [ -98.476297944990378, 20.33594873115705 ], [ -98.476192327871956, 20.335940384220599 ], [ -98.476165984776415, 20.335938302294771 ], [ -98.475906294178301, 20.335939652579814 ], [ -98.47580692467865, 20.335854446493386 ], [ -98.475696995360266, 20.335760185887825 ], [ -98.475309686218182, 20.335584528787585 ], [ -98.474986952899343, 20.335514116388893 ], [ -98.474736519702816, 20.33552928565091 ], [ -98.474639139312728, 20.335575783474631 ], [ -98.474299257408276, 20.335609854120463 ], [ -98.473789325975048, 20.335619003273425 ], [ -98.473354795974601, 20.335594750216369 ], [ -98.47313157584901, 20.335580500804838 ], [ -98.472808149199423, 20.335536713421302 ], [ -98.472596810018672, 20.33552784126141 ], [ -98.472422886537501, 20.335467112452918 ], [ -98.472173200682178, 20.335545791103744 ], [ -98.471870647475541, 20.335715652169934 ], [ -98.471585740595927, 20.335854174103662 ], [ -98.471335846587792, 20.335940783638868 ], [ -98.471097662543585, 20.335947160363514 ], [ -98.470830186391041, 20.335786178919349 ], [ -98.470711038498649, 20.335561175842052 ], [ -98.470701168091878, 20.335294489104978 ], [ -98.470580083969352, 20.335143708999521 ], [ -98.470314916607762, 20.335078591629387 ], [ -98.469936916225492, 20.335099294966355 ], [ -98.4696557947033, 20.335092766787799 ], [ -98.469597888004458, 20.335068708496305 ], [ -98.46946790032051, 20.335014702204433 ], [ -98.469204286810026, 20.334890091224402 ], [ -98.468957492977935, 20.33476587046896 ], [ -98.46877084834955, 20.334732054663206 ], [ -98.468502990161156, 20.334770053037953 ], [ -98.468313558234883, 20.33475091212242 ], [ -98.468067150165695, 20.334611958670081 ], [ -98.467817570431251, 20.334502411534316 ], [ -98.467613722559378, 20.334482934784706 ], [ -98.467394688803822, 20.334492585281726 ], [ -98.467051787998813, 20.33436612807203 ], [ -98.466817183509377, 20.334419636478547 ], [ -98.466562755270104, 20.334311675374657 ], [ -98.466296273990736, 20.334296977270451 ], [ -98.466077261114435, 20.33412180687413 ], [ -98.466015579119329, 20.334067192727399 ], [ -98.468612670898438, 20.331932067871104 ], [ -98.47670745849608, 20.328424453735352 ], [ -98.491447448730483, 20.327167510986335 ], [ -98.498573303222642, 20.325967788696296 ], [ -98.502250671386705, 20.325019836425774 ], [ -98.5140380859375, 20.322175979614258 ], [ -98.52268218994142, 20.335687637329098 ], [ -98.527366638183594, 20.340024948120124 ], [ -98.532790993421344, 20.346261659196781 ], [ -98.53269496519323, 20.346297060734194 ], [ -98.53259791657166, 20.346331130919356 ], [ -98.532433947820607, 20.346349501484916 ], [ -98.532339883184449, 20.346360962354378 ], [ -98.532142955575281, 20.3463519351311 ], [ -98.531920060234739, 20.346324173522042 ], [ -98.531754022624227, 20.346329456763815 ], [ -98.531594845175974, 20.346348502659076 ], [ -98.531365981453007, 20.346365958508617 ], [ -98.531193408434831, 20.346438556759814 ], [ -98.531081607219889, 20.346485328795556 ], [ -98.530949443574642, 20.346482313171915 ], [ -98.530699650430293, 20.346472077796729 ], [ -98.530505939734908, 20.346431373750779 ], [ -98.530307292381991, 20.346395659167424 ], [ -98.530096295912571, 20.346372701877318 ] ] ], [ [ [ -98.534308939654665, 20.348242543934727 ], [ -98.534309464158426, 20.3482220764791 ], [ -98.535778669032638, 20.350316356260237 ], [ -98.535734724307829, 20.350308793917911 ], [ -98.535495050037284, 20.350144048303019 ], [ -98.535437006469792, 20.350104150684988 ], [ -98.535069877259048, 20.349887153300077 ], [ -98.53490093034172, 20.349630451333972 ], [ -98.53470227612884, 20.349219433675746 ], [ -98.534537265376485, 20.348809182739782 ], [ -98.534303838775813, 20.348441592819537 ], [ -98.534308939654665, 20.348242543934727 ] ] ], [ [ [ -98.536624555335351, 20.35161600269252 ], [ -98.536636085177463, 20.351538529648899 ], [ -98.537103033051565, 20.352204114162245 ], [ -98.536948951477541, 20.352187489867273 ], [ -98.536736287375589, 20.35204147953829 ], [ -98.536659835536554, 20.35183450843515 ], [ -98.536645143156449, 20.351743513530518 ], [ -98.536624555335351, 20.35161600269252 ] ] ], [ [ [ -98.540071718178652, 20.356630210351337 ], [ -98.540126237943866, 20.35651320473902 ], [ -98.541145686630031, 20.35796619930575 ], [ -98.541040282975345, 20.358058813290672 ], [ -98.540856130869699, 20.35820769627049 ], [ -98.540701457218148, 20.3582381933474 ], [ -98.54061243779762, 20.358240136510357 ], [ -98.540486590806807, 20.358177744933837 ], [ -98.540354288143618, 20.358085725731183 ], [ -98.540262955749114, 20.35799010321055 ], [ -98.540184944054431, 20.357843759599632 ], [ -98.540174105550904, 20.357703480011029 ], [ -98.540185754122774, 20.357436151786828 ], [ -98.540181464733394, 20.35713387792914 ], [ -98.540182732292223, 20.356896361143725 ], [ -98.540134121379822, 20.356822687342053 ], [ -98.540070094560775, 20.356693670069934 ], [ -98.540071718178652, 20.356630210351337 ] ] ], [ [ [ -98.483211390471524, 21.397324980329973 ], [ -98.482757342523115, 21.397214095457539 ], [ -98.48230255556571, 21.397307136469241 ], [ -98.481934287892315, 21.397364906438529 ], [ -98.481559109250981, 21.397546777760866 ], [ -98.481301298028242, 21.397621523118353 ], [ -98.480766176193598, 21.39767996269282 ], [ -98.48048886251145, 21.397438744309358 ], [ -98.480233024222215, 21.397177562051795 ], [ -98.480041510725883, 21.396876512890227 ], [ -98.479828532282198, 21.396595433430182 ], [ -98.47972282869685, 21.396234569844768 ], [ -98.479788366559276, 21.39585419987241 ], [ -98.480017465986606, 21.395508747920164 ], [ -98.480233203143513, 21.395008667501934 ], [ -98.480299870925592, 21.394307823688418 ], [ -98.48025905518503, 21.393746859688296 ], [ -98.480304612195766, 21.392965825286634 ], [ -98.480536156317271, 21.392092331555393 ], [ -98.480828961118718, 21.391637057422486 ], [ -98.481202307748163, 21.390973020266173 ], [ -98.481566954096607, 21.390308117201101 ], [ -98.48182829235391, 21.389691561850839 ], [ -98.481774610048063, 21.388992636178443 ], [ -98.481539147785597, 21.388723282535384 ], [ -98.481240406594324, 21.388538128229101 ], [ -98.481091392580296, 21.388400808985651 ], [ -98.480814551287082, 21.388287335381779 ], [ -98.480551512186466, 21.388211954406916 ], [ -98.480332270521515, 21.388295225390763 ], [ -98.480058107925572, 21.388433172357072 ], [ -98.47959502448434, 21.388583871452749 ], [ -98.479333092428519, 21.388735486752687 ], [ -98.478755564194088, 21.388991365602887 ], [ -98.478282275500362, 21.38910616348641 ], [ -98.477674109682056, 21.389379868033188 ], [ -98.47692117848672, 21.389654093409096 ], [ -98.47631587401753, 21.389913216636526 ], [ -98.475652917406393, 21.390354730447861 ], [ -98.475007292435194, 21.390738558361214 ], [ -98.474400281442939, 21.391062350271074 ], [ -98.473769705678805, 21.391258844596486 ], [ -98.473533193760787, 21.391249415810371 ], [ -98.473335575722388, 21.391241537951434 ], [ -98.47294001883624, 21.391152160196185 ], [ -98.472598695803796, 21.39087066866162 ], [ -98.472428465162622, 21.390609743911941 ], [ -98.472172642913819, 21.390348550655084 ], [ -98.471852786601104, 21.390047087852174 ], [ -98.471425598745995, 21.389845440373175 ], [ -98.470784442139291, 21.389643126016711 ], [ -98.470400413389086, 21.389341458113201 ], [ -98.470080480675463, 21.389060029308137 ], [ -98.469654164225574, 21.388618020733258 ], [ -98.469291883207674, 21.388216273100433 ], [ -98.468994876432674, 21.387514282985748 ], [ -98.468697087207744, 21.387032621018054 ], [ -98.468677491678704, 21.386531809683373 ], [ -98.468636443293903, 21.386050959725146 ], [ -98.469066652259372, 21.385411359550123 ], [ -98.469324988570818, 21.384971515870223 ], [ -98.469668746291632, 21.384572008474208 ], [ -98.46995947680351, 21.384072779188049 ], [ -98.469893156223449, 21.383615919328051 ], [ -98.469884051915713, 21.383440435547755 ], [ -98.469656693277969, 21.382889579870437 ], [ -98.469238472064774, 21.381857839766067 ], [ -98.468724978595318, 21.380585200964955 ], [ -98.46830026466256, 21.37946335205865 ], [ -98.46806971605119, 21.378994350597608 ], [ -98.467838504056942, 21.378709312279689 ], [ -98.467606680055198, 21.378591508513448 ], [ -98.467359945371854, 21.378615363175431 ], [ -98.467258868613868, 21.378452646100691 ], [ -98.467103767385467, 21.37848962669122 ], [ -98.466610052979817, 21.377790780188267 ], [ -98.467038873021906, 21.377482170755556 ], [ -98.467402870413409, 21.377795644805101 ], [ -98.467539572042142, 21.377738081138222 ], [ -98.467678784247795, 21.377364221423893 ], [ -98.468008110875573, 21.377506687675513 ], [ -98.468142161511878, 21.377319834251214 ], [ -98.468177088597187, 21.377014497458131 ], [ -98.468076509497635, 21.376844510627471 ], [ -98.467860015445638, 21.376795729875923 ], [ -98.467584329397695, 21.376863199227536 ], [ -98.467542079614773, 21.376816071984329 ], [ -98.467395812791807, 21.376652918757298 ], [ -98.467380489706144, 21.376566589242984 ], [ -98.467371086116614, 21.376513606085656 ], [ -98.467360905153569, 21.376456243288036 ], [ -98.467334980874355, 21.376310181155386 ], [ -98.467272083707016, 21.376213319654973 ], [ -98.467047680801826, 21.375867739544205 ], [ -98.46724956909506, 21.375846777535529 ], [ -98.467297263504975, 21.375707527598014 ], [ -98.46734072830742, 21.375580628830331 ], [ -98.467134318218342, 21.375579420293555 ], [ -98.466948803295438, 21.375578334244086 ], [ -98.466947425276246, 21.375571073183277 ], [ -98.466860961023869, 21.375067877026201 ], [ -98.466838825009063, 21.374939052295176 ], [ -98.466716978976763, 21.374793258984543 ], [ -98.466344124612945, 21.375156298857465 ], [ -98.466189455735261, 21.375088802710401 ], [ -98.466261825403095, 21.375006704093899 ], [ -98.46640130902135, 21.374848469147189 ], [ -98.466408972358309, 21.374802813241612 ], [ -98.466429686878158, 21.374679399147862 ], [ -98.466196014459939, 21.374482135045792 ], [ -98.466074059676686, 21.374438416088523 ], [ -98.465921019851805, 21.374383554011114 ], [ -98.465919086752365, 21.37430306804151 ], [ -98.465911852656234, 21.37400185399229 ], [ -98.465907623231232, 21.373825775240086 ], [ -98.465906700287533, 21.373787337409222 ], [ -98.465527749500566, 21.373278265198216 ], [ -98.465463468890775, 21.37319191089027 ], [ -98.465999755903127, 21.372924799526309 ], [ -98.466058609291778, 21.37281142968715 ], [ -98.466088707114409, 21.372753453562154 ], [ -98.466025964663999, 21.372613535652516 ], [ -98.465965559327799, 21.372478830368696 ], [ -98.466183542991899, 21.37241483150969 ], [ -98.466329454941643, 21.372522066999647 ], [ -98.466799726200549, 21.372867685473604 ], [ -98.466850967836493, 21.372855906488528 ], [ -98.466934668524672, 21.372836665191667 ], [ -98.467021144705143, 21.372655210188782 ], [ -98.46712822858089, 21.372322817806594 ], [ -98.467183229930129, 21.372358426934817 ], [ -98.467278782228533, 21.37242028962936 ], [ -98.467340949214446, 21.37243773587231 ], [ -98.467461694816222, 21.372423467579825 ], [ -98.467481277227876, 21.372078230123545 ], [ -98.467462896523145, 21.371949437882364 ], [ -98.467453095728914, 21.371880764475556 ], [ -98.46789207305649, 21.371079841566356 ], [ -98.46841912874163, 21.370329829782829 ], [ -98.468406400001911, 21.370279950872852 ], [ -98.468390289157455, 21.370127537407843 ], [ -98.468343523038911, 21.370055690249096 ], [ -98.468312858951847, 21.369976489700253 ], [ -98.468192868782666, 21.369807993665159 ], [ -98.467784834917936, 21.369510092487911 ], [ -98.467315265103565, 21.368651733766924 ], [ -98.46745960546167, 21.368409681147192 ], [ -98.467156562572328, 21.368228981059993 ], [ -98.466952182713001, 21.368205139028898 ], [ -98.466658888170329, 21.368065025531045 ], [ -98.467179118984618, 21.367586760241235 ], [ -98.467270929997653, 21.367391676579675 ], [ -98.46718800997985, 21.367216751709112 ], [ -98.467036310569554, 21.366986738271983 ], [ -98.467465051061424, 21.366661382465242 ], [ -98.467505109323127, 21.366553647946869 ], [ -98.467377040587962, 21.366412551208256 ], [ -98.466872479332196, 21.366296391416189 ], [ -98.466601419842732, 21.366070024954162 ], [ -98.466549352054912, 21.365942161945064 ], [ -98.466643218890852, 21.365841911322232 ], [ -98.466610360750821, 21.365652571350751 ], [ -98.466390120389335, 21.365478994234948 ], [ -98.466139557420377, 21.365715559624498 ], [ -98.466145505591754, 21.365489478799152 ], [ -98.466327144857559, 21.36528307777213 ], [ -98.46635969838988, 21.36516454622457 ], [ -98.46654623937809, 21.365326105893409 ], [ -98.466811223880384, 21.36532720972582 ], [ -98.466979291240307, 21.365207715537792 ], [ -98.467303984433144, 21.364958813362595 ], [ -98.467388615758892, 21.364851640144924 ], [ -98.467347296830141, 21.364559728835523 ], [ -98.467608401105764, 21.364269423691507 ], [ -98.467883501013333, 21.363794614206775 ], [ -98.468117073992985, 21.363552843353425 ], [ -98.468368018155118, 21.3633780036599 ], [ -98.468515570466337, 21.363526365971701 ], [ -98.468685082193716, 21.363537373231331 ], [ -98.468756357019444, 21.363527844139927 ], [ -98.469040754013193, 21.363094840722738 ], [ -98.468813983303875, 21.362876115677825 ], [ -98.468907622598223, 21.362707296496762 ], [ -98.46913613266527, 21.36272581231788 ], [ -98.469204319357061, 21.362663873588211 ], [ -98.469128087226892, 21.362209039066919 ], [ -98.469450350349575, 21.362330650758054 ], [ -98.469667423007365, 21.362324510245532 ], [ -98.469724368507144, 21.362196276134004 ], [ -98.469736971507402, 21.361894248342065 ], [ -98.469334355013402, 21.361543552445013 ], [ -98.469480057038098, 21.361390982328125 ], [ -98.469525693197539, 21.361267967512163 ], [ -98.4695494605172, 21.36096355132565 ], [ -98.469801875426853, 21.360904605924304 ], [ -98.469822571657502, 21.360802225105413 ], [ -98.469705315638862, 21.360627645909837 ], [ -98.469483671490735, 21.360363787030334 ], [ -98.469310947107331, 21.360178238135646 ], [ -98.469270515471749, 21.36016515734455 ], [ -98.469221253685603, 21.360071654576288 ], [ -98.46892596333636, 21.359706820013734 ], [ -98.469064871774322, 21.359569999077085 ], [ -98.469328231589031, 21.359558672581493 ], [ -98.469172268367032, 21.359080762404659 ], [ -98.469143972776493, 21.358925101480857 ], [ -98.469309216344669, 21.359004372031251 ], [ -98.469432450110787, 21.358890657833488 ], [ -98.469299828871712, 21.35872263463261 ], [ -98.469247461033035, 21.358327759057484 ], [ -98.469008533754391, 21.358109342487381 ], [ -98.469375123840152, 21.35787781563474 ], [ -98.469421409479125, 21.35809860457897 ], [ -98.469622314329328, 21.358081066968587 ], [ -98.469651511604638, 21.358078517914983 ], [ -98.469889979897161, 21.35751911819429 ], [ -98.46995976784622, 21.357538904084553 ], [ -98.469896755481358, 21.357436624471809 ], [ -98.469389248280649, 21.357534766896105 ], [ -98.46935492035729, 21.357362714951172 ], [ -98.469505370587811, 21.357304532814446 ], [ -98.469212286743897, 21.356436957056403 ], [ -98.469022183173465, 21.356386836665394 ], [ -98.469031776257467, 21.35614944085459 ], [ -98.469065351443305, 21.355948443728821 ], [ -98.468877591587145, 21.355905807914517 ], [ -98.468656897718176, 21.355850384614961 ], [ -98.468327532811287, 21.355654392168578 ], [ -98.468235716463624, 21.355389917316572 ], [ -98.467574205063727, 21.355056672235357 ], [ -98.467439847473727, 21.354914227385301 ], [ -98.467331264446415, 21.354879431557794 ], [ -98.467028369921834, 21.35465900109843 ], [ -98.466790422958979, 21.354250740896546 ], [ -98.466492116823133, 21.354146677588329 ], [ -98.466326444371944, 21.353921301067047 ], [ -98.466307093245362, 21.35376595990973 ], [ -98.466245155887989, 21.35326876156671 ], [ -98.465998973849906, 21.353217088536173 ], [ -98.465613899156935, 21.352955812609014 ], [ -98.465541404745025, 21.352858404753647 ], [ -98.465416497471509, 21.352753318054962 ], [ -98.465211851638387, 21.352698767736513 ], [ -98.464987278868378, 21.352537264628761 ], [ -98.464901333752749, 21.352359008295061 ], [ -98.464713947012356, 21.35247127571051 ], [ -98.464067465536743, 21.351759364028219 ], [ -98.463645780428521, 21.351190654975987 ], [ -98.463423067545605, 21.350835563644942 ], [ -98.463605674791879, 21.350154331044767 ], [ -98.464835463015149, 21.347763324794883 ], [ -98.465267055794854, 21.347319682415485 ], [ -98.465620720219007, 21.347134362683946 ], [ -98.46609062970802, 21.347108265730668 ], [ -98.466228971910823, 21.347100582499824 ], [ -98.466259531009698, 21.347098885281966 ], [ -98.466880881080272, 21.347064374653893 ], [ -98.467825013055403, 21.34701193164042 ], [ -98.468804779204078, 21.34695750278626 ], [ -98.471127644921268, 21.346828436613503 ], [ -98.472033932060569, 21.346671380080544 ], [ -98.472690751773584, 21.346323825086124 ], [ -98.473094471905512, 21.345960695522361 ], [ -98.473831681441524, 21.345297600000173 ], [ -98.474414933981535, 21.344761049423916 ], [ -98.475046875731962, 21.344097712455131 ], [ -98.47505497205556, 21.344089213801151 ], [ -98.475203373689382, 21.344188609855888 ], [ -98.475411162619153, 21.344327781951645 ], [ -98.475576134415718, 21.344405116619694 ], [ -98.475776273526051, 21.344498936380777 ], [ -98.47620044178899, 21.344601443104903 ], [ -98.476559296728468, 21.344452151607626 ], [ -98.476619445898777, 21.344427127816331 ], [ -98.477043840855188, 21.344154979249055 ], [ -98.477464225345628, 21.343852766929402 ], [ -98.477648637414902, 21.343811977896177 ], [ -98.477760800802315, 21.343787169455162 ], [ -98.477878164367169, 21.343761210693689 ], [ -98.478223744937409, 21.343821366118746 ], [ -98.478419128001264, 21.3440258680189 ], [ -98.478522914598358, 21.344314148481843 ], [ -98.478465022908495, 21.344579881031564 ], [ -98.478472898769752, 21.345019991295356 ], [ -98.478554244655058, 21.345555163420688 ], [ -98.478591814779065, 21.346045562490893 ], [ -98.478256491298268, 21.346615104781172 ], [ -98.478203389975121, 21.346915113733136 ], [ -98.478187413139054, 21.347005374422313 ], [ -98.478173698445474, 21.34708285826806 ], [ -98.478268405469279, 21.347417620245672 ], [ -98.478527387611109, 21.347605119740223 ], [ -98.479116671591086, 21.347862661567479 ], [ -98.479958027510946, 21.348135296285147 ], [ -98.480513295007597, 21.348359966783342 ], [ -98.480998486254677, 21.348594724741801 ], [ -98.481735658820213, 21.349009888308938 ], [ -98.482566648934338, 21.349655102802618 ], [ -98.483125578865014, 21.350087174616416 ], [ -98.483424643135692, 21.350157358945797 ], [ -98.484205601297234, 21.350220914494081 ], [ -98.484424573451392, 21.350238734864401 ], [ -98.485177750935776, 21.350149860893978 ], [ -98.485234898254404, 21.350096468117041 ], [ -98.485583530961406, 21.349770739512859 ], [ -98.485706905693235, 21.349556995961237 ], [ -98.485784282931405, 21.349422940344102 ], [ -98.485958603911641, 21.34912092989034 ], [ -98.486519424583008, 21.348301605854338 ], [ -98.486904503343354, 21.347661480088526 ], [ -98.486928095311683, 21.347622262304267 ], [ -98.487665269427751, 21.346757338294719 ], [ -98.48810278168925, 21.346464864719142 ], [ -98.488150791601512, 21.346432770807024 ], [ -98.488221761134469, 21.34638532756939 ], [ -98.489154075586001, 21.345663949667593 ], [ -98.490519959697423, 21.344607073642912 ], [ -98.491945313339031, 21.343504152865911 ], [ -98.491945576384126, 21.343503949211083 ], [ -98.491947404826803, 21.343502534224758 ], [ -98.493414100105369, 21.342367594602287 ], [ -98.493584647185955, 21.342235622301395 ], [ -98.493620513187949, 21.342207867993199 ], [ -98.494121340094125, 21.341820315596191 ], [ -98.495084830866062, 21.340933719352584 ], [ -98.495132237738204, 21.340888018318235 ], [ -98.495617506451339, 21.340420213125057 ], [ -98.4961107595702, 21.339316434703495 ], [ -98.496131140414249, 21.33927082725252 ], [ -98.496276521532295, 21.339034161643248 ], [ -98.496277046668325, 21.339033306792704 ], [ -98.496572663101659, 21.338552069424821 ], [ -98.49658197181023, 21.33853691572704 ], [ -98.496692795915735, 21.33835650261349 ], [ -98.496922533636734, 21.337982506106638 ], [ -98.497356932660608, 21.337232715783987 ], [ -98.497327596118822, 21.337031632836947 ], [ -98.497320080206293, 21.336980113006355 ], [ -98.497191851079918, 21.336101164769545 ], [ -98.497145830712824, 21.335944964319417 ], [ -98.496899779844597, 21.335109815601413 ], [ -98.496506523163845, 21.334188249994359 ], [ -98.496393385276249, 21.33396092466155 ], [ -98.496176795237886, 21.333525730980458 ], [ -98.496100316914024, 21.333372063638748 ], [ -98.495988760160117, 21.333147910437734 ], [ -98.495619062732132, 21.332391356346346 ], [ -98.495470181514534, 21.332077009835633 ], [ -98.495383897302517, 21.331894827788741 ], [ -98.495349698418238, 21.331822620989275 ], [ -98.495249594167163, 21.331611258848088 ], [ -98.495281943070282, 21.330858088899934 ], [ -98.495529325772395, 21.330083484319076 ], [ -98.495566917445515, 21.329965773904046 ], [ -98.496504968282352, 21.329102498739733 ], [ -98.497164132990477, 21.328495869262731 ], [ -98.497594671632399, 21.328146311816816 ], [ -98.497699424008047, 21.328036737148395 ], [ -98.49771431435444, 21.328021161149941 ], [ -98.497842824692455, 21.327886734983117 ], [ -98.497859116290144, 21.327869693311179 ], [ -98.498945287859314, 21.326733500120238 ], [ -98.499387577084079, 21.326270833684838 ], [ -98.500136659563964, 21.325487230717336 ], [ -98.500564425337359, 21.325039746576266 ], [ -98.501017485672776, 21.324484154884814 ], [ -98.501819534031469, 21.32350057987987 ], [ -98.501937422859811, 21.323356008508703 ], [ -98.502955036475328, 21.322046004301949 ], [ -98.503885310058109, 21.320864608800111 ], [ -98.504023331186616, 21.320689328056407 ], [ -98.504312852905059, 21.320478627208118 ], [ -98.504347056369298, 21.320453734869169 ], [ -98.505788937707521, 21.319404378219176 ], [ -98.505854258833111, 21.319356838942117 ], [ -98.50634052926199, 21.318671998684238 ], [ -98.507436556028978, 21.317128374323207 ], [ -98.509041220981771, 21.314868319255467 ], [ -98.509611793879415, 21.314064686673831 ], [ -98.510659501109217, 21.312588994497457 ], [ -98.510742619459535, 21.31247192155061 ], [ -98.511127744399033, 21.312035933258645 ], [ -98.511918035410915, 21.311141257391302 ], [ -98.511965023774792, 21.311088062338275 ], [ -98.512955973951634, 21.309759469938331 ], [ -98.513090392840311, 21.309579248864072 ], [ -98.513841278436161, 21.308563845775083 ], [ -98.514442375075163, 21.307849058782427 ], [ -98.514784767431678, 21.307441903013281 ], [ -98.514784910335266, 21.307441733804918 ], [ -98.515031830871095, 21.307129945498652 ], [ -98.515874918890589, 21.306065361098131 ], [ -98.515875229312712, 21.306064969686012 ], [ -98.516739174464448, 21.305001176788672 ], [ -98.517169263971908, 21.304488161984203 ], [ -98.517426808360682, 21.304129374825521 ], [ -98.517545041077753, 21.303964912986071 ], [ -98.518067355547444, 21.303238385784542 ], [ -98.518626823734451, 21.302445381323693 ], [ -98.519464736766068, 21.30125767686404 ], [ -98.520053363743855, 21.300304715689816 ], [ -98.52040757686602, 21.29969837876547 ], [ -98.521301396585528, 21.298140561853256 ], [ -98.522153532233489, 21.295851098361698 ], [ -98.523282005089627, 21.292450364994924 ], [ -98.523866080438182, 21.291018235019326 ], [ -98.524075371076094, 21.290615871345441 ], [ -98.524306973505304, 21.290209928848043 ], [ -98.524355324726486, 21.290115021684713 ], [ -98.524452755309909, 21.289878395200791 ], [ -98.524477093492663, 21.289788569308989 ], [ -98.524548560497024, 21.289542110919719 ], [ -98.524600222216591, 21.289430404050496 ], [ -98.524895050826942, 21.289082576107155 ], [ -98.525811091932468, 21.287498855811382 ], [ -98.5264358153769, 21.286726938313667 ], [ -98.526987026696091, 21.286127387481418 ], [ -98.52816780927985, 21.2847210303702 ], [ -98.529432574469894, 21.283364341595792 ], [ -98.529651501033385, 21.283169062074187 ], [ -98.53007278760029, 21.282819583214305 ], [ -98.530143139124618, 21.282760163233117 ], [ -98.530496183833762, 21.282457286521883 ], [ -98.530551502570702, 21.282412276266399 ], [ -98.530767622749423, 21.282191953983773 ], [ -98.530946277601359, 21.282010583936533 ], [ -98.531111579934645, 21.281836570008046 ], [ -98.531163262766583, 21.281784951765854 ], [ -98.531454833361906, 21.281489583659202 ], [ -98.532255733855564, 21.280669981461095 ], [ -98.532559271093362, 21.280365616235322 ], [ -98.532631670732272, 21.280285312275009 ], [ -98.534759831148463, 21.278037407599193 ], [ -98.534600292794721, 21.277772698841314 ], [ -98.534632316455244, 21.277732209068645 ], [ -98.536217578850014, 21.275727805041981 ], [ -98.538218370309238, 21.273197901768953 ], [ -98.539968882184127, 21.270984368730083 ], [ -98.541159398634264, 21.269478900490249 ], [ -98.541940212288523, 21.26924980245963 ], [ -98.542394064412107, 21.269065132881074 ], [ -98.542421813500027, 21.269018795934592 ], [ -98.542674708894083, 21.268596509195987 ], [ -98.542680428594096, 21.267978266337909 ], [ -98.542681243253782, 21.267890201986788 ], [ -98.542486842619667, 21.267182261895908 ], [ -98.542516534380468, 21.266688051568426 ], [ -98.542871217575794, 21.266361301271051 ], [ -98.543235898512549, 21.265985847916184 ], [ -98.543302338305267, 21.265917444611805 ], [ -98.543886548153253, 21.265215833137116 ], [ -98.543954116467646, 21.264282571659876 ], [ -98.5439585686958, 21.264221077447889 ], [ -98.54396878437035, 21.264079969701928 ], [ -98.543981723971527, 21.263901236864704 ], [ -98.542839609213999, 21.263938916633183 ], [ -98.542367665065257, 21.263973939590453 ], [ -98.54208446994086, 21.263994954563255 ], [ -98.541741424317479, 21.263938880496976 ], [ -98.541161363108401, 21.263945390688118 ], [ -98.540720623486322, 21.263968142553839 ], [ -98.540259766745379, 21.263957720114437 ], [ -98.539283566712797, 21.263966979529503 ], [ -98.538668112440973, 21.263984793398006 ], [ -98.538484195524376, 21.263990116956908 ], [ -98.538422353214784, 21.263977812736165 ], [ -98.537860815432452, 21.263866085520842 ], [ -98.537513805181533, 21.263588619145327 ], [ -98.537114408261161, 21.263269262312878 ], [ -98.536945195137335, 21.263120003031197 ], [ -98.535549807612597, 21.261889142265765 ], [ -98.53530944312115, 21.261677116089409 ], [ -98.535021940352905, 21.26144440332066 ], [ -98.534510442797966, 21.261030381536127 ], [ -98.533567940385211, 21.26026748088421 ], [ -98.531960186155473, 21.258882668137073 ], [ -98.531903041646174, 21.258833446472153 ], [ -98.531902222173429, 21.258832745322202 ], [ -98.531888106436853, 21.258820666372692 ], [ -98.530346215397785, 21.257501269521416 ], [ -98.529230519286713, 21.256584852153264 ], [ -98.529078042681306, 21.25645960807266 ], [ -98.528598592839884, 21.256065787230686 ], [ -98.52842111392242, 21.255903355036935 ], [ -98.527185482616431, 21.254772467296675 ], [ -98.525403347428139, 21.253223755883045 ], [ -98.523765731623186, 21.251796524665153 ], [ -98.522202647892485, 21.250465628307012 ], [ -98.5221481178381, 21.250415322482873 ], [ -98.522029148446023, 21.250305566685601 ], [ -98.520639861117019, 21.249113217608219 ], [ -98.519459642602101, 21.248126970353852 ], [ -98.519033142388253, 21.247721315342329 ], [ -98.518326944712072, 21.246756966657152 ], [ -98.517427116490964, 21.245381626003905 ], [ -98.517013046727087, 21.244973626435527 ], [ -98.516807191613978, 21.244683589330634 ], [ -98.516545717124487, 21.244273291729311 ], [ -98.516543368486325, 21.244268951320805 ], [ -98.516469587080238, 21.244275803012126 ], [ -98.516445964751213, 21.24427799708161 ], [ -98.514656315973568, 21.244709674138626 ], [ -98.514615859832247, 21.244706487612252 ], [ -98.514543874372904, 21.244700817170404 ], [ -98.51395717459198, 21.245767359546644 ], [ -98.513636751169173, 21.245943638768335 ], [ -98.513480598018774, 21.246161361111753 ], [ -98.513326550137279, 21.246101884433905 ], [ -98.513141917951572, 21.2461614874064 ], [ -98.513044838606632, 21.246211114923238 ], [ -98.51297161454481, 21.246243347954973 ], [ -98.512916666210856, 21.2462238819205 ], [ -98.51280919203117, 21.246185807402977 ], [ -98.512782599637575, 21.246124411731195 ], [ -98.512706819197973, 21.245949446982479 ], [ -98.512645839329181, 21.245891982603993 ], [ -98.512519897094435, 21.245773303246004 ], [ -98.512348663542269, 21.245676403515855 ], [ -98.512332755436063, 21.245667401572653 ], [ -98.512242928237868, 21.245658726376195 ], [ -98.51214532564218, 21.245649300172698 ], [ -98.512016426980253, 21.245673058968045 ], [ -98.511957710103417, 21.245683881820945 ], [ -98.511935207069229, 21.245780314145446 ], [ -98.511925955567179, 21.245819958046269 ], [ -98.511892812710755, 21.245985805055476 ], [ -98.511917315032278, 21.24615295760773 ], [ -98.511815185292292, 21.24625052487194 ], [ -98.511730526897182, 21.246350501022391 ], [ -98.511542620786116, 21.246472870897204 ], [ -98.511508970312718, 21.246468165031711 ], [ -98.511311197294418, 21.246440510390663 ], [ -98.511295975863021, 21.246435789141593 ], [ -98.51117006972666, 21.246396733920196 ], [ -98.511107419152438, 21.246400711849706 ], [ -98.511035837752871, 21.246405256647257 ], [ -98.511029906291171, 21.246451972571485 ], [ -98.511022880439654, 21.246507318171055 ], [ -98.511030723682509, 21.246580214196282 ], [ -98.511043489841896, 21.246698859287669 ], [ -98.510974194393697, 21.2467086934642 ], [ -98.51081671895372, 21.246731040608541 ], [ -98.510801746313632, 21.246673501278327 ], [ -98.510753222372855, 21.246487028033464 ], [ -98.51074645793426, 21.246460195467417 ], [ -98.510718064147923, 21.246347566605863 ], [ -98.510586990580308, 21.246294502936216 ], [ -98.510511937178919, 21.246311844491487 ], [ -98.510497683614375, 21.246351484946327 ], [ -98.510474091533169, 21.246417095012202 ], [ -98.510500445172823, 21.246498205721853 ], [ -98.5105483335999, 21.246645591151655 ], [ -98.51052922981124, 21.246750896227997 ], [ -98.510433200607409, 21.246743118675361 ], [ -98.510304301480886, 21.246732678661143 ], [ -98.510154975529716, 21.246656816832406 ], [ -98.510060966142589, 21.246609057759461 ], [ -98.509973035195216, 21.246538026682437 ], [ -98.509930066426605, 21.24650331628018 ], [ -98.509820805979189, 21.246444415949234 ], [ -98.509799062579958, 21.246432693721754 ], [ -98.509742218204494, 21.246359406509491 ], [ -98.509575846388557, 21.246266338727892 ], [ -98.509515722502385, 21.246166370047753 ], [ -98.509425702287402, 21.246097184383135 ], [ -98.509327765008848, 21.246078679300563 ], [ -98.509257521605235, 21.246065407180414 ], [ -98.509224978623294, 21.246059258381866 ], [ -98.509058025054259, 21.246186740706687 ], [ -98.508896044630703, 21.246310426131252 ], [ -98.508854115350317, 21.246405926362804 ], [ -98.508766651671252, 21.246605141541909 ], [ -98.508652799632145, 21.246745898497885 ], [ -98.50854656112125, 21.246947050432826 ], [ -98.508326607333359, 21.247072562503053 ], [ -98.508100117981002, 21.247040291618433 ], [ -98.507994702268846, 21.24702527195964 ], [ -98.507849741183747, 21.246988980303797 ], [ -98.507634667602318, 21.247026754761528 ], [ -98.507484384418987, 21.247114111298806 ], [ -98.507222062238753, 21.24706066818959 ], [ -98.50697884594355, 21.246901919057038 ], [ -98.506716827991042, 21.246760673899661 ], [ -98.506510993398877, 21.246637152196278 ], [ -98.506342364309134, 21.246601540240885 ], [ -98.506154700243442, 21.246653668110373 ], [ -98.505910607608115, 21.246758313459253 ], [ -98.505749522290458, 21.246923146349062 ], [ -98.505400649327669, 21.247092256247324 ], [ -98.505342656047233, 21.247112366810239 ], [ -98.505215526655135, 21.247156451379958 ], [ -98.504939052350935, 21.247079423705287 ], [ -98.504935583231216, 21.247078457638903 ], [ -98.504718622450909, 21.246982146288541 ], [ -98.504306515208896, 21.247067316752599 ], [ -98.504146791961148, 21.24695172036494 ], [ -98.503904485768217, 21.246794267793071 ], [ -98.50366216649887, 21.246674229674579 ], [ -98.50346537663421, 21.246499716067962 ], [ -98.503161070782127, 21.246202536709916 ], [ -98.502986970982448, 21.245928684682589 ], [ -98.502637214361684, 21.245845652255777 ], [ -98.502261409624921, 21.24600047954992 ], [ -98.502060409235696, 21.246144717453813 ], [ -98.501847891743566, 21.246345879571845 ], [ -98.501772074511152, 21.246525049092767 ], [ -98.501656295529969, 21.246808021816136 ], [ -98.501570558712174, 21.247056494829913 ], [ -98.501499356287766, 21.24725779362009 ], [ -98.501432046296856, 21.247475145581625 ], [ -98.501416879037819, 21.247596881513743 ], [ -98.501373712028951, 21.247757722165961 ], [ -98.501226196274033, 21.247835945819041 ], [ -98.501160369451725, 21.247870852236538 ], [ -98.500887643691883, 21.247859551275759 ], [ -98.50062202311554, 21.247736765912151 ], [ -98.500325508447176, 21.247600819035817 ], [ -98.500008893614179, 21.247613835443683 ], [ -98.499832180130142, 21.247756679451818 ], [ -98.499838400249871, 21.247826423963346 ], [ -98.499878334759359, 21.248188649748482 ], [ -98.499985781087048, 21.248597280394339 ], [ -98.499875699809081, 21.249112678043051 ], [ -98.499835518519205, 21.249473975715301 ], [ -98.499825064920785, 21.249735670288587 ], [ -98.499786057989013, 21.250079111054863 ], [ -98.499901805061754, 21.250352801215207 ], [ -98.500105264587049, 21.250572075493217 ], [ -98.500337785641861, 21.250818778130224 ], [ -98.500524355014804, 21.250895674289449 ], [ -98.500546538701158, 21.251354380449154 ], [ -98.500498424685318, 21.251672950894502 ], [ -98.500054723598907, 21.251891898762725 ], [ -98.499640834658493, 21.25205824710898 ], [ -98.499328818119082, 21.252178931663448 ], [ -98.499009783164254, 21.25223113968627 ], [ -98.498570922220807, 21.252149504936916 ], [ -98.498408590937004, 21.251988423382567 ], [ -98.498276508625509, 21.251921268749655 ], [ -98.498030028302836, 21.251795951537925 ], [ -98.497622301702023, 21.251603400050822 ], [ -98.49630174671492, 21.251381551927924 ], [ -98.495660370972672, 21.251270299614102 ], [ -98.495102072062366, 21.251298687996908 ], [ -98.494658731272395, 21.251302604796525 ], [ -98.494470620303474, 21.251305305520958 ], [ -98.494428946173642, 21.251317499002738 ], [ -98.494055831024482, 21.251320160703948 ], [ -98.49365653578613, 21.251156305512392 ], [ -98.493597706994834, 21.251004155714401 ], [ -98.493523151367356, 21.250777176958916 ], [ -98.493401854943471, 21.250598963466896 ], [ -98.493197191266944, 21.2505216763657 ], [ -98.492944741778359, 21.250543112216334 ], [ -98.492833215383897, 21.250641829845421 ], [ -98.492730855961909, 21.250787196094429 ], [ -98.49265661321644, 21.251042609162376 ], [ -98.492714672787912, 21.251124785327789 ], [ -98.492801709978224, 21.251261725201076 ], [ -98.492946901870141, 21.251453498657391 ], [ -98.493084867958544, 21.251585975772091 ], [ -98.493137628277026, 21.25175650509895 ], [ -98.492488089591063, 21.251668861540992 ], [ -98.491901294933584, 21.251297411632699 ], [ -98.490930659802189, 21.251167758866419 ], [ -98.4902551503762, 21.251090499183732 ], [ -98.488844134259224, 21.250877226640991 ], [ -98.487883519212815, 21.250748937197493 ], [ -98.487005383449556, 21.250667590363776 ], [ -98.486046472577073, 21.250717122320935 ], [ -98.485274907723465, 21.25082064318967 ], [ -98.484140867255803, 21.250951603063719 ], [ -98.482163691824994, 21.251206198500793 ], [ -98.481045428115905, 21.251464004207275 ], [ -98.479733462115419, 21.251730562528582 ], [ -98.47853764070166, 21.251993612425782 ], [ -98.477981210582897, 21.252139565819839 ], [ -98.477359242116989, 21.252345877087933 ], [ -98.477019767884912, 21.252359263792219 ], [ -98.476995506698188, 21.252360220823491 ], [ -98.475953572186782, 21.251755771107792 ], [ -98.475083294015789, 21.251289365202737 ], [ -98.474254466606652, 21.250911347374782 ], [ -98.473670059907178, 21.250681304158174 ], [ -98.473173618304884, 21.250773562252835 ], [ -98.472072000977917, 21.250532499445654 ], [ -98.471239292311822, 21.250200760719235 ], [ -98.470656539481169, 21.249969281779599 ], [ -98.47055572563518, 21.249929236958682 ], [ -98.470131615156575, 21.249744836295246 ], [ -98.46966405952665, 21.249609841445306 ], [ -98.469234182359827, 21.249501863318788 ], [ -98.468719083544855, 21.249575746812532 ], [ -98.468527731535076, 21.249632200603134 ], [ -98.468359734772278, 21.249651142618657 ], [ -98.468774587303088, 21.248596098386461 ], [ -98.46884046329923, 21.248419384850973 ], [ -98.469002158733275, 21.247885306802566 ], [ -98.469004526782385, 21.247222424655767 ], [ -98.469279668102615, 21.246881153049518 ], [ -98.469961974818901, 21.246185202288927 ], [ -98.470192676844491, 21.245501653695989 ], [ -98.470211641874158, 21.245307703427439 ], [ -98.470263746593247, 21.244774835659879 ], [ -98.470492997530002, 21.244497569312227 ], [ -98.470474209586229, 21.243364181641827 ], [ -98.470017692262545, 21.243362750116017 ], [ -98.469858669081901, 21.243148417528079 ], [ -98.470133952809419, 21.242764376347829 ], [ -98.470066313435453, 21.242528944708305 ], [ -98.469541855431771, 21.242377615980477 ], [ -98.469406960124019, 21.241799837015492 ], [ -98.46922718169138, 21.241008079803716 ], [ -98.469047017509837, 21.240323240476179 ], [ -98.468832856871074, 21.239759245416312 ], [ -98.468450773326012, 21.239176676744382 ], [ -98.468629958039273, 21.238651241292761 ], [ -98.468868142724304, 21.238153675688178 ], [ -98.468575408707551, 21.237377599916336 ], [ -98.468518579855882, 21.23674068395799 ], [ -98.468701774544471, 21.236515312825134 ], [ -98.469031838580548, 21.236109256563942 ], [ -98.469168632804355, 21.235351913161693 ], [ -98.469273459223331, 21.234616577326854 ], [ -98.469283043400821, 21.23454934684904 ], [ -98.469257825836422, 21.234163990397779 ], [ -98.469881182798645, 21.233973410679511 ], [ -98.470353933575453, 21.233550090710605 ], [ -98.470797202420599, 21.233262597218097 ], [ -98.471490764643434, 21.233788745226715 ], [ -98.471704362805625, 21.232406261092184 ], [ -98.472365332635547, 21.232656000163121 ], [ -98.473053006902006, 21.233017522627009 ], [ -98.473880585723307, 21.232964733442074 ], [ -98.474678620718024, 21.232911848779338 ], [ -98.474992483027535, 21.232950538459733 ], [ -98.475830562679192, 21.233053845682917 ], [ -98.476581367467134, 21.232765503604632 ], [ -98.476688662764104, 21.23272429663227 ], [ -98.477162427476571, 21.23244891983812 ], [ -98.478149346764411, 21.232410548328687 ], [ -98.478829753432265, 21.232191172784869 ], [ -98.479363487137348, 21.231666818097462 ], [ -98.479720301945093, 21.231031180470943 ], [ -98.480814877380411, 21.23067465120279 ], [ -98.481053007757922, 21.230177066304595 ], [ -98.481616461593006, 21.229597427337755 ], [ -98.48150806136384, 21.229206310768976 ], [ -98.481470553803888, 21.229070979850619 ], [ -98.481726538281777, 21.228720019303847 ], [ -98.481741219186304, 21.228699891901474 ], [ -98.481355291388326, 21.228727630148448 ], [ -98.481079072578893, 21.228637294789703 ], [ -98.480965590851611, 21.228431269344739 ], [ -98.481294789963812, 21.228354410162687 ], [ -98.481341928925019, 21.228171324854756 ], [ -98.48122122287684, 21.227933661048709 ], [ -98.481064529482168, 21.227946426318297 ], [ -98.480456348609778, 21.228202451591528 ], [ -98.480050641577009, 21.228144656719763 ], [ -98.480209211957202, 21.22808036302489 ], [ -98.480296998832159, 21.227747173479436 ], [ -98.480243059411976, 21.227496384901798 ], [ -98.48021520044874, 21.227354579078327 ], [ -98.480055097017384, 21.22693251952078 ], [ -98.480394254065587, 21.226802903039857 ], [ -98.480296744771408, 21.226608644213282 ], [ -98.479846671360278, 21.226597189600845 ], [ -98.479405476467861, 21.226619508042067 ], [ -98.479195257371515, 21.226451774404126 ], [ -98.479187991233019, 21.226191529369562 ], [ -98.479219737304689, 21.22587784426808 ], [ -98.479223539329141, 21.225572630659013 ], [ -98.479261449168305, 21.224949590410152 ], [ -98.479353164470552, 21.224528943719498 ], [ -98.4797552208924, 21.224111152387994 ], [ -98.479747670658568, 21.224070058391721 ], [ -98.479725126359796, 21.224025086620937 ], [ -98.479714560315941, 21.224004008890599 ], [ -98.479709511447084, 21.223993936508304 ], [ -98.479656634296035, 21.223888456908139 ], [ -98.479037875419635, 21.223388235480396 ], [ -98.478853303051295, 21.222819201473676 ], [ -98.478322996308165, 21.222374617717911 ], [ -98.47785179289005, 21.221930217084545 ], [ -98.477055573907819, 21.221484807834106 ], [ -98.476377838423574, 21.220956709834567 ], [ -98.475729653510953, 21.220428700816516 ], [ -98.47466723467268, 21.220065506861136 ], [ -98.473899598524554, 21.219897015218503 ], [ -98.472806661552411, 21.219810558784797 ], [ -98.472361789864678, 21.220279799914525 ], [ -98.471976892227161, 21.220500073787395 ], [ -98.471326660954617, 21.22055341023195 ], [ -98.471206016289571, 21.221245136703082 ], [ -98.470996430639147, 21.222019640322351 ], [ -98.47043325618445, 21.222516193119649 ], [ -98.469782922695515, 21.222597206522298 ], [ -98.46892634267671, 21.22251146603881 ], [ -98.468392612186591, 21.223035788060127 ], [ -98.468183108553461, 21.223782600817177 ], [ -98.468134325103719, 21.223903251995733 ], [ -98.467759514025914, 21.223840703589975 ], [ -98.466971487655869, 21.222406050747892 ], [ -98.467063501917679, 21.220970311872943 ], [ -98.466829084316458, 21.220520135356487 ], [ -98.466506232406786, 21.219900126350627 ], [ -98.465650569917997, 21.219565215724458 ], [ -98.465025245578829, 21.219219862461234 ], [ -98.464087680120912, 21.218702058061275 ], [ -98.463321366480756, 21.21817362698242 ], [ -98.462377773564668, 21.217644630069106 ], [ -98.461789450469752, 21.21692297023532 ], [ -98.46125902246952, 21.216533701591253 ], [ -98.46078647132633, 21.216354046500765 ], [ -98.460214122833278, 21.216150794277269 ], [ -98.459636597116017, 21.215808736478859 ], [ -98.459281116172207, 21.215890071459697 ], [ -98.458960666178214, 21.215461579544559 ], [ -98.458495926608251, 21.214974911747426 ], [ -98.45786418923997, 21.214735028920622 ], [ -98.457503904614057, 21.214761412906483 ], [ -98.457093742915944, 21.214880957475767 ], [ -98.456947873269172, 21.214832996168589 ], [ -98.456919441366608, 21.214620180443081 ], [ -98.456883599690073, 21.214247796708879 ], [ -98.456629237089501, 21.213946155787635 ], [ -98.456315081308148, 21.213483833306118 ], [ -98.456020889213164, 21.213385183690427 ], [ -98.455830772490287, 21.213181682790854 ], [ -98.455846490947124, 21.212751124832391 ], [ -98.455913942787319, 21.212260269237056 ], [ -98.455735725989982, 21.212092826833125 ], [ -98.455314550508362, 21.212092234397428 ], [ -98.455074280156992, 21.211916891122804 ], [ -98.454939979966028, 21.211697573743702 ], [ -98.454521129452871, 21.211437424721943 ], [ -98.454181297869255, 21.211183749566693 ], [ -98.453831528237046, 21.211119983601591 ], [ -98.453532439523428, 21.211011016233492 ], [ -98.453405236431308, 21.2107669060121 ], [ -98.453211278818713, 21.210584648376752 ], [ -98.453076875941022, 21.210459434202491 ], [ -98.452998485411896, 21.210261787204431 ], [ -98.452892888360367, 21.210031954268551 ], [ -98.45352925158447, 21.20984255815295 ], [ -98.454257674295974, 21.209313096393462 ], [ -98.45441806700309, 21.208909436059205 ], [ -98.454942315335103, 21.208336767861514 ], [ -98.455506678022871, 21.207639062234193 ], [ -98.455907454639032, 21.207245375862751 ], [ -98.45591679196508, 21.207236203459907 ], [ -98.456326277613726, 21.20700352234865 ], [ -98.456470338917072, 21.206955448392851 ], [ -98.456894521667877, 21.206813896737952 ], [ -98.457135602812983, 21.206723871795464 ], [ -98.459078801386752, 21.206018444024057 ], [ -98.459326178638378, 21.205886150346544 ], [ -98.459370722972693, 21.205799728107642 ], [ -98.459733916763554, 21.205394582632351 ], [ -98.459737563293004, 21.205355193971485 ], [ -98.459626062159302, 21.204801752799675 ], [ -98.458878460548618, 21.204373910978745 ], [ -98.458493777037532, 21.204032319389395 ], [ -98.45808669608931, 21.203605563662336 ], [ -98.457497628482969, 21.203284588710432 ], [ -98.457408284582058, 21.203200295131584 ], [ -98.457175560479001, 21.202980726252584 ], [ -98.457067773511923, 21.202879031988935 ], [ -98.456500404627604, 21.202834665813377 ], [ -98.455946767391183, 21.20276368019703 ], [ -98.455916452919141, 21.202759793508289 ], [ -98.455819680264668, 21.202747385623436 ], [ -98.455398737366892, 21.202677982372979 ], [ -98.455161736379438, 21.202638905763372 ], [ -98.454616131444254, 21.202849872498643 ], [ -98.453957175042717, 21.20301792687156 ], [ -98.453389488374228, 21.203058640928955 ], [ -98.453168527852725, 21.203172736366199 ], [ -98.453082874761293, 21.203216964682156 ], [ -98.452980082959115, 21.203270041681115 ], [ -98.452956050430245, 21.203255243961998 ], [ -98.452658096256016, 21.203071782663088 ], [ -98.452459129832917, 21.202949269275877 ], [ -98.45199099574991, 21.202803661309289 ], [ -98.451982954664899, 21.202801161108045 ], [ -98.451897482890885, 21.202774575770306 ], [ -98.451802136231365, 21.202740416479305 ], [ -98.45147184771281, 21.2026220866085 ], [ -98.45131594770065, 21.202566232871817 ], [ -98.451098001612621, 21.202450993205865 ], [ -98.451054160251161, 21.202427811585075 ], [ -98.450920199344395, 21.202421845892026 ], [ -98.450785422530657, 21.202415842989733 ], [ -98.450732612738392, 21.202387235891365 ], [ -98.450520152345533, 21.202272146329687 ], [ -98.450145647874933, 21.202097254910601 ], [ -98.449848621287813, 21.201998665553699 ], [ -98.449663801666688, 21.20199437429973 ], [ -98.449598059631128, 21.201992847807375 ], [ -98.44935957914187, 21.201993041133999 ], [ -98.449308427284578, 21.201967568963855 ], [ -98.449238869249072, 21.201932930431095 ], [ -98.449172971921442, 21.201881133216379 ], [ -98.449094924344081, 21.201819786635358 ], [ -98.44899419772922, 21.201740614300306 ], [ -98.448853464134601, 21.201651862793149 ], [ -98.448728115441639, 21.201572814617595 ], [ -98.448622323364546, 21.201481620477033 ], [ -98.448299163004734, 21.201426582220574 ], [ -98.448284136167331, 21.201421543311753 ], [ -98.448119387975566, 21.201366294931919 ], [ -98.448113098263704, 21.201364185564405 ], [ -98.448109363884839, 21.201360752287183 ], [ -98.448048380413226, 21.201304697461214 ], [ -98.44796454273839, 21.201227635877476 ], [ -98.447793506687262, 21.201046199363027 ], [ -98.447684895936789, 21.200957690202031 ], [ -98.447621383505222, 21.200905931392224 ], [ -98.44757974549357, 21.200883432597074 ], [ -98.447343343135103, 21.200755693284513 ], [ -98.447214820932572, 21.200629116956506 ], [ -98.447212124220584, 21.200623959622533 ], [ -98.447095721629225, 21.200401348865817 ], [ -98.44697742646855, 21.20012777728099 ], [ -98.446786330172401, 21.199809604441018 ], [ -98.446709163333679, 21.199680509728562 ], [ -98.446672993150273, 21.199619998966348 ], [ -98.446665531963987, 21.199592011369628 ], [ -98.446608390584174, 21.199377648462988 ], [ -98.446596180145008, 21.199065107564138 ], [ -98.44661226496379, 21.198840480839362 ], [ -98.44665766596242, 21.198657730280964 ], [ -98.446734945081189, 21.198548608893191 ], [ -98.44686974009123, 21.198437658143686 ], [ -98.447078242525976, 21.198386954699767 ], [ -98.447257401203885, 21.198261190463121 ], [ -98.447456206274666, 21.198031301601596 ], [ -98.447640366661844, 21.197721043466824 ], [ -98.447707842390017, 21.197607364402245 ], [ -98.447749842282704, 21.197548015629959 ], [ -98.447879942624908, 21.197364176572393 ], [ -98.447996397481518, 21.197179911517651 ], [ -98.44809686566586, 21.196960411122902 ], [ -98.448097334951015, 21.196909007046585 ], [ -98.448097700174813, 21.196869054241954 ], [ -98.448100358049373, 21.196578073989841 ], [ -98.448143351790492, 21.196230481916519 ], [ -98.448195034218926, 21.195810204439219 ], [ -98.44825154258595, 21.195469493317919 ], [ -98.448311406629486, 21.195430418916047 ], [ -98.448564728117532, 21.194926913662357 ], [ -98.448701652378361, 21.19420403530178 ], [ -98.448832841465645, 21.193996644007296 ], [ -98.449067088348599, 21.193626329061598 ], [ -98.449003841185203, 21.193132298235255 ], [ -98.448559031316037, 21.192271281118405 ], [ -98.448523901936497, 21.191872518035289 ], [ -98.448495656269529, 21.191741803662655 ], [ -98.448548851653285, 21.191634810961126 ], [ -98.448620257786558, 21.191362996091122 ], [ -98.448594531689182, 21.191181549055553 ], [ -98.448559822625924, 21.191049532805483 ], [ -98.448563885703521, 21.190895461768736 ], [ -98.448581557896986, 21.190225408851763 ], [ -98.448582863204095, 21.190175908684239 ], [ -98.448594582484091, 21.189731557480833 ], [ -98.448421042162309, 21.189202500684086 ], [ -98.448421676676759, 21.189180673734352 ], [ -98.448423032785584, 21.18913401572199 ], [ -98.44842590935437, 21.189035026168757 ], [ -98.448426974501345, 21.188747925876068 ], [ -98.448427953762945, 21.188483792617689 ], [ -98.448477625820942, 21.188311692503436 ], [ -98.44851474602244, 21.188219940033196 ], [ -98.448564204124267, 21.188105260112192 ], [ -98.448674830495435, 21.188025230956878 ], [ -98.448809973414598, 21.187945282861744 ], [ -98.448921186708276, 21.18770447803599 ], [ -98.449000422533274, 21.187520762234115 ], [ -98.449020111618921, 21.187475110960584 ], [ -98.449032790722924, 21.187360311018647 ], [ -98.44908233388324, 21.187222662204952 ], [ -98.449176794309452, 21.187085018238289 ], [ -98.449288415534198, 21.18685191328013 ], [ -98.449385617533366, 21.186774407428405 ], [ -98.449399844402663, 21.186670688631068 ], [ -98.44940022926103, 21.186566929752424 ], [ -98.449303748242301, 21.186449881567089 ], [ -98.44917972464664, 21.186293831898737 ], [ -98.449018731329673, 21.18602728502599 ], [ -98.448945455689881, 21.185842269951859 ], [ -98.448859720124659, 21.185691856348789 ], [ -98.448761663232531, 21.185541402483221 ], [ -98.448663340558369, 21.185460244031191 ], [ -98.448577528822625, 21.185332928160168 ], [ -98.448504416523932, 21.185101711096117 ], [ -98.448495091515355, 21.184953611435169 ], [ -98.448492779408298, 21.184916896928371 ], [ -98.448493873979288, 21.184788635437009 ], [ -98.448505443897304, 21.184643908410035 ], [ -98.448605132648552, 21.184551166180889 ], [ -98.448781446899858, 21.184430336709191 ], [ -98.448815373054089, 21.184407086601894 ], [ -98.448882020392176, 21.184293556762622 ], [ -98.448849448436448, 21.184148685791268 ], [ -98.448738016749033, 21.184053116290492 ], [ -98.448728421995114, 21.184044886158645 ], [ -98.448464024961893, 21.18390959625787 ], [ -98.448254582281876, 21.183836531074778 ], [ -98.447989956469627, 21.183763284515489 ], [ -98.447901924040764, 21.183690615204085 ], [ -98.44783627476194, 21.183535292750673 ], [ -98.447827219508653, 21.183465458572144 ], [ -98.447814813495739, 21.183369773000241 ], [ -98.447738437782291, 21.183131690761623 ], [ -98.447617835572473, 21.182914150204709 ], [ -98.447530187759327, 21.182738070556425 ], [ -98.4475232969193, 21.182725046363029 ], [ -98.447475388529725, 21.182634486382263 ], [ -98.447497732569431, 21.182562177833407 ], [ -98.447499235714417, 21.182560080699435 ], [ -98.447564303083396, 21.182469333074064 ], [ -98.447586677372016, 21.18238668077716 ], [ -98.447473911995885, 21.18231571384246 ], [ -98.447454542332821, 21.18230352425574 ], [ -98.447418658787882, 21.182235697958085 ], [ -98.44738872682197, 21.182179121359109 ], [ -98.447377821966356, 21.182158508544152 ], [ -98.447378782435266, 21.181899999613606 ], [ -98.447379627917087, 21.181672513209723 ], [ -98.447424153252797, 21.181569253875949 ], [ -98.447464444738955, 21.181503725933236 ], [ -98.447512991414541, 21.181424773301011 ], [ -98.447513490866356, 21.181290353469574 ], [ -98.447414657079221, 21.181155603210996 ], [ -98.447271213593098, 21.181144790911098 ], [ -98.447158587714114, 21.181154014796864 ], [ -98.447149767088803, 21.181154736521243 ], [ -98.447079768044901, 21.181138098244197 ], [ -98.447065173347738, 21.181134628600368 ], [ -98.447017431830119, 21.181123280857019 ], [ -98.446903682513323, 21.181078289264427 ], [ -98.446811567172404, 21.180991387913195 ], [ -98.446760573062321, 21.18089499432438 ], [ -98.44676093010429, 21.180798774926725 ], [ -98.446761538806669, 21.180635195014343 ], [ -98.446780728485962, 21.180540858302798 ], [ -98.446795946379794, 21.179964868027959 ], [ -98.446766902963518, 21.179813154490905 ], [ -98.446634995387342, 21.179735311420764 ], [ -98.446387227263841, 21.179703532986981 ], [ -98.446238165417697, 21.179795937213719 ], [ -98.446038931187772, 21.180043003176678 ], [ -98.445845383147756, 21.180448606165346 ], [ -98.445614482564196, 21.180623737985577 ], [ -98.445459318788764, 21.180620130487846 ], [ -98.445311185307091, 21.180533202845318 ], [ -98.445221675764373, 21.180458922937135 ], [ -98.445338132551385, 21.180226172890578 ], [ -98.445523418907101, 21.17995522101625 ], [ -98.445560434711169, 21.179815085257612 ], [ -98.445516838295561, 21.179552348490951 ], [ -98.445469667075514, 21.179146530057739 ], [ -98.445342219946554, 21.178894012552117 ], [ -98.44513342791052, 21.17867239308805 ], [ -98.444965509113402, 21.178575865111966 ], [ -98.444726310698186, 21.178527245825727 ], [ -98.444033518969292, 21.178521493068445 ], [ -98.443758401420041, 21.17852058852846 ], [ -98.443548923538359, 21.178483075775105 ], [ -98.443444345647862, 21.178421362837987 ], [ -98.44334010068998, 21.178273732643987 ], [ -98.443209406635333, 21.178187382978599 ], [ -98.443013223523337, 21.178100817429172 ], [ -98.442764670038514, 21.178001807321355 ], [ -98.442685241644298, 21.1779854304759 ], [ -98.4426307021686, 21.178013860451852 ], [ -98.442558790085187, 21.1781014176814 ], [ -98.442423118899697, 21.178276120013699 ], [ -98.44221503156021, 21.178372742344209 ], [ -98.442048845538835, 21.178372194079568 ], [ -98.441934891565623, 21.178293971472961 ], [ -98.441841853113729, 21.178176898235971 ], [ -98.441748900086296, 21.178040362487049 ], [ -98.441635019275196, 21.17794267691751 ], [ -98.441514693375893, 21.177856010725623 ], [ -98.441010218955952, 21.177477952947459 ], [ -98.440698277121712, 21.177337517421233 ], [ -98.44028219442103, 21.177196737647591 ], [ -98.44008886473307, 21.177168216926372 ], [ -98.439895852492711, 21.177056054805007 ], [ -98.439836709692372, 21.176958280207899 ], [ -98.439822199648404, 21.176860647327587 ], [ -98.439733342780755, 21.176748829272778 ], [ -98.439768023554947, 21.176712304590026 ], [ -98.43966748640922, 21.176633248217712 ], [ -98.4395667249822, 21.176617169830845 ], [ -98.439449202225077, 21.176585291014863 ], [ -98.439264889759158, 21.17644298453364 ], [ -98.438963246458115, 21.176221560214167 ], [ -98.438950513347351, 21.176218201224621 ], [ -98.438661056955908, 21.176141834927005 ], [ -98.43842596740393, 21.176093820591472 ], [ -98.438341644162719, 21.176172263423574 ], [ -98.438341169097257, 21.176298217996507 ], [ -98.438474963099907, 21.176471852376057 ], [ -98.438769312069837, 21.176933473917877 ], [ -98.438389763205151, 21.176994411797065 ], [ -98.437820774976558, 21.176936370018222 ], [ -98.43736126716253, 21.177097427064659 ], [ -98.43704151386406, 21.177170488886357 ], [ -98.436945791432791, 21.177109216553344 ], [ -98.436850569714636, 21.176830310677044 ], [ -98.436599515112448, 21.176627005464645 ], [ -98.436325460959921, 21.176427458692594 ], [ -98.436311109222899, 21.176105192469848 ], [ -98.436361381878939, 21.175762970575921 ], [ -98.43654934746057, 21.175527883614674 ], [ -98.43654996267253, 21.175365622017406 ], [ -98.436496906502427, 21.175303033992261 ], [ -98.436310489166758, 21.175277449682795 ], [ -98.436044239987993, 21.175226629512029 ], [ -98.435871038825667, 21.175226051586758 ], [ -98.435751190430651, 21.175213173497379 ], [ -98.435698181876006, 21.175138106189941 ], [ -98.435712072974411, 21.17498836739734 ], [ -98.435606306030436, 21.174775823521365 ], [ -98.435460604344655, 21.174550662539076 ], [ -98.435300976083269, 21.174487718514754 ], [ -98.435048194601407, 21.174399499823025 ], [ -98.434888649744991, 21.174311592558958 ], [ -98.434822046720839, 21.174311369948288 ], [ -98.434755431124742, 21.174311147015473 ], [ -98.434715082643891, 21.174410865589046 ], [ -98.434754530516315, 21.174548304331207 ], [ -98.434780607467673, 21.174698170038798 ], [ -98.434704969940825, 21.174842318084927 ], [ -98.434518039005354, 21.174862058252099 ], [ -98.434494602464284, 21.174858553635108 ], [ -98.434255529726997, 21.174822797517745 ], [ -98.434197827676016, 21.174574405353653 ], [ -98.434102973431578, 21.174394443436366 ], [ -98.434022665217768, 21.174321181247382 ], [ -98.433889482481632, 21.174308250232194 ], [ -98.43371591462359, 21.174407523034962 ], [ -98.433601539614045, 21.174631072521578 ], [ -98.433139623695951, 21.174791621117478 ], [ -98.43299815731713, 21.174778828257679 ], [ -98.43301083077688, 21.174491913450055 ], [ -98.433008520167462, 21.174265323285034 ], [ -98.432931694237993, 21.174106871302119 ], [ -98.432807621786012, 21.174011405610248 ], [ -98.432509141137274, 21.174005222063528 ], [ -98.432258277388769, 21.173843714891046 ], [ -98.432093715898475, 21.173634872899491 ], [ -98.432128629097974, 21.173387806487085 ], [ -98.432357480987292, 21.173157772610708 ], [ -98.432493740176753, 21.172906597970606 ], [ -98.432534994404577, 21.172704630618799 ], [ -98.432499025166408, 21.172381103087897 ], [ -98.432352489970341, 21.17225620080935 ], [ -98.432101851207548, 21.17223896318902 ], [ -98.431791469925059, 21.172128472669407 ], [ -98.431585538040068, 21.171952834697215 ], [ -98.43132546687356, 21.17191135120499 ], [ -98.431183428756967, 21.171969491936569 ], [ -98.431043103362157, 21.172150157202765 ], [ -98.430924271628399, 21.172330893949717 ], [ -98.430815476012469, 21.172692795575053 ], [ -98.430621186763915, 21.172943722088643 ], [ -98.430560682891084, 21.172941595997202 ], [ -98.430407858503187, 21.172936225067659 ], [ -98.430322322841604, 21.172933218499384 ], [ -98.430107493709173, 21.172787733189733 ], [ -98.429948493745584, 21.172522073203918 ], [ -98.429932815835159, 21.172397892652619 ], [ -98.429899954190532, 21.172215631866003 ], [ -98.429887111330572, 21.172088109336478 ], [ -98.429721206502165, 21.171728759813181 ], [ -98.429653194317737, 21.171655541994678 ], [ -98.429602784746521, 21.171698545127462 ], [ -98.429500594894407, 21.171631692128908 ], [ -98.429444459585653, 21.171560314575668 ], [ -98.429513285464637, 21.171487472628556 ], [ -98.429469687846677, 21.171431676263943 ], [ -98.429547607515858, 21.171361906689498 ], [ -98.429567816834819, 21.171348253945489 ], [ -98.42965661424229, 21.171287878345037 ], [ -98.429736621753889, 21.171233900518121 ], [ -98.429745868402179, 21.171226514956548 ], [ -98.429755545066612, 21.171218787271528 ], [ -98.429888888047984, 21.171153265377065 ], [ -98.430000338795494, 21.171055866704897 ], [ -98.430317617733678, 21.170876504578537 ], [ -98.430372747640874, 21.170124158864798 ], [ -98.430540277466719, 21.169252520802058 ], [ -98.430562980437074, 21.168880764311766 ], [ -98.430612746924496, 21.168695529375043 ], [ -98.43051080611049, 21.168419153865123 ], [ -98.430378283911665, 21.168225372101929 ], [ -98.430255653603467, 21.168046054862543 ], [ -98.429835723586663, 21.168060904322228 ], [ -98.429813278364108, 21.168066799875177 ], [ -98.429701404893038, 21.168096187802629 ], [ -98.429078056110214, 21.167835108078858 ], [ -98.428975420512046, 21.167941878039787 ], [ -98.428957706914716, 21.167977007494262 ], [ -98.428737788123328, 21.168413130944028 ], [ -98.428662083181024, 21.168404934424967 ], [ -98.428484450946641, 21.168043238042959 ], [ -98.427640238280844, 21.167214915138754 ], [ -98.427612538347105, 21.167171063181627 ], [ -98.427220266472602, 21.166999740072228 ], [ -98.426992023986514, 21.167697096168745 ], [ -98.426765823529848, 21.167612321373763 ], [ -98.426505373363952, 21.16739349654982 ], [ -98.426238882170324, 21.167322158886041 ], [ -98.425829714765968, 21.167095044715424 ], [ -98.425653750760119, 21.167319772338359 ], [ -98.425441247396094, 21.167591163178866 ], [ -98.425367931294801, 21.167342995881679 ], [ -98.42513380850643, 21.167088928842208 ], [ -98.424640032020989, 21.167352152274237 ], [ -98.424014112655129, 21.167260697037573 ], [ -98.423849468764629, 21.167236639575197 ], [ -98.423710983813436, 21.167174600067675 ], [ -98.423654781781906, 21.16708932108827 ], [ -98.423965231765081, 21.166626113965673 ], [ -98.423639499806342, 21.166429558169582 ], [ -98.423295140152291, 21.166251514673846 ], [ -98.423283880172335, 21.16622060833155 ], [ -98.423593239557917, 21.165901265079508 ], [ -98.42367644715786, 21.165646013441968 ], [ -98.423611490896775, 21.165225061028128 ], [ -98.42349693814603, 21.165087998364335 ], [ -98.423459205126463, 21.16481531886382 ], [ -98.423342107384556, 21.164667582611091 ], [ -98.423204141129162, 21.164576649175327 ], [ -98.423021909111725, 21.164515996150268 ], [ -98.42295826256408, 21.164395469766127 ], [ -98.423055684356143, 21.164285590439132 ], [ -98.423138705524323, 21.164139084822917 ], [ -98.423246105476196, 21.16408537040029 ], [ -98.423428190722234, 21.163908303266037 ], [ -98.423536070190977, 21.163730977461903 ], [ -98.423519995994042, 21.163622761935969 ], [ -98.42345442669469, 21.163522107183827 ], [ -98.423289779920438, 21.16345201258342 ], [ -98.423067134745935, 21.163458977159674 ], [ -98.42283624317821, 21.16346591907589 ], [ -98.422745754898784, 21.163411529638307 ], [ -98.422630618076312, 21.163333880483609 ], [ -98.422515600885859, 21.16322532708277 ], [ -98.422458337669738, 21.163109242177438 ], [ -98.422336824707983, 21.163067861728827 ], [ -98.422186930073977, 21.16311083010164 ], [ -98.421976287137269, 21.163150912409218 ], [ -98.421889335453841, 21.163130480185345 ], [ -98.421789324634346, 21.163075760180842 ], [ -98.421756452165596, 21.162997955660618 ], [ -98.421707465762935, 21.162803559711552 ], [ -98.42168334375441, 21.162609249329368 ], [ -98.421643352002931, 21.162515762047242 ], [ -98.421486406995754, 21.162305814215596 ], [ -98.421349104922726, 21.162114409909112 ], [ -98.421250714683509, 21.162058641057342 ], [ -98.421171740823397, 21.162083007495795 ], [ -98.421096902571193, 21.162082751153079 ], [ -98.42102057820955, 21.162082489931532 ], [ -98.420994269526119, 21.16208240039483 ], [ -98.42096500782435, 21.162052816035288 ], [ -98.420842380695717, 21.161981105848 ], [ -98.420751340172416, 21.16182234371923 ], [ -98.420728998712264, 21.16178338387601 ], [ -98.420703367119685, 21.161756143582515 ], [ -98.420555139162317, 21.161598606368614 ], [ -98.420534660493928, 21.161576841782587 ], [ -98.420442531734068, 21.161504951409828 ], [ -98.420412983380459, 21.161481893425286 ], [ -98.420379141909464, 21.161455486460351 ], [ -98.420325918242497, 21.161472680606874 ], [ -98.4202292551997, 21.161503907036224 ], [ -98.420117142127694, 21.161846997791603 ], [ -98.42014559351594, 21.162055493623843 ], [ -98.420086554446016, 21.162186907777453 ], [ -98.42001613624727, 21.162272042620398 ], [ -98.419968945833048, 21.162329093557545 ], [ -98.419857809726309, 21.162312258023459 ], [ -98.419819651192824, 21.162285759799719 ], [ -98.419767139083291, 21.162192671303639 ], [ -98.419694932623599, 21.162062353027729 ], [ -98.419688847520618, 21.161926069066787 ], [ -98.419570129968463, 21.161857532667316 ], [ -98.419424584028576, 21.161888001198882 ], [ -98.419344806964432, 21.162005410014245 ], [ -98.419311565848901, 21.162054844734254 ], [ -98.419284905233013, 21.16211050025883 ], [ -98.419179047803141, 21.162134911229224 ], [ -98.419086206023223, 21.162208915512785 ], [ -98.418908961501927, 21.162284097440264 ], [ -98.418823008694403, 21.162328487827239 ], [ -98.41871305136651, 21.162385274170031 ], [ -98.418585179375896, 21.162306962339638 ], [ -98.418523792443409, 21.162236615148849 ], [ -98.418550825246115, 21.162184364854152 ], [ -98.418603328501902, 21.162139119240763 ], [ -98.418630504588108, 21.162082067246796 ], [ -98.418671720447449, 21.162010919965347 ], [ -98.418694027318324, 21.161944135626989 ], [ -98.41878228642247, 21.161749883570533 ], [ -98.418872313731654, 21.161540088741578 ], [ -98.418758081810168, 21.161334870959688 ], [ -98.418609418672474, 21.161274561607261 ], [ -98.418418091523918, 21.161244007858425 ], [ -98.418226764462005, 21.161213453870779 ], [ -98.418102040456702, 21.161233173337163 ], [ -98.418047601331963, 21.161139146907491 ], [ -98.418034652519836, 21.161116781485934 ], [ -98.418043818343122, 21.161054331919754 ], [ -98.418110222001914, 21.161001921486129 ], [ -98.418196817056426, 21.160889061568025 ], [ -98.418102487807104, 21.160544587691685 ], [ -98.417785194258343, 21.160316340126769 ], [ -98.417678800177328, 21.16040115988352 ], [ -98.417587225542349, 21.160571210220937 ], [ -98.417450583855896, 21.160641728153998 ], [ -98.417087891927707, 21.160399125459961 ], [ -98.417128772890706, 21.160285203752053 ], [ -98.417288485669374, 21.160115804061522 ], [ -98.417495901001899, 21.159825435687747 ], [ -98.417758000207982, 21.159521198310873 ], [ -98.417627353041908, 21.159129708043054 ], [ -98.417653060755853, 21.158903409052041 ], [ -98.41747907905841, 21.15868129959518 ], [ -98.417351786597791, 21.158487374527144 ], [ -98.417251124694744, 21.158418026068848 ], [ -98.417198195468103, 21.158253648407783 ], [ -98.417289404593319, 21.158096626403971 ], [ -98.417484594632285, 21.157957920508824 ], [ -98.417469617241167, 21.157871725993989 ], [ -98.417377963591392, 21.157799626230847 ], [ -98.417209532831251, 21.15777033002394 ], [ -98.417056316256534, 21.157769802037016 ], [ -98.416857581717309, 21.157654259327092 ], [ -98.416536440550374, 21.157495225484883 ], [ -98.416368798368708, 21.157264935907079 ], [ -98.416425199902207, 21.15713989595163 ], [ -98.416513681787137, 21.156975567626706 ], [ -98.416630513147965, 21.156949979128107 ], [ -98.416782997654707, 21.157137147891596 ], [ -98.416920268574003, 21.157295547207791 ], [ -98.41704306891566, 21.15723854427678 ], [ -98.41705895734755, 21.15709502981208 ], [ -98.417059519092604, 21.156951457441377 ], [ -98.416891989478671, 21.156692453508548 ], [ -98.416704206095886, 21.156190228867086 ], [ -98.416646897667704, 21.156100873662577 ], [ -98.416586053294054, 21.155961746047772 ], [ -98.416529247478081, 21.155745157332142 ], [ -98.416487653197649, 21.15552884445518 ], [ -98.416450138345326, 21.155347248125398 ], [ -98.416435695904312, 21.154981885309287 ], [ -98.415981863588485, 21.154960049223867 ], [ -98.415429700653732, 21.154945412480199 ], [ -98.415384371366628, 21.154920666504179 ], [ -98.414912461790351, 21.155025044955288 ], [ -98.414135892506181, 21.155201368513715 ], [ -98.41391691460835, 21.155255331197512 ], [ -98.413886926083165, 21.155255226686499 ], [ -98.41386082706147, 21.155225619913939 ], [ -98.413837167033222, 21.155198779655318 ], [ -98.413723723596789, 21.155082562723134 ], [ -98.413606973895924, 21.155023803245744 ], [ -98.413051454965796, 21.154914986252624 ], [ -98.412817862187183, 21.154881801614511 ], [ -98.412658290290949, 21.154848867114271 ], [ -98.412261040342983, 21.154736847165786 ], [ -98.412032505767186, 21.15467495802778 ], [ -98.411779876460571, 21.154622354424017 ], [ -98.411524851918671, 21.154609600249014 ], [ -98.410787579005515, 21.154490410438729 ], [ -98.410227630990306, 21.154242121413041 ], [ -98.409897247203503, 21.154096637167104 ], [ -98.409419887876069, 21.154307930090656 ], [ -98.409225102880697, 21.154385453859774 ], [ -98.408771051662626, 21.154453381917094 ], [ -98.40840998816951, 21.154426052334621 ], [ -98.407893460484885, 21.154227071190718 ], [ -98.407632321150999, 21.154099902502391 ], [ -98.407220612201598, 21.154238743641105 ], [ -98.406699273547204, 21.154563553801104 ], [ -98.406139312449881, 21.154687849196868 ], [ -98.405418559419317, 21.154706672374321 ], [ -98.404855755848004, 21.15456141304421 ], [ -98.404657985159105, 21.154331270458361 ], [ -98.404521895098711, 21.153965110398271 ], [ -98.404645224547039, 21.153700246394564 ], [ -98.404814632891288, 21.153378182205227 ], [ -98.40483174961301, 21.152919348420969 ], [ -98.404788737786035, 21.152711773052996 ], [ -98.404544439309205, 21.152651890826608 ], [ -98.404192948304015, 21.152785156685578 ], [ -98.403795183747576, 21.153107770015648 ], [ -98.403410690260657, 21.153587746881627 ], [ -98.403269387005778, 21.154133845245426 ], [ -98.403196884898037, 21.154424501301079 ], [ -98.403189329237705, 21.155008218243896 ], [ -98.403259862802756, 21.155401732818849 ], [ -98.403474322292553, 21.155780054552942 ], [ -98.403687427570063, 21.155952746671304 ], [ -98.403961960565624, 21.156039684021671 ], [ -98.404246561650822, 21.156155314015948 ], [ -98.404434196904788, 21.156332692034088 ], [ -98.404407389551267, 21.15667170370244 ], [ -98.404293858207808, 21.157114037863778 ], [ -98.404108711096001, 21.157404689903906 ], [ -98.403808986227304, 21.157592441872684 ], [ -98.403544359886226, 21.157629270757226 ], [ -98.403222825366115, 21.157520246596164 ], [ -98.40283272887244, 21.157303090408625 ], [ -98.402236511134831, 21.156877498315826 ], [ -98.401537655243146, 21.156391382426953 ], [ -98.401278361660118, 21.156058977992121 ], [ -98.401058226911715, 21.155902959087779 ], [ -98.400875613001091, 21.155972499504458 ], [ -98.400674030921962, 21.156107770886241 ], [ -98.400471814065781, 21.156400960030524 ], [ -98.400551312438665, 21.156809743392849 ], [ -98.400688502678051, 21.15745836958471 ], [ -98.400657405371462, 21.158161593388293 ], [ -98.400494861119782, 21.158446644378735 ], [ -98.400178282823902, 21.158563039630351 ], [ -98.400074257378861, 21.158567081246968 ], [ -98.399533691846202, 21.158588083007988 ], [ -98.399179800698079, 21.158440258863532 ], [ -98.398796302055388, 21.158185220150379 ], [ -98.398473457557799, 21.157737894495774 ], [ -98.398369549246013, 21.157283975740906 ], [ -98.398213028439528, 21.156766088472409 ], [ -98.398055190045227, 21.156574185423196 ], [ -98.397801942802431, 21.156478261412829 ], [ -98.397551692764964, 21.15654601795687 ], [ -98.397346823457838, 21.156625365952969 ], [ -98.397157358421083, 21.15696758730321 ], [ -98.397198034908882, 21.15740551971734 ], [ -98.397154297230159, 21.157723745197625 ], [ -98.396893134005964, 21.158026614893107 ], [ -98.396456172722168, 21.158122723560187 ], [ -98.396139245807134, 21.157766047741571 ], [ -98.395565366316731, 21.157842929451032 ], [ -98.395309897518885, 21.158041014723306 ], [ -98.395223892021164, 21.158460012455919 ], [ -98.394940284923422, 21.158775219259955 ], [ -98.394819784103206, 21.158909144431419 ], [ -98.393981390590824, 21.158714561279794 ], [ -98.393464259333612, 21.158775526053766 ], [ -98.393099505522187, 21.15883620816567 ], [ -98.392784159644506, 21.158991688672149 ], [ -98.392325429202216, 21.159346663583943 ], [ -98.39189826816586, 21.159748770238227 ], [ -98.391684186311593, 21.160176770709324 ], [ -98.391503396668213, 21.160451758558203 ], [ -98.391337661327299, 21.160489504159532 ], [ -98.391132097147889, 21.160536320584473 ], [ -98.390932615391904, 21.160235319763935 ], [ -98.391092263415089, 21.159899408935086 ], [ -98.391094216126618, 21.159421828727719 ], [ -98.391010468088751, 21.159142938696149 ], [ -98.390756934322255, 21.158863437147055 ], [ -98.390376076104502, 21.158583476349627 ], [ -98.389977584274064, 21.158619398915366 ], [ -98.389723953694201, 21.158613408779853 ], [ -98.389332748874082, 21.158667877916049 ], [ -98.388961567125548, 21.158820515039817 ], [ -98.388746579901792, 21.158932144545062 ], [ -98.388099516404637, 21.159275463605891 ], [ -98.388241837851709, 21.159843511403331 ], [ -98.38844484756909, 21.160288554207934 ], [ -98.388692687608042, 21.160782965300236 ], [ -98.388709813417805, 21.161243963029854 ], [ -98.388453512723075, 21.161641016331053 ], [ -98.387773735642909, 21.161797755295712 ], [ -98.387302672635428, 21.162156708930322 ], [ -98.386807968026133, 21.162259140119186 ], [ -98.386174277648081, 21.162276119435742 ], [ -98.385732773510199, 21.161918077547984 ], [ -98.385524304718274, 21.161749801287474 ], [ -98.384732268256499, 21.161467853230427 ], [ -98.384042190643157, 21.16090864663046 ], [ -98.384001727667879, 21.160430920904222 ], [ -98.384023939232989, 21.159863132895353 ], [ -98.384172533501456, 21.159374702020425 ], [ -98.384138539830147, 21.159064452126259 ], [ -98.383867658090253, 21.158748590304182 ], [ -98.383597194809596, 21.15846082859505 ], [ -98.383226740917777, 21.158311675788365 ], [ -98.383038531730136, 21.158451030436602 ], [ -98.382879391620989, 21.15862811641226 ], [ -98.382796319042015, 21.15875154889412 ], [ -98.382586514918813, 21.158699078829439 ], [ -98.382041584256072, 21.159185752091041 ], [ -98.38148931485577, 21.159303132669319 ], [ -98.380938534023642, 21.159062321026401 ], [ -98.38016741573621, 21.158363407941913 ], [ -98.380219529733566, 21.155124731384575 ], [ -98.379749956779946, 21.155226524984819 ], [ -98.379745056501548, 21.155227587953156 ], [ -98.37924246923285, 21.155244206392727 ], [ -98.378827288637481, 21.15540551088554 ], [ -98.378114488197568, 21.155527509425958 ], [ -98.377887213792803, 21.15560550010365 ], [ -98.377565841772139, 21.15571578090632 ], [ -98.377032289263724, 21.155869943199225 ], [ -98.376767698353405, 21.155946392462642 ], [ -98.376749979832809, 21.155950108599459 ], [ -98.376268419200528, 21.156051094715959 ], [ -98.37625024429363, 21.156054906170528 ], [ -98.375954017902245, 21.156117026627843 ], [ -98.3756298622841, 21.156185002988916 ], [ -98.374693093592228, 21.156393319023174 ], [ -98.373259250816815, 21.156758825257 ], [ -98.372534068065193, 21.157007721661884 ], [ -98.371779552770306, 21.157276045517335 ], [ -98.370874014389599, 21.157714900196687 ], [ -98.370348161741774, 21.157937454774981 ], [ -98.370326076988974, 21.157946801916427 ], [ -98.370101951521278, 21.158041656630676 ], [ -98.369883743695169, 21.158097747147735 ], [ -98.369443777964037, 21.158210839542658 ], [ -98.368940165664398, 21.158384433728465 ], [ -98.368276872040269, 21.158606195299491 ], [ -98.367740192996294, 21.158830962772115 ], [ -98.367061543211477, 21.159335986663091 ], [ -98.36666960022886, 21.159886622939656 ], [ -98.36667729248515, 21.159929683935925 ], [ -98.366811013729048, 21.160678199602444 ], [ -98.366878632461891, 21.161223278950942 ], [ -98.366807397908531, 21.161268248044131 ], [ -98.366788030809261, 21.161274282854915 ], [ -98.366590154939573, 21.161593517350187 ], [ -98.366241076251313, 21.162235061283809 ], [ -98.365520620525899, 21.162112760407688 ], [ -98.364966070583179, 21.161738377385575 ], [ -98.365085361482102, 21.161407720480806 ], [ -98.365502852710179, 21.16115328502617 ], [ -98.365743297294401, 21.161047093314391 ], [ -98.365716811889556, 21.160963300384786 ], [ -98.365690593387882, 21.160737310805036 ], [ -98.365617425190749, 21.16010347723708 ], [ -98.365335151281897, 21.15980908318533 ], [ -98.365063269444363, 21.159655763575991 ], [ -98.365158327063199, 21.159336090607798 ], [ -98.365449467771199, 21.159122003156966 ], [ -98.365280154417619, 21.158503925183396 ], [ -98.365063160552268, 21.158095180236728 ], [ -98.364582686971886, 21.15802151837616 ], [ -98.364218091199433, 21.158035966320341 ], [ -98.36373663891591, 21.158084464077451 ], [ -98.363249923619421, 21.158260645390982 ], [ -98.362962279071496, 21.15841021181209 ], [ -98.362750200730318, 21.157695575492014 ], [ -98.3626562366575, 21.157429378729464 ], [ -98.362226057432537, 21.157179769912222 ], [ -98.36203993382118, 21.157049025896875 ], [ -98.361285517391877, 21.156990456409993 ], [ -98.360678158027071, 21.157189603598628 ], [ -98.36017639604168, 21.157210023144927 ], [ -98.359757821746783, 21.157549304382997 ], [ -98.359698514223552, 21.157606171995049 ], [ -98.359478338513398, 21.157615668525573 ], [ -98.359400678540112, 21.157371038774702 ], [ -98.359420805319417, 21.157250094947393 ], [ -98.359391885579981, 21.157253268202382 ], [ -98.359435403058612, 21.157048689980453 ], [ -98.359383642122665, 21.156877790787778 ], [ -98.359150389436422, 21.156440438648918 ], [ -98.358993273609585, 21.156413964244827 ], [ -98.35897654185456, 21.156408942144477 ], [ -98.358580634948012, 21.156241363717491 ], [ -98.358141031146971, 21.156289183268441 ], [ -98.357798471926202, 21.156541133723145 ], [ -98.357511477683616, 21.156956429819985 ], [ -98.357477858792436, 21.15718361511891 ], [ -98.357394968345162, 21.157888757937986 ], [ -98.356946750713888, 21.158107602152899 ], [ -98.356854165949571, 21.158152806533202 ], [ -98.35600361342496, 21.158117805855891 ], [ -98.355984601927901, 21.158103855004878 ], [ -98.355745284450251, 21.157906994479976 ], [ -98.355588033717424, 21.157894384943575 ], [ -98.35496288124348, 21.158263367653646 ], [ -98.354518386009161, 21.158678470991156 ], [ -98.353872652300424, 21.159755440442183 ], [ -98.353682650027096, 21.159804764500006 ], [ -98.353659815127116, 21.159796254263625 ], [ -98.352873735674862, 21.158980884557067 ], [ -98.35259508419216, 21.15883559971321 ], [ -98.352405158877545, 21.158505939763788 ], [ -98.352380209523687, 21.158313306830621 ], [ -98.352157043421357, 21.157740634747629 ], [ -98.352135459448604, 21.157735428931133 ], [ -98.351927472383295, 21.157544427328325 ], [ -98.351464771903807, 21.157369450773647 ], [ -98.351099946610248, 21.157279918065242 ], [ -98.350754225403435, 21.15714267712071 ], [ -98.350548990254239, 21.157388562304458 ], [ -98.350334662790544, 21.157675497324696 ], [ -98.350318021342773, 21.158140748269236 ], [ -98.3504976240514, 21.158576059828 ], [ -98.350675399721126, 21.158797264939988 ], [ -98.350684154868034, 21.158815902867083 ], [ -98.351161313998574, 21.159191163944676 ], [ -98.350865314414847, 21.159554623119135 ], [ -98.350582164186932, 21.15986764554318 ], [ -98.350292416590293, 21.15994491950725 ], [ -98.350047028970764, 21.159947252822587 ], [ -98.349922647599243, 21.159962559249703 ], [ -98.349784286049925, 21.159979586655915 ], [ -98.349569589639614, 21.159953933145079 ], [ -98.349278758769273, 21.159920967942405 ], [ -98.349098818483753, 21.159840924231933 ], [ -98.34893174530383, 21.159675765987743 ], [ -98.348774891787158, 21.15954299155722 ], [ -98.348568597589448, 21.159417763009664 ], [ -98.348515717475337, 21.159431307219659 ], [ -98.348121237557194, 21.159687743133286 ], [ -98.347938659349268, 21.159806702647181 ], [ -98.34766364301521, 21.159998784659489 ], [ -98.347077409003106, 21.160524567928597 ], [ -98.346983537786002, 21.160436997314104 ], [ -98.346453435158438, 21.160378356497962 ], [ -98.346117576989485, 21.160374511136386 ], [ -98.345930906810935, 21.160218690030582 ], [ -98.345832284606999, 21.160146079392486 ], [ -98.345265298636619, 21.160256299736115 ], [ -98.344623408545388, 21.160701803000446 ], [ -98.343883068214296, 21.160745891994136 ], [ -98.343387007451156, 21.160586714570453 ], [ -98.343237742440635, 21.160538817821816 ], [ -98.342588393169223, 21.160547391536003 ], [ -98.342112556873161, 21.160773707794242 ], [ -98.34195755058515, 21.160985450464878 ], [ -98.341239740151508, 21.162968105192629 ], [ -98.341164543907311, 21.16327036002815 ], [ -98.341187180781887, 21.163453184918801 ], [ -98.341205666658354, 21.163568102418711 ], [ -98.341142061961179, 21.164143404644062 ], [ -98.340886729288286, 21.164823635300657 ], [ -98.341139272911391, 21.165538487298072 ], [ -98.341173400988936, 21.16591289289558 ], [ -98.341198359943832, 21.166186699758409 ], [ -98.341844963667654, 21.1668311730539 ], [ -98.342225639604422, 21.166997080597302 ], [ -98.342356479622666, 21.16719015258828 ], [ -98.341427934647172, 21.168479372134293 ], [ -98.340801706252137, 21.168673020850491 ], [ -98.340655140124341, 21.168751152472819 ], [ -98.340748864174131, 21.169509793206164 ], [ -98.340731811663275, 21.169796289822834 ], [ -98.340712200323566, 21.170125794461896 ], [ -98.340784932607491, 21.170252060536033 ], [ -98.340501203806582, 21.170468949898364 ], [ -98.339942050976134, 21.170881036962275 ], [ -98.339912595273717, 21.170902745417216 ], [ -98.339538537014789, 21.171178417810218 ], [ -98.339293720539345, 21.171510996602493 ], [ -98.339164873825226, 21.171686031744308 ], [ -98.339006813010599, 21.171854925772426 ], [ -98.338167969168879, 21.172751252959021 ], [ -98.338149570243274, 21.172770913248911 ], [ -98.338079009577626, 21.172752015655483 ], [ -98.338047350107658, 21.172743535826037 ], [ -98.337251273307729, 21.17298488797093 ], [ -98.336063445919791, 21.173394694182665 ], [ -98.334445196222916, 21.173913084942996 ], [ -98.332715171401361, 21.17446755932307 ], [ -98.332445511260204, 21.174642640504892 ], [ -98.332382163931996, 21.174700629704819 ], [ -98.330718181083796, 21.175804269604587 ], [ -98.330646734798847, 21.175867677654281 ], [ -98.330008256086657, 21.176554335297084 ], [ -98.329683562705938, 21.176925637196067 ], [ -98.329601507755626, 21.17700235423526 ], [ -98.32937699816371, 21.177662665371631 ], [ -98.329172269235812, 21.178064389888224 ], [ -98.328843684903461, 21.178275006921329 ], [ -98.328835477832058, 21.178342070405559 ], [ -98.328600082318317, 21.17853550075564 ], [ -98.328263490646407, 21.17874601602653 ], [ -98.328205549850694, 21.178782253439717 ], [ -98.327761494985467, 21.179010919467764 ], [ -98.327559618078851, 21.1791148754265 ], [ -98.326871316605661, 21.179325380839479 ], [ -98.326809516080559, 21.179344282121296 ], [ -98.326778253285241, 21.179353842946384 ], [ -98.325907894452584, 21.179620022614593 ], [ -98.324915957852681, 21.179762145225183 ], [ -98.324835445449679, 21.179773680411348 ], [ -98.324807725156404, 21.179777652190467 ], [ -98.324506210069003, 21.179820851541287 ], [ -98.323728485335451, 21.180395091117383 ], [ -98.323058660527849, 21.180889655968532 ], [ -98.322797265891424, 21.180997077646595 ], [ -98.322770910977326, 21.181007908461211 ], [ -98.322760039014469, 21.18098529932313 ], [ -98.322785274616848, 21.180757033903944 ], [ -98.322388699263101, 21.1807529741981 ], [ -98.321816142669263, 21.180930573162907 ], [ -98.321146361843475, 21.181262978356493 ], [ -98.321168653528716, 21.181368815833 ], [ -98.32093062743445, 21.181568968420251 ], [ -98.320185696753313, 21.182588950385242 ], [ -98.319362882454243, 21.183715550830531 ], [ -98.317955998894661, 21.184638742819512 ], [ -98.317465242581562, 21.185096363482753 ], [ -98.316821232378203, 21.185696883893357 ], [ -98.316666296118612, 21.185841356366574 ], [ -98.316604197927717, 21.186170662179052 ], [ -98.315855906698644, 21.186879613019997 ], [ -98.315538871538195, 21.186712125102606 ], [ -98.315473008130951, 21.18630813060285 ], [ -98.315414262731338, 21.186219514109091 ], [ -98.314573934835579, 21.185697999192982 ], [ -98.314543494850042, 21.18568150917611 ], [ -98.314184941078807, 21.186311054390366 ], [ -98.313943772896394, 21.186269329013726 ], [ -98.313304145998501, 21.186158662773504 ], [ -98.31331437380733, 21.185509586966695 ], [ -98.313428225703106, 21.184916519999891 ], [ -98.313071565948775, 21.184606291746004 ], [ -98.312717039244546, 21.18453479660381 ], [ -98.31204762328035, 21.18416807013223 ], [ -98.312035891814048, 21.183959894626714 ], [ -98.311573913686104, 21.183616211651767 ], [ -98.31119292684501, 21.183448734841768 ], [ -98.31118847659198, 21.183434849052109 ], [ -98.310953860155323, 21.18338882848164 ], [ -98.310762258546077, 21.183488859268156 ], [ -98.309899776344466, 21.183993573775574 ], [ -98.309692144259486, 21.184479907189363 ], [ -98.309441080785462, 21.184998348367461 ], [ -98.308445277088623, 21.184814912821537 ], [ -98.308413264589362, 21.184243211872122 ], [ -98.30829751481339, 21.183630813313432 ], [ -98.307913857840148, 21.182970636265306 ], [ -98.307906101966609, 21.182847792917624 ], [ -98.308625908019195, 21.182330156341557 ], [ -98.309073872532181, 21.181888143368685 ], [ -98.309111282770616, 21.181655789407738 ], [ -98.309102368899474, 21.181574080127234 ], [ -98.309052466468756, 21.181253860891999 ], [ -98.308769826674691, 21.181057066589684 ], [ -98.308357791028399, 21.180575967208995 ], [ -98.308388044129444, 21.180531753661288 ], [ -98.308061668328236, 21.180290642528302 ], [ -98.308034220044945, 21.180251932057743 ], [ -98.307638627251734, 21.180199145980232 ], [ -98.306843244864851, 21.18037463488773 ], [ -98.306787472802569, 21.180370560944233 ], [ -98.306769403158199, 21.180394514367897 ], [ -98.306054681665515, 21.18123344375514 ], [ -98.305932144647443, 21.181764004204908 ], [ -98.305944551444327, 21.182835369823092 ], [ -98.305438539487625, 21.182900281559366 ], [ -98.304999959154472, 21.182956541131073 ], [ -98.305564641506393, 21.182227023610629 ], [ -98.30514736911887, 21.181900490693792 ], [ -98.305241439566132, 21.181381350179894 ], [ -98.305383713953759, 21.181294768684889 ], [ -98.305029896197084, 21.181176151067568 ], [ -98.304610977399946, 21.181120240126315 ], [ -98.303726231237405, 21.18098258389648 ], [ -98.303709920640699, 21.180863677060241 ], [ -98.30310188138391, 21.180520448749707 ], [ -98.302442382315292, 21.180148168805445 ], [ -98.302434566705358, 21.180101285679708 ], [ -98.300847593683926, 21.180002489342645 ], [ -98.301393521324499, 21.17893462324065 ], [ -98.301489398173032, 21.178697430992937 ], [ -98.301083297020469, 21.178287178192942 ], [ -98.300551644440858, 21.178153395196951 ], [ -98.299616653580813, 21.178052440410895 ], [ -98.299257141131818, 21.177520921410398 ], [ -98.298937306666133, 21.177404382059809 ], [ -98.297903376039017, 21.177402494086376 ], [ -98.297498228950246, 21.177633516651159 ], [ -98.297376944013081, 21.177672902871226 ], [ -98.297706684059989, 21.178237035080283 ], [ -98.297928424581059, 21.178465679483935 ], [ -98.297999892484597, 21.179069342266246 ], [ -98.298096684134094, 21.179186817490155 ], [ -98.298289728896876, 21.179327471543779 ], [ -98.29830935609408, 21.179353619285468 ], [ -98.298349559243619, 21.17940565635681 ], [ -98.29918704078878, 21.179477063682377 ], [ -98.299226769095682, 21.179509056775554 ], [ -98.29918453902242, 21.179562279500281 ], [ -98.29876935644721, 21.179735864329913 ], [ -98.298305230774204, 21.180121594295315 ], [ -98.29834455310538, 21.180246003937352 ], [ -98.298288540602329, 21.180398200833412 ], [ -98.298262426704625, 21.18072679383026 ], [ -98.298889407795102, 21.18102173753886 ], [ -98.298835209840732, 21.182226376494548 ], [ -98.29876131979718, 21.182554414152765 ], [ -98.298541191202006, 21.182908887135358 ], [ -98.298583265185528, 21.183543699606844 ], [ -98.29953668769447, 21.183418945569546 ], [ -98.299568136515262, 21.184128352669628 ], [ -98.299183894772597, 21.184532151254594 ], [ -98.298805171278872, 21.184730193656112 ], [ -98.298215532122413, 21.18457870879147 ], [ -98.298011072486943, 21.184048560317507 ], [ -98.297981521902784, 21.183802091869271 ], [ -98.298154691462344, 21.183438744499711 ], [ -98.298091673920567, 21.183016636613086 ], [ -98.297745581896166, 21.182706974603629 ], [ -98.296869789479274, 21.182594286693647 ], [ -98.296007254286607, 21.183027798215843 ], [ -98.295978693239121, 21.183036795633264 ], [ -98.29575236093379, 21.183417014090015 ], [ -98.295752917738881, 21.183751171383015 ], [ -98.295889373326659, 21.18409085245646 ], [ -98.29590979030111, 21.184236295033475 ], [ -98.295935943945381, 21.184693380526205 ], [ -98.296071736238446, 21.184953222112199 ], [ -98.296236429722143, 21.185165853193965 ], [ -98.29626073904663, 21.185373306055538 ], [ -98.29543937258812, 21.185723231422902 ], [ -98.295449806548191, 21.185754141798096 ], [ -98.295559622305859, 21.186230722232022 ], [ -98.2961662354314, 21.186601613763241 ], [ -98.296438305922422, 21.18686994221466 ], [ -98.296485927004937, 21.187068658107023 ], [ -98.296132360174397, 21.187711515600856 ], [ -98.296148924510049, 21.187873249519896 ], [ -98.296150254696713, 21.187961538487222 ], [ -98.295932785508242, 21.187984067441974 ], [ -98.295556827213886, 21.188135088501902 ], [ -98.295268554139724, 21.188330610033411 ], [ -98.295057978459155, 21.188453973128954 ], [ -98.294634769824455, 21.188570614316177 ], [ -98.294159524049903, 21.188669055841434 ], [ -98.293716680815805, 21.188760797633378 ], [ -98.293625468140249, 21.188766408790897 ], [ -98.29357548474907, 21.188779102642297 ], [ -98.293365006117696, 21.18888176088004 ], [ -98.293348146000284, 21.188902503664469 ], [ -98.293328174333055, 21.188927074011342 ], [ -98.293202341401468, 21.189081882393214 ], [ -98.293089070550636, 21.189201122144208 ], [ -98.292939741235159, 21.189358319678892 ], [ -98.292784643612507, 21.189460073488508 ], [ -98.292618962852856, 21.189568769295946 ], [ -98.292178057955212, 21.190094958138893 ], [ -98.29172143301588, 21.190635745866658 ], [ -98.291517058202942, 21.19081090248935 ], [ -98.29133644057913, 21.190965693245815 ], [ -98.291312683007575, 21.190986053414655 ], [ -98.291087897082974, 21.191083179800025 ], [ -98.29084199556506, 21.191189429493843 ], [ -98.290640470415923, 21.191272327155545 ], [ -98.290474580548889, 21.19134056608565 ], [ -98.290418426322532, 21.191363665511926 ], [ -98.29001064371522, 21.191508629678445 ], [ -98.289931659900702, 21.19165496843949 ], [ -98.289930678198971, 21.19186047894075 ], [ -98.28993053826423, 21.191889651000889 ], [ -98.289915229032047, 21.191924412953409 ], [ -98.289875292062987, 21.192015093782988 ], [ -98.289861333380799, 21.192046787881942 ], [ -98.289735887137795, 21.192189117242201 ], [ -98.289727228377743, 21.192195692911227 ], [ -98.289582833753954, 21.192305353416636 ], [ -98.289262999229649, 21.192511801275902 ], [ -98.28908222419625, 21.192627926028742 ], [ -98.288980715448005, 21.192722167089858 ], [ -98.288956900192687, 21.192744277347281 ], [ -98.288928286296482, 21.192756639761605 ], [ -98.288748518752854, 21.192834307616913 ], [ -98.288734879494569, 21.19283923018018 ], [ -98.288508936144751, 21.19292077457337 ], [ -98.288471435946434, 21.192934309027983 ], [ -98.288187801737578, 21.193209088546464 ], [ -98.287891104159471, 21.193528573090425 ], [ -98.28749618653363, 21.193953816666809 ], [ -98.287178217652368, 21.194296201652822 ], [ -98.286527092742446, 21.193917207347742 ], [ -98.286196369853371, 21.193724704196729 ], [ -98.286005864060712, 21.193660792558408 ], [ -98.284248293706455, 21.193071133339139 ], [ -98.280888387348355, 21.192660782833229 ], [ -98.279296493550376, 21.192743920266928 ], [ -98.279131135851756, 21.192752555524045 ], [ -98.278102286882387, 21.192021994517503 ], [ -98.276800964416935, 21.190307178401341 ], [ -98.276372932093508, 21.189472248657477 ], [ -98.275627956200594, 21.188842996144295 ], [ -98.27551632207205, 21.18737306103057 ], [ -98.276668368019045, 21.185969240757704 ], [ -98.276832288303481, 21.185769493125623 ], [ -98.278373452500361, 21.184407416419166 ], [ -98.278874461952185, 21.182858447359376 ], [ -98.278867750844299, 21.179821500679605 ], [ -98.278470595961551, 21.177087465447435 ], [ -98.278057607206605, 21.174545364719588 ], [ -98.278579360817517, 21.172584720253685 ], [ -98.279322775033663, 21.171156272821577 ], [ -98.280452662915465, 21.170619444062503 ], [ -98.280715683504653, 21.169955355578026 ], [ -98.281287879491998, 21.169061585292699 ], [ -98.281860609590254, 21.168055808814046 ], [ -98.282314318648574, 21.166937467875503 ], [ -98.282397188917926, 21.165605020726414 ], [ -98.283147147157592, 21.163971103383144 ], [ -98.284684862887076, 21.162365511339619 ], [ -98.285985742807043, 21.161687789340267 ], [ -98.286395675069954, 21.1613966431844 ], [ -98.286926908127072, 21.16127458623458 ], [ -98.287806064563142, 21.161091651889013 ], [ -98.288642222696055, 21.16109905150725 ], [ -98.289550764905684, 21.16106879933367 ], [ -98.290205620881693, 21.160901215595832 ], [ -98.290715941259123, 21.16056269402759 ], [ -98.29140987322873, 21.15981613625868 ], [ -98.291898174828972, 21.158951369975529 ], [ -98.292631507556635, 21.1581578873026 ], [ -98.293227167084709, 21.157370248660165 ], [ -98.293894883385477, 21.156828674869651 ], [ -98.295353813773062, 21.155971847896812 ], [ -98.295733032788334, 21.155273100022548 ], [ -98.295922252999901, 21.153613268348373 ], [ -98.295708603071844, 21.152120434587545 ], [ -98.29571601219746, 21.150553401624869 ], [ -98.295641854610963, 21.149550675224688 ], [ -98.295718701015858, 21.148665264405256 ], [ -98.295538817788241, 21.148289784758198 ], [ -98.294989644520754, 21.147812547218525 ], [ -98.294513707071459, 21.147188550550151 ], [ -98.293939230845353, 21.146816553531654 ], [ -98.293040997073916, 21.146426650309497 ], [ -98.292658935065845, 21.146309680745929 ], [ -98.29237026534733, 21.146144314235823 ], [ -98.291793359326405, 21.145970645593728 ], [ -98.291090388707858, 21.145907429365362 ], [ -98.290499904522164, 21.146100982655888 ], [ -98.288929889378394, 21.145674521584091 ], [ -98.288359612099242, 21.145529393086019 ], [ -98.287353349277652, 21.145386664851632 ], [ -98.28624941786363, 21.14508735582746 ], [ -98.285162500775002, 21.144544035219244 ], [ -98.284643967622316, 21.144108914837137 ], [ -98.284425199433386, 21.143870961960133 ], [ -98.284078215005394, 21.143476692719851 ], [ -98.28374225109367, 21.143085654177955 ], [ -98.283223368637749, 21.142696210876363 ], [ -98.282766160567178, 21.142470198069159 ], [ -98.282238646792393, 21.142085470065108 ], [ -98.281673582897113, 21.141738240333815 ], [ -98.281189301242549, 21.141459787190424 ], [ -98.280779406665616, 21.14102569794689 ], [ -98.280883283498682, 21.140499535543015 ], [ -98.281104958925127, 21.14027491463532 ], [ -98.281273641463031, 21.140164140413436 ], [ -98.281409747861616, 21.140074758217914 ], [ -98.281690913254906, 21.139862805237208 ], [ -98.282123429827507, 21.139397070583446 ], [ -98.282489350845438, 21.138853556956292 ], [ -98.282637454259302, 21.138275055764051 ], [ -98.282567587979571, 21.137695631595829 ], [ -98.282331895505948, 21.136923720775734 ], [ -98.282274646012411, 21.136618003725363 ], [ -98.28217377661278, 21.136417379582042 ], [ -98.281754337540121, 21.136477041043307 ], [ -98.280722238007414, 21.13662384465713 ], [ -98.278922402055386, 21.136910870377836 ], [ -98.278187447973849, 21.137172340742183 ], [ -98.277000227669717, 21.137590643815695 ], [ -98.275475158809442, 21.137848727291878 ], [ -98.273044007612796, 21.138737962925063 ], [ -98.271686415100746, 21.139367173647095 ], [ -98.270050262543194, 21.139254290772342 ], [ -98.269035172922614, 21.139091149123541 ], [ -98.268468465463371, 21.139564988860204 ], [ -98.267393303111362, 21.140142465189122 ], [ -98.266036465910332, 21.140612875411907 ], [ -98.264668214316814, 21.141153245555962 ], [ -98.263431609676829, 21.140623726154466 ], [ -98.262502774967899, 21.14065658448396 ], [ -98.262206458544853, 21.140480076100992 ], [ -98.261997074987335, 21.140355350135234 ], [ -98.261004098162999, 21.139163667520176 ], [ -98.260008461923164, 21.137736396148487 ], [ -98.258961555101564, 21.136215387012811 ], [ -98.257864448165478, 21.134694873258805 ], [ -98.25710233731391, 21.133924963486791 ], [ -98.254860758493422, 21.132799467304583 ], [ -98.252954394379287, 21.131842241371235 ], [ -98.252455239575966, 21.131591599744358 ], [ -98.251635433483003, 21.131036104615621 ], [ -98.251053383055805, 21.130641705647776 ], [ -98.250695393290755, 21.130801798148788 ], [ -98.250565205535622, 21.130686935100748 ], [ -98.250402333085788, 21.130543233629531 ], [ -98.249110369323631, 21.129403326588687 ], [ -98.246921353916534, 21.131024322103581 ], [ -98.246350112043203, 21.131421307027477 ], [ -98.245273420311634, 21.132169543390365 ], [ -98.245295043336469, 21.132201041891488 ], [ -98.245875686977342, 21.133046855027604 ], [ -98.245865770585951, 21.133091135408382 ], [ -98.245773071560578, 21.133505099476039 ], [ -98.245960982507569, 21.134601766748357 ], [ -98.245096155591895, 21.134778367871998 ], [ -98.24431124070253, 21.134612524342085 ], [ -98.243591322235559, 21.135417767207205 ], [ -98.242464872800298, 21.135895376510135 ], [ -98.242463506128985, 21.136013507700603 ], [ -98.242454517312694, 21.136790675582642 ], [ -98.240736501842022, 21.137621769191799 ], [ -98.239450530997829, 21.137988471083016 ], [ -98.239383067588349, 21.138065348759664 ], [ -98.238998455863623, 21.138653207691075 ], [ -98.23864223451919, 21.139044968340713 ], [ -98.238457884513977, 21.139344206753144 ], [ -98.238188388835042, 21.139945315522105 ], [ -98.238237468530585, 21.140494867472828 ], [ -98.238203755398985, 21.140986015363669 ], [ -98.237860453559705, 21.141842316530614 ], [ -98.236997955432173, 21.143285570235896 ], [ -98.236920606488596, 21.143358241851562 ], [ -98.236640717648328, 21.14323511740449 ], [ -98.235644925979102, 21.141806842087924 ], [ -98.235372080066043, 21.141348100513433 ], [ -98.234829086842623, 21.141003801609653 ], [ -98.233796307771712, 21.14061071387766 ], [ -98.233351132565602, 21.140573928528543 ], [ -98.233224859334186, 21.140722792998542 ], [ -98.233717864318962, 21.141643755822543 ], [ -98.234155311773677, 21.142212004523149 ], [ -98.234316381071338, 21.142606064129591 ], [ -98.234212188426426, 21.142817301587709 ], [ -98.233791222653252, 21.143010060376842 ], [ -98.233187906682204, 21.14307682653082 ], [ -98.232600597786416, 21.143088269092384 ], [ -98.23221401260831, 21.142868326720851 ], [ -98.232008408160326, 21.142463469323445 ], [ -98.231492612055249, 21.142286111966616 ], [ -98.231261632666573, 21.142368575757729 ], [ -98.231212427047822, 21.142459735862857 ], [ -98.231052871430848, 21.142755330935319 ], [ -98.231257382537791, 21.143192428291751 ], [ -98.231458024088084, 21.143477568492795 ], [ -98.231532429537111, 21.143734869517768 ], [ -98.231390543939, 21.144027311974774 ], [ -98.231656090460547, 21.144357657303051 ], [ -98.231394191685993, 21.14456009891979 ], [ -98.231236749317404, 21.144536597689353 ], [ -98.230978994288435, 21.14449812233844 ], [ -98.230634255369779, 21.14421108778863 ], [ -98.230280234219734, 21.14423112752511 ], [ -98.230011870348477, 21.14451470382317 ], [ -98.229673904338213, 21.145178334237457 ], [ -98.229366766156161, 21.145414099652442 ], [ -98.229240637571721, 21.145590754028841 ], [ -98.228886267880128, 21.146402699060229 ], [ -98.228279706966859, 21.147963745178384 ], [ -98.227835375392786, 21.149094261249157 ], [ -98.2273747624685, 21.150261263519443 ], [ -98.227350045514726, 21.150415945798478 ], [ -98.22728708608966, 21.150398379675462 ], [ -98.225976430138857, 21.150032676059347 ], [ -98.224750928383983, 21.149851603977506 ], [ -98.224211213702006, 21.149881290155207 ], [ -98.223848978335113, 21.150070585414564 ], [ -98.223285636120266, 21.150360230861924 ], [ -98.222681273445787, 21.150687584349935 ], [ -98.222167206239334, 21.150968252360535 ], [ -98.221560316018227, 21.151267827243917 ], [ -98.220461044097334, 21.151534656682497 ], [ -98.218825110204293, 21.151669549484136 ], [ -98.217733057768626, 21.151754520971213 ], [ -98.216824589534681, 21.151472358079172 ], [ -98.216108022162686, 21.151080475572485 ], [ -98.215630279715114, 21.150671406498443 ], [ -98.215575373443158, 21.150083656252981 ], [ -98.215897966679293, 21.14937506880921 ], [ -98.216375371157596, 21.149105867742229 ], [ -98.216993077351376, 21.148915957918959 ], [ -98.217087709375704, 21.148834370967545 ], [ -98.217582815441844, 21.148249886685758 ], [ -98.217847653555907, 21.147673662245261 ], [ -98.218016933410979, 21.146888959777566 ], [ -98.217518817818757, 21.145688600095834 ], [ -98.216831234849835, 21.144719715620443 ], [ -98.2160755437951, 21.143962826055549 ], [ -98.215380041353285, 21.143814795046111 ], [ -98.215039997227976, 21.143909357066001 ], [ -98.214709632670264, 21.143951893912178 ], [ -98.214377676483736, 21.143994219080053 ], [ -98.214048162733562, 21.144057352313588 ], [ -98.213631028186583, 21.144151175262969 ], [ -98.212218102644769, 21.144499430537543 ], [ -98.211041615929958, 21.14420219469115 ], [ -98.20970663778229, 21.143776127498192 ], [ -98.208626299300761, 21.143316021566832 ], [ -98.208114198145068, 21.142976289693415 ], [ -98.207656054387542, 21.142154892633041 ], [ -98.207199198113102, 21.141092542780648 ], [ -98.206690186480571, 21.140174525707582 ], [ -98.206231544899467, 21.13944950306011 ], [ -98.205053723630741, 21.138087914754269 ], [ -98.204546792038727, 21.136784366019711 ], [ -98.204221087948625, 21.13531144339553 ], [ -98.204406615169603, 21.134876126385286 ], [ -98.204765453969813, 21.134327632124389 ], [ -98.205231779563107, 21.133606946570929 ], [ -98.206011577916144, 21.13259007747617 ], [ -98.206580669832732, 21.13186986968644 ], [ -98.207151458180292, 21.131437725709919 ], [ -98.20799983322037, 21.130808034200971 ], [ -98.208047586633299, 21.130016208238882 ], [ -98.207417662669968, 21.128726040349825 ], [ -98.205981815674676, 21.126827357145054 ], [ -98.204611480278103, 21.126105121733815 ], [ -98.202708898343687, 21.125306709201435 ], [ -98.200964862099553, 21.12425093221831 ], [ -98.199411517841114, 21.123460916680948 ], [ -98.197991609105713, 21.123120566939111 ], [ -98.196906031757365, 21.122974375967701 ], [ -98.196354706961898, 21.122548993111923 ], [ -98.195674592957289, 21.121637591791803 ], [ -98.195413162468725, 21.121046928953877 ], [ -98.195152246605304, 21.120363206928069 ], [ -98.195039328947729, 21.1195569433639 ], [ -98.195029894144895, 21.119489574786719 ], [ -98.195167044271699, 21.118590588487912 ], [ -98.195667348324378, 21.117817411537288 ], [ -98.196199728174662, 21.117230515042664 ], [ -98.197028600453251, 21.116862177435753 ], [ -98.197558959271248, 21.116647534053914 ], [ -98.198443315076148, 21.116799245902683 ], [ -98.199514857332915, 21.11581918773685 ], [ -98.200419730038263, 21.114262500790652 ], [ -98.201675225325332, 21.112093475365526 ], [ -98.202356091896377, 21.110890205041375 ], [ -98.202626476345102, 21.109961133479121 ], [ -98.2026355775958, 21.108384195636607 ], [ -98.202529412418883, 21.107999098993851 ], [ -98.202273666505533, 21.107233895187793 ], [ -98.201982431131398, 21.106442937839052 ], [ -98.201694284562933, 21.106136504980025 ], [ -98.201136351287403, 21.105865375733565 ], [ -98.200504166290344, 21.10584440291365 ], [ -98.198678384205081, 21.106487150849805 ], [ -98.19784262402834, 21.106929973097809 ], [ -98.197142414854085, 21.107267163598923 ], [ -98.195797630296894, 21.107624705117061 ], [ -98.194243144431354, 21.107975681685062 ], [ -98.192537071553701, 21.108962282423587 ], [ -98.19214968533332, 21.109099647334777 ], [ -98.191614441795252, 21.109409267479439 ], [ -98.191462801121247, 21.109822939938137 ], [ -98.190427121292487, 21.110505930211389 ], [ -98.189804468546726, 21.110760162541997 ], [ -98.189429007330034, 21.11081132835757 ], [ -98.188631839997612, 21.110807515069116 ], [ -98.187563225429628, 21.110818305028925 ], [ -98.186359001767897, 21.110812529482178 ], [ -98.18507110549983, 21.110599550214911 ], [ -98.184155480374741, 21.110547419868901 ], [ -98.183343013994929, 21.110241272564163 ], [ -98.183068378299851, 21.109934886344433 ], [ -98.182989224468201, 21.109675425217649 ], [ -98.182887183837124, 21.109340943314216 ], [ -98.182496299787587, 21.108548301690291 ], [ -98.182299405955305, 21.108041743044062 ], [ -98.182236478449894, 21.107879845530732 ], [ -98.181843976115289, 21.107383727397202 ], [ -98.180766719676001, 21.106834875700532 ], [ -98.180393573391868, 21.106746337115556 ], [ -98.179277997837403, 21.106481632964506 ], [ -98.178835750951038, 21.106366207213004 ], [ -98.178355510712663, 21.106240863273978 ], [ -98.177162904770256, 21.106250831968627 ], [ -98.176430931528458, 21.106237608312313 ], [ -98.175970462753597, 21.106229288245416 ], [ -98.175483027501514, 21.106289934838145 ], [ -98.175266642377878, 21.106266928426045 ], [ -98.174861916011565, 21.106223896734967 ], [ -98.174443325303102, 21.105985561988525 ], [ -98.174100280461303, 21.105427711029222 ], [ -98.174060016090479, 21.105362235282364 ], [ -98.173759600962995, 21.104695420498349 ], [ -98.173459459815533, 21.103965271051212 ], [ -98.173259309061663, 21.103489051222493 ], [ -98.17318232465756, 21.103193861243049 ], [ -98.173060739009273, 21.10272765346626 ], [ -98.17286164417439, 21.102061331352779 ], [ -98.172816209343566, 21.10135943086248 ], [ -98.172568245756608, 21.100685257143237 ], [ -98.172350024137202, 21.099942571285837 ], [ -98.172093513421402, 21.099577448933271 ], [ -98.172073122658304, 21.099548425296582 ], [ -98.171910100059122, 21.099202153083919 ], [ -98.17170919491528, 21.098836925715833 ], [ -98.171441878731471, 21.097758567311633 ], [ -98.171200344698761, 21.097287358682831 ], [ -98.170956506985107, 21.096811650022563 ], [ -98.17014991332897, 21.096248222388848 ], [ -98.168580832401759, 21.095798058164885 ], [ -98.166790307169563, 21.094835363828732 ], [ -98.165791426147337, 21.094519449267036 ], [ -98.165106650680855, 21.09450226328746 ], [ -98.164405199417345, 21.094179775176343 ], [ -98.163075641161072, 21.093363649629904 ], [ -98.161733614182538, 21.092455453754773 ], [ -98.16130299780913, 21.092091152516428 ], [ -98.16128985425793, 21.092080034035792 ], [ -98.159988775170319, 21.09129838970383 ], [ -98.158818038363322, 21.090685393888993 ], [ -98.158675673727245, 21.090594743471815 ], [ -98.157474820069353, 21.08978553191907 ], [ -98.155724676095545, 21.088369575110296 ], [ -98.154298785681604, 21.086834175495028 ], [ -98.15350617717948, 21.086004392583551 ], [ -98.153036339019906, 21.085804801725079 ], [ -98.152561004666637, 21.085797529100468 ], [ -98.15181543751163, 21.085899709328302 ], [ -98.151639676993298, 21.08592379664233 ], [ -98.150946777042947, 21.085498271254874 ], [ -98.150428706137035, 21.08500710171662 ], [ -98.149808696426746, 21.084124555294814 ], [ -98.149137854518401, 21.083021887788647 ], [ -98.148859601334109, 21.082412374041677 ], [ -98.148639996252896, 21.081931323633508 ], [ -98.148464094536294, 21.081546004424442 ], [ -98.147894800518884, 21.080127997541865 ], [ -98.147358238064996, 21.078449670153837 ], [ -98.14741033222046, 21.076583370536312 ], [ -98.147793599278756, 21.075336532225894 ], [ -98.147959339442735, 21.074797343264642 ], [ -98.148564289148808, 21.073225140597014 ], [ -98.148657906944976, 21.072945471405202 ], [ -98.149185551810021, 21.071369179347709 ], [ -98.150439554367807, 21.069508902409904 ], [ -98.150898572667984, 21.069012791074162 ], [ -98.151569210440144, 21.068287950811026 ], [ -98.151645654939443, 21.068205328015697 ], [ -98.153641413916347, 21.067465485904286 ], [ -98.154523684166989, 21.066079453432113 ], [ -98.154631476832819, 21.06469854285913 ], [ -98.154435299894999, 21.063213238217031 ], [ -98.153674885572698, 21.06153785807787 ], [ -98.152241295104972, 21.057949673746894 ], [ -98.151307896785127, 21.054982478336875 ], [ -98.150659584853599, 21.052440705472254 ], [ -98.150550705949058, 21.049718086862079 ], [ -98.150776307976599, 21.047218473819928 ], [ -98.151320537810292, 21.04624901853067 ], [ -98.151660856292523, 21.044728285995216 ], [ -98.152212762768954, 21.04239783399473 ], [ -98.153010656993757, 21.040535240487067 ], [ -98.153521886979661, 21.038810542887827 ], [ -98.154072213638642, 21.03675227678567 ], [ -98.155151770779923, 21.034837018379587 ], [ -98.155677946626938, 21.03338617954817 ], [ -98.157379142188915, 21.03277694282388 ], [ -98.158260713494684, 21.032499676091508 ], [ -98.159153494653808, 21.032354256168183 ], [ -98.1597705065751, 21.03218301246406 ], [ -98.160816590631413, 21.031147093287522 ], [ -98.16270054533382, 21.028331894619601 ], [ -98.162253721494451, 21.02643306965243 ], [ -98.162111112373992, 21.024263316160514 ], [ -98.161455285556571, 21.023097928449285 ], [ -98.160868250037652, 21.022003604280943 ], [ -98.160699053119828, 21.021057219400678 ], [ -98.160764322256298, 21.019957479919071 ], [ -98.161157683360386, 21.01913063046689 ], [ -98.161561529059213, 21.018827125654422 ], [ -98.162147589362377, 21.018429541304059 ], [ -98.163167917078226, 21.017723181466717 ], [ -98.163896609588548, 21.017647178664571 ], [ -98.164758514461468, 21.018267626265221 ], [ -98.165151665292541, 21.018793904539187 ], [ -98.165427359866698, 21.019224384994377 ], [ -98.1659197842948, 21.019951407046232 ], [ -98.166217117671039, 21.020515328766912 ], [ -98.166645377111266, 21.021222794704535 ], [ -98.166804113514189, 21.021724358514206 ], [ -98.166985701685576, 21.022100568723644 ], [ -98.167427979328636, 21.022404319143078 ], [ -98.167863720917083, 21.022892659536417 ], [ -98.168857673833799, 21.022964706417994 ], [ -98.169454509585705, 21.022984901398246 ], [ -98.170254618757525, 21.022801964257674 ], [ -98.170550533638661, 21.022491379241171 ], [ -98.171196271744776, 21.021991885584427 ], [ -98.171703830647033, 21.021563521323781 ], [ -98.172614817282295, 21.020776521590566 ], [ -98.173013784453744, 21.020606127433588 ], [ -98.173571477200781, 21.020630527969796 ], [ -98.174428333440446, 21.020624037779761 ], [ -98.17500834527668, 21.02078978913314 ], [ -98.175610537976112, 21.020952881750222 ], [ -98.176317409588179, 21.021167881168378 ], [ -98.176749191150165, 21.021519325093447 ], [ -98.177481480767085, 21.021982426365046 ], [ -98.178229160011838, 21.02243123972368 ], [ -98.178686448928744, 21.022792480616538 ], [ -98.179403679179401, 21.023212417013095 ], [ -98.179956006648382, 21.023562431374827 ], [ -98.180473515854132, 21.024052321012643 ], [ -98.180649686816054, 21.024351742952859 ], [ -98.180769229473995, 21.024610935853051 ], [ -98.18092760505246, 21.025060685142343 ], [ -98.181078974329779, 21.025782641488124 ], [ -98.181148579283231, 21.026304804931367 ], [ -98.181165653892975, 21.026730901207287 ], [ -98.181194386100344, 21.027075709198343 ], [ -98.181438255533578, 21.027600455115415 ], [ -98.181695297942539, 21.028190501835049 ], [ -98.18201420468894, 21.028665956100706 ], [ -98.182287191529966, 21.029141190364033 ], [ -98.182544787514701, 21.029630712760056 ], [ -98.182665303764068, 21.029990320214697 ], [ -98.182802897677192, 21.030039914696378 ], [ -98.183230657695503, 21.030194096224083 ], [ -98.183736101135182, 21.030153440027068 ], [ -98.184312691255684, 21.030185663294777 ], [ -98.185270501955998, 21.03029322295162 ], [ -98.186566774233896, 21.030611033151818 ], [ -98.187441838876808, 21.031026788312261 ], [ -98.188271432484939, 21.031308149083458 ], [ -98.188732400029153, 21.030841495855558 ], [ -98.188742634320221, 21.030648920826053 ], [ -98.188772901415035, 21.030079070263987 ], [ -98.188850736405115, 21.029852556161789 ], [ -98.189553888736768, 21.028579103757327 ], [ -98.19003610753785, 21.027744165722329 ], [ -98.190294401410469, 21.027296936394794 ], [ -98.190313252734612, 21.027265775833538 ], [ -98.190385911888086, 21.027145667517779 ], [ -98.190479601554074, 21.026990793515907 ], [ -98.190895162257377, 21.026378465650588 ], [ -98.190931750155357, 21.026336869828114 ], [ -98.190874306622774, 21.026299400767257 ], [ -98.190680623037821, 21.026120290377058 ], [ -98.190405695786097, 21.025677115157468 ], [ -98.190213207242778, 21.025220202975156 ], [ -98.190111892660468, 21.024891569204474 ], [ -98.189927097293747, 21.024442261134155 ], [ -98.189541450737792, 21.023674743388806 ], [ -98.189275484902296, 21.022804703918325 ], [ -98.189252483936173, 21.022506188770691 ], [ -98.189246561918281, 21.022429330726307 ], [ -98.189241561062346, 21.022364426967631 ], [ -98.189230524358749, 21.022221189302631 ], [ -98.188915668138222, 21.021622450848863 ], [ -98.188631201597445, 21.021279388428599 ], [ -98.188604173164492, 21.020878757059648 ], [ -98.189112978895395, 21.02038751852966 ], [ -98.189183785038921, 21.020319156297003 ], [ -98.189422638074291, 21.01961078646584 ], [ -98.189411171156863, 21.019586774830302 ], [ -98.18935566001268, 21.019470529581181 ], [ -98.189263822067332, 21.019133451606596 ], [ -98.189261147893177, 21.019123634559723 ], [ -98.189089736615841, 21.018598611504387 ], [ -98.18899837339211, 21.018318771156569 ], [ -98.189016569816744, 21.018319898701566 ], [ -98.189034749846272, 21.018321024927594 ], [ -98.189241363965053, 21.018313165150428 ], [ -98.189423139366895, 21.018297986321183 ], [ -98.189604710300728, 21.018282823957268 ], [ -98.190420273524154, 21.018166013934412 ], [ -98.190801064717306, 21.01812117877741 ], [ -98.191160720831661, 21.018012448079023 ], [ -98.191616857043513, 21.018069659694063 ], [ -98.192531465020437, 21.018053205442861 ], [ -98.192589681457875, 21.018034182478917 ], [ -98.192953010018726, 21.017785773970548 ], [ -98.193314945094684, 21.017590771878961 ], [ -98.193481089983493, 21.017483624972055 ], [ -98.193904893140214, 21.017210310770668 ], [ -98.193953074136758, 21.017179238450428 ], [ -98.194300920684498, 21.017090278582909 ], [ -98.194509894785497, 21.017036833955867 ], [ -98.194978921751684, 21.016928839610074 ], [ -98.195329749255961, 21.016952193058408 ], [ -98.195403031412781, 21.016957071086214 ], [ -98.195864231432395, 21.016987770984915 ], [ -98.196117297157329, 21.016862685195782 ], [ -98.196344138760224, 21.016750560643036 ], [ -98.196587531910481, 21.016669848715189 ], [ -98.196628054314587, 21.016656410894466 ], [ -98.196722139840119, 21.016625210404019 ], [ -98.196820161440542, 21.016592704744436 ], [ -98.196946754747273, 21.016470951654405 ], [ -98.196993420053289, 21.016592498926993 ], [ -98.197594693460374, 21.015890173022754 ], [ -98.197638962358752, 21.015704434440579 ], [ -98.198142930868656, 21.014954669241146 ], [ -98.198460971711683, 21.014724981013668 ], [ -98.198655999189157, 21.014584346153672 ], [ -98.198755693142346, 21.01441742564305 ], [ -98.199126990688853, 21.014315153697318 ], [ -98.199387268651989, 21.014058100589725 ], [ -98.19955986681822, 21.013804050071347 ], [ -98.199708621422786, 21.013353010383092 ], [ -98.200188805775113, 21.013045785183902 ], [ -98.201189741210001, 21.012704744225228 ], [ -98.201582759207113, 21.012475992265355 ], [ -98.202068467194096, 21.011749208987737 ], [ -98.202256454070408, 21.011050189620654 ], [ -98.202346441828681, 21.010677893340088 ], [ -98.20240115540085, 21.010399367856738 ], [ -98.202508653427486, 21.010271095103768 ], [ -98.202508746994269, 21.010256057762128 ], [ -98.202512255598549, 21.009692847775813 ], [ -98.202688317386247, 21.00935197375275 ], [ -98.202603949083922, 21.0088357918691 ], [ -98.201922026808518, 21.008458317761733 ], [ -98.201948286804651, 21.008045023396949 ], [ -98.202012101575278, 21.007651007401073 ], [ -98.20172707506245, 21.007210236798716 ], [ -98.201712307182774, 21.006792392635269 ], [ -98.202064740578351, 21.006195002933669 ], [ -98.202008980169751, 21.005328112811814 ], [ -98.201297271167931, 21.004920725559398 ], [ -98.201314664495555, 21.003679800633456 ], [ -98.201289060143907, 21.00309600616124 ], [ -98.20046170683672, 21.002247493322777 ], [ -98.20007433934866, 21.001424884349404 ], [ -98.200233561870846, 21.000944330790077 ], [ -98.20044525369353, 21.000633546884821 ], [ -98.200463786312866, 21.000606340339246 ], [ -98.200060927738733, 21.000492783357124 ], [ -98.199919670015461, 21.000134023058674 ], [ -98.199724791684616, 20.999688946524572 ], [ -98.199530901062147, 20.999058805440654 ], [ -98.19961354709271, 20.998355935217607 ], [ -98.200012570449658, 20.997506503314007 ], [ -98.200095409941227, 20.996766620883633 ], [ -98.200221050396223, 20.995397714564348 ], [ -98.200619274140593, 20.994696329482871 ], [ -98.201665492311392, 20.994286575909513 ], [ -98.209199971874696, 20.991631041799785 ], [ -98.210108818455822, 20.991310688627376 ], [ -98.210269546320333, 20.991254034759855 ], [ -98.210311695112296, 20.991239177460756 ], [ -98.210316396971308, 20.991237519851559 ], [ -98.210369129526839, 20.991218932802742 ], [ -98.210704743934073, 20.991100631955419 ], [ -98.210950010663424, 20.991014177783129 ], [ -98.211031476275565, 20.990985461657022 ], [ -98.212459006056804, 20.990482259590941 ], [ -98.213267008990499, 20.99019743217546 ], [ -98.214453860395636, 20.98977904744882 ], [ -98.214447697399933, 20.989769362376478 ], [ -98.214508136287563, 20.989754024452903 ], [ -98.214893013005863, 20.98965635638011 ], [ -98.2150074538132, 20.989627314866254 ], [ -98.214971355235804, 20.989491325546354 ], [ -98.214723141323702, 20.988556256992567 ], [ -98.214646837370054, 20.988319306056731 ], [ -98.214580156720572, 20.988112238725805 ], [ -98.214464987101451, 20.987614403890237 ], [ -98.214395688483336, 20.987482780919688 ], [ -98.214294030571693, 20.987289697842741 ], [ -98.21423168152252, 20.987171275361785 ], [ -98.213918344063416, 20.986715319170102 ], [ -98.213913544539338, 20.986697394458602 ], [ -98.213767946243053, 20.986153683049054 ], [ -98.21377711510668, 20.985909898389629 ], [ -98.213785794684028, 20.985679115329372 ], [ -98.21377840500385, 20.985091205843144 ], [ -98.213774945922921, 20.984816053771031 ], [ -98.213532071618005, 20.984354646778236 ], [ -98.21350469161905, 20.984293886421035 ], [ -98.213259300285443, 20.983749300300307 ], [ -98.21327913917284, 20.983449337863199 ], [ -98.21329258622562, 20.983246022204249 ], [ -98.213280437398566, 20.983119721759607 ], [ -98.213354533031506, 20.982868246242532 ], [ -98.213825264847813, 20.981766576687811 ], [ -98.214179399501759, 20.980951930603869 ], [ -98.214539461488783, 20.980143290478317 ], [ -98.214439645386705, 20.980059955558051 ], [ -98.213988046029058, 20.979682921193731 ], [ -98.214387952715612, 20.97852545046177 ], [ -98.214594554068796, 20.978277206358687 ], [ -98.215144809556762, 20.977616035444562 ], [ -98.215236952872388, 20.977386372570692 ], [ -98.2154815659256, 20.976776688003337 ], [ -98.21556198297047, 20.976576252129103 ], [ -98.215907993931751, 20.976381611907588 ], [ -98.215938412797243, 20.976364500422704 ], [ -98.21598429650912, 20.976318909788592 ], [ -98.216329575621884, 20.97614445933629 ], [ -98.216747022375131, 20.975909630947601 ], [ -98.216919403590452, 20.973743008433058 ], [ -98.215781255190763, 20.973547269963387 ], [ -98.215741038570286, 20.973540353016002 ], [ -98.215719996970606, 20.973536734814772 ], [ -98.214845940004849, 20.973386408365933 ], [ -98.214119036078102, 20.97337533016001 ], [ -98.213419231787626, 20.973246917105509 ], [ -98.212972932492107, 20.972957526100039 ], [ -98.212167905431755, 20.972807329221652 ], [ -98.211480221733922, 20.972194735668875 ], [ -98.211294354076884, 20.972309240085536 ], [ -98.211079756788024, 20.972245730092208 ], [ -98.210784265104678, 20.971935086593451 ], [ -98.210451509989966, 20.97142587429537 ], [ -98.2104423082354, 20.97141179370583 ], [ -98.210244229455654, 20.971267477269247 ], [ -98.209764520634991, 20.970700824056035 ], [ -98.210391545909147, 20.969998091980706 ], [ -98.210800730946701, 20.969533362314984 ], [ -98.211390251723529, 20.968788797573644 ], [ -98.211777620325989, 20.96813534205533 ], [ -98.21203355823296, 20.967833111535722 ], [ -98.210909737105055, 20.967535858494927 ], [ -98.210710828442714, 20.967483245159698 ], [ -98.210009018878566, 20.967472532655318 ], [ -98.209539308046431, 20.967088580831355 ], [ -98.209716858195804, 20.966909231404244 ], [ -98.210228268209335, 20.966392635031081 ], [ -98.210920885596224, 20.965484804517548 ], [ -98.210988056844641, 20.965415597552688 ], [ -98.211686652871535, 20.964695829688143 ], [ -98.212327091649684, 20.963904939996731 ], [ -98.212396439792514, 20.963845710710451 ], [ -98.213166815108607, 20.963187733304277 ], [ -98.213503219901469, 20.962580593696927 ], [ -98.213510897385817, 20.962550109526713 ], [ -98.213636140283725, 20.962052853147689 ], [ -98.21388736528678, 20.961055386718296 ], [ -98.214189202825636, 20.959512703501488 ], [ -98.214213526022363, 20.959388391405167 ], [ -98.214214199150192, 20.959368740417851 ], [ -98.214255484977699, 20.958164727057806 ], [ -98.214289318892398, 20.95752950958542 ], [ -98.214370666887348, 20.957083205992266 ], [ -98.214361428211248, 20.956701444822642 ], [ -98.214354709344406, 20.956423839258996 ], [ -98.214384966536059, 20.956047538361158 ], [ -98.214616335156265, 20.955626604392645 ], [ -98.214744547575975, 20.955416290544186 ], [ -98.215025054746121, 20.955066580773508 ], [ -98.215203706648623, 20.954833338267502 ], [ -98.215458179775666, 20.95455393589754 ], [ -98.21568726960308, 20.954297766209937 ], [ -98.215714924689806, 20.954109767665454 ], [ -98.215853805953941, 20.953839411614734 ], [ -98.215895197535133, 20.953758835931396 ], [ -98.215919094712419, 20.953698461602841 ], [ -98.215946810464686, 20.953628443883861 ], [ -98.216025030485667, 20.953430830934408 ], [ -98.216086609205121, 20.953159908020893 ], [ -98.216105073058358, 20.953078677740347 ], [ -98.216111566014206, 20.952607919226431 ], [ -98.217136428084686, 20.953370104097797 ], [ -98.217142575717006, 20.953374676237146 ], [ -98.21730230373619, 20.953493463729696 ], [ -98.21772568312376, 20.953686950552697 ], [ -98.218100894841115, 20.953738599209426 ], [ -98.218451049785457, 20.953789942924665 ], [ -98.218849697297983, 20.953959584158099 ], [ -98.219198556074744, 20.954105078135189 ], [ -98.219695685696493, 20.954397675904893 ], [ -98.219729022592134, 20.954417296946183 ], [ -98.219770339431605, 20.954441615255774 ], [ -98.220132928034488, 20.95474128746174 ], [ -98.22046417283525, 20.955015053481219 ], [ -98.220506321852071, 20.955042194725113 ], [ -98.220568952290947, 20.955082524325338 ], [ -98.220985847562332, 20.955350977926535 ], [ -98.221231172910507, 20.955508950381354 ], [ -98.221283948291372, 20.955542934238078 ], [ -98.221432674849922, 20.955662450654554 ], [ -98.221532149681465, 20.955694945802922 ], [ -98.221657223047487, 20.955735803247315 ], [ -98.221695609000932, 20.955795607373513 ], [ -98.221872865910356, 20.956071769164563 ], [ -98.222098873135153, 20.956423880802845 ], [ -98.222232020831527, 20.95661684500406 ], [ -98.222351610194195, 20.956790158986998 ], [ -98.222480343960129, 20.956976724410758 ], [ -98.222639463757119, 20.957207325686259 ], [ -98.223457316542124, 20.95787642471192 ], [ -98.224452299998376, 20.958613061064721 ], [ -98.224524142766114, 20.958666249186304 ], [ -98.224952824558471, 20.958976455298469 ], [ -98.225119720920532, 20.959097225288733 ], [ -98.225425986237397, 20.959270981201591 ], [ -98.225554244235326, 20.959343745794285 ], [ -98.225687675185554, 20.959419445252887 ], [ -98.225877907707158, 20.959378065765915 ], [ -98.2263686615849, 20.95927131596531 ], [ -98.226727010704707, 20.959205732972727 ], [ -98.227006220742439, 20.959008050577701 ], [ -98.227104295769564, 20.958938612617622 ], [ -98.22744624396455, 20.958681336325288 ], [ -98.227481659603058, 20.958654689980399 ], [ -98.227841554748352, 20.958286682784948 ], [ -98.228062756835357, 20.958137205698318 ], [ -98.228236733008629, 20.958019640873072 ], [ -98.228573693320413, 20.957608847893987 ], [ -98.228574011530668, 20.957585579714461 ], [ -98.228579180104617, 20.957208702205158 ], [ -98.228589223548411, 20.957090207811145 ], [ -98.228609079745127, 20.956855935104464 ], [ -98.22861166163716, 20.956667631595899 ], [ -98.2286033818351, 20.956546064428629 ], [ -98.228590800292167, 20.956361334174684 ], [ -98.228519176403594, 20.956101506292885 ], [ -98.228423423194627, 20.955795198156196 ], [ -98.228423142099288, 20.955794299086186 ], [ -98.228422459557251, 20.95579086437683 ], [ -98.228404390246865, 20.955699924891661 ], [ -98.228376254271893, 20.955558313033528 ], [ -98.228355392668306, 20.955252015780662 ], [ -98.228310190628662, 20.955095814462208 ], [ -98.228259681307549, 20.95492127014629 ], [ -98.228240283482094, 20.954870707547087 ], [ -98.228202280226313, 20.954771648456436 ], [ -98.228187091013638, 20.954732055974475 ], [ -98.228138912220302, 20.954590222068699 ], [ -98.228095049677307, 20.954559982180701 ], [ -98.227822586895115, 20.954372139903722 ], [ -98.22779133554036, 20.954350594641468 ], [ -98.227658890165316, 20.954261094069569 ], [ -98.227484576388832, 20.954143300297456 ], [ -98.22736934306495, 20.954065430411742 ], [ -98.227375065381636, 20.954046257313941 ], [ -98.227388768060393, 20.954000350748469 ], [ -98.227496370725461, 20.953639864968697 ], [ -98.227527501147748, 20.953535571591242 ], [ -98.227761916510815, 20.953266422030797 ], [ -98.227833597822652, 20.953184119695834 ], [ -98.228107120497953, 20.95279555125434 ], [ -98.228140127588134, 20.952748661443358 ], [ -98.228321106591352, 20.952419613798224 ], [ -98.228400597788422, 20.95227508560356 ], [ -98.228460388284134, 20.952166379001401 ], [ -98.228591819104537, 20.951927414700062 ], [ -98.228713405243255, 20.951646021429756 ], [ -98.228763989301115, 20.951528953836196 ], [ -98.228799586676743, 20.951446568290837 ], [ -98.228845417524397, 20.951340498931373 ], [ -98.229111567152131, 20.950785584740668 ], [ -98.229207265808881, 20.950586056249232 ], [ -98.229324502511574, 20.950435611885091 ], [ -98.229585633329734, 20.950100512471124 ], [ -98.229730631357185, 20.949748330177581 ], [ -98.229727897598821, 20.949740310705668 ], [ -98.229554577798382, 20.94923187598004 ], [ -98.229431513835678, 20.948794476786642 ], [ -98.229579340169437, 20.947887850987335 ], [ -98.229835922641456, 20.94671288654564 ], [ -98.230054909497113, 20.945890588868622 ], [ -98.230111435451064, 20.945336383995908 ], [ -98.230203837111816, 20.944765541581607 ], [ -98.230527210153966, 20.944531774071617 ], [ -98.231190309338771, 20.944366740250157 ], [ -98.231843109667324, 20.943787739316317 ], [ -98.232669766358313, 20.943136183610111 ], [ -98.233479458371463, 20.942299732386378 ], [ -98.234269707992667, 20.941765617970638 ], [ -98.234935514898282, 20.941062926002871 ], [ -98.235123489768966, 20.94068364491153 ], [ -98.235242935078034, 20.940442636423544 ], [ -98.235327249781349, 20.940176569927065 ], [ -98.235415744959667, 20.939897306517054 ], [ -98.235588524842768, 20.939352066661527 ], [ -98.235688915722591, 20.938655376999399 ], [ -98.235699822767856, 20.938579684775011 ], [ -98.235685499664442, 20.937873946838746 ], [ -98.235735631516377, 20.937791810182581 ], [ -98.235970058569563, 20.937407719415653 ], [ -98.23599230940809, 20.937371264091095 ], [ -98.236192243013335, 20.93676729392806 ], [ -98.236360720583932, 20.936514225330431 ], [ -98.236591714890878, 20.936167248538826 ], [ -98.23674978203664, 20.935901287274312 ], [ -98.236762502424028, 20.935879884400499 ], [ -98.236769811924745, 20.935867585050445 ], [ -98.236880532629087, 20.935681286313287 ], [ -98.237290140914098, 20.9349482429019 ], [ -98.237386246832216, 20.934776248563651 ], [ -98.237413320109269, 20.934138221980753 ], [ -98.237426876846996, 20.933818727838144 ], [ -98.237434013715301, 20.933693560939986 ], [ -98.237466148373628, 20.933130030514864 ], [ -98.237315403368513, 20.93280422172586 ], [ -98.237271400682246, 20.932709115979758 ], [ -98.237194542763007, 20.932639364510855 ], [ -98.237162671362896, 20.932610439620088 ], [ -98.237130593898414, 20.932429882793883 ], [ -98.236999067219898, 20.932452325081183 ], [ -98.23699053475724, 20.932453255480958 ], [ -98.236861884988457, 20.932467285829894 ], [ -98.236807604654118, 20.932404615144332 ], [ -98.236809669508958, 20.93239498263133 ], [ -98.23680971067273, 20.932394788525642 ], [ -98.23689750433482, 20.93198521891166 ], [ -98.237009943322349, 20.931460672201048 ], [ -98.237034623231779, 20.931390640748415 ], [ -98.237296835835863, 20.930965305013292 ], [ -98.237497591292708, 20.930639656921148 ], [ -98.236679711942955, 20.930022909017232 ], [ -98.23685536913267, 20.929606097319724 ], [ -98.236835587410951, 20.929398263931926 ], [ -98.236823474787698, 20.928975164365678 ], [ -98.23716403838138, 20.92825306362823 ], [ -98.237751133003655, 20.927597408469275 ], [ -98.238250719550365, 20.927070407433291 ], [ -98.238718834376982, 20.926124759186521 ], [ -98.23902369773991, 20.925071996937884 ], [ -98.23908437673218, 20.924862456440117 ], [ -98.239139208312295, 20.924489963250458 ], [ -98.239174624427221, 20.924249370692873 ], [ -98.239291784699631, 20.92345345177068 ], [ -98.23934101179016, 20.923119023321046 ], [ -98.239354644124006, 20.923026415314595 ], [ -98.239307892101294, 20.922812146730173 ], [ -98.239257186476038, 20.922579756253072 ], [ -98.239157416525941, 20.92212249475412 ], [ -98.239129697450949, 20.922064826882352 ], [ -98.238958047618112, 20.921707720582482 ], [ -98.238889535481633, 20.921565184239448 ], [ -98.238621655688263, 20.92100787343907 ], [ -98.238365511540962, 20.92074243831954 ], [ -98.236856504679324, 20.918882248454384 ], [ -98.23604283373821, 20.917879189874363 ], [ -98.235545055963101, 20.917364791335856 ], [ -98.235144118925803, 20.916890336655545 ], [ -98.23466548207189, 20.916282766151458 ], [ -98.234263937099712, 20.915829905311714 ], [ -98.232966261980081, 20.915494530982805 ], [ -98.231809354420434, 20.91523283606972 ], [ -98.230535696714597, 20.914806061457615 ], [ -98.229822036306231, 20.914594430213409 ], [ -98.229498631742501, 20.91452037094297 ], [ -98.229344007974078, 20.914491775817755 ], [ -98.229130081643618, 20.914680269690543 ], [ -98.228795364587796, 20.915039133460699 ], [ -98.227970113392118, 20.915881218975617 ], [ -98.227178006874752, 20.916639509389082 ], [ -98.226090397245031, 20.917433608325958 ], [ -98.225326113719674, 20.918162515591764 ], [ -98.224009819983664, 20.918974818035458 ], [ -98.223216384255423, 20.918842066346517 ], [ -98.22270428660876, 20.918447980839449 ], [ -98.222580487098824, 20.917939677483783 ], [ -98.222601211582059, 20.917790427865903 ], [ -98.222633612692363, 20.917557083241878 ], [ -98.222436860671053, 20.91690333758028 ], [ -98.22248771016443, 20.916363472210076 ], [ -98.222520053653042, 20.915987357412963 ], [ -98.222584042739896, 20.915337923032258 ], [ -98.222762501863244, 20.914351024348743 ], [ -98.222569434909957, 20.913777368214774 ], [ -98.222660123465431, 20.913358579716615 ], [ -98.223413249670315, 20.912636978408802 ], [ -98.224000268096546, 20.912159815554379 ], [ -98.224258676051718, 20.911838418801338 ], [ -98.224301442278829, 20.911465798142796 ], [ -98.225090515439703, 20.911220253007194 ], [ -98.225693075714801, 20.911317947630067 ], [ -98.225829942532755, 20.911540399716063 ], [ -98.226354727360217, 20.91139361889724 ], [ -98.226870060814832, 20.91107655306195 ], [ -98.227445207219219, 20.910564274414252 ], [ -98.22795956870236, 20.909812996504211 ], [ -98.228546673536925, 20.909040302593318 ], [ -98.228842717394613, 20.908680447319092 ], [ -98.228931971508814, 20.908430375788928 ], [ -98.229017639062462, 20.908190351762595 ], [ -98.22900578019923, 20.907882741104761 ], [ -98.229005372064819, 20.907872132953926 ], [ -98.228742941894239, 20.907409937987779 ], [ -98.228113787129715, 20.907328981536086 ], [ -98.227445200314222, 20.907238635778434 ], [ -98.227035103345486, 20.907185930947726 ], [ -98.226829668100578, 20.907159529076388 ], [ -98.22587223241257, 20.906991539189988 ], [ -98.224869371374254, 20.906621558089356 ], [ -98.224862894782845, 20.906357243996698 ], [ -98.22494013088675, 20.906214261362631 ], [ -98.225225416091817, 20.906230448525044 ], [ -98.225595852693601, 20.906281848758141 ], [ -98.225924792539004, 20.906156282907062 ], [ -98.226404300950605, 20.90603357055252 ], [ -98.226671108151322, 20.905884917476214 ], [ -98.2268184536549, 20.905685768578309 ], [ -98.226912909466819, 20.905423935134145 ], [ -98.226674244279039, 20.905272993309516 ], [ -98.226435132416469, 20.905209468993498 ], [ -98.226074653654024, 20.905132906408888 ], [ -98.226077712881931, 20.90487066263352 ], [ -98.226074367785273, 20.904403542518146 ], [ -98.226262093612917, 20.904093719739105 ], [ -98.226665975509079, 20.903958796282573 ], [ -98.226914151496487, 20.903945362343329 ], [ -98.227378372893369, 20.904136718393179 ], [ -98.227796076517308, 20.904327868709785 ], [ -98.228105684874606, 20.904431174083353 ], [ -98.228539717395421, 20.904462252497474 ], [ -98.228698485138167, 20.904428468973258 ], [ -98.228824173222648, 20.904108753453404 ], [ -98.228888061195946, 20.903745080353776 ], [ -98.2289059442721, 20.90327929140334 ], [ -98.228887973003481, 20.902996654490373 ], [ -98.228877239278106, 20.902827854409537 ], [ -98.228972064067392, 20.902478881159333 ], [ -98.229298584679526, 20.902305653965705 ], [ -98.22950083867299, 20.902175536523202 ], [ -98.229858295402224, 20.902017008513194 ], [ -98.230026790521464, 20.901965120377696 ], [ -98.230277630442501, 20.901887872915406 ], [ -98.231216416317565, 20.90145547233589 ], [ -98.23151110419326, 20.901149218854201 ], [ -98.23168186652002, 20.900934465274499 ], [ -98.231806114413828, 20.900778210477281 ], [ -98.232031746035815, 20.900487835821981 ], [ -98.232361245846661, 20.900116980401418 ], [ -98.232671933496974, 20.900053619075731 ], [ -98.233249812105697, 20.900207760484118 ], [ -98.233274602655243, 20.900214372968588 ], [ -98.233605408534288, 20.90023604172087 ], [ -98.234142995857056, 20.900218266790159 ], [ -98.234765972665642, 20.900321986533175 ], [ -98.235238656878877, 20.900384661270586 ], [ -98.235625848794697, 20.900346019183118 ], [ -98.236142141773783, 20.900287772902818 ], [ -98.236830232821433, 20.900270661601237 ], [ -98.236875479994637, 20.900268289901433 ], [ -98.237539917915726, 20.900233455410465 ], [ -98.238271208099547, 20.900176161571338 ], [ -98.238805558242333, 20.90011318953173 ], [ -98.23946083555029, 20.900035963094354 ], [ -98.240266346006138, 20.899787845682983 ], [ -98.240780803585309, 20.899735336737301 ], [ -98.24136224864975, 20.899683429797349 ], [ -98.241937305218215, 20.899697191858781 ], [ -98.24246510869034, 20.899696926803216 ], [ -98.243162115596846, 20.899700014630888 ], [ -98.243565996808442, 20.899349427130733 ], [ -98.243970512203845, 20.899149166196988 ], [ -98.24405097995087, 20.899109329507183 ], [ -98.244372253142743, 20.898950277095562 ], [ -98.244644986654777, 20.898823749991799 ], [ -98.244909671412969, 20.898700955705984 ], [ -98.24547339231512, 20.89855544244821 ], [ -98.245580743672733, 20.898527732031258 ], [ -98.245928377215137, 20.898830284862942 ], [ -98.246554314219708, 20.898863252016671 ], [ -98.247406135206191, 20.898876066592766 ], [ -98.248135668167208, 20.8988857879181 ], [ -98.248668151930531, 20.898961620062103 ], [ -98.249647116347049, 20.898250384337157 ], [ -98.250966309625127, 20.897304691956418 ], [ -98.252664804749685, 20.893939777780005 ], [ -98.253441058025189, 20.892136063000805 ], [ -98.254639906556477, 20.888736283220076 ], [ -98.254975347783386, 20.888102429959719 ], [ -98.255242546645022, 20.887597522537277 ], [ -98.255246081134956, 20.887590844728209 ], [ -98.255290938340949, 20.887506080988008 ], [ -98.255642847309062, 20.88684109707604 ], [ -98.255957868506727, 20.885785302119814 ], [ -98.256114256867676, 20.885339803653341 ], [ -98.256348356649809, 20.884706868293797 ], [ -98.25768070849243, 20.879423938785461 ], [ -98.257666036429853, 20.879231438111912 ], [ -98.257624673165239, 20.878442247708051 ], [ -98.257628765909843, 20.878153042229886 ], [ -98.257756795944246, 20.877778583426696 ], [ -98.258112058036104, 20.877290270969095 ], [ -98.258346189268082, 20.876894697605401 ], [ -98.258682377542883, 20.876090062125911 ], [ -98.258627940375021, 20.875987350392652 ], [ -98.25898673830315, 20.874919758892897 ], [ -98.259964740587222, 20.873019563340769 ], [ -98.259965688674001, 20.87301772258364 ], [ -98.259975013780803, 20.872999604315936 ], [ -98.260023889722007, 20.872904638647189 ], [ -98.260038189109835, 20.872876856777893 ], [ -98.260038673912845, 20.872875913975605 ], [ -98.260068553582514, 20.872817858793209 ], [ -98.260118924482157, 20.872719990374069 ], [ -98.260434809253269, 20.872144668755233 ], [ -98.260494113364501, 20.872036657445644 ], [ -98.260786794563174, 20.871503591428421 ], [ -98.260948155269702, 20.871336066718552 ], [ -98.261549100122778, 20.870712154749185 ], [ -98.261562982203586, 20.870692087168671 ], [ -98.261979217648999, 20.870090375940993 ], [ -98.262011414449759, 20.870043830796057 ], [ -98.262533183311177, 20.869289549837724 ], [ -98.26254968433993, 20.869265695856015 ], [ -98.262954509746379, 20.868680463748646 ], [ -98.263184527788866, 20.8683798397918 ], [ -98.263267945883186, 20.868270814900949 ], [ -98.263270049724269, 20.868268064999391 ], [ -98.263312782848203, 20.868260191043305 ], [ -98.26342238092532, 20.868131731754119 ], [ -98.263665103882389, 20.867886387115718 ], [ -98.263837299887086, 20.867712330931806 ], [ -98.264018728626809, 20.867528942063672 ], [ -98.264434208465502, 20.867228086717091 ], [ -98.264505625154769, 20.867094722470316 ], [ -98.264585400305052, 20.866945746177677 ], [ -98.265041536457218, 20.866549401177885 ], [ -98.265290707269202, 20.866542292839807 ], [ -98.265503044700068, 20.866536235347816 ], [ -98.265416021581558, 20.866355293628398 ], [ -98.264697611353839, 20.865758041561492 ], [ -98.264248351443129, 20.865634933622268 ], [ -98.263876785146408, 20.865324384390632 ], [ -98.263702410234345, 20.865251657981275 ], [ -98.26355467794825, 20.865061519242893 ], [ -98.263380303549908, 20.864988792478453 ], [ -98.26322416698747, 20.864899929655472 ], [ -98.262957689337057, 20.86474826869858 ], [ -98.262849842375275, 20.864726648377317 ], [ -98.262784709050365, 20.864713591136514 ], [ -98.262707855090937, 20.864698184001799 ], [ -98.26245865867638, 20.864601013886865 ], [ -98.262209462621229, 20.864503843371217 ], [ -98.261689855722167, 20.86402669148158 ], [ -98.261492670426975, 20.863788865396877 ], [ -98.261417946126045, 20.863676487179717 ], [ -98.261271715841829, 20.863456569318526 ], [ -98.261139530473457, 20.863226053947113 ], [ -98.261131025621154, 20.863211224005937 ], [ -98.261026992631926, 20.863029802301426 ], [ -98.260897577825602, 20.862769402032548 ], [ -98.260685596761348, 20.862342867236826 ], [ -98.260340051093593, 20.861961983559464 ], [ -98.260068050300617, 20.861699712543896 ], [ -98.259969779961551, 20.861557255766932 ], [ -98.25983291897947, 20.861469104408684 ], [ -98.259597273896858, 20.861317325160208 ], [ -98.259447632775107, 20.861268437553324 ], [ -98.259027273112991, 20.860863107333543 ], [ -98.258829136870858, 20.860695905579739 ], [ -98.258581548078183, 20.860481018149105 ], [ -98.258564463697084, 20.860468409730316 ], [ -98.258159914259068, 20.860169855433561 ], [ -98.257926461631584, 20.860033318792912 ], [ -98.257091232816208, 20.859544820954149 ], [ -98.256795881087257, 20.859350295284234 ], [ -98.25677186911733, 20.859334480217484 ], [ -98.256545011877378, 20.859185066320649 ], [ -98.256222290928406, 20.858969272444174 ], [ -98.256879570801146, 20.858529788069173 ], [ -98.257229755754238, 20.858244643575087 ], [ -98.257229870364867, 20.858244549285747 ], [ -98.257232467560684, 20.858242249908987 ], [ -98.257252915588268, 20.858224144464149 ], [ -98.257360195665498, 20.858129153503306 ], [ -98.257590137962225, 20.857855477229133 ], [ -98.257870440906885, 20.857505647344691 ], [ -98.258125057406218, 20.857202601404357 ], [ -98.258355265984392, 20.856852170020982 ], [ -98.258561706547184, 20.856407267727427 ], [ -98.258583065545196, 20.856354172719648 ], [ -98.258587595060661, 20.856342915723161 ], [ -98.258588070059034, 20.856341733120288 ], [ -98.258665405540839, 20.85614950207977 ], [ -98.258823669477778, 20.855562743136563 ], [ -98.258805334165785, 20.855068050008498 ], [ -98.258559654233579, 20.854586256558449 ], [ -98.258290696374402, 20.854041083845278 ], [ -98.258049418033437, 20.85376882186328 ], [ -98.257814686931766, 20.853532069429477 ], [ -98.257569306788525, 20.853177392651805 ], [ -98.257373961079566, 20.852865211953919 ], [ -98.257211323978865, 20.852590592198119 ], [ -98.257124999017051, 20.8521207382 ], [ -98.256969452501266, 20.851914351807238 ], [ -98.25650070258159, 20.851720227491292 ], [ -98.256578328156252, 20.851203264680738 ], [ -98.255863391050653, 20.851089833909565 ], [ -98.255847943433096, 20.851061102205723 ], [ -98.255655341754846, 20.850702871325865 ], [ -98.255384092195641, 20.850177468556339 ], [ -98.255347629375379, 20.849925851101805 ], [ -98.255161188793451, 20.849755255337048 ], [ -98.25490445965535, 20.849489355752254 ], [ -98.254642985452037, 20.848952198684046 ], [ -98.254933288951534, 20.848758226453594 ], [ -98.255083215429195, 20.84865080697767 ], [ -98.255515074601107, 20.848341385215353 ], [ -98.255816568951147, 20.848274368908008 ], [ -98.256069483138589, 20.848193938569359 ], [ -98.256381450700587, 20.848179807669315 ], [ -98.256679117191752, 20.847986340632005 ], [ -98.25697501107615, 20.847817356987864 ], [ -98.257345585572821, 20.847784452656636 ], [ -98.257705641686385, 20.847673294935166 ], [ -98.258559724454429, 20.847392871137941 ], [ -98.259860288427674, 20.847263367351115 ], [ -98.260422997465056, 20.847190410576889 ], [ -98.260750654884532, 20.847110273242311 ], [ -98.26092076787171, 20.84707379363287 ], [ -98.26099644776356, 20.847075648763635 ], [ -98.260999586943228, 20.847075725713097 ], [ -98.261006551214493, 20.847075896425277 ], [ -98.261114841721437, 20.847081530122765 ], [ -98.261203138316489, 20.847079477345105 ], [ -98.261432759869692, 20.847126443961319 ], [ -98.261894834285101, 20.847075556239872 ], [ -98.262276721258104, 20.846912278159174 ], [ -98.262322873432936, 20.846892545189839 ], [ -98.262310814362323, 20.84686207233516 ], [ -98.261857119942221, 20.845715647476343 ], [ -98.261852048123515, 20.845702831165955 ], [ -98.261839775444074, 20.845671818553342 ], [ -98.2618312502224, 20.845650276585353 ], [ -98.261063492383371, 20.843710209778362 ], [ -98.260863580383514, 20.841792834291933 ], [ -98.260615845343949, 20.839859179039316 ], [ -98.260611611069066, 20.839826135650924 ], [ -98.260548394229275, 20.839811593452691 ], [ -98.259305293768804, 20.839525635176628 ], [ -98.25820577205738, 20.839717461751736 ], [ -98.258785051013902, 20.838933709438326 ], [ -98.259311303685934, 20.838297134397074 ], [ -98.25952410587314, 20.837560930412312 ], [ -98.259426473191297, 20.837091042119322 ], [ -98.259319716650964, 20.836577240678423 ], [ -98.259430082055019, 20.835398327054353 ], [ -98.259224669486258, 20.834611178548158 ], [ -98.258913941764305, 20.833971023001336 ], [ -98.252737735389601, 20.828381168332967 ], [ -98.252112375776747, 20.82781513993163 ], [ -98.252315267068056, 20.827629210278054 ], [ -98.252597125452823, 20.827161674503337 ], [ -98.252751215421867, 20.826880971565743 ], [ -98.252767015922856, 20.826824623882466 ], [ -98.252909146861342, 20.826317758855552 ], [ -98.253063875985703, 20.825989971151259 ], [ -98.253169802964422, 20.825567409907755 ], [ -98.253279891894991, 20.824838796602378 ], [ -98.253407325382042, 20.824420634271924 ], [ -98.2534371800581, 20.824322667852556 ], [ -98.253620466598733, 20.823736212038082 ], [ -98.253656331538366, 20.823450960446408 ], [ -98.253676630240918, 20.823289506136511 ], [ -98.253833274593561, 20.822820462051968 ], [ -98.253836475160384, 20.822585036727645 ], [ -98.253813995834918, 20.822396394865176 ], [ -98.253808921725707, 20.822302616963135 ], [ -98.253805426618342, 20.822238017506681 ], [ -98.253768733373633, 20.821559866892873 ], [ -98.253765046286432, 20.821491722727796 ], [ -98.252874147581323, 20.821705211696209 ], [ -98.252689672857969, 20.820676324234594 ], [ -98.252582743275752, 20.820564376218499 ], [ -98.251961889072319, 20.819914380720885 ], [ -98.251401149039964, 20.820233239267324 ], [ -98.250550595344691, 20.820716890366871 ], [ -98.250357763549388, 20.820826539106672 ], [ -98.249766859665769, 20.821833277800888 ], [ -98.249494229730985, 20.822297758468398 ], [ -98.249467012628216, 20.822283657717588 ], [ -98.247888342554262, 20.821465772173919 ], [ -98.247891253325349, 20.821361813601374 ], [ -98.247892237148719, 20.821326707950778 ], [ -98.247913349462877, 20.820572793249887 ], [ -98.247919238266419, 20.820362491262152 ], [ -98.247937823175135, 20.819698822253208 ], [ -98.247545666736144, 20.819771066953923 ], [ -98.246748773779601, 20.819777907858533 ], [ -98.245843516287565, 20.819681081548435 ], [ -98.244735583325465, 20.819406095731864 ], [ -98.24329252997326, 20.819365638723024 ], [ -98.242484127492389, 20.819021357268209 ], [ -98.242384403830812, 20.818850610570781 ], [ -98.242385069854805, 20.818653540776204 ], [ -98.2421622954638, 20.818336770803811 ], [ -98.242102197187165, 20.818108734730316 ], [ -98.241805337413197, 20.818037993009693 ], [ -98.24146016460314, 20.818027629748652 ], [ -98.24114026243717, 20.818253604649737 ], [ -98.24113887654309, 20.818254016963991 ], [ -98.240726363272799, 20.818376954239355 ], [ -98.240052093064861, 20.81815096662837 ], [ -98.239621626349717, 20.817999699343542 ], [ -98.239352849276926, 20.817937683602324 ], [ -98.239325359888838, 20.817581635708923 ], [ -98.237873498331709, 20.818274223282771 ], [ -98.237411148033559, 20.818306283582064 ], [ -98.236970483619544, 20.818363628740887 ], [ -98.236966475186335, 20.818364150540141 ], [ -98.236828807373826, 20.818113675761438 ], [ -98.236886187882632, 20.817894407608936 ], [ -98.236591729493639, 20.817537283155925 ], [ -98.236431704350707, 20.817581404343777 ], [ -98.2362419238152, 20.817684029510609 ], [ -98.235938438356371, 20.817795832964006 ], [ -98.235610631699672, 20.817988742886406 ], [ -98.234856503062531, 20.818365319844673 ], [ -98.234528448156354, 20.818586050760782 ], [ -98.234194571317175, 20.818479356442186 ], [ -98.233699803349367, 20.818518518153592 ], [ -98.233200617312349, 20.818572400792245 ], [ -98.232740569914583, 20.818433435356066 ], [ -98.232633090516828, 20.818400969073117 ], [ -98.232372207381658, 20.818423957856794 ], [ -98.232132978955164, 20.818445038311616 ], [ -98.231731646609731, 20.81851109720159 ], [ -98.231208900523896, 20.81860244857241 ], [ -98.230620421361593, 20.818572228916846 ], [ -98.230324781493522, 20.81855704641632 ], [ -98.229662960090167, 20.818393377356802 ], [ -98.229277925059762, 20.818250088743703 ], [ -98.229062144294531, 20.818078173968637 ], [ -98.228978694716645, 20.818011689354677 ], [ -98.228834207264697, 20.817953064944426 ], [ -98.228647412356693, 20.817877274803859 ], [ -98.228098268538304, 20.817793985634022 ], [ -98.22778194787405, 20.817768907071354 ], [ -98.227437589681358, 20.817741605188129 ], [ -98.226925348330013, 20.817751044978561 ], [ -98.226627692724932, 20.817797711051931 ], [ -98.226418476213638, 20.817830511825672 ], [ -98.226268289637076, 20.817854056745905 ], [ -98.225411172343982, 20.818116345140677 ], [ -98.225150567033324, 20.818160225647958 ], [ -98.22510122561863, 20.818168533642453 ], [ -98.225006738842936, 20.818184443081787 ], [ -98.224705057909532, 20.818235238250715 ], [ -98.224854475327859, 20.818061508809702 ], [ -98.224880471364244, 20.818013247939593 ], [ -98.225098144146102, 20.817609152830727 ], [ -98.225583607555123, 20.817070683218066 ], [ -98.226117966753364, 20.816823558768782 ], [ -98.22633310133169, 20.816724064485538 ], [ -98.226649583820446, 20.816462708952194 ], [ -98.226695723092178, 20.816424606241235 ], [ -98.226924928168458, 20.816235324244822 ], [ -98.226939192761989, 20.816223544333134 ], [ -98.226941466131066, 20.816221666766609 ], [ -98.22711759281124, 20.815821216872678 ], [ -98.227181412911747, 20.81567611103906 ], [ -98.227216220041853, 20.815415345005409 ], [ -98.227225638904599, 20.815344782027605 ], [ -98.227237624693004, 20.815254987099589 ], [ -98.227273584474474, 20.81498558153422 ], [ -98.227306170035163, 20.814741454400544 ], [ -98.227349014887039, 20.814585209643042 ], [ -98.227359337604952, 20.814547562885032 ], [ -98.227421042321893, 20.814322538708485 ], [ -98.227478656164138, 20.814112429181286 ], [ -98.227481893525137, 20.814088447816914 ], [ -98.227520605351316, 20.813801649064789 ], [ -98.227532699132368, 20.813712052903131 ], [ -98.227575914276755, 20.813391892861198 ], [ -98.227624815041239, 20.813237150123385 ], [ -98.227648880378197, 20.813161000207323 ], [ -98.227829849155185, 20.812588342751457 ], [ -98.227906986805181, 20.812522433252894 ], [ -98.228000990695904, 20.81244211384222 ], [ -98.228546708926345, 20.811975830223009 ], [ -98.228594930654367, 20.811934626988265 ], [ -98.228620246796623, 20.811912995709175 ], [ -98.228663308918712, 20.811804790206327 ], [ -98.228788325880416, 20.811490650695344 ], [ -98.228873315950977, 20.81127708737494 ], [ -98.228879053994007, 20.811187776962917 ], [ -98.22888488997215, 20.811096931735374 ], [ -98.228912077280256, 20.810673741559512 ], [ -98.228948025677497, 20.81029061213524 ], [ -98.228983709966002, 20.80991029304403 ], [ -98.22898754764222, 20.809869390597409 ], [ -98.229035088083563, 20.809718943727557 ], [ -98.229061789618115, 20.809634444101981 ], [ -98.229109110724892, 20.809484690560286 ], [ -98.229130348658089, 20.809417480018769 ], [ -98.229241463567874, 20.809065841848835 ], [ -98.229264075267679, 20.809012310787885 ], [ -98.229444438162389, 20.808585312332802 ], [ -98.229477884183851, 20.808506131137605 ], [ -98.229566583552938, 20.808296138876191 ], [ -98.229709310174471, 20.808123540374773 ], [ -98.229769664217159, 20.80805055540462 ], [ -98.229925688322524, 20.807861874980727 ], [ -98.229979689013533, 20.807793856398707 ], [ -98.230311535562791, 20.807375863840164 ], [ -98.230460441177868, 20.807188301063171 ], [ -98.230537266603463, 20.807091530121991 ], [ -98.23057609523218, 20.807034808099129 ], [ -98.231040649159468, 20.806356154362796 ], [ -98.231228439480361, 20.806172084809226 ], [ -98.231351542369239, 20.806051420464154 ], [ -98.2314342706958, 20.805970330774649 ], [ -98.231570573303685, 20.805836728150318 ], [ -98.231905925368608, 20.805508014656045 ], [ -98.23200277226131, 20.805397117800069 ], [ -98.232235439503853, 20.805130693444468 ], [ -98.232372592597827, 20.804973641626535 ], [ -98.232422228873645, 20.804881477773442 ], [ -98.23266081579051, 20.804438468880409 ], [ -98.23276330501723, 20.804091910717805 ], [ -98.23287867226513, 20.803701806018818 ], [ -98.232859733711322, 20.803150551158865 ], [ -98.232847566867918, 20.802796390223328 ], [ -98.232695796952754, 20.802306635626856 ], [ -98.232566641395621, 20.801889852085885 ], [ -98.232464835960997, 20.800850003170702 ], [ -98.232476251795177, 20.800585027613902 ], [ -98.232505274826778, 20.799911376112277 ], [ -98.232843634943919, 20.799372325912863 ], [ -98.233008961917946, 20.79910893694073 ], [ -98.233231055327039, 20.798583081356998 ], [ -98.233334046243954, 20.798339224334917 ], [ -98.233646180962751, 20.797571416766786 ], [ -98.233652621164296, 20.797555571982773 ], [ -98.233936266478295, 20.797312315648774 ], [ -98.234198005814179, 20.797304360514378 ], [ -98.234543233335728, 20.797176406872147 ], [ -98.234646466334524, 20.797138144297527 ], [ -98.235139047121834, 20.797098285569938 ], [ -98.235520259038836, 20.796952792400269 ], [ -98.235836451470959, 20.796685131763809 ], [ -98.235917733864127, 20.79669836256484 ], [ -98.236269918931882, 20.796756878805045 ], [ -98.236470551097455, 20.796966705671576 ], [ -98.236653309372528, 20.797157844084307 ], [ -98.236961452581397, 20.797480115596318 ], [ -98.237107733289875, 20.797852177933549 ], [ -98.237229498643089, 20.797960557162977 ], [ -98.237450156674726, 20.798156955760081 ], [ -98.237449769459943, 20.798226508887247 ], [ -98.237448512423683, 20.798452073616261 ], [ -98.2374823452556, 20.798433434480991 ], [ -98.237863031568224, 20.798393074431157 ], [ -98.238311169311274, 20.798289923731446 ], [ -98.238580794333942, 20.798080847884783 ], [ -98.239028409397079, 20.798082833406447 ], [ -98.239251267676579, 20.798273068464727 ], [ -98.239518146618792, 20.798610690319151 ], [ -98.23989119633319, 20.798612343448511 ], [ -98.23998814735836, 20.79861277313206 ], [ -98.240344975173073, 20.79886668110198 ], [ -98.240476525139627, 20.798954065469591 ], [ -98.24079111940911, 20.799163038498783 ], [ -98.24120905555219, 20.799301688876348 ], [ -98.241305032034106, 20.799333528795881 ], [ -98.241773879516003, 20.799566903933812 ], [ -98.242108118134297, 20.799862764372374 ], [ -98.242178113514342, 20.79991184937116 ], [ -98.242621095383072, 20.800222493053891 ], [ -98.242777377786453, 20.800370703541997 ], [ -98.242977517826887, 20.800560505046288 ], [ -98.243559110741202, 20.800626150956237 ], [ -98.243792829280437, 20.800616203044612 ], [ -98.244006831765645, 20.800607094926985 ], [ -98.244610705484021, 20.800693864870102 ], [ -98.244945376098826, 20.80090561054789 ], [ -98.244965452999054, 20.801368304139242 ], [ -98.244957152604272, 20.801458398728283 ], [ -98.244914193975362, 20.801924715438812 ], [ -98.244894047116574, 20.802143413244238 ], [ -98.244886843657625, 20.80222159641459 ], [ -98.245095698243759, 20.80188952103077 ], [ -98.245329159560768, 20.801518319363687 ], [ -98.24543696609993, 20.801346905006053 ], [ -98.245557831446618, 20.801256930378273 ], [ -98.245872297185485, 20.801022835192846 ], [ -98.245996642654617, 20.800930268033909 ], [ -98.246021057354923, 20.800882328462841 ], [ -98.246218963246406, 20.800493726651467 ], [ -98.246321994074933, 20.800291416170719 ], [ -98.246331267845534, 20.799857571346379 ], [ -98.246336216381607, 20.799626056641802 ], [ -98.246569465707651, 20.799214192927661 ], [ -98.246624749517011, 20.798894770087642 ], [ -98.2466408725181, 20.798801610399405 ], [ -98.246660176229938, 20.798636620655163 ], [ -98.246685324497264, 20.798421660732512 ], [ -98.246689153732447, 20.798388934250671 ], [ -98.246722401714493, 20.798327156569012 ], [ -98.24685250332621, 20.798085411208923 ], [ -98.247177250169287, 20.797869524715487 ], [ -98.247282207389574, 20.797837151867157 ], [ -98.247594036937201, 20.797740971662225 ], [ -98.247910999216401, 20.797544353347252 ], [ -98.247924793912958, 20.797535796132124 ], [ -98.248005602022758, 20.797485669575259 ], [ -98.248022818886497, 20.797474988728258 ], [ -98.248081039713369, 20.797438873671958 ], [ -98.248360630362697, 20.797005475661333 ], [ -98.248686125564745, 20.796637465970271 ], [ -98.248731823772204, 20.796586404532452 ], [ -98.248918599056594, 20.796377711219975 ], [ -98.248803703396192, 20.796272288348163 ], [ -98.248589884382071, 20.796170666766869 ], [ -98.248286766937696, 20.796068659048192 ], [ -98.248253320447859, 20.796025387390749 ], [ -98.248202427423308, 20.795959545570714 ], [ -98.248091554087281, 20.795816104591015 ], [ -98.248054801962567, 20.795783085602668 ], [ -98.247753711445142, 20.79551257777193 ], [ -98.247611384680113, 20.795441401315308 ], [ -98.247415210605695, 20.795343294923416 ], [ -98.247410971113297, 20.795328220381663 ], [ -98.247292351814508, 20.794906472010272 ], [ -98.2470663324398, 20.794649846889751 ], [ -98.247036570607193, 20.794616055970721 ], [ -98.246722152743317, 20.79441712087683 ], [ -98.246526846984779, 20.794293548101141 ], [ -98.246073941466392, 20.793971288541162 ], [ -98.245848281911989, 20.79365002747943 ], [ -98.245844454496748, 20.793645704531034 ], [ -98.245551674733647, 20.793315107131452 ], [ -98.245592906177848, 20.793210116863619 ], [ -98.245609219959718, 20.793168573526426 ], [ -98.245865333035766, 20.793076284190942 ], [ -98.246036701429645, 20.792890211269281 ], [ -98.246045268533805, 20.792739194021213 ], [ -98.246054191542754, 20.792586865213444 ], [ -98.246123055797938, 20.792446269938427 ], [ -98.246276971755137, 20.792132032937101 ], [ -98.246678066474615, 20.791776832982013 ], [ -98.246811800443126, 20.791528444175043 ], [ -98.246967815330692, 20.791238653327579 ], [ -98.246979274921756, 20.791150677032167 ], [ -98.247013733271373, 20.790886139422813 ], [ -98.24713512184745, 20.790485995533302 ], [ -98.247170879382338, 20.790368123463018 ], [ -98.247305228973275, 20.789995247062087 ], [ -98.247550085496371, 20.789602109224798 ], [ -98.24774964757485, 20.789436998486686 ], [ -98.247970678988708, 20.789396471905128 ], [ -98.248013209564448, 20.789407327060989 ], [ -98.248040687517459, 20.789414340821875 ], [ -98.248301498294794, 20.789480911200531 ], [ -98.248526747879225, 20.78966168672504 ], [ -98.248587436923614, 20.789710393429093 ], [ -98.248785252739793, 20.789897990030539 ], [ -98.248837093971488, 20.78999159085409 ], [ -98.249004123602475, 20.790293163724883 ], [ -98.24920132467426, 20.790605247324372 ], [ -98.249338557235589, 20.790655528110982 ], [ -98.249774441074734, 20.790815233254889 ], [ -98.249975024498383, 20.790841253825523 ], [ -98.250105476145364, 20.790858175459629 ], [ -98.250357087841067, 20.791049109437534 ], [ -98.25043547988723, 20.791108597478416 ], [ -98.250698267574748, 20.791277643153155 ], [ -98.250885646133383, 20.791377311086993 ], [ -98.251092065081608, 20.791487105800989 ], [ -98.251296501756912, 20.79166606159372 ], [ -98.251469198916567, 20.791874558279584 ], [ -98.251799758103473, 20.79209858070805 ], [ -98.252178131660756, 20.792233777953346 ], [ -98.252350617491487, 20.792486789673042 ], [ -98.252428264106271, 20.792754224527663 ], [ -98.252506208749836, 20.792962303283559 ], [ -98.252852711576651, 20.793156717836705 ], [ -98.252896711498735, 20.793188023494146 ], [ -98.252970133104753, 20.793240261021118 ], [ -98.253104527235791, 20.793335879174126 ], [ -98.253182473158091, 20.793543961297658 ], [ -98.253259974882965, 20.793841070410778 ], [ -98.25324999530163, 20.793956006704363 ], [ -98.253243232563619, 20.794033903779962 ], [ -98.253392444094473, 20.794098407323933 ], [ -98.253416598194278, 20.794108848448698 ], [ -98.253468733650465, 20.79410635447795 ], [ -98.253700951107831, 20.794095247755262 ], [ -98.25404155091239, 20.79410288786649 ], [ -98.25417469694662, 20.794071719323327 ], [ -98.254372156137791, 20.794025495178445 ], [ -98.25444713719439, 20.794007943071545 ], [ -98.254827061688886, 20.793834242898956 ], [ -98.254917948736193, 20.79379118086521 ], [ -98.255322241554325, 20.793599629616786 ], [ -98.25554581960975, 20.793467377825394 ], [ -98.25559955056508, 20.793454503908414 ], [ -98.255871714004115, 20.793389295511556 ], [ -98.255894510318413, 20.793383545791944 ], [ -98.25636178933209, 20.793265697828957 ], [ -98.256536353792498, 20.793178993865173 ], [ -98.256636720144726, 20.793129142655463 ], [ -98.256833421494989, 20.792971959567801 ], [ -98.257013684041581, 20.792827911831704 ], [ -98.257080418018603, 20.792614999570443 ], [ -98.257099085868106, 20.792555439277244 ], [ -98.257155133879408, 20.792484659451507 ], [ -98.257252791289716, 20.79236133166463 ], [ -98.257516216532267, 20.792028662960966 ], [ -98.257531582983546, 20.792009256882253 ], [ -98.257577097243811, 20.79195177927366 ], [ -98.257707525694585, 20.791787065694812 ], [ -98.257837879849816, 20.791622444582359 ], [ -98.257950426300297, 20.791457815576308 ], [ -98.258052765642049, 20.791308115774701 ], [ -98.258093339614518, 20.791248765441249 ], [ -98.258158449669821, 20.791083989449078 ], [ -98.258195119274248, 20.790991186489698 ], [ -98.258222983581604, 20.790920670283171 ], [ -98.258301918215849, 20.790639058727958 ], [ -98.258408760498668, 20.790145864264897 ], [ -98.258436349015767, 20.789957823542778 ], [ -98.258542563389213, 20.789717061331867 ], [ -98.258548035359922, 20.789704657439103 ], [ -98.258591345560191, 20.789606484748482 ], [ -98.258948532784487, 20.789116292392453 ], [ -98.259379228501601, 20.788744711737877 ], [ -98.259786480612931, 20.788255117216259 ], [ -98.260040653184944, 20.787975605212587 ], [ -98.260344894506332, 20.787696692943513 ], [ -98.260513839252937, 20.787541812538649 ], [ -98.260518091799852, 20.787537914103353 ], [ -98.260826607447257, 20.787255080422536 ], [ -98.261007904196617, 20.78680986855748 ], [ -98.261220424888819, 20.786595571434436 ], [ -98.26126175358057, 20.786553897859498 ], [ -98.261391068457172, 20.786249341455523 ], [ -98.261595165720763, 20.785969227525026 ], [ -98.262020748863407, 20.785974323213942 ], [ -98.262531900870343, 20.785963279304429 ], [ -98.262722026327197, 20.785959171045576 ], [ -98.264323901416105, 20.786001880465797 ], [ -98.266551635936437, 20.786052051694735 ], [ -98.266945180802367, 20.786056752942976 ], [ -98.269180238634092, 20.786083431645562 ], [ -98.270910145984374, 20.785915688380587 ], [ -98.272011655584734, 20.785928814381037 ], [ -98.274439669228755, 20.785981269837755 ], [ -98.274890603901241, 20.785963088828808 ], [ -98.275290837327717, 20.785991396525084 ], [ -98.275565898791626, 20.786018214598325 ], [ -98.275735938803479, 20.785930908156864 ], [ -98.27596929573977, 20.785811092736768 ], [ -98.2761968199774, 20.785648972177007 ], [ -98.276522898717602, 20.785605755166067 ], [ -98.276825839727621, 20.785420983662362 ], [ -98.277078396763713, 20.785259159171613 ], [ -98.277332217499804, 20.785003163939695 ], [ -98.277637370171405, 20.784653591528919 ], [ -98.277866470398166, 20.784373754373124 ], [ -98.278018255139969, 20.784257824878058 ], [ -98.278423541276041, 20.783909440534721 ], [ -98.278626656866564, 20.783699933451167 ], [ -98.278880788533584, 20.783420392028443 ], [ -98.279134286643625, 20.783187936236281 ], [ -98.279339612057541, 20.782813629126498 ], [ -98.279541462774063, 20.782698292115782 ], [ -98.279582631273556, 20.782753521478753 ], [ -98.279984177847979, 20.783292209735563 ], [ -98.280424370545902, 20.784074469585942 ], [ -98.280740028253888, 20.784808157284552 ], [ -98.280985951235678, 20.785140726580149 ], [ -98.281258803331298, 20.785332334787153 ], [ -98.28138334412337, 20.785380904791925 ], [ -98.282355897008244, 20.785674994298134 ], [ -98.283105350954486, 20.785801608741792 ], [ -98.283652009507023, 20.786114190799605 ], [ -98.284395794932706, 20.786664570553665 ], [ -98.284796347149751, 20.786669312957653 ], [ -98.285196900334526, 20.786674055239892 ], [ -98.285474169689024, 20.786536057560092 ], [ -98.286677400517362, 20.786432560497303 ], [ -98.287205642489326, 20.786250435990265 ], [ -98.287531090482517, 20.786254283395472 ], [ -98.28798202610497, 20.786236068255011 ], [ -98.288382892277397, 20.786217259087426 ], [ -98.288659844258532, 20.78610279967009 ], [ -98.288887040598496, 20.785964204152297 ], [ -98.289616497316999, 20.785713809448936 ], [ -98.290042396255117, 20.785695292979547 ], [ -98.290568118680241, 20.785701499656 ], [ -98.290810086065946, 20.785665202192011 ], [ -98.290814092571253, 20.785664600932041 ], [ -98.290860934223048, 20.785657573513344 ], [ -98.291295687038797, 20.785592354458242 ], [ -98.291621762605956, 20.785549109746782 ], [ -98.292022940694196, 20.785506748874496 ], [ -98.292702948793078, 20.785208664597853 ], [ -98.293308792392793, 20.784839062490704 ], [ -98.29409395002385, 20.784165466418525 ], [ -98.294522980029427, 20.783911509755072 ], [ -98.294676005999733, 20.783701392510444 ], [ -98.294829032432517, 20.783491276074038 ], [ -98.294931989132991, 20.783280569856061 ], [ -98.295185777053959, 20.783024546296502 ], [ -98.295236472108868, 20.782978050696382 ], [ -98.295415157705392, 20.782721142952649 ], [ -98.295594782270996, 20.782393605972459 ], [ -98.295773152608461, 20.782160240013727 ], [ -98.295809315380865, 20.782094297886953 ], [ -98.296029756982009, 20.781692329077256 ], [ -98.296183091816701, 20.781458668565676 ], [ -98.296309826624835, 20.781342427012419 ], [ -98.296411841148398, 20.781202348249909 ], [ -98.296489134445963, 20.781038432311249 ], [ -98.296694415174144, 20.780664102575706 ], [ -98.29689750229241, 20.780454572667978 ], [ -98.297025488006739, 20.780244159559693 ], [ -98.297126561161065, 20.780174709372908 ], [ -98.297253607514037, 20.780034924169652 ], [ -98.2975067598111, 20.779825983323658 ], [ -98.297785258278708, 20.779593793024123 ], [ -98.298062504005458, 20.77945577506183 ], [ -98.298263397333372, 20.77941104434418 ], [ -98.298415475185465, 20.779271552974894 ], [ -98.298466167741267, 20.779225055518829 ], [ -98.298618558497438, 20.779062021006737 ], [ -98.298771574514348, 20.778851900426069 ], [ -98.298773451373421, 20.778710643536503 ], [ -98.298775953879243, 20.778522299829952 ], [ -98.298803489601553, 20.778334250789815 ], [ -98.298810059018223, 20.777839848757552 ], [ -98.299854261178353, 20.778393694343816 ], [ -98.300122437126447, 20.778938417826687 ], [ -98.300118060074084, 20.779268018535944 ], [ -98.300436930905761, 20.779766243765799 ], [ -98.300908817180229, 20.780054345577231 ], [ -98.301258350287654, 20.780129090649996 ], [ -98.301432647733904, 20.780201777362677 ], [ -98.301858218665203, 20.780206773766118 ], [ -98.301904166468816, 20.78021212141379 ], [ -98.301906525788354, 20.780212396423099 ], [ -98.302057083422966, 20.780229920056016 ], [ -98.302308198832179, 20.780259148136459 ], [ -98.302476876030767, 20.78075560676141 ], [ -98.302696558904813, 20.781182024351544 ], [ -98.303090855028913, 20.781657582707354 ], [ -98.303712644575782, 20.781970982789687 ], [ -98.304184855941898, 20.782235533661019 ], [ -98.304283743400973, 20.782330879868102 ], [ -98.304356973334151, 20.782473017462987 ], [ -98.304478711866054, 20.782733457665206 ], [ -98.304462096361036, 20.782748699080361 ], [ -98.304022482614542, 20.783151947765099 ], [ -98.303894815565741, 20.783338823186391 ], [ -98.303639481346266, 20.783712574713263 ], [ -98.303611637865671, 20.783924167468069 ], [ -98.303509627821782, 20.784064250388319 ], [ -98.303279325552623, 20.784438294464088 ], [ -98.303022114089529, 20.784953302786011 ], [ -98.30279274485035, 20.785256717100001 ], [ -98.302127169614863, 20.786355596389257 ], [ -98.301940056258871, 20.787248171066867 ], [ -98.301912209406908, 20.787459763137036 ], [ -98.301907523731899, 20.787812907197285 ], [ -98.301955094561819, 20.788001838620207 ], [ -98.301852455141798, 20.788189006191562 ], [ -98.301721657153607, 20.788611310002757 ], [ -98.301686024580619, 20.788669891021577 ], [ -98.301465682269722, 20.789032142859117 ], [ -98.301288562315136, 20.789171343125389 ], [ -98.301062934113716, 20.78919223985352 ], [ -98.30043737075323, 20.789161344237769 ], [ -98.300057466560929, 20.789486533147539 ], [ -98.299797107644522, 20.790236964956797 ], [ -98.299538310820623, 20.7908696809004 ], [ -98.29930391983207, 20.791549776658481 ], [ -98.298888333730332, 20.792675127217567 ], [ -98.298598233634621, 20.793778405024266 ], [ -98.298475968960688, 20.794128852629044 ], [ -98.29831188389862, 20.794599167073894 ], [ -98.29800174811183, 20.795325463182337 ], [ -98.297770788273084, 20.795746584871317 ], [ -98.297530432288184, 20.796873992294 ], [ -98.297526674566967, 20.797156506961961 ], [ -98.297545760750225, 20.79760411581583 ], [ -98.29751477423811, 20.798051136038545 ], [ -98.297434654270219, 20.798426938639256 ], [ -98.297869970194924, 20.799585841744893 ], [ -98.298331894196608, 20.800627324402271 ], [ -98.298328138074737, 20.800909838933627 ], [ -98.298446435364639, 20.801429254946392 ], [ -98.298882290877756, 20.801177519156916 ], [ -98.299405353386064, 20.800875412861743 ], [ -98.299888250121228, 20.800339518019705 ], [ -98.299964924825787, 20.800222685651566 ], [ -98.299989023703702, 20.800293609167507 ], [ -98.300318255839883, 20.800014919360564 ], [ -98.300496641185433, 20.799781549491147 ], [ -98.300598664269074, 20.799641468790163 ], [ -98.300626514683017, 20.799429876921437 ], [ -98.300762954404632, 20.798583803175898 ], [ -98.30097075046983, 20.798021126665507 ], [ -98.301301851432214, 20.797601176416453 ], [ -98.301479919016458, 20.797391349066679 ], [ -98.301632012777759, 20.797251855403488 ], [ -98.3018348043001, 20.797065863343679 ], [ -98.301988459208275, 20.796808655713548 ], [ -98.302267920144175, 20.796505830926616 ], [ -98.302395600897555, 20.796318956909165 ], [ -98.302518057590831, 20.796112980628802 ], [ -98.302523593014115, 20.796108539533865 ], [ -98.302876911261549, 20.795900767060665 ], [ -98.303448371723775, 20.796237124667936 ], [ -98.30346997361508, 20.796496389925181 ], [ -98.303439941621505, 20.796872782941591 ], [ -98.303735694850118, 20.797229451028269 ], [ -98.304157880367654, 20.797493415222867 ], [ -98.304531242180417, 20.797662619558608 ], [ -98.304680525284965, 20.797735009713417 ], [ -98.305332410089889, 20.79767201205696 ], [ -98.305405647554466, 20.797814149743935 ], [ -98.305578096262906, 20.798028090528824 ], [ -98.306148324285246, 20.798458610807227 ], [ -98.30637115911351, 20.798649594310795 ], [ -98.306467876259646, 20.798909739723971 ], [ -98.306539556670742, 20.799169591752378 ], [ -98.306610302419941, 20.799500072861029 ], [ -98.306782754255536, 20.799714011609044 ], [ -98.307302606814034, 20.800167484738363 ], [ -98.307474748774524, 20.800404966138323 ], [ -98.307622165734628, 20.800618611758782 ], [ -98.307817476685898, 20.800997643402567 ], [ -98.307838151502651, 20.801327538032773 ], [ -98.307830361477826, 20.801916111118189 ], [ -98.308235630061247, 20.801567656048228 ], [ -98.30848942694017, 20.801311614281612 ], [ -98.308844929640912, 20.800939029211332 ], [ -98.309274295528866, 20.800661493730079 ], [ -98.309603200787365, 20.800406328122996 ], [ -98.309883899532394, 20.800009318954121 ], [ -98.310623971041352, 20.798958375433571 ], [ -98.310830175228787, 20.798513400184994 ], [ -98.311131548852984, 20.798446282801045 ], [ -98.311664781855043, 20.797887395503771 ], [ -98.312092579129967, 20.79772756740573 ], [ -98.312271282227897, 20.797195667024212 ], [ -98.312714198327924, 20.795877335518572 ], [ -98.31334280224155, 20.794068896113728 ], [ -98.314410884138823, 20.7909261135676 ], [ -98.314883882609095, 20.789787250975049 ], [ -98.315315986667613, 20.788746834683252 ], [ -98.315786306364856, 20.788719581907912 ], [ -98.315992554579779, 20.788707630739268 ], [ -98.316523254079783, 20.788337070226124 ], [ -98.317712298320259, 20.787409058365636 ], [ -98.318039611370637, 20.787271590963464 ], [ -98.3181901308443, 20.787249796651718 ], [ -98.318794994609306, 20.786950733296027 ], [ -98.319096651093133, 20.78686005766296 ], [ -98.319476508630615, 20.786534825726793 ], [ -98.320434638396677, 20.78602794680225 ], [ -98.321014768419246, 20.785705040742666 ], [ -98.321440665654222, 20.785686445726764 ], [ -98.321890670540668, 20.785738769750601 ], [ -98.322241464764957, 20.78571930085781 ], [ -98.322745558019378, 20.785466144322253 ], [ -98.323325062982065, 20.785190316754417 ], [ -98.323626404450067, 20.785123176316041 ], [ -98.323827607516264, 20.785054873188347 ], [ -98.324130493816568, 20.784870016240259 ], [ -98.324558551552983, 20.784686611735271 ], [ -98.325214788149367, 20.78386244563815 ], [ -98.325245907141223, 20.78382336310257 ], [ -98.32526811329052, 20.783847447926728 ], [ -98.325443402682339, 20.784037574106961 ], [ -98.32579343133736, 20.784136032859433 ], [ -98.325967273316479, 20.784184931962084 ], [ -98.326493612881492, 20.784143942306486 ], [ -98.326819059521341, 20.784147715910276 ], [ -98.327319439324327, 20.784177063573516 ], [ -98.327721840617926, 20.784040447449922 ], [ -98.328148041706527, 20.783998293390489 ], [ -98.328522324235166, 20.784096816314925 ], [ -98.328517700561363, 20.784449962876081 ], [ -98.328562836766594, 20.784827232137388 ], [ -98.328058016303373, 20.785167486943074 ], [ -98.328248856947894, 20.785859648470272 ], [ -98.327688383887107, 20.786090627812325 ], [ -98.328119380187189, 20.786543053818463 ], [ -98.32852403874935, 20.786628043443443 ], [ -98.328785081952958, 20.786676105328606 ], [ -98.329022765910793, 20.786881521926908 ], [ -98.329543417955193, 20.787280702012279 ], [ -98.330045470147553, 20.787523704683867 ], [ -98.330239261722923, 20.787576481933819 ], [ -98.330391545716637, 20.787617955181421 ], [ -98.330955162184864, 20.787609890102946 ], [ -98.331317648784491, 20.787760581809007 ], [ -98.331332302346937, 20.787844457119721 ], [ -98.331365260891701, 20.787880162654073 ], [ -98.331605483042665, 20.788140405282657 ], [ -98.331952162099995, 20.788445229957283 ], [ -98.332138493058778, 20.788648091507412 ], [ -98.332530533994884, 20.788720271553363 ], [ -98.332912671745618, 20.788796120720452 ], [ -98.333091011370684, 20.788924418502205 ], [ -98.333189243689233, 20.789095619513041 ], [ -98.333409948314255, 20.789451370955518 ], [ -98.333589400547979, 20.789880339133852 ], [ -98.333620888878372, 20.78987096480494 ], [ -98.33405146378945, 20.789742776240701 ], [ -98.334120507470615, 20.789703918456063 ], [ -98.334365756971806, 20.789640679154427 ], [ -98.334841825638236, 20.789546393042496 ], [ -98.335267816498941, 20.78985268290667 ], [ -98.335568535345288, 20.790276797467353 ], [ -98.335794076650942, 20.790606664758037 ], [ -98.335894351775394, 20.791125047149389 ], [ -98.33594449722527, 20.791454928078238 ], [ -98.336044744426118, 20.791666988567311 ], [ -98.336345426232313, 20.791643401552268 ], [ -98.336696233826643, 20.791737626131091 ], [ -98.336946832486205, 20.792020363840646 ], [ -98.337222481730009, 20.792232408589694 ], [ -98.337523189125008, 20.792444452201988 ], [ -98.337823887644362, 20.792562241692856 ], [ -98.338199765178942, 20.792750712973856 ], [ -98.338450370714511, 20.793057011796208 ], [ -98.338525589050917, 20.793481142350466 ], [ -98.338475535830625, 20.79404666312227 ], [ -98.338425465423597, 20.794447241991502 ], [ -98.338275160847573, 20.794824267090121 ], [ -98.338400540014248, 20.795672530320925 ], [ -98.338776452832576, 20.796096632328489 ], [ -98.339001993314625, 20.796285116369717 ], [ -98.339428021993726, 20.796685649815164 ], [ -98.33972873273359, 20.796826999324416 ], [ -98.340280006944397, 20.79682694370511 ], [ -98.340731034445355, 20.796709081805666 ], [ -98.341461589862945, 20.796817567671681 ], [ -98.342453217293652, 20.796898815345273 ], [ -98.343183835043845, 20.797099446324211 ], [ -98.343270265349418, 20.797121960842155 ], [ -98.344665269052726, 20.797485344431724 ], [ -98.343535525936232, 20.797937645815981 ], [ -98.343178105273097, 20.798080739115296 ], [ -98.342612635168962, 20.798378555934526 ], [ -98.342125505288692, 20.798565019167249 ], [ -98.341680328633487, 20.798782040825163 ], [ -98.341157315408026, 20.799065354859447 ], [ -98.340806528877025, 20.799301024540103 ], [ -98.340280309436835, 20.799348205234622 ], [ -98.339829276727215, 20.799489629555111 ], [ -98.339278004447976, 20.799583935801024 ], [ -98.338877070879178, 20.799583973434498 ], [ -98.338601423883318, 20.799536873328787 ], [ -98.338200503350876, 20.79965472490969 ], [ -98.337849713785459, 20.799913951428909 ], [ -98.337423740635927, 20.800102493191694 ], [ -98.336997773012058, 20.80036172343425 ], [ -98.336621929474035, 20.800715201942172 ], [ -98.336145852627084, 20.801092249548052 ], [ -98.335771689437237, 20.801949694303016 ], [ -98.335693992246831, 20.802037379801448 ], [ -98.33474197536195, 20.80202631840606 ], [ -98.333628364616686, 20.802244400218452 ], [ -98.333589560382947, 20.802251998981355 ], [ -98.33319376986833, 20.802164068429079 ], [ -98.332640177259847, 20.802369588515429 ], [ -98.331913475216723, 20.802408278423957 ], [ -98.331463109109364, 20.802379521470051 ], [ -98.331187697737121, 20.802376335577815 ], [ -98.330155617382914, 20.802788229617907 ], [ -98.327884042966872, 20.804151168157357 ], [ -98.323317547976757, 20.80623647785314 ], [ -98.322492162336573, 20.806554933302706 ], [ -98.322490983150999, 20.806555388533901 ], [ -98.319573905297531, 20.807680827851495 ], [ -98.317560303020031, 20.808457963390268 ], [ -98.317031706297144, 20.80866372309066 ], [ -98.316631092746036, 20.808659054513203 ], [ -98.316330321614828, 20.808679094501326 ], [ -98.316128462739741, 20.808794474141422 ], [ -98.316002029698865, 20.808887186399431 ], [ -98.315850247174666, 20.809003149300846 ], [ -98.315624591041825, 20.809024064308158 ], [ -98.315396761689556, 20.809209779820399 ], [ -98.315269084893714, 20.809396663656301 ], [ -98.315141098223208, 20.809607090028607 ], [ -98.314837841315352, 20.809815471518586 ], [ -98.315156821551639, 20.810313670897258 ], [ -98.315255929180523, 20.810439495003983 ], [ -98.3156247943582, 20.810907793352904 ], [ -98.31582044827806, 20.81126327385217 ], [ -98.315966335684664, 20.811594627026654 ], [ -98.315985422885774, 20.811628523105536 ], [ -98.31625997447432, 20.812116075530675 ], [ -98.316331987249754, 20.812352380827608 ], [ -98.316377099913879, 20.812729652100874 ], [ -98.316442906770604, 20.813436816927926 ], [ -98.316351030804142, 20.814707260441139 ], [ -98.316313404870414, 20.815812415444352 ], [ -98.316313066328178, 20.815822368368259 ], [ -98.316310162589204, 20.815907659525458 ], [ -98.316397906241349, 20.81685054574471 ], [ -98.316536041616544, 20.81777047235455 ], [ -98.317387087113971, 20.817803937510536 ], [ -98.318339222326799, 20.817767937243495 ], [ -98.318865679813157, 20.817726974382868 ], [ -98.31916646879516, 20.817706930127986 ], [ -98.319591526507267, 20.817758971418563 ], [ -98.320193103344181, 20.817718879429258 ], [ -98.320543042607341, 20.817770044712663 ], [ -98.321168730452627, 20.817800869060758 ], [ -98.321641393470344, 20.818041832136021 ], [ -98.321988857668941, 20.818281337889083 ], [ -98.322313758372999, 20.818332208287213 ], [ -98.322563848379815, 20.818358661250041 ], [ -98.322888750451611, 20.818409530449518 ], [ -98.323288772028349, 20.818461271697725 ], [ -98.323911370946519, 20.818727516888519 ], [ -98.324782519825405, 20.819137924596731 ], [ -98.325080220364086, 20.819353299965055 ], [ -98.325379775191209, 20.819427416313196 ], [ -98.325653981690323, 20.819524785550328 ], [ -98.325954464039214, 20.819528272456534 ], [ -98.326279060655196, 20.819602678143081 ], [ -98.326551724589706, 20.819817760593743 ], [ -98.326749575814048, 20.82000842784571 ], [ -98.327023166649568, 20.820152880224889 ], [ -98.327446382908249, 20.820346160075932 ], [ -98.327970071136264, 20.820517058122626 ], [ -98.328646469927577, 20.820501350451725 ], [ -98.328818051448366, 20.820785897497224 ], [ -98.328824684493284, 20.820812217229228 ], [ -98.328750849852995, 20.821300510973945 ], [ -98.328675662895009, 20.821450249406745 ], [ -98.328619375907437, 20.821562346990689 ], [ -98.328609655356274, 20.821581707634017 ], [ -98.328585843446646, 20.821629129631088 ], [ -98.328583514861208, 20.822155944057879 ], [ -98.328300225637747, 20.822813365242933 ], [ -98.328018098112921, 20.823207378251897 ], [ -98.327805582180773, 20.823711417177162 ], [ -98.327802668598466, 20.824369934623068 ], [ -98.327659854028738, 20.82496205096275 ], [ -98.327725673133017, 20.825928152095546 ], [ -98.327725085390966, 20.826061128444383 ], [ -98.327723050149658, 20.826520817966486 ], [ -98.327392727620676, 20.827243905260662 ], [ -98.327155865559988, 20.827967359130557 ], [ -98.32713171267325, 20.828660352369813 ], [ -98.327131505105115, 20.82866630574356 ], [ -98.327129091910251, 20.828735534808729 ], [ -98.32719608098634, 20.829438228857597 ], [ -98.327639062547249, 20.829659473442987 ], [ -98.328776253282285, 20.829709566369381 ], [ -98.329001630888911, 20.829712178114839 ], [ -98.329012012498296, 20.829715313712597 ], [ -98.32932594176485, 20.829810121619385 ], [ -98.329851206081671, 20.829863298563588 ], [ -98.330426554572227, 20.829917054393427 ], [ -98.330902043689335, 20.829946105882009 ], [ -98.331578484542845, 20.829930387710949 ], [ -98.331623465338907, 20.829935748269811 ], [ -98.332453721871957, 20.8300346988364 ], [ -98.333589938578683, 20.830495625915269 ], [ -98.334903475470213, 20.830927312292498 ], [ -98.335979131524169, 20.831394496814195 ], [ -98.336214341800087, 20.831482985452638 ], [ -98.336240635532647, 20.83149287769 ], [ -98.336593248493685, 20.831625535165799 ], [ -98.338087230129958, 20.832461394366273 ], [ -98.339667366908117, 20.832742580399245 ], [ -98.341013954804723, 20.83285779566372 ], [ -98.342772423177962, 20.832534420717817 ], [ -98.34382735886814, 20.832373397265904 ], [ -98.345059890848475, 20.831772883911196 ], [ -98.34542920389444, 20.831843155748984 ], [ -98.345941195689988, 20.833038741542055 ], [ -98.34650124561098, 20.833852813112898 ], [ -98.347063802084477, 20.834495629218544 ], [ -98.347636713707573, 20.834638212250812 ], [ -98.347957815408492, 20.834806909757067 ], [ -98.349887126668278, 20.834724803252264 ], [ -98.351414974513034, 20.834822394160106 ], [ -98.352442250406355, 20.83538300952533 ], [ -98.352870464034396, 20.836007133600674 ], [ -98.352916256606036, 20.837174544319456 ], [ -98.352468044720595, 20.838514609863349 ], [ -98.352190965598339, 20.839427152543731 ], [ -98.351247823696582, 20.840774504416213 ], [ -98.350254958453547, 20.841708976326156 ], [ -98.349751272398038, 20.842981051236926 ], [ -98.349935311335472, 20.844635270082424 ], [ -98.350249539242895, 20.845768068664384 ], [ -98.350863181475518, 20.846234569269839 ], [ -98.351548557986106, 20.846419084036658 ], [ -98.3519314257627, 20.847779134388777 ], [ -98.351788037100931, 20.848796424692669 ], [ -98.351571714817297, 20.849141482370598 ], [ -98.350943473948902, 20.850310295587409 ], [ -98.35025346203625, 20.851329424341539 ], [ -98.349662176360908, 20.852133882151229 ], [ -98.348987376084182, 20.852849301231242 ], [ -98.348550608652147, 20.853388891824782 ], [ -98.348014530411476, 20.854088071162774 ], [ -98.347700301909896, 20.854920239473142 ], [ -98.347834257771851, 20.856520092277446 ], [ -98.347883052233655, 20.857296908452589 ], [ -98.34795780215083, 20.857920475179693 ], [ -98.347786279018976, 20.858867844201246 ], [ -98.345799969751837, 20.860565249789744 ], [ -98.345231058381088, 20.861095433031394 ], [ -98.344517760346307, 20.86223550721423 ], [ -98.345050346965024, 20.86366686930549 ], [ -98.345145535938116, 20.864852540169615 ], [ -98.345557311791481, 20.86436087256563 ], [ -98.345900039263242, 20.863723359261449 ], [ -98.346525386293507, 20.863246622214341 ], [ -98.347041002343985, 20.863047484158866 ], [ -98.347369838949518, 20.863064348397486 ], [ -98.347657863334547, 20.863303558531907 ], [ -98.347915103027347, 20.863591818074251 ], [ -98.348051568154588, 20.864104213282051 ], [ -98.347871153956675, 20.864747473019658 ], [ -98.348154347022714, 20.865526600594027 ], [ -98.34889196042306, 20.865621484909028 ], [ -98.349997044982715, 20.864729703110722 ], [ -98.350036095912557, 20.863792348684409 ], [ -98.350213165148077, 20.86270260312353 ], [ -98.350623254843669, 20.861802467959905 ], [ -98.351010531673097, 20.86118748433773 ], [ -98.352315406912865, 20.860567197070242 ], [ -98.353290073265171, 20.86020301544777 ], [ -98.354392940889781, 20.859632944000126 ], [ -98.354930641417795, 20.859173994002788 ], [ -98.355764662572867, 20.858502062980893 ], [ -98.356203189514318, 20.857690220556975 ], [ -98.35654563008832, 20.857105916037593 ], [ -98.357510185691282, 20.856790117244653 ], [ -98.358643825162119, 20.856687902877468 ], [ -98.35932328046151, 20.856796912015213 ], [ -98.359604993475585, 20.857170620099886 ], [ -98.359602288980071, 20.857809443562854 ], [ -98.359543603794734, 20.85828835064423 ], [ -98.359711319900057, 20.858821338434904 ], [ -98.360018075213389, 20.859508295243344 ], [ -98.36071688259797, 20.859979389459109 ], [ -98.362820874923926, 20.860430021060324 ], [ -98.363429398574524, 20.860639742362061 ], [ -98.363806896902204, 20.861184933075187 ], [ -98.364230451735537, 20.862085575428811 ], [ -98.364431526896539, 20.862718621574935 ], [ -98.364932545262775, 20.863444948040609 ], [ -98.365838878927477, 20.863874954159662 ], [ -98.366623499768011, 20.863551458681293 ], [ -98.367201156286043, 20.862863114175497 ], [ -98.367256650958822, 20.862365201909249 ], [ -98.367577693287316, 20.862174683534583 ], [ -98.36759115567969, 20.862166694358368 ], [ -98.36780105805839, 20.861984066733104 ], [ -98.368068840506851, 20.861852687948168 ], [ -98.368333059219509, 20.861832155154978 ], [ -98.369066025630588, 20.862103725786849 ], [ -98.369474169542727, 20.862282500908343 ], [ -98.369747330045755, 20.862402148869275 ], [ -98.370417994514099, 20.862489076937401 ], [ -98.37112594918662, 20.862314448005996 ], [ -98.371446866246004, 20.86178715477087 ], [ -98.371726253180299, 20.86132809531372 ], [ -98.371776420259408, 20.861121656214468 ], [ -98.371867957331162, 20.860744981135067 ], [ -98.372097305016098, 20.8598011989938 ], [ -98.372617308680404, 20.858294641895423 ], [ -98.372807213341758, 20.857237459028475 ], [ -98.373035218649264, 20.85654687161929 ], [ -98.373425343942941, 20.856136812918393 ], [ -98.373991681866244, 20.855513407507058 ], [ -98.374690928629406, 20.855088025036988 ], [ -98.375711923730776, 20.854723142495729 ], [ -98.376107281609265, 20.854497563962955 ], [ -98.376475271920242, 20.854454551012093 ], [ -98.376594485812277, 20.85441583350304 ], [ -98.376602282911534, 20.854413300846424 ], [ -98.3770978270108, 20.854252359032646 ], [ -98.377244466092847, 20.854115641692207 ], [ -98.377363788902684, 20.854004390585885 ], [ -98.37760398354358, 20.853780445747045 ], [ -98.377628324886601, 20.853757750894886 ], [ -98.37809652921618, 20.853292115759029 ], [ -98.378565940746299, 20.852534404956874 ], [ -98.378910036352707, 20.852009906152634 ], [ -98.379660789130298, 20.851861579209867 ], [ -98.380164819687664, 20.852422424509179 ], [ -98.380505692185082, 20.852728579036498 ], [ -98.380897248390582, 20.852920434063666 ], [ -98.381379266613081, 20.853128622278032 ], [ -98.381751581620122, 20.853330451794825 ], [ -98.381820663798479, 20.853429942362308 ], [ -98.381881837785457, 20.853513780306415 ], [ -98.382092105833763, 20.853523306593861 ], [ -98.383405534880566, 20.853582846572962 ], [ -98.387995703816287, 20.853790862966875 ], [ -98.388119431789264, 20.855297319655136 ], [ -98.389568159859692, 20.855790319788223 ], [ -98.390181553052969, 20.85559525536965 ], [ -98.390775350388381, 20.855174291541292 ], [ -98.391585373791557, 20.854988840401052 ], [ -98.392408645959605, 20.854605553508271 ], [ -98.393166064972419, 20.854346566051571 ], [ -98.393251931237117, 20.854356567464471 ], [ -98.393643034311495, 20.854402120034713 ], [ -98.394290149403261, 20.854948916406595 ], [ -98.394541214616766, 20.855035045998349 ], [ -98.394600689934748, 20.855055449478179 ], [ -98.394895068040853, 20.85508618966427 ], [ -98.395140760140634, 20.85507418514046 ], [ -98.395627539450516, 20.855356915146718 ], [ -98.396120536682034, 20.855763175724725 ], [ -98.396141489982071, 20.856671130071852 ], [ -98.396287827108239, 20.856931052242157 ], [ -98.396478652077263, 20.857269989200457 ], [ -98.397426821290196, 20.857762554807319 ], [ -98.397957508688009, 20.85856884236993 ], [ -98.398247656533101, 20.858730626687628 ], [ -98.399578210301826, 20.858600615999592 ], [ -98.400730831792401, 20.85836186475095 ], [ -98.40118407632157, 20.858215618317242 ], [ -98.401493313238191, 20.858115836983568 ], [ -98.402148078681421, 20.858160618525442 ], [ -98.402909054994112, 20.858383874636747 ], [ -98.403330274492376, 20.85814752226992 ], [ -98.403716480786969, 20.857992530646111 ], [ -98.403973327591444, 20.857463559011556 ], [ -98.404142470146553, 20.856687759580613 ], [ -98.404861971614025, 20.855969735350254 ], [ -98.405581019248856, 20.855197231661528 ], [ -98.406520998801327, 20.855111660832957 ], [ -98.406740844803252, 20.855091646590537 ], [ -98.407213916432639, 20.854823771858687 ], [ -98.407987128696917, 20.85424910067815 ], [ -98.408718115048288, 20.853728369557277 ], [ -98.409709719530994, 20.853610113876876 ], [ -98.410622833599959, 20.854016140788797 ], [ -98.410769783348414, 20.854269463359302 ], [ -98.411421508879499, 20.854093010970246 ], [ -98.411638743728616, 20.853500498418139 ], [ -98.411913095615844, 20.852751578298083 ], [ -98.412015416497511, 20.852078933815136 ], [ -98.412123436676751, 20.851104885875134 ], [ -98.412230534249943, 20.849958388876814 ], [ -98.412737777821434, 20.849036390965743 ], [ -98.413717207748718, 20.848636448918658 ], [ -98.414651005981895, 20.848721199076319 ], [ -98.415168405215638, 20.849091954760819 ], [ -98.415607097857489, 20.849045554177284 ], [ -98.416130718226967, 20.848790794655521 ], [ -98.416564251737142, 20.848479241955818 ], [ -98.41702217228061, 20.848096093686085 ], [ -98.417401477752776, 20.848335517560013 ], [ -98.417803386010362, 20.849261807164208 ], [ -98.417824136127081, 20.849968615574586 ], [ -98.418156331978651, 20.850816697620626 ], [ -98.41874160295707, 20.850979324190586 ], [ -98.419429022929904, 20.85110245982268 ], [ -98.420276743638837, 20.85100137726625 ], [ -98.420615082499225, 20.850451378380821 ], [ -98.421025891611436, 20.849575755183729 ], [ -98.421806300373504, 20.849164623493973 ], [ -98.422397543861578, 20.849157541047337 ], [ -98.422947569587762, 20.849442770519293 ], [ -98.423322066748796, 20.849794546027258 ], [ -98.424219269346708, 20.849998385849208 ], [ -98.424308126033566, 20.849984781569393 ], [ -98.424732696547423, 20.849919778369284 ], [ -98.425138310501751, 20.849604581487387 ], [ -98.425247338890287, 20.849519855668714 ], [ -98.425676152574781, 20.849199969702674 ], [ -98.426063273516576, 20.848598791945154 ], [ -98.425815514789392, 20.84824893516971 ], [ -98.425635676248106, 20.847899990836464 ], [ -98.425967167618012, 20.847563020689545 ], [ -98.426528231378853, 20.847504640120892 ], [ -98.42686690054849, 20.847101834473495 ], [ -98.427602495754641, 20.847302275166609 ], [ -98.427468056916766, 20.848222860805606 ], [ -98.427439595950588, 20.848777733627006 ], [ -98.427631948562947, 20.849305477254241 ], [ -98.427904385569477, 20.84919285996326 ], [ -98.42828549213155, 20.848897655012806 ], [ -98.428632128798782, 20.848613464495308 ], [ -98.429050486337019, 20.848409448938323 ], [ -98.429608781936594, 20.848205163308254 ], [ -98.430262544253566, 20.847935980043193 ], [ -98.430638582152554, 20.847672433724068 ], [ -98.430799243333595, 20.847356878241392 ], [ -98.430863129815123, 20.846816729506269 ], [ -98.43073879332789, 20.846636596340378 ], [ -98.430522642444942, 20.84669365175283 ], [ -98.429520678026094, 20.846958125819327 ], [ -98.430453686548745, 20.845749958456036 ], [ -98.430963292615203, 20.844632457030499 ], [ -98.431395042088184, 20.843564736608226 ], [ -98.431527884344419, 20.84281619918864 ], [ -98.431819913289516, 20.841691556438068 ], [ -98.432324883702663, 20.840977054754681 ], [ -98.4327267902312, 20.840785472890204 ], [ -98.432718215894923, 20.841351050764271 ], [ -98.432889068780014, 20.84167669744318 ], [ -98.433186753518029, 20.841834581346426 ], [ -98.433483053419167, 20.841472367387514 ], [ -98.433710923353701, 20.841055802115502 ], [ -98.434355191604141, 20.840707158651817 ], [ -98.434873316091725, 20.84044285541054 ], [ -98.435284236453668, 20.840132404106491 ], [ -98.43580081913511, 20.839926256537531 ], [ -98.436400188175568, 20.839518368408402 ], [ -98.436756983716137, 20.839255489582492 ], [ -98.437131041143786, 20.838928180636174 ], [ -98.437364221725247, 20.838770823030337 ], [ -98.438048331976702, 20.838773064350832 ], [ -98.438561565131693, 20.838734577561528 ], [ -98.439375432239189, 20.838335589576904 ], [ -98.439676188027519, 20.837876866853293 ], [ -98.439848427489395, 20.837614158799063 ], [ -98.439918912512468, 20.837353162770732 ], [ -98.440021825834634, 20.836972083628556 ], [ -98.440142176074886, 20.836355465714128 ], [ -98.44045427864917, 20.835648043219351 ], [ -98.441090263317946, 20.835091847413334 ], [ -98.441825309299546, 20.834833790659278 ], [ -98.442810935843383, 20.834490107141445 ], [ -98.44329305328948, 20.834492492823859 ], [ -98.44368018122384, 20.834323512907368 ], [ -98.443752101649196, 20.834132489674673 ], [ -98.44379647421782, 20.833690814482988 ], [ -98.443777225228303, 20.83342478071037 ], [ -98.443766954637297, 20.833282832243501 ], [ -98.443755778640352, 20.833128371730094 ], [ -98.443673795011989, 20.832164139262115 ], [ -98.44363530755615, 20.830999224578104 ], [ -98.443638690474359, 20.830075435872828 ], [ -98.444027454385676, 20.828992237019953 ], [ -98.444543738600117, 20.828110272806502 ], [ -98.44514508218289, 20.827349079312555 ], [ -98.445660327716297, 20.826748264543138 ], [ -98.446090356569911, 20.826066843192855 ], [ -98.446820092673605, 20.825265890615132 ], [ -98.447335032938057, 20.824745401507656 ], [ -98.44750867094632, 20.824022985979301 ], [ -98.44751200996572, 20.82402135595974 ], [ -98.447669169912061, 20.823944661294792 ], [ -98.447714711342613, 20.823922436313008 ], [ -98.448119366182581, 20.823724961772818 ], [ -98.448408090242467, 20.823584060276968 ], [ -98.448753548708012, 20.823288593664042 ], [ -98.448922728093777, 20.823143896756172 ], [ -98.449480258624533, 20.822663700588343 ], [ -98.449792086375055, 20.822395125753498 ], [ -98.450037787089144, 20.822183503496081 ], [ -98.45055357196847, 20.821471861129584 ], [ -98.450812698417295, 20.820749714907386 ], [ -98.451071822090839, 20.820027568610591 ], [ -98.451203416757622, 20.819104187134169 ], [ -98.451292978028846, 20.817979845532978 ], [ -98.451467174408208, 20.817096767371766 ], [ -98.451726288593321, 20.816374619116623 ], [ -98.451810571540236, 20.815920107955986 ], [ -98.45203147914475, 20.814728816267618 ], [ -98.452205232898336, 20.813966227620181 ], [ -98.45212364238111, 20.812881505514934 ], [ -98.451827139875633, 20.812117420034049 ], [ -98.451230674900401, 20.811553198850337 ], [ -98.450805209582981, 20.810989526106226 ], [ -98.450490682973609, 20.81069199586387 ], [ -98.450464376737344, 20.810667111704088 ], [ -98.450432608197971, 20.810228260045193 ], [ -98.450353155097062, 20.810214312861898 ], [ -98.450070890082998, 20.810164765817227 ], [ -98.449644881005227, 20.810188643762004 ], [ -98.449576898585704, 20.81017804212237 ], [ -98.44949449737986, 20.810165190989562 ], [ -98.449218772519004, 20.810094703297835 ], [ -98.44949422210739, 20.80983530125561 ], [ -98.449819948443704, 20.80976437030721 ], [ -98.449769610614382, 20.809505207913862 ], [ -98.449618813895214, 20.808986920477395 ], [ -98.449543356538058, 20.808657086431591 ], [ -98.449442760213799, 20.808233015306879 ], [ -98.449367264181305, 20.807856053271941 ], [ -98.449341948459065, 20.807549745782321 ], [ -98.449341751709852, 20.807314110026894 ], [ -98.449441636560991, 20.806889892259409 ], [ -98.449557351622715, 20.806425830601185 ], [ -98.449641445013683, 20.80608858313456 ], [ -98.449816468444553, 20.805617182023148 ], [ -98.450066570530325, 20.805027906621298 ], [ -98.450191591585892, 20.804697924029952 ], [ -98.450491889054135, 20.804202865843923 ], [ -98.450666868048529, 20.803684336468418 ], [ -98.45081692518211, 20.803330770893012 ], [ -98.450824101161672, 20.803318377366224 ], [ -98.450967062711982, 20.803071459297762 ], [ -98.451067120463591, 20.80285931233848 ], [ -98.451116939119487, 20.802505821230589 ], [ -98.451666636658729, 20.800620321243489 ], [ -98.451704159143375, 20.800504730543871 ], [ -98.452041533906922, 20.799465422104412 ], [ -98.452448861543189, 20.798260763411108 ], [ -98.452591430371939, 20.797839118608263 ], [ -98.452785567505003, 20.79737332519473 ], [ -98.453416650352224, 20.795859147737346 ], [ -98.45345903860256, 20.795555446481394 ], [ -98.453608191025296, 20.795416241343474 ], [ -98.454123437060105, 20.794775230280209 ], [ -98.454425385644427, 20.794013047420261 ], [ -98.45485584949526, 20.7931709400629 ], [ -98.455273402751175, 20.792457343161342 ], [ -98.455371943824602, 20.792288935559871 ], [ -98.455549818594349, 20.79036155766908 ], [ -98.455852037910532, 20.789519041460021 ], [ -98.456365675327305, 20.789319838934485 ], [ -98.457347914010811, 20.789563936741548 ], [ -98.457990069234583, 20.78928480350303 ], [ -98.458589902539785, 20.788885038804363 ], [ -98.458933701479239, 20.788363969597086 ], [ -98.459152967224384, 20.788317148548774 ], [ -98.459489794338609, 20.788245223059818 ], [ -98.460516053995434, 20.788127950443879 ], [ -98.460987929237803, 20.787647444158136 ], [ -98.461246519360799, 20.78704577196854 ], [ -98.461761561858054, 20.786444902278774 ], [ -98.462275890256208, 20.786044856157837 ], [ -98.462631309981717, 20.785416233236173 ], [ -98.462873798988099, 20.785319471215388 ], [ -98.463230555524902, 20.785177110648018 ], [ -98.463232396562574, 20.784654964978447 ], [ -98.463277402324081, 20.784012458518873 ], [ -98.462853240884286, 20.783087327626365 ], [ -98.462642933278332, 20.782122700123768 ], [ -98.462517830841236, 20.781238666602878 ], [ -98.462136278188751, 20.78035383444001 ], [ -98.461711854942706, 20.779509028875466 ], [ -98.460857891972864, 20.779265362731806 ], [ -98.46051696534424, 20.778983134512529 ], [ -98.460989385533338, 20.778341967824876 ], [ -98.46124824237539, 20.777659963728652 ], [ -98.461763394058991, 20.777018929738531 ], [ -98.461949013246084, 20.776544141667845 ], [ -98.462108431995688, 20.77613636891655 ], [ -98.462665746807247, 20.775656123885366 ], [ -98.463110891380566, 20.77539207786657 ], [ -98.463548389133862, 20.775310181282443 ], [ -98.463923565187272, 20.775114344655019 ], [ -98.46407954544388, 20.774696559173059 ], [ -98.463995764286253, 20.774214313740266 ], [ -98.4643825320031, 20.773613034980766 ], [ -98.464557301114695, 20.772529108608598 ], [ -98.464345725479149, 20.771925968526968 ], [ -98.464139148294166, 20.771808896938911 ], [ -98.463690564652424, 20.771591206234671 ], [ -98.463690289325257, 20.771591072812452 ], [ -98.462866260124059, 20.771159970387561 ], [ -98.462525249425809, 20.770810733581097 ], [ -98.461646210239422, 20.770170302356416 ], [ -98.461188252288622, 20.769157744622976 ], [ -98.460764005958623, 20.768272772177991 ], [ -98.460511135831055, 20.767267840897414 ], [ -98.461067712384292, 20.766988425340465 ], [ -98.460984791914754, 20.766265185867052 ], [ -98.460561549015409, 20.765099059169174 ], [ -98.460308826953252, 20.764053962696146 ], [ -98.460099413254298, 20.762848338559198 ], [ -98.459888911092392, 20.762433914227554 ], [ -98.459124120126035, 20.761758048541783 ], [ -98.458672555440685, 20.761075060689276 ], [ -98.458271098911169, 20.760392031751461 ], [ -98.4574682600812, 20.75909666269251 ], [ -98.457242221133143, 20.758460619466128 ], [ -98.456514262906936, 20.756835295254408 ], [ -98.456363449136916, 20.756269883817556 ], [ -98.456037191277616, 20.755610354375907 ], [ -98.45541069290438, 20.755375206267122 ], [ -98.454734073942262, 20.75511653003861 ], [ -98.454257661561215, 20.754622060000628 ], [ -98.454007044375373, 20.754504434606478 ], [ -98.45378127268205, 20.754151153134234 ], [ -98.453480369038317, 20.753821491389896 ], [ -98.452979077827024, 20.753515547033935 ], [ -98.452653228661219, 20.753303722209331 ], [ -98.452377502119987, 20.753115423062976 ], [ -98.452245851551851, 20.753064549761138 ], [ -98.452245608990452, 20.753064456099267 ], [ -98.452205411954822, 20.753048922502924 ], [ -98.4519514907565, 20.752950800145552 ], [ -98.451425113265472, 20.752597743149906 ], [ -98.451099288297101, 20.752409479599379 ], [ -98.450673158962857, 20.752103471817534 ], [ -98.450322144752818, 20.751750279216939 ], [ -98.449832340269197, 20.751520510633931 ], [ -98.449728872399746, 20.75134570062356 ], [ -98.451256858412933, 20.750301686615895 ], [ -98.451276599761684, 20.749866561826796 ], [ -98.451399868269775, 20.749760349815134 ], [ -98.451572122059929, 20.749611931181423 ], [ -98.451710529970669, 20.749482733353567 ], [ -98.452072367389491, 20.749144969884554 ], [ -98.452549640502752, 20.748763129911946 ], [ -98.452799833844381, 20.748508347887498 ], [ -98.453208274079756, 20.748360562627358 ], [ -98.453328405416585, 20.74845058570088 ], [ -98.453709009698315, 20.748735797890909 ], [ -98.454516795193712, 20.748546860072167 ], [ -98.454838515837309, 20.748259145264317 ], [ -98.454999564116221, 20.748095949714511 ], [ -98.455017816749006, 20.748077454281901 ], [ -98.455284101307299, 20.748127380832386 ], [ -98.455588156669364, 20.748068848766145 ], [ -98.455860183447058, 20.747900246863548 ], [ -98.456084841504932, 20.747763331647736 ], [ -98.456386284709254, 20.747761919841949 ], [ -98.456504266733575, 20.747739207586278 ], [ -98.456814386032192, 20.747679506542188 ], [ -98.457251780866628, 20.747243243563677 ], [ -98.457431189763113, 20.747032288417255 ], [ -98.457566137670227, 20.746907285431615 ], [ -98.457929004303793, 20.746908430443572 ], [ -98.458257536455406, 20.746844507692622 ], [ -98.458551337186023, 20.746829190799481 ], [ -98.458889348266297, 20.747067912817361 ], [ -98.45943848424929, 20.746993511380378 ], [ -98.459840460206053, 20.746872136848506 ], [ -98.460144555206554, 20.746608899927988 ], [ -98.460478483960912, 20.746492281652003 ], [ -98.460794989907754, 20.746413172286392 ], [ -98.461049776605847, 20.746209351304639 ], [ -98.461327434752263, 20.746135604453691 ], [ -98.461474683702491, 20.746027990661876 ], [ -98.461625364355044, 20.745926229175112 ], [ -98.461693964575971, 20.745803267713178 ], [ -98.4619486765082, 20.745766287870556 ], [ -98.462216650441619, 20.745767125725653 ], [ -98.46236349968521, 20.745918699572794 ], [ -98.46255729310775, 20.746052287679536 ], [ -98.462749830270681, 20.746126939952763 ], [ -98.462955100014284, 20.746319618645234 ], [ -98.463251742745712, 20.746543672982941 ], [ -98.46351429143094, 20.74645197468428 ], [ -98.463764355776433, 20.746269209861268 ], [ -98.463977823834341, 20.746064629746044 ], [ -98.464266494709562, 20.745826876724749 ], [ -98.464773406501052, 20.745768797050069 ], [ -98.465147781081725, 20.745741683680627 ], [ -98.465148087118678, 20.745741710739843 ], [ -98.46541525629182, 20.74576537493742 ], [ -98.465594517344925, 20.745816772554342 ], [ -98.465773778558727, 20.74586816905547 ], [ -98.466234046661384, 20.745790181236714 ], [ -98.466747988897424, 20.745969634796364 ], [ -98.466880523008115, 20.746015911766932 ], [ -98.467478749954836, 20.746103617295454 ], [ -98.467685636699244, 20.746133948035741 ], [ -98.46827160988245, 20.745866412880837 ], [ -98.468363272940408, 20.745824562102477 ], [ -98.468777832768069, 20.745357091764475 ], [ -98.469170736170653, 20.745204653700817 ], [ -98.469653970401794, 20.745039043675408 ], [ -98.469716522300942, 20.744791552176352 ], [ -98.470062208772035, 20.744799369906818 ], [ -98.470699858978165, 20.744942716244381 ], [ -98.471519286306957, 20.744170808288331 ], [ -98.471881059813299, 20.743984828409218 ], [ -98.472334084972658, 20.742978612531783 ], [ -98.472491254252176, 20.742613417973406 ], [ -98.473417216805998, 20.742131656195035 ], [ -98.473984461567383, 20.740852279278641 ], [ -98.474688769163507, 20.740285162879999 ], [ -98.475607628581585, 20.739175446845508 ], [ -98.476012689764261, 20.738925330370829 ], [ -98.476851453662661, 20.73894415518771 ], [ -98.477353764589893, 20.73926519095815 ], [ -98.478024490095336, 20.738744746359462 ], [ -98.479364115920021, 20.738964320125611 ], [ -98.480095779147277, 20.738765135147439 ], [ -98.482150180841757, 20.738809185978916 ], [ -98.483820379604765, 20.738235653105381 ], [ -98.485030533887951, 20.738517431377286 ], [ -98.485830308194522, 20.738285961071437 ], [ -98.486383718300289, 20.737989776803445 ], [ -98.487202542701525, 20.738158801855771 ], [ -98.487996061409447, 20.737808674951896 ], [ -98.49206969603361, 20.736949845737243 ], [ -98.492321063616657, 20.73658637512699 ], [ -98.495252318105941, 20.736859714200573 ], [ -98.495812289487944, 20.736922167536399 ], [ -98.496811139456852, 20.736830126979203 ], [ -98.497076331158084, 20.736708381073313 ], [ -98.497472666192692, 20.736488595178859 ], [ -98.497900765182791, 20.73616165708232 ], [ -98.498267837232945, 20.735829878791787 ], [ -98.498611231540465, 20.735432794944032 ], [ -98.498823954474943, 20.735142509042426 ], [ -98.499334449500935, 20.734725280266684 ], [ -98.499840331178191, 20.734451154272282 ], [ -98.500248321524339, 20.734222678219684 ], [ -98.500606692602005, 20.734223718106659 ], [ -98.500964908149015, 20.734270689181155 ], [ -98.501372250564202, 20.734241251387211 ], [ -98.501797030325221, 20.733859708686584 ], [ -98.50225408501413, 20.733570126153083 ], [ -98.50284160436, 20.733234983379919 ], [ -98.503087199239346, 20.732852923924089 ], [ -98.503202522045072, 20.732455171539286 ], [ -98.503610501625914, 20.732226686843024 ], [ -98.504180180477832, 20.732366128273512 ], [ -98.504309598615919, 20.732642095430684 ], [ -98.504355839390868, 20.733050094339685 ], [ -98.504695519799341, 20.733498114076792 ], [ -98.504863485298245, 20.734820040207172 ], [ -98.505668201415503, 20.735684881519294 ], [ -98.50663940474027, 20.736906425583893 ], [ -98.507287194189615, 20.738050366777422 ], [ -98.507260253192968, 20.739156216751283 ], [ -98.507646109978253, 20.739753064080787 ], [ -98.507858032509205, 20.740299078231686 ], [ -98.507949482528744, 20.740654165881676 ], [ -98.508070900027946, 20.740981355089197 ], [ -98.508090384159658, 20.741033861071351 ], [ -98.508090699860034, 20.741036271935325 ], [ -98.508091517110913, 20.741042521589399 ], [ -98.508216958686532, 20.742001773275668 ], [ -98.508095704249243, 20.74287017917252 ], [ -98.508007138441386, 20.743116789966457 ], [ -98.508006606248216, 20.743118270406026 ], [ -98.507827240836164, 20.743617706242947 ], [ -98.508138646314606, 20.744189405293987 ], [ -98.510383468708739, 20.744496736269255 ], [ -98.511383969549215, 20.74451828972223 ], [ -98.512789251883731, 20.744360223607195 ], [ -98.51420017827985, 20.743848907672799 ], [ -98.514204139302933, 20.743847472956478 ], [ -98.514229855913541, 20.743838152509525 ], [ -98.514246090534641, 20.743832269225145 ], [ -98.514264786706022, 20.743825493114944 ], [ -98.514506124797606, 20.743738031251048 ], [ -98.51597000048406, 20.743228085311198 ], [ -98.516140307804562, 20.743143816493234 ], [ -98.516653911544267, 20.742889680145861 ], [ -98.517216760391577, 20.742383882332078 ], [ -98.517795611245475, 20.741219276019748 ], [ -98.517796321825699, 20.740159942332902 ], [ -98.517407565953377, 20.739680761300978 ], [ -98.516595328525185, 20.73912184778068 ], [ -98.515756369276019, 20.738632979759473 ], [ -98.515678549956718, 20.738461632434621 ], [ -98.515400070075998, 20.737848458054948 ], [ -98.514866979837592, 20.737130754775336 ], [ -98.514511833368957, 20.736299173705213 ], [ -98.514439660044104, 20.736179914660202 ], [ -98.514508561024059, 20.735404542068459 ], [ -98.5146950802026, 20.734937734098562 ], [ -98.514687230794451, 20.734231331958224 ], [ -98.514515015300972, 20.734109920700199 ], [ -98.514079695875509, 20.733488483280954 ], [ -98.514089994039878, 20.733064964698055 ], [ -98.514217673420063, 20.732794009580349 ], [ -98.514401258371436, 20.732536852735624 ], [ -98.514493324117907, 20.732322377843026 ], [ -98.514288265901584, 20.732150018978761 ], [ -98.513968772522716, 20.732041751302585 ], [ -98.513717061870793, 20.732169876122629 ], [ -98.513419662447191, 20.732297874603848 ], [ -98.513122607212608, 20.732318504434463 ], [ -98.512984983214764, 20.732489899804051 ], [ -98.513029920772468, 20.732726231695974 ], [ -98.512837655647544, 20.733161716544039 ], [ -98.512521452885878, 20.73335753905673 ], [ -98.512311839233448, 20.733442098612603 ], [ -98.512016461790083, 20.733500315261164 ], [ -98.511724048902423, 20.733444886052283 ], [ -98.511479237061408, 20.733552996328498 ], [ -98.511233400972898, 20.733701701110686 ], [ -98.510903480469054, 20.73375912407726 ], [ -98.510532624848366, 20.73386277147489 ], [ -98.510059863174803, 20.733867259469772 ], [ -98.509804140718117, 20.733463192902164 ], [ -98.509652523049638, 20.733335771863572 ], [ -98.509315416730786, 20.733276728560039 ], [ -98.509032886543949, 20.733218921788065 ], [ -98.508770614649592, 20.733223186979171 ], [ -98.508530433069566, 20.73321768542176 ], [ -98.508278530600109, 20.733242706516638 ], [ -98.508023811533164, 20.733402834217113 ], [ -98.507752340471754, 20.733455203368127 ], [ -98.507397781116609, 20.733505667272336 ], [ -98.507090986699325, 20.733316376709219 ], [ -98.506802935898122, 20.733205624991999 ], [ -98.506438063135548, 20.733119152522892 ], [ -98.506910254767945, 20.73293229082887 ], [ -98.50713101240251, 20.732618826478532 ], [ -98.507307831725697, 20.732453367529217 ], [ -98.507383146832879, 20.732270847799597 ], [ -98.507512171295105, 20.73213377384792 ], [ -98.50762456249744, 20.731945813719658 ], [ -98.507761592873237, 20.731791037924328 ], [ -98.507922535472943, 20.731524948764196 ], [ -98.508369536124434, 20.731456141287126 ], [ -98.508879089688307, 20.731285227471581 ], [ -98.509302988736351, 20.731057395726896 ], [ -98.509489881055529, 20.730797119518321 ], [ -98.509630118089007, 20.730599283125784 ], [ -98.510159563536732, 20.730590236641437 ], [ -98.510267408205621, 20.730338735026763 ], [ -98.510343407085344, 20.730012435112172 ], [ -98.510541848048689, 20.729741850584983 ], [ -98.510731745022483, 20.729365246996103 ], [ -98.510875697588048, 20.728956283834314 ], [ -98.510974885546418, 20.728679192217239 ], [ -98.511432397657984, 20.728687728244918 ], [ -98.511609912031588, 20.728564281921109 ], [ -98.511774940689804, 20.728509735289567 ], [ -98.512144854073838, 20.728603034727634 ], [ -98.512621350091493, 20.728719976158512 ], [ -98.513104528777248, 20.728723934241938 ], [ -98.513576729099455, 20.728421046756011 ], [ -98.513960522796623, 20.7281706948147 ], [ -98.513798809637848, 20.727689641988196 ], [ -98.513538739522161, 20.727083593903565 ], [ -98.51344939925356, 20.726883185235309 ], [ -98.513452236593665, 20.726598572258176 ], [ -98.513674761816176, 20.726503373431846 ], [ -98.514139560516355, 20.726510985674746 ], [ -98.514491911291771, 20.726574480052125 ], [ -98.514805419966024, 20.726672749327356 ], [ -98.515116275972787, 20.726711538653571 ], [ -98.515393985889332, 20.726534233334334 ], [ -98.515406101298154, 20.726199356040159 ], [ -98.515426508619569, 20.725924013515264 ], [ -98.515447033050336, 20.725611948246978 ], [ -98.515682244118167, 20.725355564366584 ], [ -98.516034239687514, 20.725228033817164 ], [ -98.516307753357225, 20.725210443874701 ], [ -98.516678463096213, 20.725340006777905 ], [ -98.516834084350677, 20.72554240435942 ], [ -98.516938528669016, 20.726351338894752 ], [ -98.517045267812932, 20.72651846435874 ], [ -98.517248991111074, 20.726781780536466 ], [ -98.517638905000922, 20.726790689715603 ], [ -98.517859777149269, 20.726690972854694 ], [ -98.518118601666615, 20.726740535407014 ], [ -98.518353800913175, 20.726758441670018 ], [ -98.51850942631674, 20.726960837750752 ], [ -98.518684583184481, 20.727163288735873 ], [ -98.519113487324219, 20.727343705124781 ], [ -98.519424706372448, 20.727309796937423 ], [ -98.519764075830338, 20.727312987816031 ], [ -98.519981473581296, 20.727158856579138 ], [ -98.520369258730739, 20.727032495032805 ], [ -98.520738015823923, 20.726796839231874 ], [ -98.521029354626975, 20.726542762700543 ], [ -98.521301269699464, 20.726306836920664 ], [ -98.521515413511352, 20.725961509184657 ], [ -98.521866887408422, 20.725759068784974 ], [ -98.52221633097821, 20.725505152088079 ], [ -98.522430476959286, 20.725159823400706 ], [ -98.522625079662802, 20.724869064617348 ], [ -98.522761801828523, 20.724505312785187 ], [ -98.522917837142117, 20.724159825723355 ], [ -98.523203127739137, 20.723878316206346 ], [ -98.52360714676756, 20.723662787270293 ], [ -98.523857729309768, 20.723374620759461 ], [ -98.523956667986596, 20.723208896974956 ], [ -98.5241305417821, 20.722884408451186 ], [ -98.524285040726369, 20.722614028384097 ], [ -98.524420553720645, 20.722271379711039 ], [ -98.524479132639826, 20.721964624763668 ], [ -98.524537593092759, 20.721693979105872 ], [ -98.524787670424075, 20.72156829516398 ], [ -98.525018592521334, 20.721424500578834 ], [ -98.52557800418468, 20.721276810743468 ], [ -98.52584711699582, 20.721205335435481 ], [ -98.525905237425548, 20.721043011107767 ], [ -98.525867389136678, 20.720862368235519 ], [ -98.525829760153385, 20.720609511104133 ], [ -98.525945450149251, 20.720465397740782 ], [ -98.526099488113459, 20.720339447167394 ], [ -98.526387859701373, 20.720249971576294 ], [ -98.526618671855331, 20.720142280546039 ], [ -98.526945284072099, 20.720107072449309 ], [ -98.527329797002935, 20.719981749550833 ], [ -98.5275228085832, 20.719675366837723 ], [ -98.527926697583084, 20.719495936457218 ], [ -98.528394431434677, 20.719244361001103 ], [ -98.528753203003077, 20.719104993152971 ], [ -98.528962835366713, 20.718909078714752 ], [ -98.529113009453908, 20.718628787857469 ], [ -98.529322386617821, 20.718517081557135 ], [ -98.529770907429182, 20.718321815177283 ], [ -98.530159797759211, 20.718098320447545 ], [ -98.530369772015547, 20.717790123335515 ], [ -98.530609786181458, 20.71742586574263 ], [ -98.530939117479932, 20.717146065898692 ], [ -98.531538065297497, 20.716586293081718 ], [ -98.531987871569783, 20.715969979089579 ], [ -98.532228481835958, 20.715409233248778 ], [ -98.532289753158125, 20.71490413600964 ], [ -98.532270076817525, 20.714683527462412 ], [ -98.531981126986722, 20.714297271078888 ], [ -98.532057554101826, 20.713935252879836 ], [ -98.531951145536283, 20.713334616498585 ], [ -98.531988402550681, 20.713282708188565 ], [ -98.532217008131155, 20.71296419626232 ], [ -98.532250309157718, 20.712603542544343 ], [ -98.53216081761289, 20.712345519010267 ], [ -98.53214244177002, 20.71193792373402 ], [ -98.532644484633735, 20.711302757411275 ], [ -98.532310499278637, 20.711200667815458 ], [ -98.532062251842078, 20.711001828831677 ], [ -98.531923298651975, 20.710675552360591 ], [ -98.531549770740355, 20.710559342973799 ], [ -98.531121474508311, 20.710450702765694 ], [ -98.530655949810779, 20.710127948633836 ], [ -98.530554613160916, 20.709981224338179 ], [ -98.530482203255886, 20.709831646189112 ], [ -98.530523615504237, 20.709568975949043 ], [ -98.530585255243267, 20.70944927172841 ], [ -98.530738828411501, 20.70923726612827 ], [ -98.530768623398856, 20.708994441963092 ], [ -98.530445304045756, 20.708846934225523 ], [ -98.530149624087258, 20.709968638623316 ], [ -98.529072606042689, 20.703993918898448 ], [ -98.530165472988216, 20.704789952119501 ], [ -98.53050056544555, 20.704511564311293 ], [ -98.531114455620568, 20.704146651904956 ], [ -98.531247249541877, 20.70395135254466 ], [ -98.531081100293179, 20.703636686035516 ], [ -98.530896329288069, 20.703339422998912 ], [ -98.530748965560448, 20.702954983533687 ], [ -98.530731029503656, 20.702477924533049 ], [ -98.530955298998805, 20.702007214254252 ], [ -98.531197487023078, 20.701746025377897 ], [ -98.531550817336253, 20.701572425684382 ], [ -98.531922823332565, 20.701363959118478 ], [ -98.532406241067292, 20.701155794829358 ], [ -98.533033107066345, 20.700756249518374 ], [ -98.533376559429087, 20.70023344994906 ], [ -98.533342353760474, 20.69963814134557 ], [ -98.53346002176221, 20.699062474887395 ], [ -98.534227058156603, 20.698421778994248 ], [ -98.535211901393268, 20.698340009801811 ], [ -98.536132846573594, 20.698461521436943 ], [ -98.536915368198549, 20.69852628699255 ], [ -98.537286697542243, 20.698326766402353 ], [ -98.537892600984733, 20.698498300685344 ], [ -98.538212279797477, 20.698538837174244 ], [ -98.538489785034216, 20.698378094226481 ], [ -98.539048042227606, 20.698158364435944 ], [ -98.540257045826721, 20.698107494693232 ], [ -98.540279405498964, 20.697845252177036 ], [ -98.539831150398939, 20.697555413390415 ], [ -98.539700835739836, 20.696927566109036 ], [ -98.538869491360359, 20.696501804356483 ], [ -98.538776618397421, 20.696053614469211 ], [ -98.538694485228959, 20.695591123973408 ], [ -98.53876846335487, 20.69543367351196 ], [ -98.538872042158005, 20.695051594252337 ], [ -98.538867176976908, 20.69469736792438 ], [ -98.538924212671319, 20.694629841819122 ], [ -98.539127967562067, 20.694388608298222 ], [ -98.539255153764941, 20.694249272621477 ], [ -98.539458799986321, 20.694016930004064 ], [ -98.53973890639692, 20.693691579302246 ], [ -98.539991784838477, 20.693506967573377 ], [ -98.540143166100222, 20.693438380392724 ], [ -98.540293895552765, 20.693370087671685 ], [ -98.540442341531033, 20.693466253077965 ], [ -98.540666228013677, 20.693431186204801 ], [ -98.54071797161167, 20.693423082440887 ], [ -98.540869027558699, 20.69335464141626 ], [ -98.541095796378798, 20.693240222913651 ], [ -98.541475110187534, 20.692963302805634 ], [ -98.541678750669647, 20.692730956536064 ], [ -98.541805188208784, 20.692638650094956 ], [ -98.542030837542839, 20.692594774760181 ], [ -98.542155785128415, 20.692596527679765 ], [ -98.542457520441857, 20.69248315965196 ], [ -98.542684286450822, 20.69236873885967 ], [ -98.542986765829184, 20.692208338640715 ], [ -98.543644306023751, 20.691723632313849 ], [ -98.54409783405616, 20.691494787020581 ], [ -98.544523767313549, 20.691430196452529 ], [ -98.544799021196283, 20.691410533650789 ], [ -98.54489897859969, 20.691411934545002 ], [ -98.545150730780506, 20.691297860856757 ], [ -98.545505415282776, 20.690997065412713 ], [ -98.545784014729989, 20.690765765712694 ], [ -98.546010775996706, 20.690651340138352 ], [ -98.546388959154712, 20.690444953699206 ], [ -98.547419457951889, 20.69008305680612 ], [ -98.548775923499221, 20.689655153991612 ], [ -98.549402503614203, 20.689546317999838 ], [ -98.549778823380962, 20.689457499732161 ], [ -98.550179759668296, 20.689392545425815 ], [ -98.550038364773869, 20.688849600337342 ], [ -98.549946206506249, 20.688354385191072 ], [ -98.549802214072699, 20.687976045780555 ], [ -98.54968209737919, 20.687668601425464 ], [ -98.549534764789996, 20.687501898418681 ], [ -98.549362444186386, 20.687334846268421 ], [ -98.54921845447727, 20.68695650659231 ], [ -98.549124071073905, 20.686602381889298 ], [ -98.548982311455006, 20.686082951062669 ], [ -98.548937905442031, 20.685729524636582 ], [ -98.548843523655947, 20.685375399175239 ], [ -98.548674919612338, 20.684973194469325 ], [ -98.548602926868611, 20.684784025095151 ], [ -98.54851188884318, 20.684218262790083 ], [ -98.548515917771553, 20.683690695023543 ], [ -98.548555303881727, 20.682883845149529 ], [ -98.548770619155633, 20.682252824049851 ], [ -98.548464279892286, 20.681469432195534 ], [ -98.547775542505065, 20.680983918857407 ], [ -98.547537984540241, 20.680460945283198 ], [ -98.54735553246833, 20.67972727600009 ], [ -98.547362898685904, 20.679421397226715 ], [ -98.547213383194972, 20.678358853218832 ], [ -98.547050836586038, 20.67783747886082 ], [ -98.546892258018175, 20.67715140066333 ], [ -98.546558669719488, 20.676461588288387 ], [ -98.546195547990948, 20.675959474615166 ], [ -98.545701693063279, 20.674654168803503 ], [ -98.545433481558092, 20.674365949323008 ], [ -98.544876595490067, 20.673600743799476 ], [ -98.544355489680711, 20.672389017426255 ], [ -98.543732687867362, 20.671245740660186 ], [ -98.5432445846387, 20.670740952131041 ], [ -98.542834888837547, 20.670096588923652 ], [ -98.542676337031594, 20.66941050658474 ], [ -98.542556440288024, 20.669196074478702 ], [ -98.542623459856841, 20.668491268691909 ], [ -98.542441239535364, 20.66823442963085 ], [ -98.542334702890372, 20.668084266706288 ], [ -98.542256285158714, 20.668118943115715 ], [ -98.542226881303591, 20.668131945461802 ], [ -98.541957768928512, 20.66811109369592 ], [ -98.541805739260596, 20.668030813910441 ], [ -98.541671225506221, 20.667929125964296 ], [ -98.541363392392014, 20.667631359583908 ], [ -98.541181142363413, 20.667573143265457 ], [ -98.540973686906966, 20.667732356959313 ], [ -98.54095800833835, 20.667739104400979 ], [ -98.540810018133556, 20.667802793485002 ], [ -98.540646880420084, 20.667689810059677 ], [ -98.540655291616844, 20.667361110552115 ], [ -98.540317407657881, 20.667186521510107 ], [ -98.540183421459389, 20.666826562333327 ], [ -98.539903764084556, 20.666761166682207 ], [ -98.539561952311487, 20.666877047456968 ], [ -98.539495733957949, 20.666855534322021 ], [ -98.539475162204909, 20.666848851023893 ], [ -98.539249171381257, 20.666775430256507 ], [ -98.538780240149947, 20.666383162168227 ], [ -98.538817766622515, 20.666083104313334 ], [ -98.538847069827412, 20.665848788172877 ], [ -98.53864054737322, 20.66560747494945 ], [ -98.538394997728886, 20.66548625835182 ], [ -98.538286646577248, 20.66528682680293 ], [ -98.538079252722369, 20.664967264134436 ], [ -98.53790727040311, 20.664640778316617 ], [ -98.537794779100523, 20.664619958603677 ], [ -98.537772185864554, 20.664660336163134 ], [ -98.53762771473221, 20.664918534694724 ], [ -98.537303795844934, 20.66505154866595 ], [ -98.536998570946224, 20.665150850864222 ], [ -98.536636243946433, 20.665003786872369 ], [ -98.536582155999071, 20.664981833257304 ], [ -98.536858833267303, 20.664776742086719 ], [ -98.536981442689367, 20.664632530893982 ], [ -98.536892769295562, 20.664261324121604 ], [ -98.536609413323617, 20.664200912040119 ], [ -98.536416821893951, 20.664023103670733 ], [ -98.53632854014009, 20.663709395031184 ], [ -98.536140895789245, 20.663363707253929 ], [ -98.535834692023002, 20.663361247206648 ], [ -98.535614716808766, 20.663322480352761 ], [ -98.535446380081254, 20.663241157516659 ], [ -98.535011042178894, 20.663265602643385 ], [ -98.534840836778557, 20.663622019922805 ], [ -98.534696210793769, 20.664091625235162 ], [ -98.53448125957118, 20.664400928321061 ], [ -98.534224444520419, 20.664571610575379 ], [ -98.534004068262504, 20.664198294136817 ], [ -98.533911780255067, 20.66389379914683 ], [ -98.533827985309699, 20.663635220747757 ], [ -98.533703518418292, 20.66335760148403 ], [ -98.533271086883147, 20.663605315157543 ], [ -98.533256091032044, 20.663405313257744 ], [ -98.533474098416036, 20.663167696193089 ], [ -98.533835396394664, 20.663089286829749 ], [ -98.533884146313298, 20.66284106520326 ], [ -98.53339735027474, 20.662716905015817 ], [ -98.532463975838496, 20.663417099313833 ], [ -98.532094825095044, 20.663442314882641 ], [ -98.531499970384601, 20.663907097715452 ], [ -98.531465188776494, 20.664100080893377 ], [ -98.531229832599365, 20.664173082999625 ], [ -98.530420661796683, 20.665121719620522 ], [ -98.530886030840449, 20.665435045731897 ], [ -98.531476720112508, 20.665875629761629 ], [ -98.53157078076957, 20.666053526182026 ], [ -98.531660381265667, 20.666417885013352 ], [ -98.531621634864209, 20.666578357078656 ], [ -98.531606369296554, 20.66692961148317 ], [ -98.531605186302585, 20.667315639342675 ], [ -98.531473177468712, 20.667771494218179 ], [ -98.531339845171956, 20.66795841358919 ], [ -98.531285793915927, 20.668034187329241 ], [ -98.531191534353496, 20.668349771498661 ], [ -98.531115716890724, 20.6687355921561 ], [ -98.531057961738838, 20.669314477594735 ], [ -98.531020904766294, 20.669405002986444 ], [ -98.531011694202562, 20.669427505355543 ], [ -98.530941451836142, 20.669599101072443 ], [ -98.530824048201865, 20.669948849014546 ], [ -98.530520864507793, 20.670188695210392 ], [ -98.530217066954208, 20.670625454949178 ], [ -98.529936333393621, 20.671127912592596 ], [ -98.529724436104019, 20.671966476266199 ], [ -98.529560566599955, 20.672294216416436 ], [ -98.529443090884868, 20.672665842617665 ], [ -98.529400808796254, 20.672900233093404 ], [ -98.529372082142103, 20.673059476541024 ], [ -98.529328443183161, 20.67314546497763 ], [ -98.529179985227842, 20.673437999874082 ], [ -98.529161406745885, 20.6734746082115 ], [ -98.529157107144869, 20.673491243151968 ], [ -98.529020127665646, 20.674021200677814 ], [ -98.529088102641666, 20.674612128813326 ], [ -98.529057736392588, 20.675074722179851 ], [ -98.529039279624243, 20.675355889478535 ], [ -98.529037465108686, 20.675842575220564 ], [ -98.528756453192287, 20.676432545596157 ], [ -98.528601994964134, 20.676643513254703 ], [ -98.528480926028465, 20.676808877128547 ], [ -98.528452706144435, 20.676847421623769 ], [ -98.52808505628866, 20.677277012391865 ], [ -98.528079091352197, 20.677283981753071 ], [ -98.52756547267046, 20.677851437282815 ], [ -98.52717046802799, 20.678349849797648 ], [ -98.527098312166089, 20.678440894217843 ], [ -98.526678560995961, 20.678746054071635 ], [ -98.52653845321862, 20.679496707309699 ], [ -98.526285674953115, 20.679691303840915 ], [ -98.525810392655856, 20.679885283579299 ], [ -98.525512847380256, 20.680163444011505 ], [ -98.525362562367548, 20.680790740318752 ], [ -98.525346252975524, 20.681264965826575 ], [ -98.525157006921106, 20.681633388013019 ], [ -98.525051333425267, 20.68183910984094 ], [ -98.524369583219809, 20.681979646717338 ], [ -98.523486324164011, 20.682000948054078 ], [ -98.522552596394732, 20.682022104145357 ], [ -98.522282555641084, 20.682021356796458 ], [ -98.521795589987576, 20.682020006144015 ], [ -98.521313587264231, 20.681999711456939 ], [ -98.520861191998193, 20.682254781527948 ], [ -98.520354804737238, 20.682799317607643 ], [ -98.51973175820838, 20.683228828200562 ], [ -98.519140889833139, 20.683650469144645 ], [ -98.5185560116457, 20.683749499056127 ], [ -98.518371126956026, 20.683711704199741 ], [ -98.518196522935796, 20.683676011331219 ], [ -98.517708326915837, 20.683674645950472 ], [ -98.517441501537206, 20.683771422103955 ], [ -98.51738847999755, 20.68405413132707 ], [ -98.5173875044471, 20.6843627023934 ], [ -98.517310979049086, 20.68462359752904 ], [ -98.517158893221207, 20.684836801841094 ], [ -98.517006742784176, 20.685073744979785 ], [ -98.51680403481744, 20.685334286211631 ], [ -98.516578028994601, 20.685373822212245 ], [ -98.516349749404853, 20.685356744452054 ], [ -98.51609889962775, 20.68508337169461 ], [ -98.515894101593091, 20.685135277654464 ], [ -98.515816029082316, 20.685155065251649 ], [ -98.515764180553248, 20.6852998861891 ], [ -98.515894548817144, 20.685664048252811 ], [ -98.516019439797759, 20.686067926150287 ], [ -98.516089875627799, 20.686856079637479 ], [ -98.515861180899776, 20.687353908596371 ], [ -98.515708638288174, 20.687709534356653 ], [ -98.51565643401517, 20.688255339497246 ], [ -98.515299217404802, 20.68853297736856 ], [ -98.515091921057248, 20.688792022213182 ], [ -98.514825096745113, 20.6892020164785 ], [ -98.514439540258067, 20.689241200241419 ], [ -98.513873706190054, 20.689408735495309 ], [ -98.513437042389555, 20.689359179387743 ], [ -98.513204810678488, 20.689459010556124 ], [ -98.512885915724965, 20.689690790358767 ], [ -98.512820046340934, 20.689864015459566 ], [ -98.5127403596953, 20.690073580823576 ], [ -98.512603850091864, 20.690280763264408 ], [ -98.512111710602113, 20.690624650686832 ], [ -98.511803173137565, 20.690599451267214 ], [ -98.511548107856385, 20.690710493813274 ], [ -98.511474323052312, 20.690874839548535 ], [ -98.511394181360131, 20.691053343943359 ], [ -98.511326913827574, 20.691405739843969 ], [ -98.510948083376533, 20.691499609194988 ], [ -98.510933346006851, 20.691498838042548 ], [ -98.510468689193516, 20.691474516204885 ], [ -98.510351107479195, 20.691466148094605 ], [ -98.510123828855285, 20.691135979229418 ], [ -98.509852362683603, 20.691149169707415 ], [ -98.50973877481556, 20.690879018014066 ], [ -98.509487570525067, 20.690522248731714 ], [ -98.509296673919337, 20.690305579217164 ], [ -98.509102016815874, 20.690113423114472 ], [ -98.508770871223945, 20.690120460884032 ], [ -98.508430492802418, 20.69035899273802 ], [ -98.508200496378478, 20.690542320261127 ], [ -98.508119828847029, 20.690636582584386 ], [ -98.507997854955434, 20.690779111483554 ], [ -98.507794894228567, 20.691110845593712 ], [ -98.507718655706043, 20.6912767847944 ], [ -98.507733622384251, 20.691350134217014 ], [ -98.507833877798618, 20.691564049034788 ], [ -98.507984518655775, 20.691801848269002 ], [ -98.508110005358503, 20.692015843947857 ], [ -98.507781338011185, 20.692204794789671 ], [ -98.507250702839968, 20.692416914862417 ], [ -98.506796307666264, 20.692463087021483 ], [ -98.506392609766792, 20.692480072329932 ], [ -98.506114263446847, 20.692674762750038 ], [ -98.505987625994933, 20.692816824109698 ], [ -98.506112957553256, 20.69307828475943 ], [ -98.506288838700428, 20.693316158392356 ], [ -98.50643970847166, 20.693482746552014 ], [ -98.506640832429497, 20.69372069225199 ], [ -98.506286380070236, 20.694075730624384 ], [ -98.505424264955195, 20.694197290757145 ], [ -98.505146359897864, 20.694291437265626 ], [ -98.504948953753811, 20.694458023622357 ], [ -98.504787656166201, 20.694449574066716 ], [ -98.504439382959077, 20.69440808981658 ], [ -98.504086467757304, 20.694288390570566 ], [ -98.503589904883398, 20.694198734884235 ], [ -98.503199140457056, 20.694261476503435 ], [ -98.502927102960527, 20.694364475943299 ], [ -98.502679178429958, 20.694659369777291 ], [ -98.502242862936782, 20.694710339669371 ], [ -98.501742828832477, 20.694605527292957 ], [ -98.501566473431907, 20.694568561074195 ], [ -98.501150390064197, 20.694583323858939 ], [ -98.500879739898252, 20.694825080784749 ], [ -98.500696044348828, 20.69497041999502 ], [ -98.500570607742034, 20.6950696646092 ], [ -98.50032097311599, 20.69551526088982 ], [ -98.500304080817912, 20.695789199415181 ], [ -98.500498838708552, 20.695949430541898 ], [ -98.5007735153239, 20.696038782957082 ], [ -98.500899383310241, 20.696134091722733 ], [ -98.500772427068583, 20.696371092892548 ], [ -98.500645471344583, 20.696608094020263 ], [ -98.500389259891818, 20.696799471510534 ], [ -98.500011698638971, 20.696667716934837 ], [ -98.499500464339334, 20.696747459776073 ], [ -98.499160077634372, 20.696977991654727 ], [ -98.49859899153212, 20.697191908666944 ], [ -98.498156560238201, 20.697470037643612 ], [ -98.497837203436504, 20.697765259307772 ], [ -98.497608979936032, 20.698096915343577 ], [ -98.497401667902579, 20.698408900535206 ], [ -98.497258257916954, 20.699050762274918 ], [ -98.497254958173755, 20.699108261229188 ], [ -98.497231230486037, 20.699521701171097 ], [ -98.497220161727569, 20.699880055883057 ], [ -98.496462913166468, 20.69992531569833 ], [ -98.49592939521348, 20.700117668347261 ], [ -98.495084496141757, 20.700473236908746 ], [ -98.494472472574643, 20.700913997622973 ], [ -98.494278617643715, 20.701269530576091 ], [ -98.49407927932252, 20.701384714732967 ], [ -98.493934262815628, 20.701337106984756 ], [ -98.493535798863448, 20.701152321460295 ], [ -98.493034631341132, 20.701214710526806 ], [ -98.492514641033338, 20.701381865525089 ], [ -98.491996039681709, 20.7015799233419 ], [ -98.491332740823367, 20.701881331436482 ], [ -98.490764474269724, 20.702122593886902 ], [ -98.490276653597746, 20.702126398900351 ], [ -98.489741914226343, 20.702068933429288 ], [ -98.4891304624432, 20.702099050059239 ], [ -98.489019492705253, 20.70227435497074 ], [ -98.489070004857851, 20.702474077884247 ], [ -98.488754318930859, 20.702745171492325 ], [ -98.488303145072763, 20.703071299980582 ], [ -98.48775760527721, 20.703094851044355 ], [ -98.486959309555303, 20.703220160102408 ], [ -98.486348071853186, 20.703250263406975 ], [ -98.485784546648276, 20.703488876082897 ], [ -98.485273894391341, 20.703894357867021 ], [ -98.484477847870494, 20.704932305927787 ], [ -98.484133803699777, 20.705176674703051 ], [ -98.483947362836034, 20.705672439240924 ], [ -98.483576706377818, 20.706006343088848 ], [ -98.482344808420663, 20.70561772937036 ], [ -98.481325899470519, 20.705287610998983 ], [ -98.480838846810485, 20.705351553209411 ], [ -98.48021270233329, 20.705415081464242 ], [ -98.480084410739565, 20.705401644702818 ], [ -98.479355252725213, 20.705325274189317 ], [ -98.478752735420059, 20.705258034549466 ], [ -98.478265756951373, 20.705300168369913 ], [ -98.477336751642085, 20.705798838497248 ], [ -98.476802587454557, 20.706080668998286 ], [ -98.476254591885677, 20.706257885609958 ], [ -98.476010167881896, 20.706310132025965 ], [ -98.475625499687297, 20.706167645575061 ], [ -98.475319062979452, 20.706032546896221 ], [ -98.475133748473596, 20.705988373350724 ], [ -98.474924351861233, 20.706205778357862 ], [ -98.47458952063144, 20.706624575263788 ], [ -98.474417420901204, 20.707155091819089 ], [ -98.474114714859127, 20.707532140671645 ], [ -98.47374492296656, 20.707940475844349 ], [ -98.473543493704497, 20.708081602600565 ], [ -98.473307923804811, 20.708411602967178 ], [ -98.473206207650748, 20.708773512127003 ], [ -98.472987869364914, 20.708961830602306 ], [ -98.472535549354717, 20.709023436636222 ], [ -98.472016458154599, 20.709021845185362 ], [ -98.471512438033784, 20.708901436721948 ], [ -98.471406805443749, 20.708864272712891 ], [ -98.471298781179158, 20.708826266572675 ], [ -98.471005763171149, 20.708723174592798 ], [ -98.470629372614596, 20.708898724371469 ], [ -98.470384389898896, 20.709110024354114 ], [ -98.470289529925822, 20.70937479290879 ], [ -98.470213333152813, 20.709674965143293 ], [ -98.469761785223184, 20.709850282039817 ], [ -98.469498445033722, 20.709937824658073 ], [ -98.469328478519003, 20.710184691897652 ], [ -98.469177493910195, 20.710378602526376 ], [ -98.469087926763038, 20.710428774916039 ], [ -98.468115389141232, 20.710063152093081 ], [ -98.468032866730496, 20.709950971876495 ], [ -98.467789174597385, 20.709791180837897 ], [ -98.46750722193822, 20.709825655477783 ], [ -98.466999190780157, 20.710036128154925 ], [ -98.466468016080569, 20.710267119685906 ], [ -98.466071654300649, 20.710778342385137 ], [ -98.465712935205673, 20.711272011530927 ], [ -98.465505017862938, 20.711624787509852 ], [ -98.465313916079268, 20.712068444416225 ], [ -98.465104253590994, 20.712338047220982 ], [ -98.464711301266419, 20.712455332162332 ], [ -98.464281774306045, 20.712449310117606 ], [ -98.463990301711902, 20.712519062647917 ], [ -98.463808198268538, 20.712805935197455 ], [ -98.463239025606711, 20.713283595597851 ], [ -98.462862303613093, 20.713547480354169 ], [ -98.462654999700732, 20.713723540573415 ], [ -98.462442701965969, 20.71417215703244 ], [ -98.461210368323449, 20.713019652637058 ], [ -98.460928534748589, 20.713117339510521 ], [ -98.460341824109662, 20.713312100319179 ], [ -98.460465731101849, 20.713678260637455 ], [ -98.46053483491886, 20.71406948346301 ], [ -98.460443126009935, 20.714539868238887 ], [ -98.460192797972624, 20.71509645335609 ], [ -98.459894950041061, 20.715475013993967 ], [ -98.459248772833377, 20.716136213247694 ], [ -98.45805530677481, 20.716999788302854 ], [ -98.45721273050539, 20.717754436444679 ], [ -98.456813148668758, 20.718240106376296 ], [ -98.456029285238202, 20.719211861300039 ], [ -98.455193284837506, 20.719862426412647 ], [ -98.454619355058384, 20.720249379838371 ], [ -98.45441235705222, 20.720521425056909 ], [ -98.454409318064407, 20.720526528170932 ], [ -98.454203266196529, 20.720872513947683 ], [ -98.454154809820935, 20.721288441263841 ], [ -98.453291013511887, 20.721818416525771 ], [ -98.452819076731771, 20.722122195233069 ], [ -98.452458669453947, 20.722562506374324 ], [ -98.45185308078517, 20.722988020059432 ], [ -98.451021638401059, 20.723234521134707 ], [ -98.450623178514206, 20.723266469510715 ], [ -98.450167138746409, 20.723522175350709 ], [ -98.449717307712461, 20.723727513924757 ], [ -98.449321951184075, 20.723745440678144 ], [ -98.44914122003469, 20.723987085955009 ], [ -98.448699483094089, 20.724207750640929 ], [ -98.448382335618533, 20.72442812258998 ], [ -98.448359197338632, 20.724444201005586 ], [ -98.447945120662695, 20.72461485236073 ], [ -98.447859907522428, 20.724904581913453 ], [ -98.44780794365407, 20.725448849396393 ], [ -98.447729198722797, 20.726125968348374 ], [ -98.447670439324668, 20.726919616443354 ], [ -98.447363338552819, 20.727593634773374 ], [ -98.446551058892126, 20.728057593732785 ], [ -98.445558651272478, 20.728480549474501 ], [ -98.444811177624615, 20.728682585542821 ], [ -98.444311200351891, 20.728858929693175 ], [ -98.443826842317804, 20.729021604125368 ], [ -98.443388717149205, 20.72923318820709 ], [ -98.443312252599952, 20.729346491793496 ], [ -98.443331277156972, 20.729554097771249 ], [ -98.44340237729206, 20.729643862164735 ], [ -98.443560373399052, 20.729843331535648 ], [ -98.443912023744431, 20.730127749792231 ], [ -98.443972231925585, 20.730320968373199 ], [ -98.44406321737597, 20.730606840362764 ], [ -98.444080067962389, 20.730925105602733 ], [ -98.444098406728699, 20.731285929843935 ], [ -98.443943869191031, 20.731701855607003 ], [ -98.443790404430302, 20.732056344278732 ], [ -98.443462718443783, 20.732472600731565 ], [ -98.442942683970742, 20.732706609846097 ], [ -98.442337986910047, 20.732826251506136 ], [ -98.441862689901384, 20.733083534779503 ], [ -98.441625616075697, 20.733441670328176 ], [ -98.441342238829805, 20.733799474970642 ], [ -98.441253056750512, 20.734192309519585 ], [ -98.441233076591047, 20.734308164495754 ], [ -98.440177172969115, 20.735860305950908 ], [ -98.440490553275893, 20.737330121069622 ], [ -98.440477508770257, 20.737364731573532 ], [ -98.440331483636157, 20.737673525087672 ], [ -98.440085870183211, 20.737956436144806 ], [ -98.439866883962225, 20.738133413126889 ], [ -98.439665844407585, 20.738378119540339 ], [ -98.439411319509276, 20.738638193264801 ], [ -98.43903590646616, 20.73878737778788 ], [ -98.438639559963036, 20.738811236435634 ], [ -98.438135569376641, 20.738709304407511 ], [ -98.437964883970366, 20.738730999237522 ], [ -98.437732959161153, 20.738841926567659 ], [ -98.437188138271736, 20.739102509348815 ], [ -98.435886073328319, 20.739725261141913 ], [ -98.43563665137242, 20.739844553440303 ], [ -98.43498733511781, 20.740786685950226 ], [ -98.434823130067187, 20.741736160231845 ], [ -98.434514286553977, 20.742155566250133 ], [ -98.434318983708977, 20.742759375391966 ], [ -98.434001654687791, 20.743036991021402 ], [ -98.433857414149045, 20.743163179504901 ], [ -98.433575039617892, 20.743047654030789 ], [ -98.432726531865413, 20.743086048762461 ], [ -98.43234855542822, 20.743123000267957 ], [ -98.431034743332773, 20.743639401686391 ], [ -98.430142142481955, 20.743932859814322 ], [ -98.429649963985682, 20.744125833109226 ], [ -98.42828976473362, 20.744338521300715 ], [ -98.428026869309093, 20.744488472593915 ], [ -98.427608909412101, 20.745853619193685 ], [ -98.427466096160046, 20.746072345682087 ], [ -98.42711332392669, 20.746612633360666 ], [ -98.426523419109714, 20.747516089615729 ], [ -98.426203197869228, 20.747990215316545 ], [ -98.425847979097753, 20.748458232613384 ], [ -98.425510507685402, 20.748929289634244 ], [ -98.423646558903613, 20.747722156053733 ], [ -98.423620332763463, 20.747478542413482 ], [ -98.423539998113668, 20.747124542884265 ], [ -98.423507580515292, 20.746981694027191 ], [ -98.423543144459288, 20.746558739101875 ], [ -98.42342804921708, 20.746156003088974 ], [ -98.422619065498125, 20.745479013271641 ], [ -98.422128206764739, 20.745091529520412 ], [ -98.421736225480458, 20.744753307323425 ], [ -98.421481970573268, 20.744332637305519 ], [ -98.421447813201851, 20.744276123551067 ], [ -98.42150956615238, 20.743806664835056 ], [ -98.421581800704558, 20.743559629084466 ], [ -98.42195983147792, 20.743472995075845 ], [ -98.421841113052224, 20.743094759223577 ], [ -98.421794258532543, 20.742905827310636 ], [ -98.42167554109389, 20.742527590578053 ], [ -98.421578673271881, 20.742337915592767 ], [ -98.421375014773176, 20.742096068503997 ], [ -98.421357956127281, 20.742075811652626 ], [ -98.42110946818309, 20.741978001181092 ], [ -98.420936791125143, 20.741834257222781 ], [ -98.420940740990901, 20.741599020884255 ], [ -98.421254449613713, 20.74144223290795 ], [ -98.421672250623118, 20.741233417535973 ], [ -98.421903627280315, 20.740860382569299 ], [ -98.42193337085115, 20.740578469799871 ], [ -98.421913496693207, 20.740272291220972 ], [ -98.421717788747841, 20.740010558330315 ], [ -98.4215447180772, 20.739890339944857 ], [ -98.421422845028516, 20.739700292279846 ], [ -98.421453774779863, 20.739347809436147 ], [ -98.421657772874696, 20.739115545029232 ], [ -98.421713786039774, 20.739001858854586 ], [ -98.421968507001282, 20.738484863267946 ], [ -98.422249890317786, 20.738112570582125 ], [ -98.422316120129281, 20.737982993520411 ], [ -98.422405058035935, 20.73780899125153 ], [ -98.422661038497338, 20.737459849872362 ], [ -98.422914649279136, 20.737251849689081 ], [ -98.423066657853127, 20.737136459803789 ], [ -98.423271045964754, 20.73688066900214 ], [ -98.423577823238375, 20.736485221399665 ], [ -98.423785365009763, 20.736041241117789 ], [ -98.424192455444995, 20.735479470060472 ], [ -98.424445690465646, 20.735044885564637 ], [ -98.424480632808297, 20.734851553565427 ], [ -98.424512342419007, 20.734452021225575 ], [ -98.42454129123918, 20.734217155762849 ], [ -98.424349529779477, 20.733720189572697 ], [ -98.424255818549696, 20.733342325293144 ], [ -98.424269408878274, 20.733119888388707 ], [ -98.424290289333555, 20.732778127735173 ], [ -98.424372009075441, 20.732379338231528 ], [ -98.424526771521258, 20.732099279861817 ], [ -98.424579541965585, 20.731935356380731 ], [ -98.424558086403138, 20.731723271975127 ], [ -98.424488985879904, 20.731369303535526 ], [ -98.424567549755565, 20.731158703479391 ], [ -98.424581274760385, 20.731106520818326 ], [ -98.424647691048804, 20.730854007957344 ], [ -98.424700854800705, 20.730666560030816 ], [ -98.424807182801501, 20.730291665128494 ], [ -98.425113154880734, 20.729943261829185 ], [ -98.425178778961453, 20.729865112271469 ], [ -98.425335203930771, 20.729678833981197 ], [ -98.42544491749949, 20.729548180305798 ], [ -98.426002114623785, 20.729132913568108 ], [ -98.426256889430704, 20.728854336508146 ], [ -98.426441078446345, 20.728612283891177 ], [ -98.426717216355627, 20.728249393607729 ], [ -98.426978291015359, 20.727594436252069 ], [ -98.427362416052958, 20.727058950215373 ], [ -98.427694560305554, 20.726640341089169 ], [ -98.427801665519354, 20.726218396276355 ], [ -98.427935743505529, 20.725679202890291 ], [ -98.428222600454305, 20.72497756673112 ], [ -98.428236888647291, 20.724946873883034 ], [ -98.428559855708059, 20.724253146777869 ], [ -98.428696172162802, 20.72403669649627 ], [ -98.428765397387053, 20.723926777760841 ], [ -98.42914871867346, 20.723438334812361 ], [ -98.429478490097779, 20.723160864065242 ], [ -98.429886810846526, 20.722672789353869 ], [ -98.4301165641822, 20.722393836561242 ], [ -98.430320133711447, 20.722185084337973 ], [ -98.430597532368793, 20.722048013972504 ], [ -98.430750699684097, 20.721862044544842 ], [ -98.430903473767145, 20.721699598495448 ], [ -98.430962942785655, 20.721531052061618 ], [ -98.431109648295944, 20.721115259729206 ], [ -98.431236858145368, 20.720878167838677 ], [ -98.431411544704389, 20.720611548335292 ], [ -98.431617592816607, 20.720404404402224 ], [ -98.431839372516421, 20.720212159190705 ], [ -98.432014278173725, 20.719886162306658 ], [ -98.431983861510091, 20.71957432993587 ], [ -98.431842527653089, 20.719366039648179 ], [ -98.431858001271848, 20.719318587106322 ], [ -98.43189214984433, 20.719213856650729 ], [ -98.432145063357581, 20.719140467059251 ], [ -98.432508451369372, 20.719082289123197 ], [ -98.432761424976022, 20.718994057171066 ], [ -98.432856935901242, 20.718786552215548 ], [ -98.43290513522517, 20.718564044439464 ], [ -98.432984803614161, 20.71837132901862 ], [ -98.433174889146798, 20.718208665681825 ], [ -98.433318431642604, 20.717823182629171 ], [ -98.433465595051857, 20.717523669531712 ], [ -98.43309270866817, 20.717280614757946 ], [ -98.432458090659921, 20.717200057168014 ], [ -98.43196068921506, 20.717197992074954 ], [ -98.431065572253644, 20.716902451480287 ], [ -98.430255317894378, 20.716864680768609 ], [ -98.430147299491566, 20.716770930056985 ], [ -98.429958268280899, 20.716651550238975 ], [ -98.429737324085025, 20.716621129651621 ], [ -98.429437488134539, 20.716575601979351 ], [ -98.429201253564713, 20.716411528923398 ], [ -98.429280555740718, 20.716274597567132 ], [ -98.429518180057116, 20.716067560951934 ], [ -98.429740122445807, 20.715830787837628 ], [ -98.429961952550229, 20.715623702744875 ], [ -98.430104667831472, 20.715460885739962 ], [ -98.430279294474644, 20.71520910912318 ], [ -98.430474473169454, 20.715286964273979 ], [ -98.430856640236541, 20.715322172232582 ], [ -98.431225199697209, 20.715215238026982 ], [ -98.431464008682624, 20.715079424838809 ], [ -98.431779849955618, 20.715065625719088 ], [ -98.432001400489057, 20.714932756741096 ], [ -98.432412811087261, 20.714696600271505 ], [ -98.432558732298759, 20.714412027622355 ], [ -98.432734014368421, 20.713906370751097 ], [ -98.432917970711742, 20.713378100284281 ], [ -98.433321209056743, 20.713128864082485 ], [ -98.433547268160069, 20.712845036708185 ], [ -98.433781686863028, 20.712644121998707 ], [ -98.433952746438294, 20.712469870008121 ], [ -98.434178817637886, 20.712264742537894 ], [ -98.434577264187084, 20.712039001788888 ], [ -98.434959398187004, 20.711816245703456 ], [ -98.435300448548887, 20.711748724318237 ], [ -98.435625172424707, 20.711601675411291 ], [ -98.435924489008443, 20.711561997197872 ], [ -98.43615107503831, 20.711471225202892 ], [ -98.436529240761374, 20.711288574274537 ], [ -98.436656603993768, 20.711149277531518 ], [ -98.437010944166033, 20.710895684146134 ], [ -98.437087125439348, 20.710826219868345 ], [ -98.437341065318307, 20.710594673000635 ], [ -98.43769814784649, 20.710176411298299 ], [ -98.438052090989274, 20.709946339879956 ], [ -98.438329460512691, 20.709809255857586 ], [ -98.438683794986119, 20.709555658855603 ], [ -98.439090090348316, 20.709185180140345 ], [ -98.439270516404079, 20.708857443577855 ], [ -98.439476651419142, 20.708787422330186 ], [ -98.439709214545616, 20.708912569466179 ], [ -98.439867726805687, 20.708982775892597 ], [ -98.440087424950789, 20.709058848447683 ], [ -98.44032174200278, 20.709117521399577 ], [ -98.440680173742308, 20.70929881933014 ], [ -98.441021144434842, 20.709385156909494 ], [ -98.441452796681389, 20.709476834167244 ], [ -98.441776128897729, 20.709496929013319 ], [ -98.442364514642691, 20.709502268130208 ], [ -98.442786922427032, 20.709636167665053 ], [ -98.443349895190678, 20.709880962537053 ], [ -98.443303712502527, 20.709659926405106 ], [ -98.443046328899243, 20.709371942761756 ], [ -98.442624649193348, 20.709039250612747 ], [ -98.442296620218059, 20.708795214350857 ], [ -98.441780399322781, 20.708616832762576 ], [ -98.441907143183499, 20.708339531470987 ], [ -98.442295989708569, 20.708348609673468 ], [ -98.442266012587183, 20.708102179044449 ], [ -98.441910853755701, 20.707968171418564 ], [ -98.442301662584839, 20.707433740594805 ], [ -98.442452219831765, 20.706738228066349 ], [ -98.442559433140431, 20.706397057145477 ], [ -98.442817067783125, 20.706146599336641 ], [ -98.443062168373402, 20.705607491421873 ], [ -98.443230798392861, 20.705309178461476 ], [ -98.443523503441781, 20.705109923025155 ], [ -98.443853331437651, 20.704938716941591 ], [ -98.444163286201444, 20.704693111223385 ], [ -98.44419704603294, 20.704229080746369 ], [ -98.444406542309707, 20.703977533872255 ], [ -98.444663589420429, 20.703779693913727 ], [ -98.444959487488532, 20.703656419249924 ], [ -98.445354534412928, 20.703140304204574 ], [ -98.445281081468707, 20.702670442327932 ], [ -98.445282768330856, 20.702206587029572 ], [ -98.445355896809133, 20.701477896768775 ], [ -98.44540489242182, 20.700925837949743 ], [ -98.445335935197008, 20.700505932761359 ], [ -98.445361038131779, 20.700064239452022 ], [ -98.445620979551094, 20.699645392614194 ], [ -98.445739807021369, 20.699270268829967 ], [ -98.445858473011242, 20.698939321327156 ], [ -98.445859837287614, 20.698563815301728 ], [ -98.445697236394381, 20.698055253293848 ], [ -98.445698359720851, 20.697746015034753 ], [ -98.445559175172278, 20.697259618846189 ], [ -98.445595235925808, 20.696812461320366 ], [ -98.445831437811307, 20.696528918662668 ], [ -98.445966972657047, 20.696213462702104 ], [ -98.445886022781849, 20.695376088694967 ], [ -98.445853456371566, 20.695091680749393 ], [ -98.445894435443194, 20.694621707110525 ], [ -98.445903647191741, 20.694336709474349 ], [ -98.446261100019584, 20.694387191768573 ], [ -98.446433988397033, 20.694633631803974 ], [ -98.44659435084543, 20.694858322517138 ], [ -98.44678058216121, 20.695120457519121 ], [ -98.446944495367262, 20.695386702163567 ], [ -98.447173748768265, 20.695803724164278 ], [ -98.447402323869369, 20.696170789397993 ], [ -98.447462288752263, 20.69647217914811 ], [ -98.447483238270308, 20.696577472274868 ], [ -98.447548105513007, 20.696897662396527 ], [ -98.447599382464588, 20.697252764650962 ], [ -98.447617537414473, 20.697686779562151 ], [ -98.447582523444098, 20.698025424404545 ], [ -98.447617644302142, 20.698488028387271 ], [ -98.447864081618391, 20.698875753002199 ], [ -98.448032879755345, 20.699111523997026 ], [ -98.448049642613725, 20.699134937033939 ], [ -98.448181306697194, 20.699358957708611 ], [ -98.448305655204592, 20.699553086470324 ], [ -98.448419754539117, 20.699715679786934 ], [ -98.448579239982877, 20.699996097411223 ], [ -98.448704179096154, 20.700206189169133 ], [ -98.448886644920677, 20.700400866187991 ], [ -98.449017449682586, 20.700563656962153 ], [ -98.449146874453575, 20.70073668583921 ], [ -98.449216367602205, 20.700895725885768 ], [ -98.449340869213202, 20.700747509469831 ], [ -98.449469877175943, 20.700681246885498 ], [ -98.449584722290481, 20.700631408544563 ], [ -98.449683508773049, 20.700620130613416 ], [ -98.449890764543625, 20.700571098480552 ], [ -98.45010431645234, 20.700513949455413 ], [ -98.450356344180832, 20.700463181343018 ], [ -98.450644929865504, 20.70044851779237 ], [ -98.450851483235965, 20.700382026832287 ], [ -98.451081863480127, 20.700273320505005 ], [ -98.451322109873871, 20.700079300902413 ], [ -98.451536766286452, 20.699991613211978 ], [ -98.451788477053583, 20.699967248501995 ], [ -98.451909284161374, 20.700021756980739 ], [ -98.45207695058113, 20.70002588938652 ], [ -98.452274070534301, 20.700014971065677 ], [ -98.452521938499018, 20.699938160412231 ], [ -98.452769527850876, 20.699938947100932 ], [ -98.452922000950494, 20.699755534050627 ], [ -98.453170956665559, 20.699634266464503 ], [ -98.453473967695359, 20.699560467185069 ], [ -98.453711765154253, 20.6995539471074 ], [ -98.454342730732193, 20.699475081202348 ], [ -98.454871199094228, 20.699399156222754 ], [ -98.455317526404144, 20.699214334493615 ], [ -98.455483305449249, 20.699013105110591 ], [ -98.455632909436076, 20.698718703437944 ], [ -98.455831923369033, 20.698455495152817 ], [ -98.455981175258614, 20.698269711579201 ], [ -98.456262403143811, 20.698084386615886 ], [ -98.456708779902854, 20.697884037484727 ], [ -98.457093198176835, 20.69767968605262 ], [ -98.457682753333174, 20.697432470986534 ], [ -98.45811012943858, 20.697267763459035 ], [ -98.458479080598721, 20.696978337037475 ], [ -98.45892101934615, 20.696855186773831 ], [ -98.459318863778535, 20.696718063724823 ], [ -98.459883393085661, 20.69620335627387 ], [ -98.459758968068442, 20.695901936298487 ], [ -98.45956743250332, 20.695589898975488 ], [ -98.459334696835882, 20.695155075139613 ], [ -98.459310799941136, 20.695105574684831 ], [ -98.459110584442271, 20.694690839155093 ], [ -98.45890020981966, 20.69425909683282 ], [ -98.458790377560348, 20.693703771641847 ], [ -98.458750373812904, 20.693384478499034 ], [ -98.458836479775044, 20.693105116919224 ], [ -98.458905779820569, 20.692880277565294 ], [ -98.459141652208743, 20.692017137614101 ], [ -98.459349321514225, 20.690659927939979 ], [ -98.459412176675002, 20.689637093509369 ], [ -98.45918733369308, 20.688391195454738 ], [ -98.458919753189406, 20.68761419269315 ], [ -98.458670272317434, 20.686837606863939 ], [ -98.458601874023017, 20.686624693874297 ], [ -98.458491911998607, 20.685806345644355 ], [ -98.458542974383747, 20.685372430131299 ], [ -98.458871258892586, 20.684957382815288 ], [ -98.459329399891402, 20.684632372170064 ], [ -98.459957724783123, 20.68437347360009 ], [ -98.460274089873892, 20.683908411722538 ], [ -98.460490912732467, 20.683204849574377 ], [ -98.460153526520187, 20.682466390166301 ], [ -98.460071382074005, 20.681965995588321 ], [ -98.460037620093459, 20.681357777149348 ], [ -98.46016812848093, 20.680635998221703 ], [ -98.460340377205384, 20.679834339854981 ], [ -98.460306872433222, 20.678869942386886 ], [ -98.460295426127146, 20.678660881397178 ], [ -98.46028051094811, 20.678388452959677 ], [ -98.460276806363495, 20.67795821028858 ], [ -98.460241952486001, 20.677601346415649 ], [ -98.460252515540319, 20.677198653789674 ], [ -98.460402810419353, 20.676830684856913 ], [ -98.460658347430751, 20.676466242212612 ], [ -98.461031836931937, 20.676027742909238 ], [ -98.461363970746589, 20.675424333904814 ], [ -98.461969348295128, 20.675255381075047 ], [ -98.46263383731619, 20.675091766072704 ], [ -98.463237740924853, 20.674839290104753 ], [ -98.463634910152649, 20.674620501882615 ], [ -98.463978595180819, 20.674127541269911 ], [ -98.464286640504085, 20.672732225236807 ], [ -98.464536485443759, 20.671807991041828 ], [ -98.464595175526327, 20.671141702410935 ], [ -98.46464254499152, 20.670516406026699 ], [ -98.464587737133428, 20.669947013294379 ], [ -98.464216444399526, 20.66933384421862 ], [ -98.463841390306101, 20.66895485932789 ], [ -98.463441909568374, 20.66862695280274 ], [ -98.46333256215469, 20.668312276086137 ], [ -98.46327500352379, 20.667841360528406 ], [ -98.463433332531153, 20.667662073424882 ], [ -98.463561385159664, 20.66751707101194 ], [ -98.463685953291773, 20.667241283899081 ], [ -98.463999223064391, 20.66706857499333 ], [ -98.464672643276486, 20.666791693265871 ], [ -98.465318056451935, 20.666666777281176 ], [ -98.465715548479025, 20.666440391486034 ], [ -98.46644441524667, 20.666365359136062 ], [ -98.467415201422412, 20.66613808473338 ], [ -98.467960338036761, 20.66561169850301 ], [ -98.468446526819847, 20.664946301561564 ], [ -98.468949754849007, 20.664755689520678 ], [ -98.469001346287399, 20.664736147349831 ], [ -98.469240588109443, 20.664418910897329 ], [ -98.469358601955761, 20.663963878958608 ], [ -98.469485381325057, 20.663349265349392 ], [ -98.469552305467488, 20.663263515907236 ], [ -98.469842863786397, 20.66289122019435 ], [ -98.470012879904345, 20.66257030940104 ], [ -98.47026555462925, 20.662497563859841 ], [ -98.470536159366461, 20.662467886713671 ], [ -98.470973620226815, 20.662683595492702 ], [ -98.471410401940602, 20.662890488941812 ], [ -98.471929092745896, 20.662879445437397 ], [ -98.472609543136045, 20.662676770009913 ], [ -98.473037072286829, 20.66235931661819 ], [ -98.4736105738275, 20.662165491622666 ], [ -98.474008456512479, 20.661826493709544 ], [ -98.474112331356551, 20.661250352660176 ], [ -98.474321189488037, 20.660624555522375 ], [ -98.474800772211154, 20.660132697182618 ], [ -98.4749900716767, 20.659955412868008 ], [ -98.475137468519989, 20.65981737054539 ], [ -98.475785301277227, 20.659621324598756 ], [ -98.476216027893599, 20.659535369309118 ], [ -98.476770838703416, 20.659385133300116 ], [ -98.477434564215912, 20.659362113486445 ], [ -98.478068699940962, 20.659300039665855 ], [ -98.478478273680395, 20.659242358447365 ], [ -98.478636703692445, 20.658598596662088 ], [ -98.478454004277154, 20.65786410787625 ], [ -98.478942303346784, 20.657321769289574 ], [ -98.479153652561237, 20.657013171624548 ], [ -98.479509269628778, 20.656784365843656 ], [ -98.480113565376286, 20.656548218916981 ], [ -98.480694047811255, 20.656281763987284 ], [ -98.480717791326342, 20.656270784071076 ], [ -98.481017390421755, 20.656132227749751 ], [ -98.481455050073635, 20.655965606047573 ], [ -98.48183409513905, 20.655846377109594 ], [ -98.482258346482041, 20.655734288309979 ], [ -98.482800101446855, 20.655838216754791 ], [ -98.483180865465116, 20.655901852815678 ], [ -98.483751258891999, 20.65590348899665 ], [ -98.483783621605326, 20.655903581784138 ], [ -98.484025019746397, 20.655523892582341 ], [ -98.484157624876644, 20.654940425362913 ], [ -98.484354603296225, 20.654703461915638 ], [ -98.484717228237798, 20.654587622479262 ], [ -98.485275163222809, 20.65457979714536 ], [ -98.486013780301931, 20.654396724382163 ], [ -98.486491114305565, 20.653821208094097 ], [ -98.486608179957358, 20.65298707965308 ], [ -98.486463706897155, 20.652244474527091 ], [ -98.486538924561231, 20.651790769794989 ], [ -98.486785850310255, 20.651241763886986 ], [ -98.486861814705222, 20.650963283871388 ], [ -98.48695337604002, 20.650627626124326 ], [ -98.487028223509881, 20.650052352901444 ], [ -98.487335048804539, 20.649763904643578 ], [ -98.48760757506308, 20.649643529077238 ], [ -98.488083300272976, 20.64956432805937 ], [ -98.488604763886116, 20.649764672935 ], [ -98.489067463551891, 20.64994274535481 ], [ -98.489741370225829, 20.649986179059837 ], [ -98.49025618562392, 20.649586501983364 ], [ -98.490421839534505, 20.649206695893998 ], [ -98.489999218653324, 20.649155118004316 ], [ -98.48975381058294, 20.649046518518041 ], [ -98.489590685763176, 20.648830283799274 ], [ -98.489539881999164, 20.648610873158617 ], [ -98.490037413779675, 20.648355974709471 ], [ -98.490305198227972, 20.647997608532304 ], [ -98.490377144182588, 20.647715735172515 ], [ -98.490537105216035, 20.647361632322134 ], [ -98.490990087092115, 20.646977728331557 ], [ -98.491266203097481, 20.64652284153247 ], [ -98.49116332407398, 20.645771731523141 ], [ -98.491511268193278, 20.645580595271337 ], [ -98.491807956250227, 20.645771441950668 ], [ -98.491984527770072, 20.64589727313496 ], [ -98.492158992290214, 20.646104226452493 ], [ -98.492433230767006, 20.646092873129295 ], [ -98.49258948409836, 20.646086404256046 ], [ -98.493046259467789, 20.645808590575566 ], [ -98.493180004674471, 20.645388165573408 ], [ -98.493363236608175, 20.645078014791288 ], [ -98.49369741340935, 20.644887581193657 ], [ -98.494094508789217, 20.644810028182132 ], [ -98.494484176791232, 20.644535597373256 ], [ -98.494846729523601, 20.644340511167492 ], [ -98.49493889612026, 20.643911046196617 ], [ -98.495081043895027, 20.643635067741922 ], [ -98.495015257202311, 20.643049643125199 ], [ -98.494828696179354, 20.642436062264625 ], [ -98.495054457731598, 20.641540019935572 ], [ -98.495281942429841, 20.640779623822912 ], [ -98.495802783257673, 20.639863056926746 ], [ -98.495174898069791, 20.637963634790946 ], [ -98.495168688349438, 20.636628713942258 ], [ -98.494396752515883, 20.635083678168328 ], [ -98.493964351406646, 20.634295411764221 ], [ -98.493721525303926, 20.633423384823569 ], [ -98.493335191194348, 20.632665548125203 ], [ -98.49296427955359, 20.632041579022978 ], [ -98.49270798967882, 20.631621041741887 ], [ -98.492588486851105, 20.631424953952621 ], [ -98.492158738111584, 20.6306228534811 ], [ -98.491592442975147, 20.629799193394362 ], [ -98.490969359598552, 20.628145157810494 ], [ -98.49039754368124, 20.62697369922828 ], [ -98.490291422436727, 20.625590722781418 ], [ -98.490069090602418, 20.624142528783288 ], [ -98.490060751243604, 20.624089826779212 ], [ -98.489849091028759, 20.622752299696771 ], [ -98.489687305390873, 20.621677989034435 ], [ -98.489603363629698, 20.621120589056794 ], [ -98.489597380429046, 20.620426200819015 ], [ -98.489504075716141, 20.619656736805769 ], [ -98.489004836467828, 20.618525811631518 ], [ -98.488782422357204, 20.617875121491693 ], [ -98.488387059616798, 20.617356601211576 ], [ -98.487921056527824, 20.61695496620009 ], [ -98.487584889721333, 20.616268228012256 ], [ -98.487281874077723, 20.615632815526773 ], [ -98.486990204476527, 20.614560495173137 ], [ -98.487053786750963, 20.613995682499972 ], [ -98.48688558052875, 20.613404741156376 ], [ -98.486664144994762, 20.61286257904246 ], [ -98.4863263046648, 20.612368702802105 ], [ -98.48603639405799, 20.612015324147055 ], [ -98.485748781592207, 20.611757816854777 ], [ -98.485482448440308, 20.611388336163241 ], [ -98.4853546606859, 20.610716037520078 ], [ -98.485004166060719, 20.609982000727495 ], [ -98.484581442515378, 20.608866965600548 ], [ -98.484068749614138, 20.607884772046322 ], [ -98.483838399955431, 20.607208181505737 ], [ -98.483595686343889, 20.606518280435278 ], [ -98.483291320190602, 20.60611251110322 ], [ -98.482734715661707, 20.605977185282821 ], [ -98.481924938828342, 20.605699628659426 ], [ -98.481405050168178, 20.605394684377945 ], [ -98.48094293242076, 20.604919473859322 ], [ -98.480855809886833, 20.604687625334972 ], [ -98.48089169820166, 20.60447269044219 ], [ -98.480980450780024, 20.604224834192994 ], [ -98.481086951490738, 20.603927400291738 ], [ -98.481017073651941, 20.603794859022685 ], [ -98.48077103443164, 20.603761035045181 ], [ -98.480454620364682, 20.603743544870561 ], [ -98.480226728636538, 20.603544357654943 ], [ -98.480122078547126, 20.603295915127319 ], [ -98.480105620817909, 20.602965031958341 ], [ -98.480123986047644, 20.602733503829068 ], [ -98.480195040195468, 20.602518675423266 ], [ -98.480353950145357, 20.602320650845805 ], [ -98.480547795443542, 20.602188896744529 ], [ -98.480794279472761, 20.60209039048776 ], [ -98.481086620652562, 20.601951337276091 ], [ -98.481181513489588, 20.601635622453571 ], [ -98.481109704581684, 20.601397574249226 ], [ -98.481030312809523, 20.6011185920601 ], [ -98.480752192442409, 20.600933793386226 ], [ -98.480536334957179, 20.600760048546832 ], [ -98.480320305240241, 20.600637212492941 ], [ -98.480006940738519, 20.600493720307686 ], [ -98.479823448141801, 20.600350618425985 ], [ -98.479726947160586, 20.600085587069771 ], [ -98.47968383495963, 20.59981452707509 ], [ -98.47958729458783, 20.599559679052277 ], [ -98.479501138014086, 20.599437232972591 ], [ -98.479350112067394, 20.599294227900987 ], [ -98.479296553628672, 20.599131153326312 ], [ -98.479297176039083, 20.598947875075556 ], [ -98.479265401450604, 20.598744135354103 ], [ -98.479125645810086, 20.598468794251179 ], [ -98.479083224971305, 20.59821411318001 ], [ -98.479040798632951, 20.597959427479481 ], [ -98.47897690503271, 20.597653771625701 ], [ -98.479010028348412, 20.597460407574811 ], [ -98.479018728641151, 20.597358265690403 ], [ -98.479032572633884, 20.597195738034287 ], [ -98.479011549978139, 20.597012398711666 ], [ -98.478870031880049, 20.59660318135283 ], [ -98.478787002823339, 20.596468276055599 ], [ -98.47870432322118, 20.596232380429559 ], [ -98.478704242427625, 20.59611318923951 ], [ -98.478704197271284, 20.596046793478539 ], [ -98.478812293315102, 20.59582269451818 ], [ -98.478848874016833, 20.595587157824866 ], [ -98.47894523313559, 20.595306916327047 ], [ -98.478945995341718, 20.595082493114578 ], [ -98.478827422594478, 20.594880156448554 ], [ -98.478696618506547, 20.594767547988901 ], [ -98.478589660980063, 20.594655014540962 ], [ -98.478518871096938, 20.594430376658021 ], [ -98.478459849044455, 20.594250658983352 ], [ -98.478472691733927, 20.593981388195967 ], [ -98.478532934092172, 20.593802029747931 ], [ -98.478629178636055, 20.593555455278182 ], [ -98.478949924405043, 20.593334719774745 ], [ -98.479233478347581, 20.593111395406563 ], [ -98.479429569028639, 20.592833791163219 ], [ -98.479481579502178, 20.592542417613696 ], [ -98.479530620050213, 20.592365902927792 ], [ -98.479560722346591, 20.592063571149406 ], [ -98.479645200601453, 20.591748617903075 ], [ -98.479721515355294, 20.591535895661252 ], [ -98.479775996757226, 20.591256100948286 ], [ -98.480015594932865, 20.591113710070395 ], [ -98.480197339976357, 20.590777684530831 ], [ -98.480178244071794, 20.59038602323232 ], [ -98.480226187225483, 20.590041602003268 ], [ -98.480191617117484, 20.589776551829971 ], [ -98.480131248092775, 20.589436384534562 ], [ -98.480180458116266, 20.588998892898797 ], [ -98.480490304196763, 20.588715608032601 ], [ -98.480845720891892, 20.588617120543955 ], [ -98.481169064807148, 20.588541619937565 ], [ -98.481557402959993, 20.588376939318369 ], [ -98.482093462086254, 20.588044408154467 ], [ -98.482393789368089, 20.587941348337019 ], [ -98.482414532588876, 20.587934230007793 ], [ -98.482430926310855, 20.587988666772223 ], [ -98.482556813231156, 20.588406696791807 ], [ -98.482619453128308, 20.588529270191074 ], [ -98.482682092199894, 20.588651842647216 ], [ -98.482750554631011, 20.588785809770112 ], [ -98.482887394565694, 20.588948087221191 ], [ -98.483125308073809, 20.589136317097939 ], [ -98.483356247900943, 20.589282507607955 ], [ -98.483510338872307, 20.589354942719847 ], [ -98.483552154049079, 20.589374599103184 ], [ -98.483820583261377, 20.589323694690698 ], [ -98.484019273991109, 20.589455128494389 ], [ -98.484107876879364, 20.58952175857894 ], [ -98.484208685500178, 20.589673638465367 ], [ -98.484413892324923, 20.58984151953657 ], [ -98.484585704676491, 20.589999862415308 ], [ -98.48473654825716, 20.590099570204124 ], [ -98.484926339994871, 20.590181085134681 ], [ -98.485123094813076, 20.589988201177555 ], [ -98.485430350978149, 20.589906000009581 ], [ -98.485757277559259, 20.589769523607238 ], [ -98.485958579166208, 20.589678302031363 ], [ -98.486066901307694, 20.589660768206468 ], [ -98.486213097849955, 20.589637105020277 ], [ -98.486359294364746, 20.589613440787566 ], [ -98.486710815579983, 20.589500835046213 ], [ -98.486963950923155, 20.589292740034139 ], [ -98.487217462183693, 20.589061128634516 ], [ -98.487470595921863, 20.58885303285096 ], [ -98.487919369974492, 20.588906461386355 ], [ -98.488389540132516, 20.58900502710323 ], [ -98.488848164628834, 20.589320156171098 ], [ -98.489183607726943, 20.589512490576649 ], [ -98.489606656994411, 20.589612592659623 ], [ -98.489855641564375, 20.589663176058242 ], [ -98.49040695263885, 20.589553402469431 ], [ -98.491109236271498, 20.589375206283886 ], [ -98.491535675951013, 20.589263654461369 ], [ -98.491835362413184, 20.589267911589825 ], [ -98.492110827565298, 20.589224779462796 ], [ -98.492531618508409, 20.589465974836884 ], [ -98.49280444883091, 20.589587458019047 ], [ -98.493202526859406, 20.589687197199083 ], [ -98.493527187462831, 20.589691805642698 ], [ -98.493751953560519, 20.589694995164077 ], [ -98.494199603438275, 20.589818957783908 ], [ -98.494450847634738, 20.589728434885835 ], [ -98.494627922909231, 20.589589815401389 ], [ -98.495081214957906, 20.589361027122433 ], [ -98.495428969596745, 20.589483568651335 ], [ -98.495827048270627, 20.589583301848279 ], [ -98.496152461912217, 20.589540871794568 ], [ -98.49630305770404, 20.589495962966993 ], [ -98.496943735377101, 20.590046049806688 ], [ -98.497232901415373, 20.590708762352207 ], [ -98.497552681040688, 20.591019078903333 ], [ -98.49764994747531, 20.591185110597067 ], [ -98.497969728224021, 20.591495426364091 ], [ -98.497994702681225, 20.591495780247755 ], [ -98.498265663182849, 20.591734838629552 ], [ -98.498539253677052, 20.591809279618509 ], [ -98.498887767080831, 20.591884782229084 ], [ -98.499287356738051, 20.591890440495888 ], [ -98.499759617013581, 20.592038259410884 ], [ -98.499956033381309, 20.592252737116301 ], [ -98.500152450372795, 20.592467214603925 ], [ -98.500422290482703, 20.592776819370432 ], [ -98.500594859322462, 20.592920393716575 ], [ -98.50099070018635, 20.593161214717902 ], [ -98.501337342312596, 20.593354294964406 ], [ -98.501507662649715, 20.593638967648172 ], [ -98.50167685722667, 20.593994190301682 ], [ -98.501823329545928, 20.594207959356758 ], [ -98.501969802305538, 20.594421729212872 ], [ -98.502067075658402, 20.594587758498452 ], [ -98.502286973260013, 20.594896653100186 ], [ -98.502285097925409, 20.595014236428874 ], [ -98.502304447109893, 20.595367338750137 ], [ -98.502375996238897, 20.595580047953103 ], [ -98.502472895879762, 20.595769594170598 ], [ -98.502671946034113, 20.595819452365472 ], [ -98.502920945907135, 20.595870017344946 ], [ -98.503270971799822, 20.595851444693647 ], [ -98.503470396255651, 20.595877785684976 ], [ -98.503720231188979, 20.595827204581212 ], [ -98.503796196445336, 20.595811824745301 ], [ -98.5040220962197, 20.595744452495797 ], [ -98.504272595343892, 20.595700948887909 ], [ -98.5048087531449, 20.595866642437084 ], [ -98.505420674434134, 20.595954176246238 ], [ -98.505863959294871, 20.596237752804196 ], [ -98.508635344968468, 20.595767523752215 ], [ -98.512248011300258, 20.594224355827109 ], [ -98.514075550731846, 20.59219541216644 ], [ -98.51768025795451, 20.588193214289614 ], [ -98.51871301218732, 20.587046520580898 ], [ -98.521098385320585, 20.584397883328997 ], [ -98.521267420613512, 20.584100646671452 ], [ -98.521358649449837, 20.583925247208622 ], [ -98.521406229072596, 20.583667763821175 ], [ -98.521495282202807, 20.583576803617017 ], [ -98.521521063772894, 20.58341748727317 ], [ -98.521542439675116, 20.583242193183679 ], [ -98.521506435720013, 20.583143839833518 ], [ -98.521492651201385, 20.583024446556198 ], [ -98.521536480001387, 20.582819045294105 ], [ -98.521553289616548, 20.582634007298939 ], [ -98.521566246767037, 20.582505018247218 ], [ -98.52160928704339, 20.582472750247817 ], [ -98.521693959717268, 20.58240927077188 ], [ -98.521883018098023, 20.582363122820833 ], [ -98.522050207486501, 20.582324413688916 ], [ -98.522176591697189, 20.582280236076532 ], [ -98.522338966565101, 20.582241416670705 ], [ -98.522522655569816, 20.58221669280907 ], [ -98.52270134045726, 20.582199225963258 ], [ -98.522886708184529, 20.582015768988537 ], [ -98.522978648541098, 20.581812600244628 ], [ -98.523000256359637, 20.581534677435602 ], [ -98.522931603592397, 20.581207629361703 ], [ -98.522913223897433, 20.580892503081479 ], [ -98.522937238841408, 20.58061463544708 ], [ -98.522947951819546, 20.58048556442057 ], [ -98.522958189895277, 20.580362214641777 ], [ -98.523095762347467, 20.580164057394644 ], [ -98.523191902092833, 20.580078361686908 ], [ -98.523314126161907, 20.580008571545282 ], [ -98.523565795296037, 20.579869155851899 ], [ -98.523622924663769, 20.579708287234411 ], [ -98.523552111823903, 20.579558673530823 ], [ -98.523430983132187, 20.57939883838576 ], [ -98.523373850284855, 20.579287050393042 ], [ -98.52331633230375, 20.579174508731587 ], [ -98.523209399282734, 20.578931075958451 ], [ -98.523068125155845, 20.578711808647512 ], [ -98.522779931551852, 20.578399027160643 ], [ -98.522723968194981, 20.578333222059339 ], [ -98.52245732582422, 20.578019682884673 ], [ -98.522298081520916, 20.577750105246089 ], [ -98.522262736351223, 20.577532689660419 ], [ -98.522316585631572, 20.577218646826775 ], [ -98.52288121613617, 20.5768039958683 ], [ -98.523533708377997, 20.576344285059449 ], [ -98.524042079393908, 20.575962934946006 ], [ -98.524279238667717, 20.575544772591474 ], [ -98.524337939625411, 20.575042017367394 ], [ -98.52433004586247, 20.574600116130782 ], [ -98.524261728015475, 20.573979353556478 ], [ -98.524162178242364, 20.573449170966569 ], [ -98.523970142170612, 20.573050130391298 ], [ -98.523793453638547, 20.572709844685978 ], [ -98.523710113575589, 20.572298542640404 ], [ -98.52370394325996, 20.571976892984697 ], [ -98.52377517558439, 20.571642267713958 ], [ -98.523921548908305, 20.571382505458615 ], [ -98.524154879315262, 20.571299941907824 ], [ -98.524376539217528, 20.571202935746363 ], [ -98.524735410640986, 20.571108494139509 ], [ -98.524892460847383, 20.570995269644701 ], [ -98.524915317890901, 20.570762173233234 ], [ -98.524813027563241, 20.570525653460283 ], [ -98.524673086779984, 20.570254819267493 ], [ -98.524531308887759, 20.570055389323542 ], [ -98.524464147201442, 20.569951223120807 ], [ -98.524376534048187, 20.569893086814986 ], [ -98.524227069922972, 20.569898747404039 ], [ -98.52407903526948, 20.569848871163249 ], [ -98.523974092267267, 20.56971549053204 ], [ -98.523857581561884, 20.569563700657582 ], [ -98.523804380911471, 20.569385004483095 ], [ -98.523721334456894, 20.569149490556232 ], [ -98.523609989317947, 20.568516407121862 ], [ -98.523635386800493, 20.567997584618809 ], [ -98.523604695543284, 20.567692954166787 ], [ -98.523397206656071, 20.567333253890897 ], [ -98.52341816937934, 20.567080268923373 ], [ -98.523667130373667, 20.566858006418808 ], [ -98.523783026023736, 20.566659356026179 ], [ -98.523751678233666, 20.566473787726562 ], [ -98.523606900673158, 20.566297537222638 ], [ -98.523516037468042, 20.566178653860927 ], [ -98.52341459892267, 20.566002825750129 ], [ -98.523356528492087, 20.565732726499959 ], [ -98.523348492249809, 20.565390055654955 ], [ -98.523415098507172, 20.564860834800385 ], [ -98.52343491000363, 20.564091258364925 ], [ -98.523712164407272, 20.563518083174884 ], [ -98.523924330058009, 20.562853830869564 ], [ -98.524121715655014, 20.562279745643025 ], [ -98.524135180926649, 20.56224058138525 ], [ -98.524150670669172, 20.561638748793897 ], [ -98.524089974489101, 20.561216034296034 ], [ -98.524056731489779, 20.560984519535516 ], [ -98.523826627945482, 20.560661729167606 ], [ -98.523581997675166, 20.560154889198273 ], [ -98.52340777691731, 20.560000081052607 ], [ -98.523231135625764, 20.559752224605518 ], [ -98.522903524246033, 20.559662523491202 ], [ -98.52270538319388, 20.559501497965748 ], [ -98.522635998173783, 20.559203356851953 ], [ -98.522696068126265, 20.558834458804185 ], [ -98.522929786765445, 20.558642470679917 ], [ -98.522961264141841, 20.558635818199502 ], [ -98.523120373023843, 20.558442125840191 ], [ -98.52357316187026, 20.558346431293174 ], [ -98.523754207262542, 20.55823602544374 ], [ -98.523854663098376, 20.557982022182955 ], [ -98.523868654870654, 20.557919245429879 ], [ -98.523917281818385, 20.557701071701501 ], [ -98.524002348314625, 20.557296454581365 ], [ -98.524014658943429, 20.557143449314946 ], [ -98.524016511289219, 20.557120432156875 ], [ -98.524118278642618, 20.556908986026084 ], [ -98.524229671724697, 20.556417080791476 ], [ -98.52421400753326, 20.556162490569772 ], [ -98.524195713833421, 20.555865154519854 ], [ -98.523850491286751, 20.5553373081713 ], [ -98.523817202383441, 20.555020340950371 ], [ -98.523811809332273, 20.554968991201651 ], [ -98.524198233521929, 20.554457283164187 ], [ -98.524361944875125, 20.554271633748151 ], [ -98.524378995359996, 20.554170525191559 ], [ -98.52429161895472, 20.55407510612881 ], [ -98.524210353120267, 20.553986360493635 ], [ -98.524009016198534, 20.553840603013462 ], [ -98.523933761657034, 20.553786122243018 ], [ -98.523777387167073, 20.553593164775627 ], [ -98.523771042412548, 20.55346543890273 ], [ -98.523830362819723, 20.553312562173854 ], [ -98.52392632243459, 20.55304598268328 ], [ -98.523991812185429, 20.552840513364092 ], [ -98.524117292343888, 20.552456099423001 ], [ -98.524348780530119, 20.552163128819192 ], [ -98.524619328942535, 20.552036621202461 ], [ -98.524944909260498, 20.552017403153087 ], [ -98.525212730386443, 20.55199686608908 ], [ -98.525520700227077, 20.551538933991129 ], [ -98.525640633942061, 20.551276303199838 ], [ -98.52571589245531, 20.551065386190857 ], [ -98.525751594088575, 20.550800833102354 ], [ -98.525716817641339, 20.550467762697174 ], [ -98.525577497383679, 20.55019945944758 ], [ -98.525556213192715, 20.550158470865259 ], [ -98.525521438554634, 20.549918959712411 ], [ -98.52533162084633, 20.549622042585369 ], [ -98.525311834186397, 20.549592563837432 ], [ -98.525141454054975, 20.54933872589563 ], [ -98.525068624602056, 20.549200513996674 ], [ -98.524978445689655, 20.549029378796181 ], [ -98.524827836815874, 20.548893257092175 ], [ -98.524733600091167, 20.548718730424554 ], [ -98.524728287211147, 20.548714908512387 ], [ -98.524485357885396, 20.548540120837036 ], [ -98.52449234336774, 20.548362234674215 ], [ -98.524672047115189, 20.548209838496117 ], [ -98.524842940758688, 20.548025487669172 ], [ -98.525068907680193, 20.547853167267242 ], [ -98.5252619705537, 20.547743035193022 ], [ -98.525387940176245, 20.547526472146284 ], [ -98.525366147083545, 20.547384277754546 ], [ -98.525359074061512, 20.547338128421945 ], [ -98.525131267756549, 20.547207616468942 ], [ -98.524939349619686, 20.547140536432117 ], [ -98.524844888370382, 20.547107520423047 ], [ -98.524857358505116, 20.547090794377084 ], [ -98.52495730824532, 20.546856060088093 ], [ -98.525199564822188, 20.546685590340221 ], [ -98.52540608727405, 20.546540265244627 ], [ -98.525537432238735, 20.546314781656029 ], [ -98.5255824310767, 20.546237530431576 ], [ -98.525695431943277, 20.545963402106306 ], [ -98.525746765363763, 20.545559152189369 ], [ -98.525778341288856, 20.545264341407215 ], [ -98.525787962261688, 20.545174516852352 ], [ -98.525888681510366, 20.544909747736153 ], [ -98.526005237131358, 20.544497347149168 ], [ -98.526137298135083, 20.544231025175201 ], [ -98.526443401662789, 20.544125739658547 ], [ -98.526733793964155, 20.543882308707428 ], [ -98.527086959966425, 20.543725929694705 ], [ -98.527234233882595, 20.543617019119587 ], [ -98.527456202885119, 20.543225167378228 ], [ -98.52762956311588, 20.542944476967715 ], [ -98.52813673946919, 20.542791608632768 ], [ -98.528707906657885, 20.542491071248445 ], [ -98.528749247598185, 20.541913085352558 ], [ -98.528992033751777, 20.541460468504724 ], [ -98.529383948281918, 20.54110764499746 ], [ -98.529953242051178, 20.540879639467288 ], [ -98.530419683389979, 20.540624905830647 ], [ -98.530843554497665, 20.540152599041857 ], [ -98.531115342886096, 20.539507853889788 ], [ -98.534655492035341, 20.530682325490758 ], [ -98.534665176772705, 20.530658180637456 ], [ -98.534972921444705, 20.530393586006532 ], [ -98.535228331391266, 20.530198109476096 ], [ -98.535342156836705, 20.529890543083614 ], [ -98.535514256243417, 20.529751572433938 ], [ -98.535627042390431, 20.529578364819024 ], [ -98.535903721896204, 20.529492238257927 ], [ -98.536077151089557, 20.529395256392696 ], [ -98.536096784810184, 20.52928683636561 ], [ -98.536127336723624, 20.529128200503393 ], [ -98.536228360586193, 20.529038076027618 ], [ -98.536232225881662, 20.528887338122132 ], [ -98.536422279649443, 20.528799239452496 ], [ -98.536542500437037, 20.528617695290215 ], [ -98.536617656662528, 20.528409610067982 ], [ -98.536977001509044, 20.528291908751335 ], [ -98.537184957902738, 20.528162824472751 ], [ -98.537338059851123, 20.528107337933335 ], [ -98.537616366633472, 20.528145421536632 ], [ -98.537842806922484, 20.528234490213833 ], [ -98.538039636951765, 20.528257678488437 ], [ -98.538169794820064, 20.528158009197231 ], [ -98.53819215239227, 20.528037176690486 ], [ -98.538255400894826, 20.527917841175835 ], [ -98.53824068231485, 20.527740598124502 ], [ -98.538166534940956, 20.52753365282263 ], [ -98.538071932802538, 20.527373304425744 ], [ -98.537887836986158, 20.527229064906958 ], [ -98.537801436761839, 20.52712447024772 ], [ -98.537843029480555, 20.527004642415715 ], [ -98.53803286169844, 20.526925042112808 ], [ -98.53827466132293, 20.526790489141472 ], [ -98.538492408778623, 20.526748946032331 ], [ -98.538925768902061, 20.526749161299865 ], [ -98.539219613848076, 20.526744502288317 ], [ -98.53944072962895, 20.526567440246588 ], [ -98.539448208853543, 20.526561451162674 ], [ -98.539457020911598, 20.526217474575137 ], [ -98.539499004218868, 20.526095075160647 ], [ -98.539532476170351, 20.525997487968862 ], [ -98.539794331417554, 20.525925760115374 ], [ -98.539931001121374, 20.525978412962612 ], [ -98.540039888166547, 20.52602036310391 ], [ -98.540260123947817, 20.526069596146094 ], [ -98.540266176094732, 20.526064163374979 ], [ -98.540350904128232, 20.525988106325872 ], [ -98.540380871085461, 20.525961206127143 ], [ -98.540422362598505, 20.525751220440466 ], [ -98.540632291244705, 20.525356814830808 ], [ -98.540837400869989, 20.525150547659798 ], [ -98.541128132738805, 20.524891225785755 ], [ -98.54123946054348, 20.524799956329929 ], [ -98.541391264153049, 20.52467550323205 ], [ -98.541682298600932, 20.52440428006858 ], [ -98.542146615621462, 20.524229416010961 ], [ -98.542468084500754, 20.524085893514147 ], [ -98.542624897501923, 20.523936199957983 ], [ -98.542808644997152, 20.52376079327821 ], [ -98.543528964309814, 20.523648440752041 ], [ -98.544079549031594, 20.523489138278059 ], [ -98.544156672598319, 20.523422476935306 ], [ -98.544394680259288, 20.523216756445589 ], [ -98.544690343893905, 20.522858313455043 ], [ -98.545006907133143, 20.522435705200294 ], [ -98.545272722491845, 20.521926326052451 ], [ -98.545310160688473, 20.521592072631563 ], [ -98.545411983449682, 20.521281961020051 ], [ -98.545639705260328, 20.521038211891042 ], [ -98.546200931858735, 20.521027133494723 ], [ -98.546421060332563, 20.521080324198902 ], [ -98.546566048497994, 20.521059232466499 ], [ -98.546653478871463, 20.521029463585727 ], [ -98.546924555438835, 20.521067366189431 ], [ -98.547081786189182, 20.521049169028107 ], [ -98.547153944845363, 20.521040817523581 ], [ -98.54763608510244, 20.520827218256997 ], [ -98.548033605595521, 20.520627574705159 ], [ -98.548485381336036, 20.520565809802321 ], [ -98.548887656911148, 20.520462663548003 ], [ -98.549137523989785, 20.520388380438931 ], [ -98.549415818197687, 20.520426442239927 ], [ -98.549449447254048, 20.520422575098884 ], [ -98.54976592957081, 20.520386183172519 ], [ -98.549990761984461, 20.520255197270455 ], [ -98.550116120913358, 20.520068837212076 ], [ -98.550293560766349, 20.5198050509774 ], [ -98.550594943533341, 20.519504562541734 ], [ -98.550854934313548, 20.519316537387194 ], [ -98.551216667581912, 20.519292414702448 ], [ -98.55145809788155, 20.51926556549703 ], [ -98.551649892972947, 20.51910831341857 ], [ -98.551978360247873, 20.519066992022484 ], [ -98.552006310343344, 20.519065873362454 ], [ -98.552494080051787, 20.519046354610005 ], [ -98.55273880673839, 20.518890300129208 ], [ -98.553083762686896, 20.51876883463331 ], [ -98.553462336428865, 20.518745088041239 ], [ -98.55380517256053, 20.518801046529372 ], [ -98.554076990359818, 20.5189041591231 ], [ -98.554352927994628, 20.51884576713147 ], [ -98.554614089821797, 20.518705958006269 ], [ -98.554685982856256, 20.5185301118456 ], [ -98.554639994108541, 20.518351030311468 ], [ -98.554643708482743, 20.518205393340963 ], [ -98.555080220535771, 20.51789207925993 ], [ -98.555360273850752, 20.517672181510989 ], [ -98.555729428281467, 20.517356774337618 ], [ -98.555926156674104, 20.517005712414729 ], [ -98.555885931332057, 20.516600526058209 ], [ -98.555895408813981, 20.516228783912226 ], [ -98.555954993234195, 20.515874618901712 ], [ -98.555932852529864, 20.515421079569013 ], [ -98.555843409006599, 20.514869059333833 ], [ -98.555958944923987, 20.514586469593475 ], [ -98.55605533372146, 20.514299477545567 ], [ -98.556726360049325, 20.514229608877564 ], [ -98.557093321133308, 20.513999767798371 ], [ -98.557496818039724, 20.513753175107588 ], [ -98.55772418409444, 20.513333063380951 ], [ -98.557875053182499, 20.513080756046023 ], [ -98.557846327744272, 20.512790933706562 ], [ -98.557783260468725, 20.512431727124326 ], [ -98.557864101805066, 20.512093352472586 ], [ -98.558216393666797, 20.511777559775592 ], [ -98.558418443589645, 20.511595017214741 ], [ -98.558521388310794, 20.511428377653072 ], [ -98.558295992585812, 20.511204417144686 ], [ -98.558051730884443, 20.510870597834828 ], [ -98.557850233326988, 20.510464601830996 ], [ -98.557650041990954, 20.509912915189982 ], [ -98.557606234675347, 20.509364765686147 ], [ -98.557985685622583, 20.509399996857208 ], [ -98.558239944156469, 20.509435798056419 ], [ -98.558492446547703, 20.509446043954377 ], [ -98.558699727947484, 20.50943598882774 ], [ -98.559010592255078, 20.509423172317739 ], [ -98.559233203709795, 20.509378308841722 ], [ -98.559475057889259, 20.509428569631364 ], [ -98.559695634473968, 20.509463606977363 ], [ -98.559934957094598, 20.509424223253522 ], [ -98.560190489599137, 20.509315464098457 ], [ -98.560452099565097, 20.509251635145386 ], [ -98.560693066207548, 20.509147649026637 ], [ -98.560854923778052, 20.5091252244274 ], [ -98.560933743970153, 20.509054996080302 ], [ -98.561157822465603, 20.509047018188443 ], [ -98.561324030033262, 20.509042835486078 ], [ -98.561610012313167, 20.509061770697578 ], [ -98.561790770534628, 20.509053380185904 ], [ -98.561907435283274, 20.509009521420278 ], [ -98.561993905122137, 20.508922455257256 ], [ -98.562087074963031, 20.508916543813363 ], [ -98.56229047687286, 20.508903639197523 ], [ -98.562421244943977, 20.508873139676076 ], [ -98.5625349699651, 20.508850193155883 ], [ -98.56257288925724, 20.508779040212694 ], [ -98.562794072991579, 20.508695583159948 ], [ -98.56293491116557, 20.508647733545004 ], [ -98.563142681158695, 20.508618405348066 ], [ -98.563305590016327, 20.508554610712469 ], [ -98.563467432027934, 20.50853275002326 ], [ -98.563617994171494, 20.508481150337147 ], [ -98.563754696335536, 20.508501246921135 ], [ -98.563843367611284, 20.508516856966892 ], [ -98.563918122547065, 20.508511740678234 ], [ -98.563993771055294, 20.508471490359941 ], [ -98.564104080756167, 20.508488155769541 ], [ -98.564237743022133, 20.508533131408306 ], [ -98.564309746211606, 20.508541560871606 ], [ -98.564416310664242, 20.508516183310622 ], [ -98.564513799190351, 20.50846905470716 ], [ -98.564597025354843, 20.508414800079365 ], [ -98.564679703885545, 20.508382079146394 ], [ -98.564790561147618, 20.508377210319189 ], [ -98.564859524847549, 20.508315829605664 ], [ -98.564962977137412, 20.508318164552296 ], [ -98.565075159604206, 20.508355850617761 ], [ -98.565154236279255, 20.508370109349254 ], [ -98.565224208162491, 20.508363750470235 ], [ -98.565493665408823, 20.508369831399488 ], [ -98.565584123215459, 20.508409861849913 ], [ -98.565653951043245, 20.508409169547424 ], [ -98.565698783659769, 20.508350078943707 ], [ -98.565772068894901, 20.508308073426136 ], [ -98.565840888066091, 20.508252359044935 ], [ -98.565873085936275, 20.508122108012547 ], [ -98.565960662131474, 20.508086094899326 ], [ -98.566028659685585, 20.507967991659285 ], [ -98.566197775750524, 20.507944024218535 ], [ -98.566398340773816, 20.507913962074625 ], [ -98.566730940000085, 20.507898218247242 ], [ -98.56693984666525, 20.507918806758969 ], [ -98.567225972581227, 20.508026754016303 ], [ -98.567490633341407, 20.508126845596614 ], [ -98.56771881777631, 20.508241423172105 ], [ -98.56792956244513, 20.508346188546348 ], [ -98.567949408467356, 20.508356054669061 ], [ -98.568071922486126, 20.508460877754672 ], [ -98.568227915448205, 20.508479704295993 ], [ -98.568344997069644, 20.508514096387536 ], [ -98.568450684814465, 20.508617972774907 ], [ -98.568663612989255, 20.50866983470187 ], [ -98.568837054245535, 20.508759929286711 ], [ -98.568926692965547, 20.508832258403928 ], [ -98.569115562870977, 20.508883577329261 ], [ -98.569198372732089, 20.508940443283684 ], [ -98.569253336478752, 20.509051113732635 ], [ -98.569334143543657, 20.509092058402182 ], [ -98.569442811184175, 20.509078631781886 ], [ -98.569476609674069, 20.509055174894044 ], [ -98.569518774931595, 20.509025911782537 ], [ -98.569593961607794, 20.509003792362567 ], [ -98.569702226268888, 20.50900623254384 ], [ -98.569941217387722, 20.509074556163707 ], [ -98.570089187994313, 20.50912495211788 ], [ -98.570294878305347, 20.509156071441144 ], [ -98.570331391022563, 20.509161595372369 ], [ -98.570425752785226, 20.509142742652607 ], [ -98.570494915711123, 20.509073425854179 ], [ -98.570618752143744, 20.509031423084679 ], [ -98.570771674840614, 20.508981570547931 ], [ -98.570958873326234, 20.509003932396528 ], [ -98.571057382217504, 20.50902775505088 ], [ -98.57111917568659, 20.509042698131399 ], [ -98.57125983868832, 20.509001640939577 ], [ -98.571375618891707, 20.508897652831031 ], [ -98.571398245595333, 20.508764917054592 ], [ -98.571532610973279, 20.50868742962566 ], [ -98.571697414146882, 20.508548824502192 ], [ -98.571784093080467, 20.508453252639722 ], [ -98.571937244760775, 20.508394332107098 ], [ -98.57209309947801, 20.508228875963958 ], [ -98.572142189892816, 20.508096736208561 ], [ -98.572213393083047, 20.507946950433045 ], [ -98.572189023073605, 20.507768930053466 ], [ -98.572250224024884, 20.507538971818327 ], [ -98.572376085703965, 20.507417066126333 ], [ -98.572495371684823, 20.50743137109902 ], [ -98.57264967741429, 20.507449876598127 ], [ -98.572847173149754, 20.507445818962246 ], [ -98.572916118339748, 20.507385001321921 ], [ -98.573029653456828, 20.5073694137979 ], [ -98.573081378483579, 20.507228261161224 ], [ -98.573112341962627, 20.507051486975104 ], [ -98.573333085162687, 20.506985015048542 ], [ -98.573542919958882, 20.506874071138732 ], [ -98.573659602007652, 20.506734380791521 ], [ -98.573698031316511, 20.506640734598339 ], [ -98.573739141293004, 20.506540556119564 ], [ -98.573818154476953, 20.506462387763467 ], [ -98.574061969225895, 20.506530246418784 ], [ -98.574330569225182, 20.506475056385458 ], [ -98.574576288803925, 20.506372856856483 ], [ -98.574752921916144, 20.506147196973973 ], [ -98.574759085425583, 20.505904092451733 ], [ -98.574765593722674, 20.505647387727315 ], [ -98.574884837301553, 20.505501517275771 ], [ -98.575145679148747, 20.505372441273458 ], [ -98.575375393760012, 20.50528248416844 ], [ -98.57540583100895, 20.505270565329631 ], [ -98.575638843429019, 20.505194727321356 ], [ -98.575927189325185, 20.505120133888397 ], [ -98.576143015829359, 20.505057516473702 ], [ -98.576221006408545, 20.504829636031833 ], [ -98.576241257390151, 20.504600456677874 ], [ -98.576307254855323, 20.504465861429821 ], [ -98.576508178073894, 20.504326363341971 ], [ -98.57666558897597, 20.504289080191192 ], [ -98.576845765548981, 20.504303338898819 ], [ -98.576994971939286, 20.504379220889845 ], [ -98.577100056359811, 20.504432664212853 ], [ -98.577353960042529, 20.504577289389069 ], [ -98.577459752123104, 20.504677192457869 ], [ -98.57762086361835, 20.504778906449516 ], [ -98.577830441764078, 20.50477284614913 ], [ -98.577960938372755, 20.504847789386879 ], [ -98.578254447288856, 20.504854388655914 ], [ -98.578693596452396, 20.50481323148124 ], [ -98.578978529587033, 20.504778245598331 ], [ -98.579248822159727, 20.504846124040011 ], [ -98.579552279889299, 20.5049351593604 ], [ -98.579847678441226, 20.504962210005687 ], [ -98.58017408015246, 20.505000729725616 ], [ -98.580499449356182, 20.505080049513396 ], [ -98.580814353095676, 20.505097330529232 ], [ -98.581164297332862, 20.505156789010016 ], [ -98.581564505976928, 20.505227581684881 ], [ -98.581815038036609, 20.505315423681719 ], [ -98.582029626455139, 20.505396788044298 ], [ -98.582176465000188, 20.505491939635203 ], [ -98.582281962862112, 20.505508483776357 ], [ -98.58239558133225, 20.505489489224015 ], [ -98.582472484100421, 20.505399362186097 ], [ -98.582549931473338, 20.505287701366406 ], [ -98.582731973370485, 20.505228285030082 ], [ -98.582749088660492, 20.505122640438135 ], [ -98.582691451635711, 20.505022121383654 ], [ -98.582665262283257, 20.504915504453674 ], [ -98.582683280613935, 20.504774159219423 ], [ -98.582711932158375, 20.504754160157084 ], [ -98.582791099976333, 20.504698901263101 ], [ -98.583031425017595, 20.504619247286801 ], [ -98.583160896328621, 20.504544475207179 ], [ -98.583357925606123, 20.504502737578552 ], [ -98.583402910146901, 20.504493208531702 ], [ -98.583629414214059, 20.504484118244356 ], [ -98.583839794051102, 20.504446315740655 ], [ -98.584082351895148, 20.504373514250673 ], [ -98.584175907267891, 20.504291131221681 ], [ -98.584219662467518, 20.504084390297432 ], [ -98.58422511455808, 20.504058632118134 ], [ -98.584354358700651, 20.50370715863707 ], [ -98.584580248159142, 20.503436666861276 ], [ -98.584813368388595, 20.503165770090952 ], [ -98.58507358059083, 20.503104726878245 ], [ -98.585234710416088, 20.503066927849247 ], [ -98.585661178451815, 20.502955725504208 ], [ -98.585978497881996, 20.502781971748224 ], [ -98.586230674056296, 20.502675836467326 ], [ -98.586302088805809, 20.502645779909457 ], [ -98.586532870035853, 20.502371993330499 ], [ -98.586651512652878, 20.502089256702646 ], [ -98.586686550751736, 20.502005757665042 ], [ -98.586755950677698, 20.501697297139795 ], [ -98.586776033956454, 20.501608031326938 ], [ -98.586854119140639, 20.501375612654531 ], [ -98.58698676323904, 20.501175035400809 ], [ -98.587038458304406, 20.501150568258517 ], [ -98.587230387089619, 20.501059728374919 ], [ -98.587621178473896, 20.501121788960006 ], [ -98.588068461631124, 20.501139188277623 ], [ -98.58839621584751, 20.501123856004956 ], [ -98.588457001667834, 20.501004448261487 ], [ -98.588461766613236, 20.500815745090613 ], [ -98.588423757673567, 20.50060510421557 ], [ -98.588459081764256, 20.500445435979024 ], [ -98.588697488971334, 20.500250630259163 ], [ -98.588946164377333, 20.500125794932043 ], [ -98.589107474850152, 20.500029051996762 ], [ -98.589405270319219, 20.500056137907141 ], [ -98.589468643097021, 20.500072583062401 ], [ -98.589532015867036, 20.500089029098294 ], [ -98.589712960602455, 20.500072672028114 ], [ -98.589922891318821, 20.500147683670257 ], [ -98.590037740059458, 20.500270460307121 ], [ -98.590174108900797, 20.500303566583344 ], [ -98.590244624483802, 20.500284330014534 ], [ -98.590377706528074, 20.500248026507563 ], [ -98.590572939474697, 20.500142403089068 ], [ -98.590787932731473, 20.50001681022799 ], [ -98.590958996925622, 20.50001043627832 ], [ -98.591066107270549, 20.499962939870166 ], [ -98.591132187789299, 20.499824371961409 ], [ -98.591082807718024, 20.499682650827356 ], [ -98.590957577818685, 20.499589693299214 ], [ -98.59083310594086, 20.499466701859337 ], [ -98.59088854837141, 20.499368152521949 ], [ -98.591061384700154, 20.49929151067343 ], [ -98.59126498043797, 20.499235969455764 ], [ -98.591414635218428, 20.499219476552138 ], [ -98.591674975328118, 20.499395406051864 ], [ -98.591949102934706, 20.499501903363534 ], [ -98.592372643075393, 20.499601539831204 ], [ -98.592680832881953, 20.499598234288051 ], [ -98.592924568308845, 20.499573640309229 ], [ -98.593150315328842, 20.499498747618297 ], [ -98.593280590594418, 20.49939166670767 ], [ -98.593341014107239, 20.499286424076502 ], [ -98.593377894746567, 20.49916024259311 ], [ -98.593418629437537, 20.499072136093321 ], [ -98.593532701654539, 20.498843922267216 ], [ -98.593681185316143, 20.498396484423147 ], [ -98.593928692840606, 20.498031209220091 ], [ -98.594180618874489, 20.497586086350285 ], [ -98.594274959879343, 20.497185631308124 ], [ -98.594591414007738, 20.496854217092618 ], [ -98.595089425135086, 20.496768404157763 ], [ -98.595532432893592, 20.496859395403977 ], [ -98.596039573624438, 20.497079960603585 ], [ -98.596383621259108, 20.496990699589183 ], [ -98.596698063763128, 20.496643360342166 ], [ -98.596996443548974, 20.496360298722635 ], [ -98.597285689124618, 20.495770855689241 ], [ -98.597167218842529, 20.495696198515734 ], [ -98.597035621429242, 20.49566490623592 ], [ -98.596955656106161, 20.495590542909753 ], [ -98.59683116817952, 20.495468123442201 ], [ -98.596767072020953, 20.495432670465128 ], [ -98.59663511810011, 20.49541554470764 ], [ -98.596545402077595, 20.495346066053784 ], [ -98.596438960814822, 20.495271677341069 ], [ -98.596305222234989, 20.49513430873284 ], [ -98.596184832797292, 20.495040330102995 ], [ -98.596004745070147, 20.494927439269691 ], [ -98.595886319067034, 20.494851081127049 ], [ -98.595726911676351, 20.494777208118048 ], [ -98.595640016254961, 20.494691349231694 ], [ -98.595490146055397, 20.494621091287328 ], [ -98.595381428825107, 20.494541547995297 ], [ -98.595192397630271, 20.49449706233321 ], [ -98.595132050360377, 20.494408395171455 ], [ -98.595066493398662, 20.494144410496489 ], [ -98.59500144438816, 20.493764770610802 ], [ -98.594972844851682, 20.493275949737853 ], [ -98.594981202840486, 20.492944302620042 ], [ -98.594982113211074, 20.492908178791058 ], [ -98.595012289304819, 20.49257035937255 ], [ -98.5949711479184, 20.492101670063704 ], [ -98.594999324553854, 20.491843185040484 ], [ -98.594996821899088, 20.491464945284484 ], [ -98.594984197142281, 20.491106323875528 ], [ -98.594948913142645, 20.4909561606068 ], [ -98.594927678824405, 20.490865788700372 ], [ -98.594856862170928, 20.490715085288038 ], [ -98.594727014350255, 20.490423580989543 ], [ -98.594581497318003, 20.490276308830438 ], [ -98.594340252359373, 20.490011794955496 ], [ -98.594157232987328, 20.489824560722667 ], [ -98.593960737932022, 20.489599036254923 ], [ -98.59379056719942, 20.489475025227222 ], [ -98.593611088914002, 20.489338331863671 ], [ -98.593465951063422, 20.489271579948905 ], [ -98.592994269578782, 20.489077882280238 ], [ -98.592668388540474, 20.489020123719097 ], [ -98.592294239899132, 20.488967520503707 ], [ -98.591944965855788, 20.488978409467354 ], [ -98.591475729563768, 20.488974136893138 ], [ -98.591239186702737, 20.489000590009315 ], [ -98.591044495733669, 20.488989991887404 ], [ -98.590711728007392, 20.488919034046141 ], [ -98.590391445876918, 20.488830211500755 ], [ -98.590122581228172, 20.488706819971949 ], [ -98.589941863432159, 20.488619422722461 ], [ -98.589681074348462, 20.488462191906489 ], [ -98.589387266561744, 20.488278139034065 ], [ -98.589050258184244, 20.487993893849982 ], [ -98.588631850179411, 20.487692514450128 ], [ -98.588238201856726, 20.487459160958281 ], [ -98.588060119874683, 20.4872674942802 ], [ -98.587827370213404, 20.487048520046166 ], [ -98.587672299597898, 20.486898759248728 ], [ -98.587401549954308, 20.486659654608449 ], [ -98.587027866336143, 20.48639839625983 ], [ -98.586859924712556, 20.486186544044806 ], [ -98.586723254832023, 20.485975393103605 ], [ -98.586554197600336, 20.485807740818192 ], [ -98.58640384019202, 20.485566799114451 ], [ -98.586184798980469, 20.485472300893598 ], [ -98.586044751920525, 20.485394883327029 ], [ -98.586032423716276, 20.485216004864498 ], [ -98.585878688782657, 20.485108796585067 ], [ -98.585774051379317, 20.484868313123719 ], [ -98.585750655766304, 20.48455594378223 ], [ -98.585790188485348, 20.484229677703645 ], [ -98.586157748100291, 20.48358985510141 ], [ -98.586303949099303, 20.483328350972798 ], [ -98.586299397205877, 20.483124222582937 ], [ -98.586299279095002, 20.483118951924396 ], [ -98.586298307034667, 20.483075347255451 ], [ -98.586252646376948, 20.482882113645143 ], [ -98.586064164114703, 20.482721396209609 ], [ -98.585850726087003, 20.482595838933516 ], [ -98.585533540567837, 20.482480427208785 ], [ -98.58531978836605, 20.482367335897525 ], [ -98.585030882196733, 20.482180550133638 ], [ -98.584756438712375, 20.481897700351276 ], [ -98.584506636666816, 20.481687410751949 ], [ -98.584308867135519, 20.481418187948726 ], [ -98.584136956038833, 20.48117335891213 ], [ -98.583938271133206, 20.480940402408251 ], [ -98.583793420764778, 20.480767621057815 ], [ -98.583590039282925, 20.480625276817666 ], [ -98.583435423169647, 20.480553199787746 ], [ -98.583268164189988, 20.480505219213367 ], [ -98.582997101476209, 20.480469649215024 ], [ -98.582732882433305, 20.480448974115173 ], [ -98.582524488775874, 20.480409707740332 ], [ -98.582271124061734, 20.480340514622906 ], [ -98.582032091518357, 20.480275611927631 ], [ -98.581857359235102, 20.480237667717091 ], [ -98.581655024091631, 20.480149208266663 ], [ -98.581495355098269, 20.480086654546362 ], [ -98.581252616597169, 20.479978009279215 ], [ -98.581045715249132, 20.479879807632432 ], [ -98.580856383039077, 20.479753084088223 ], [ -98.580625016551764, 20.479575520811757 ], [ -98.580389624814117, 20.479461936375614 ], [ -98.580225462011839, 20.479386806602701 ], [ -98.580031287733334, 20.479356361178002 ], [ -98.57986318521219, 20.479341810178177 ], [ -98.579702499608416, 20.479319487873219 ], [ -98.579572796810027, 20.47930920159861 ], [ -98.579504260740904, 20.479259467037338 ], [ -98.57949985617951, 20.479148238392987 ], [ -98.579455220495475, 20.479010023965824 ], [ -98.579379501851264, 20.478863739969963 ], [ -98.579308221088993, 20.478732297394995 ], [ -98.579291976472405, 20.478613431782215 ], [ -98.579274120198733, 20.478368091711921 ], [ -98.579254217287499, 20.478108530990472 ], [ -98.579259649164385, 20.477703824120919 ], [ -98.5792570904038, 20.477329555053032 ], [ -98.579239578649876, 20.477070615284116 ], [ -98.579233118044613, 20.47685047911262 ], [ -98.579144475281623, 20.476644371060203 ], [ -98.579020609131575, 20.476498705654215 ], [ -98.578861510151839, 20.476318795796896 ], [ -98.578728477467237, 20.476250034266883 ], [ -98.578555960916091, 20.476124820127339 ], [ -98.578453924835514, 20.476067528072704 ], [ -98.57832020385267, 20.476025966068583 ], [ -98.578051642822814, 20.475987041494882 ], [ -98.577812958737312, 20.476003786091205 ], [ -98.577581814725022, 20.476102912973769 ], [ -98.577433865553004, 20.476243032910023 ], [ -98.577247695672895, 20.476276833444135 ], [ -98.5769868321361, 20.476314056370935 ], [ -98.576898082136424, 20.476283867454956 ], [ -98.57676015158043, 20.476236949543864 ], [ -98.576617433604142, 20.476075549406371 ], [ -98.576540261907468, 20.475891810423292 ], [ -98.576551274472138, 20.475647119958651 ], [ -98.576701514348755, 20.475511588369375 ], [ -98.576949523708862, 20.475411708310606 ], [ -98.577258396841515, 20.475284280642278 ], [ -98.577508437494487, 20.475199187045217 ], [ -98.577742969793917, 20.475156268223376 ], [ -98.578044232770736, 20.47513923016481 ], [ -98.578325555655709, 20.475054271765618 ], [ -98.57854831013762, 20.47490619444396 ], [ -98.578711907859855, 20.474718231677461 ], [ -98.578834744634165, 20.474524249446819 ], [ -98.578869776909599, 20.474281233203985 ], [ -98.578856043864661, 20.474063201926217 ], [ -98.57890484760334, 20.473846576737415 ], [ -98.578909610581405, 20.473658444637881 ], [ -98.578847614684307, 20.473445565185337 ], [ -98.578732560051321, 20.473237162595591 ], [ -98.578414719125902, 20.47305368330754 ], [ -98.578096615274717, 20.47297565669799 ], [ -98.577833048745347, 20.472834786679218 ], [ -98.577491481790588, 20.472732984705665 ], [ -98.577185427983224, 20.472749346763703 ], [ -98.576736554154891, 20.472893468736519 ], [ -98.576423937899335, 20.472978853849629 ], [ -98.576099230140841, 20.472971547627562 ], [ -98.575765856306987, 20.472831371103297 ], [ -98.575601854983262, 20.472655316749016 ], [ -98.575424097642554, 20.472452304327685 ], [ -98.575507649778814, 20.471909312082605 ], [ -98.575743146186099, 20.471543236894426 ], [ -98.576071504342053, 20.471311358540138 ], [ -98.576386816007755, 20.471119441897308 ], [ -98.576615590232564, 20.471018563128855 ], [ -98.57675879589813, 20.470875503046649 ], [ -98.576722271378117, 20.470702318070909 ], [ -98.576692928015959, 20.470662400808081 ], [ -98.576612930616349, 20.470553576111282 ], [ -98.576389871081503, 20.470428923662062 ], [ -98.575996754044354, 20.470367348308706 ], [ -98.575687503279667, 20.470320133028846 ], [ -98.575357166055937, 20.470250330135102 ], [ -98.575083225747491, 20.470139272156743 ], [ -98.574845069898814, 20.469945672548924 ], [ -98.574672371809626, 20.469733134745585 ], [ -98.574578765914296, 20.469438463727542 ], [ -98.574497738472786, 20.469217216807206 ], [ -98.574458130690914, 20.468975923980157 ], [ -98.57445698504543, 20.468641377826263 ], [ -98.574462012590203, 20.46844304677408 ], [ -98.574454497212926, 20.46826484477192 ], [ -98.574271922695829, 20.468062290086969 ], [ -98.574034268475273, 20.467754170104598 ], [ -98.573851709644515, 20.467551048339256 ], [ -98.573688139644716, 20.467453245852393 ], [ -98.57340031273614, 20.467415580032721 ], [ -98.573014938581665, 20.467333759879903 ], [ -98.572750353607304, 20.46723368117738 ], [ -98.57257475910211, 20.467135606641442 ], [ -98.57237989017338, 20.466943545505483 ], [ -98.572375314554819, 20.466744431409875 ], [ -98.572359230744738, 20.466524646713477 ], [ -98.572379975888026, 20.466086269428683 ], [ -98.572392384288193, 20.465407303975216 ], [ -98.572355938581353, 20.464946660378232 ], [ -98.572301690525109, 20.464630551884998 ], [ -98.572297234062901, 20.464604581690168 ], [ -98.572187088759307, 20.464298197983901 ], [ -98.572098053202126, 20.463918582242673 ], [ -98.571862845046681, 20.463609380771565 ], [ -98.571536537140929, 20.463381472499069 ], [ -98.571169894567575, 20.46322579517399 ], [ -98.57095727974172, 20.463178143404654 ], [ -98.57084925479424, 20.46315393306649 ], [ -98.570489584350071, 20.463008049920255 ], [ -98.570325804226655, 20.462865850521265 ], [ -98.57019526506005, 20.462752510765128 ], [ -98.569972454439295, 20.462618783183309 ], [ -98.569819405191481, 20.462486061072823 ], [ -98.569707255225637, 20.462332735593769 ], [ -98.569593810548582, 20.46217763999557 ], [ -98.56938630647555, 20.461914985018684 ], [ -98.569281977986037, 20.461758980769645 ], [ -98.569172995304399, 20.461501948926124 ], [ -98.569043032041222, 20.461313048603238 ], [ -98.569007311119464, 20.46127931284726 ], [ -98.568819776572795, 20.461102200006273 ], [ -98.56856797587055, 20.460783547988786 ], [ -98.568455584100633, 20.460654981081774 ], [ -98.568437021315262, 20.460633746519449 ], [ -98.568347700580162, 20.460455401015501 ], [ -98.568187726218838, 20.460216495886492 ], [ -98.568035861459919, 20.460037306475538 ], [ -98.567977477505053, 20.459967384893311 ], [ -98.567967697417572, 20.459878715368866 ], [ -98.567919178231904, 20.459799377631594 ], [ -98.567755218940789, 20.459717435734841 ], [ -98.567672036868714, 20.45967643759456 ], [ -98.56758296244422, 20.459488458638923 ], [ -98.567430869018537, 20.45931833521416 ], [ -98.567158107710284, 20.459067245865171 ], [ -98.566893470272632, 20.45887530526786 ], [ -98.566645827667486, 20.458772196579499 ], [ -98.566389328555019, 20.45863883768752 ], [ -98.566019291882881, 20.45852276011053 ], [ -98.565853119014506, 20.458496593319442 ], [ -98.565729282746489, 20.458477092607009 ], [ -98.565543436764898, 20.458404292969099 ], [ -98.565453660483399, 20.458338764643653 ], [ -98.565419299561597, 20.458270518386815 ], [ -98.565405705012452, 20.458142641074812 ], [ -98.565256337512665, 20.458054789142082 ], [ -98.565104133160503, 20.457983882405856 ], [ -98.564944944508724, 20.457903746156397 ], [ -98.564876885992959, 20.457741187359471 ], [ -98.564691012673606, 20.457669520032454 ], [ -98.564674365718673, 20.457567087853516 ], [ -98.564594743235176, 20.457480810072074 ], [ -98.564431524878771, 20.457180594328342 ], [ -98.564243442957945, 20.456938878984619 ], [ -98.5640493722061, 20.456689465143675 ], [ -98.5637523437168, 20.456352208093772 ], [ -98.563381223352806, 20.456089819090128 ], [ -98.563062838331192, 20.455930109724971 ], [ -98.562988686829115, 20.455909574623526 ], [ -98.562697247073018, 20.455828865964961 ], [ -98.562386294466322, 20.455660818422238 ], [ -98.562159041669432, 20.455418686427507 ], [ -98.562047672724034, 20.455161596460105 ], [ -98.561526972278884, 20.454631043963762 ], [ -98.561336656426604, 20.454501072078926 ], [ -98.561141445946006, 20.45436775709792 ], [ -98.560983204297088, 20.454156099242745 ], [ -98.560673749699916, 20.453740312721703 ], [ -98.560414470986814, 20.453499384812432 ], [ -98.560274133577266, 20.453368979425985 ], [ -98.559873942694139, 20.453020311258516 ], [ -98.559644741130128, 20.452760555452191 ], [ -98.559536750521417, 20.452465552941419 ], [ -98.559134400177996, 20.452201880767671 ], [ -98.558896353007768, 20.452087516430325 ], [ -98.558780201666792, 20.452031714023949 ], [ -98.558602342792923, 20.451740233397459 ], [ -98.558368898908995, 20.451458267761261 ], [ -98.558019388335651, 20.451198622942897 ], [ -98.557709581529394, 20.451175171190584 ], [ -98.557568128542755, 20.451154961275364 ], [ -98.557543811381365, 20.451070498430955 ], [ -98.557530331594464, 20.450843969570148 ], [ -98.557571528046097, 20.45064362490913 ], [ -98.557512841588533, 20.450491481139565 ], [ -98.55740083036649, 20.450354573051403 ], [ -98.557058792943806, 20.450179574791097 ], [ -98.556866787962093, 20.45006580297694 ], [ -98.556666853135226, 20.449885515175922 ], [ -98.556471794377416, 20.449797187705094 ], [ -98.556261671648073, 20.449733465970592 ], [ -98.556103320997707, 20.44962102197341 ], [ -98.555991730678855, 20.449467680104892 ], [ -98.555961217808488, 20.449248703416512 ], [ -98.55603912357212, 20.449024243449539 ], [ -98.556168404241475, 20.448861045931459 ], [ -98.556241782152114, 20.448719828941204 ], [ -98.556285254719199, 20.44852463925303 ], [ -98.556284531208306, 20.448364168660071 ], [ -98.556231103870218, 20.448290491579019 ], [ -98.556189226603252, 20.448232740801409 ], [ -98.556080287592508, 20.448069820573803 ], [ -98.555894395614175, 20.447905158199045 ], [ -98.555661686768445, 20.447783659786939 ], [ -98.555559732042312, 20.447629968960111 ], [ -98.555309359949604, 20.447446269759059 ], [ -98.555065899554933, 20.44727463315515 ], [ -98.554898265895517, 20.447148937397294 ], [ -98.554883106583802, 20.447145709338908 ], [ -98.554606299060055, 20.447086761856603 ], [ -98.554323662650859, 20.447036136589251 ], [ -98.554050653528876, 20.446891043944625 ], [ -98.553867748346988, 20.446703767794219 ], [ -98.553711000861284, 20.446434305593922 ], [ -98.553703369571878, 20.446261772228457 ], [ -98.553772820508755, 20.44608588225616 ], [ -98.55387165344942, 20.445941951246599 ], [ -98.553878921371577, 20.445931366032728 ], [ -98.553907763050006, 20.445889363778104 ], [ -98.554086843064411, 20.445660393452631 ], [ -98.554231360361484, 20.445465792575902 ], [ -98.554352804397752, 20.445326799516614 ], [ -98.554479823284623, 20.445157882984194 ], [ -98.554539653700402, 20.444981774967054 ], [ -98.554538233095769, 20.444945117142193 ], [ -98.554532946678265, 20.444808700363296 ], [ -98.554532397016686, 20.444794509016031 ], [ -98.55452539102248, 20.444579590397677 ], [ -98.554524295730559, 20.444545990728013 ], [ -98.554493678463658, 20.444236863269516 ], [ -98.554496305469371, 20.444193163241007 ], [ -98.554510390071513, 20.4439588574315 ], [ -98.554512167745926, 20.443700357519155 ], [ -98.55456130287989, 20.443471845888368 ], [ -98.554641261423214, 20.443307042656897 ], [ -98.554652725849735, 20.443283413195754 ], [ -98.554771502792548, 20.443154565227957 ], [ -98.554898154624837, 20.443090944182348 ], [ -98.554951862915189, 20.443063965067513 ], [ -98.555093762033309, 20.442971926804105 ], [ -98.555160938276572, 20.442869890467435 ], [ -98.555183869657498, 20.442835058699416 ], [ -98.555181132736237, 20.442659234939228 ], [ -98.5551842909031, 20.442619984802867 ], [ -98.555191697464025, 20.442527936331295 ], [ -98.555174406081207, 20.442391670750702 ], [ -98.55516565021307, 20.442322669134814 ], [ -98.55510131583506, 20.442109164321391 ], [ -98.555061527465966, 20.441983825861836 ], [ -98.555007771728214, 20.44181448787252 ], [ -98.554899799982365, 20.441519484699388 ], [ -98.55479239949247, 20.441107698048707 ], [ -98.554777536862346, 20.441048267472642 ], [ -98.554741104081742, 20.440902579486163 ], [ -98.554687592092748, 20.440688599529221 ], [ -98.554639586279549, 20.440495308610156 ], [ -98.554614594714209, 20.440248676555029 ], [ -98.554578886852397, 20.440044891731638 ], [ -98.554561571644271, 20.439780290501172 ], [ -98.554525083962204, 20.439607104570204 ], [ -98.554543102609145, 20.439183417605253 ], [ -98.554478186152636, 20.438898461388362 ], [ -98.554370341220789, 20.438504241297913 ], [ -98.554122169059198, 20.438234978217395 ], [ -98.553809449036606, 20.437949511274432 ], [ -98.553697004063537, 20.437830167824792 ], [ -98.553550886463555, 20.437804745647973 ], [ -98.553458219347732, 20.437758989406891 ], [ -98.55335319095181, 20.437631876143307 ], [ -98.553253685910363, 20.437571223600358 ], [ -98.553073716371827, 20.43755240458632 ], [ -98.552888374068047, 20.437555575493672 ], [ -98.552817109328089, 20.437553960627159 ], [ -98.55268638741525, 20.437550998368053 ], [ -98.552555637361962, 20.437489070340284 ], [ -98.55254315074032, 20.437459847336942 ], [ -98.552530963794766, 20.437431326911749 ], [ -98.55248298271546, 20.437319033346668 ], [ -98.55241716624856, 20.437163892562552 ], [ -98.552244819927452, 20.43694056874245 ], [ -98.552098351549489, 20.436834627318262 ], [ -98.552109309093524, 20.436688030177464 ], [ -98.552184072257646, 20.436492418789221 ], [ -98.552323796984709, 20.436202461628724 ], [ -98.552390984507639, 20.436020852802791 ], [ -98.55242081159723, 20.435794740542786 ], [ -98.552396273003481, 20.435530543141255 ], [ -98.552235002839808, 20.435439007709228 ], [ -98.551982359483347, 20.435345401056118 ], [ -98.551756706388019, 20.435325544969668 ], [ -98.551528938165745, 20.435313039336208 ], [ -98.551317032844196, 20.435301403709207 ], [ -98.550936669464136, 20.435342718041579 ], [ -98.550803140360571, 20.435357222107566 ], [ -98.550486089089873, 20.435430542801452 ], [ -98.5502267325856, 20.435505738211997 ], [ -98.549971501522322, 20.435513557244828 ], [ -98.549689133524467, 20.435359173721402 ], [ -98.549622146180823, 20.435155812830509 ], [ -98.549743061516196, 20.434943106575602 ], [ -98.549987758372723, 20.434723804064728 ], [ -98.550006524795918, 20.434706985613456 ], [ -98.549985234539974, 20.434409977348142 ], [ -98.549978357158281, 20.434113862997712 ], [ -98.549941931134356, 20.433844293117065 ], [ -98.549847810974043, 20.433572847795652 ], [ -98.549758496775539, 20.433207394515005 ], [ -98.549839556707795, 20.432859412833373 ], [ -98.550017133009874, 20.432594696797054 ], [ -98.55021945547044, 20.432491561075935 ], [ -98.550436162199631, 20.432521831205278 ], [ -98.550441213902459, 20.432522537223686 ], [ -98.550447204436125, 20.432523373389589 ], [ -98.55059621519618, 20.432538169784142 ], [ -98.550802378254616, 20.432558641656911 ], [ -98.551086809250094, 20.432631993038559 ], [ -98.551455731134183, 20.432694219027479 ], [ -98.55168381322197, 20.432712996741579 ], [ -98.55190854630716, 20.432674434315253 ], [ -98.552065759853903, 20.432547594906048 ], [ -98.552177952852091, 20.432454863449159 ], [ -98.552235342552947, 20.432407428444851 ], [ -98.552334196867363, 20.432304779681385 ], [ -98.552390343500349, 20.432177114395518 ], [ -98.552408263539604, 20.432136367665475 ], [ -98.552426347161216, 20.431993334398179 ], [ -98.552429020941887, 20.431888505775845 ], [ -98.552392147890629, 20.431730619760238 ], [ -98.552269440945395, 20.431636556727092 ], [ -98.552043231602568, 20.431412353803989 ], [ -98.551985507278289, 20.431355141388373 ], [ -98.551866472564527, 20.431117151292977 ], [ -98.551760993275664, 20.430958593615497 ], [ -98.551637087445968, 20.43077233746757 ], [ -98.551485355097441, 20.430401502348911 ], [ -98.551414575764014, 20.429969569011668 ], [ -98.551399099460454, 20.429538889561282 ], [ -98.551392103574514, 20.429247309574141 ], [ -98.551397915246994, 20.429019520374087 ], [ -98.551442665300016, 20.428868587613991 ], [ -98.551483245279599, 20.4288115843793 ], [ -98.551539980557564, 20.428731886776074 ], [ -98.551569985664983, 20.428593093030386 ], [ -98.551560937574735, 20.42853395597205 ], [ -98.551536993491254, 20.428377464515091 ], [ -98.551512347010089, 20.428211918333048 ], [ -98.551548616253626, 20.427921886470894 ], [ -98.551646913709803, 20.427746654206256 ], [ -98.551822619977457, 20.427649150212016 ], [ -98.551897566468, 20.427446174103824 ], [ -98.551907005267779, 20.427365054193316 ], [ -98.55191605472892, 20.427287275554963 ], [ -98.551869764819699, 20.427191652595607 ], [ -98.551838351803113, 20.427126763528776 ], [ -98.55168196834245, 20.42693838740157 ], [ -98.551553749073378, 20.426871980447036 ], [ -98.551187199607213, 20.426717392887742 ], [ -98.550847272960539, 20.426556604521931 ], [ -98.550519513743623, 20.426390421658553 ], [ -98.550319973318125, 20.426290646178792 ], [ -98.550136175615279, 20.426139633546676 ], [ -98.550005101490981, 20.42599662010587 ], [ -98.549960094093009, 20.425874835505162 ], [ -98.550004859172716, 20.425723336919138 ], [ -98.550164915372491, 20.425484872510403 ], [ -98.550498747785127, 20.425130152137697 ], [ -98.550673734754611, 20.424872182139168 ], [ -98.55068842751119, 20.424673510393127 ], [ -98.55073779353971, 20.424435937352076 ], [ -98.550867649898279, 20.424249515479843 ], [ -98.551072272456324, 20.424055717343904 ], [ -98.551180458273578, 20.423977453498196 ], [ -98.551246292829177, 20.42392982792634 ], [ -98.551321213766215, 20.423822102300704 ], [ -98.551255848971323, 20.423647871965343 ], [ -98.551253636951088, 20.423641976176864 ], [ -98.551123195774835, 20.423379915679462 ], [ -98.550994518971791, 20.423048725418738 ], [ -98.550925304921762, 20.422838512993319 ], [ -98.550847500293159, 20.422587851287929 ], [ -98.550662878759695, 20.422375021839642 ], [ -98.550542042801013, 20.422113745842768 ], [ -98.550420329166059, 20.421981150784607 ], [ -98.550096638208942, 20.421844541775151 ], [ -98.549803437538742, 20.421738672782823 ], [ -98.549602993299928, 20.421674594822619 ], [ -98.549468999041849, 20.421551925804657 ], [ -98.549464458699617, 20.421352818386737 ], [ -98.549542290173676, 20.421225316148252 ], [ -98.549893587304766, 20.4210342803208 ], [ -98.550215218185826, 20.420780204891589 ], [ -98.55035503977534, 20.420645413286696 ], [ -98.550375532345058, 20.420625657844148 ], [ -98.550465437914028, 20.420402045253645 ], [ -98.55069103498343, 20.42004600552437 ], [ -98.550732000846139, 20.419854733925664 ], [ -98.550606676542955, 20.419580883502057 ], [ -98.550300453517721, 20.419325608943808 ], [ -98.550228220137697, 20.419256749744513 ], [ -98.550009235752952, 20.41904799562014 ], [ -98.549843872514117, 20.418929151348642 ], [ -98.549739979229088, 20.418852522590548 ], [ -98.549621584765774, 20.418684283793745 ], [ -98.549608573205163, 20.418534310451154 ], [ -98.549632910363158, 20.417863578765079 ], [ -98.549694149714085, 20.417160800736816 ], [ -98.549785106885153, 20.416424679501755 ], [ -98.549868770745647, 20.415880026227747 ], [ -98.549893857931536, 20.41555686029022 ], [ -98.549871215076109, 20.415407235851692 ], [ -98.549715921570595, 20.415271044306081 ], [ -98.549554113324561, 20.415201606246896 ], [ -98.549445414662316, 20.415124868443257 ], [ -98.549402699878129, 20.415007672371679 ], [ -98.549408919273318, 20.414764020190116 ], [ -98.549507333519401, 20.414395460334852 ], [ -98.549731299867801, 20.414008771088561 ], [ -98.549817391612919, 20.413745953383238 ], [ -98.549879701594065, 20.413472390960631 ], [ -98.549832243882292, 20.413164021957598 ], [ -98.549805613988525, 20.412887875236404 ], [ -98.549682868894067, 20.41241904970903 ], [ -98.549556335406251, 20.412098681758412 ], [ -98.549558242311392, 20.411552742863229 ], [ -98.54977596034594, 20.411127926545099 ], [ -98.549870997911142, 20.410797277306703 ], [ -98.550022956673246, 20.410592650232285 ], [ -98.550088713746575, 20.410372460805689 ], [ -98.550037113605441, 20.410037918576521 ], [ -98.550075785245852, 20.409747945932061 ], [ -98.550185177183408, 20.409514572408881 ], [ -98.550425098587084, 20.409256378401377 ], [ -98.550624149471091, 20.408997257193395 ], [ -98.550673784586181, 20.408748921263999 ], [ -98.55062173949014, 20.408526060333401 ], [ -98.550450213402542, 20.408272141712242 ], [ -98.550147797786792, 20.408057208997096 ], [ -98.549798635600297, 20.407883170152154 ], [ -98.549611895408503, 20.40775420319634 ], [ -98.549513828058252, 20.407543904942088 ], [ -98.549592327904804, 20.407295657510922 ], [ -98.549671799808351, 20.407103560933869 ], [ -98.549986243643914, 20.406847058775245 ], [ -98.550363405191121, 20.406579531816995 ], [ -98.550422305797326, 20.40653775268823 ], [ -98.550459141332865, 20.406444631105508 ], [ -98.550535443185282, 20.40625173755533 ], [ -98.550483298070972, 20.406032843439629 ], [ -98.550421409646773, 20.405856164843705 ], [ -98.550393613873936, 20.405776812689485 ], [ -98.550303944475488, 20.405520215312013 ], [ -98.550178538400502, 20.405397854574161 ], [ -98.550132614501194, 20.405353045664736 ], [ -98.549926164488383, 20.405148226999593 ], [ -98.549777397165656, 20.404945283585032 ], [ -98.549573725002389, 20.40463167188739 ], [ -98.549483117872143, 20.404411905094744 ], [ -98.549333426400764, 20.404245225561812 ], [ -98.549341308649574, 20.403936413342279 ], [ -98.54934165788589, 20.403922730866199 ], [ -98.549346862359258, 20.403718828265749 ], [ -98.549237964349174, 20.403461794355781 ], [ -98.549049347508046, 20.40331237404445 ], [ -98.548917370219002, 20.403253446716196 ], [ -98.548706875736542, 20.403159462233191 ], [ -98.548441346787286, 20.403007728877547 ], [ -98.548309964136649, 20.402877749128567 ], [ -98.548242773123562, 20.402494663147191 ], [ -98.548273578648718, 20.402041798048618 ], [ -98.54838271399926, 20.401535716191479 ], [ -98.548509228501217, 20.401102599096411 ], [ -98.548602774828112, 20.400924430426812 ], [ -98.548659220202509, 20.400786240526596 ], [ -98.548665310095785, 20.400547690872635 ], [ -98.548671645876382, 20.400299508622076 ], [ -98.548642561782259, 20.4001196910483 ], [ -98.548671559993778, 20.399831769427653 ], [ -98.548749379828223, 20.399704269858418 ], [ -98.548878060890686, 20.399657297973857 ], [ -98.549234973390554, 20.399715288528419 ], [ -98.549495222842239, 20.399790928589251 ], [ -98.549717150848267, 20.399765914926768 ], [ -98.549983867767764, 20.399682386804116 ], [ -98.550251842250034, 20.399549561766737 ], [ -98.550380142835351, 20.399423206471646 ], [ -98.550427215862399, 20.399275165345141 ], [ -98.550440894162449, 20.399116161613943 ], [ -98.550413199840619, 20.398976062873498 ], [ -98.550335655678708, 20.398715773206408 ], [ -98.55022584893166, 20.39849443846752 ], [ -98.550121663348605, 20.397958572175227 ], [ -98.550077868669547, 20.397506851091162 ], [ -98.550073017595494, 20.397444606639827 ], [ -98.550048877180146, 20.397134839341337 ], [ -98.550100641499, 20.396614417189863 ], [ -98.550160744779248, 20.396049962142264 ], [ -98.550179165433832, 20.395705106150597 ], [ -98.550048980961023, 20.39533987069079 ], [ -98.549840298047883, 20.395034652138648 ], [ -98.549578583640866, 20.39463978573281 ], [ -98.549396542357002, 20.394464686454548 ], [ -98.549388428127131, 20.394456881612772 ], [ -98.54914053777317, 20.394274368076921 ], [ -98.548949298610978, 20.394133960205245 ], [ -98.548765444896205, 20.393986916285634 ], [ -98.548568036535372, 20.393805547454598 ], [ -98.548353975553624, 20.393616997016792 ], [ -98.548185934879669, 20.393415884012864 ], [ -98.548108692168668, 20.393332489821375 ], [ -98.548082985718722, 20.393208877948513 ], [ -98.548025001147124, 20.393120699454315 ], [ -98.547964905116572, 20.39302930897491 ], [ -98.547845609525382, 20.392897336228092 ], [ -98.547754251099008, 20.392866299816593 ], [ -98.547502239455355, 20.392780686862302 ], [ -98.547214824777356, 20.392733341243481 ], [ -98.546963988319987, 20.39266641537764 ], [ -98.546895836139797, 20.392636712694884 ], [ -98.546749903806827, 20.392573109981686 ], [ -98.546418526693387, 20.392551978234593 ], [ -98.546026852904674, 20.392631527509455 ], [ -98.54600460703287, 20.392636977519494 ], [ -98.545721889276862, 20.392706241911185 ], [ -98.545506763674254, 20.39274784545124 ], [ -98.545504059461081, 20.392748101517402 ], [ -98.545368161536175, 20.392760992562103 ], [ -98.545284947757764, 20.39276888646997 ], [ -98.545056803613846, 20.392755199381892 ], [ -98.544840490240034, 20.39265503721607 ], [ -98.544675511295694, 20.392616704869134 ], [ -98.544496790488637, 20.392457299522352 ], [ -98.544389083294234, 20.392342595878123 ], [ -98.544384116942481, 20.392160491768276 ], [ -98.544435074968945, 20.391954712587751 ], [ -98.544557697316577, 20.391862251062879 ], [ -98.544826313250596, 20.391703938470226 ], [ -98.545122876229655, 20.391581411272174 ], [ -98.545409172042056, 20.391484163065453 ], [ -98.54576170131773, 20.391336259314844 ], [ -98.546031386844192, 20.39123012844296 ], [ -98.546512631876425, 20.391033553869399 ], [ -98.546938609005281, 20.390960444698983 ], [ -98.547046514022483, 20.390941924849514 ], [ -98.547386545566908, 20.390906556762861 ], [ -98.547726142888209, 20.390888186564183 ], [ -98.548122777299412, 20.390802509314167 ], [ -98.548347263193634, 20.390582525475473 ], [ -98.548439987308825, 20.390247861848124 ], [ -98.548398305767975, 20.389996324113763 ], [ -98.548249311486927, 20.389803014312747 ], [ -98.548173321511101, 20.389743924205952 ], [ -98.54799697090958, 20.389606791595739 ], [ -98.547760099375182, 20.389558326465675 ], [ -98.547239151821387, 20.389520419996995 ], [ -98.546708589576482, 20.389482293411568 ], [ -98.546296013769492, 20.389438907242599 ], [ -98.54589683135714, 20.389247850349708 ], [ -98.545677857398587, 20.38896960702921 ], [ -98.545492333896206, 20.388700060583695 ], [ -98.545370799650001, 20.388467685382263 ], [ -98.545211718394398, 20.388198739355065 ], [ -98.545169844339867, 20.38808025546501 ], [ -98.545104056965357, 20.387894109719884 ], [ -98.545007473429578, 20.387626583422499 ], [ -98.544989300424618, 20.387396556330824 ], [ -98.544997003381638, 20.387095114705776 ], [ -98.545045945424633, 20.386685755998116 ], [ -98.545140427446938, 20.386470761338884 ], [ -98.545337037144037, 20.386306277339358 ], [ -98.545507205817856, 20.386141192485027 ], [ -98.54558659927352, 20.38604604787238 ], [ -98.545602309217912, 20.385901833018462 ], [ -98.545606319216589, 20.385744879559983 ], [ -98.545612182194319, 20.385515398908382 ], [ -98.545603232838573, 20.385395002717068 ], [ -98.545502046450963, 20.385307662035938 ], [ -98.545350672685515, 20.385207842228599 ], [ -98.545135877172086, 20.385142866071217 ], [ -98.544879611391679, 20.385100759192124 ], [ -98.544756343835388, 20.384936378413236 ], [ -98.544670130640299, 20.38473372012503 ], [ -98.544674300969433, 20.384570534042521 ], [ -98.544745932923547, 20.384308531159252 ], [ -98.544818679561331, 20.384097011921899 ], [ -98.544956975959678, 20.383861469385963 ], [ -98.545004252051314, 20.38361138601805 ], [ -98.545021714258993, 20.383398610762683 ], [ -98.545096385599962, 20.383111731403176 ], [ -98.545103436550519, 20.382835788636445 ], [ -98.545122665084264, 20.382647999282646 ], [ -98.545153593149152, 20.38247294857689 ], [ -98.545342841392397, 20.382313967467056 ], [ -98.545479209659604, 20.3821537848949 ], [ -98.545591208529103, 20.382006088410925 ], [ -98.545621498895343, 20.381855968856197 ], [ -98.54558512514636, 20.38167938935425 ], [ -98.545442674451877, 20.381512872941151 ], [ -98.545210161323823, 20.381294419105352 ], [ -98.545015787951669, 20.38108930428389 ], [ -98.544735103045269, 20.38087372391044 ], [ -98.544533273896405, 20.38077219013357 ], [ -98.544433814884016, 20.380617421721826 ], [ -98.544513987982896, 20.380397567893091 ], [ -98.544493341200052, 20.379982094787742 ], [ -98.544472998425817, 20.379648835753461 ], [ -98.544470595918625, 20.379178216888409 ], [ -98.544436874594936, 20.378803834040809 ], [ -98.544474564848599, 20.378458287407323 ], [ -98.544527371216859, 20.378085871038358 ], [ -98.544608961688255, 20.377810489343137 ], [ -98.544748222131659, 20.377536985027827 ], [ -98.545105508127889, 20.377295647671989 ], [ -98.54541492592007, 20.377233510199407 ], [ -98.545741877390142, 20.377143990158814 ], [ -98.545921575762776, 20.376981957568407 ], [ -98.545969789308344, 20.376789158018539 ], [ -98.54587661423885, 20.376482592935297 ], [ -98.54576379243764, 20.376286135510924 ], [ -98.545413661148018, 20.376153454046356 ], [ -98.544960455008251, 20.376101770487352 ], [ -98.544242153970018, 20.376071841504032 ], [ -98.54377142882268, 20.376046969534407 ], [ -98.543435285657168, 20.376025722320442 ], [ -98.543246828309321, 20.375965877884255 ], [ -98.543087634433874, 20.375796144525268 ], [ -98.543064804150902, 20.375560344053078 ], [ -98.543267701574663, 20.375149387240871 ], [ -98.543509675420395, 20.37480905253976 ], [ -98.543598866665008, 20.374612649945451 ], [ -98.543696107361015, 20.374477660102908 ], [ -98.543689998416497, 20.374340321136469 ], [ -98.543653151256521, 20.374182440519114 ], [ -98.543634532578395, 20.374064093278502 ], [ -98.543648650817943, 20.373888095099222 ], [ -98.54375992140055, 20.373674619235413 ], [ -98.543869280576274, 20.373441823859661 ], [ -98.544050743040259, 20.37321066721039 ], [ -98.544243222962265, 20.37301887978089 ], [ -98.5444971929047, 20.372867608490136 ], [ -98.544689917847521, 20.372666188135085 ], [ -98.544850152332472, 20.372512786300309 ], [ -98.544957004033975, 20.37237801433653 ], [ -98.545001872832074, 20.37222199103633 ], [ -98.544967022644101, 20.371985918505413 ], [ -98.544932679302249, 20.371730014584021 ], [ -98.544889069783281, 20.371366181352933 ], [ -98.545073915586642, 20.371096548882321 ], [ -98.545227473160281, 20.370922018385823 ], [ -98.545511133060486, 20.3707379708395 ], [ -98.545933712289155, 20.370575787548372 ], [ -98.546203472062885, 20.370465125314542 ], [ -98.546413927712308, 20.370322500908067 ], [ -98.546505312587371, 20.370134084496517 ], [ -98.546514241217849, 20.369784485160242 ], [ -98.54635803167514, 20.369498034158394 ], [ -98.54614899269005, 20.369302794279651 ], [ -98.545935814123112, 20.369175492885503 ], [ -98.545652793128184, 20.369052273954527 ], [ -98.545507460116511, 20.368904969532839 ], [ -98.545460101339842, 20.368782001540737 ], [ -98.545437196187464, 20.368643147860521 ], [ -98.545484003359107, 20.368505311053024 ], [ -98.545511568999856, 20.368367604047418 ], [ -98.545491269884124, 20.368220872475895 ], [ -98.545467945013925, 20.368098450572404 ], [ -98.545461241074719, 20.367984343441805 ], [ -98.545543258863773, 20.367880189128861 ], [ -98.54581543069061, 20.367674903894066 ], [ -98.546000878316221, 20.367475585404556 ], [ -98.546187484145378, 20.367325049796538 ], [ -98.546363651295394, 20.367206592410781 ], [ -98.546434056367474, 20.367086299659743 ], [ -98.546498293173073, 20.366925047201363 ], [ -98.546569143361921, 20.366756013640355 ], [ -98.550567626953125, 20.373905181884766 ], [ -98.554016113281236, 20.377101898193352 ], [ -98.562866210937486, 20.37680816650391 ], [ -98.569503784179702, 20.377910614013665 ], [ -98.574661254882812, 20.378103256225593 ], [ -98.584007263183594, 20.380338668823239 ], [ -98.587936401367188, 20.381229400634766 ], [ -98.598030090332045, 20.387369155883782 ], [ -98.604934692382798, 20.394681930542003 ], [ -98.611343383789077, 20.401306152343743 ], [ -98.618240356445312, 20.406778335571282 ], [ -98.623672485351562, 20.414100646972663 ], [ -98.63427734375, 20.425067901611325 ], [ -98.638717651367173, 20.432857513427734 ], [ -98.641685485839844, 20.437437057495121 ], [ -98.648345947265625, 20.446821212768548 ], [ -98.650810241699219, 20.449104309082035 ], [ -98.657463073730469, 20.454116821289062 ], [ -98.662879943847656, 20.456840515136726 ], [ -98.673202514648438, 20.458375930786126 ], [ -98.678611755371094, 20.458568572998036 ], [ -98.68621826171875, 20.456443786621083 ], [ -98.692840576171889, 20.451795578002937 ], [ -98.700180053710938, 20.442770004272457 ], [ -98.705802917480469, 20.434448242187504 ], [ -98.70947265625, 20.42798042297364 ], [ -98.715599060058594, 20.422416687011729 ], [ -98.722206115722656, 20.414087295532237 ], [ -98.728813171386719, 20.406448364257812 ], [ -98.735923767089844, 20.401567459106442 ], [ -98.734970092773438, 20.411695480346676 ], [ -98.740417480468736, 20.424539566040036 ], [ -98.741912841796889, 20.430280685424805 ], [ -98.745384216308594, 20.439687728881825 ], [ -98.748359680175781, 20.447948455810547 ], [ -98.752319335937486, 20.458042144775401 ], [ -98.75677490234375, 20.467672348022461 ], [ -98.769599914550781, 20.482303619384759 ], [ -98.775260925292955, 20.485712051391609 ], [ -98.784133911132827, 20.494852066040032 ], [ -98.788337707519531, 20.503793716430661 ], [ -98.790107727050767, 20.518272399902347 ], [ -98.793556213378906, 20.521240234374996 ], [ -98.796043395996094, 20.530193328857425 ], [ -98.800743103027344, 20.540052413940423 ], [ -98.804939270019531, 20.547382354736335 ], [ -98.807899475097656, 20.551042556762706 ], [ -98.811607360839844, 20.556997299194325 ], [ -98.820022583007812, 20.575111389160149 ], [ -98.830863952636705, 20.585155487060547 ], [ -98.840721130371094, 20.59428787231445 ], [ -98.845657348632812, 20.602302551269524 ], [ -98.854293823242173, 20.612592697143565 ], [ -98.855789184570327, 20.618793487548832 ], [ -98.853370666503906, 20.632383346557624 ], [ -98.853385925292955, 20.635835647583018 ], [ -98.852447509765625, 20.649873733520497 ], [ -98.86008453369142, 20.656490325927731 ], [ -98.872138977050795, 20.66192626953125 ], [ -98.877311706542969, 20.664649963378899 ], [ -98.881988525390611, 20.667377471923825 ], [ -98.882255554199219, 20.674045562744141 ], [ -98.884727478027344, 20.680009841918931 ], [ -98.885978698730483, 20.686212539672848 ], [ -98.885757446289062, 20.693115234375007 ], [ -98.885520935058608, 20.69633674621581 ], [ -98.884796142578125, 20.701173782348629 ], [ -98.885047912597656, 20.703472137451154 ], [ -98.881851196289062, 20.702289581298835 ], [ -98.879432678222656, 20.702293395996087 ], [ -98.87473297119142, 20.703546524047848 ], [ -98.868431091308594, 20.707096099853516 ], [ -98.86566162109375, 20.709590911865224 ], [ -98.862739562988267, 20.713144302368171 ], [ -98.861747741699219, 20.715141296386715 ], [ -98.858200073242202, 20.723190307617195 ], [ -98.86966705322267, 20.73256683349609 ], [ -98.876335144042983, 20.743103027343746 ], [ -98.886917114257812, 20.749237060546871 ], [ -98.896011352539077, 20.750553131103519 ], [ -98.898033142089844, 20.751899719238281 ], [ -98.902168273925767, 20.754650115966804 ], [ -98.913246154785142, 20.761472702026374 ], [ -98.91717529296875, 20.760984420776374 ], [ -98.924781799316406, 20.756788253784183 ], [ -98.927963256835938, 20.753086090087884 ], [ -98.933097839355469, 20.745916366577145 ], [ -98.937011718750014, 20.739677429199226 ], [ -98.939933776855469, 20.732295989990231 ], [ -98.948257446289077, 20.7218837738037 ], [ -98.951942443847656, 20.721397399902347 ], [ -98.956588745117188, 20.715383529663079 ], [ -98.960494995117188, 20.707763671874996 ], [ -98.968330383300767, 20.699195861816413 ], [ -98.977432250976577, 20.701202392578125 ], [ -98.986518859863295, 20.699066162109379 ], [ -98.98968505859375, 20.690992355346683 ], [ -98.991874694824205, 20.684305191040046 ], [ -98.99725341796875, 20.676445007324219 ], [ -99.003654479980455, 20.680540084838871 ], [ -99.009819030761719, 20.688087463378917 ], [ -99.020408630371094, 20.694454193115241 ], [ -99.028030395507798, 20.695779800415032 ], [ -99.035881042480469, 20.6922721862793 ], [ -99.047431945800781, 20.692420959472649 ], [ -99.048431396484375, 20.6990852355957 ], [ -99.044525146484389, 20.706474304199208 ], [ -99.043807983398452, 20.712230682373036 ], [ -99.046287536621094, 20.719804763793956 ], [ -99.05490875244142, 20.724803924560547 ], [ -99.065238952636719, 20.730020523071296 ], [ -99.07387542724608, 20.739620208740238 ], [ -99.081756591796889, 20.746465682983402 ], [ -99.091346740722642, 20.749156951904308 ], [ -99.102409362792969, 20.75160980224609 ], [ -99.107292175292969, 20.740531921386726 ], [ -99.110221862792969, 20.73384094238282 ], [ -99.115837097167983, 20.723678588867173 ], [ -99.1195068359375, 20.719051361083981 ], [ -99.1219482421875, 20.712821960449219 ], [ -99.122406005859361, 20.703157424926761 ], [ -99.127792358398423, 20.697828292846673 ], [ -99.135398864746108, 20.692941665649425 ], [ -99.141273498535142, 20.687839508056641 ], [ -99.150588989257812, 20.679031372070316 ], [ -99.155975341796875, 20.674161911010742 ], [ -99.162101745605469, 20.669746398925788 ], [ -99.16896820068358, 20.665557861328125 ], [ -99.178062438964844, 20.665262222290036 ], [ -99.185684204101562, 20.66796875 ], [ -99.197502136230469, 20.673175811767578 ], [ -99.205856323242202, 20.673574447631825 ], [ -99.210739135742188, 20.66387939453125 ], [ -99.212928771972642, 20.657651901245117 ], [ -99.22495269775392, 20.651584625244144 ], [ -99.233802795410142, 20.652902603149418 ], [ -99.243156433105455, 20.65812683105468 ], [ -99.250030517578125, 20.656467437744151 ], [ -99.257431030273438, 20.665386199951175 ], [ -99.26064300537108, 20.671113967895504 ], [ -99.263359069824219, 20.676845550537106 ], [ -99.265594482421875, 20.683040618896481 ], [ -99.267326354980469, 20.688320159912102 ], [ -99.269554138183608, 20.692214965820309 ], [ -99.273262023925767, 20.699089050292976 ], [ -99.276718139648452, 20.703664779663089 ], [ -99.280906677246094, 20.707777023315423 ], [ -99.284355163574219, 20.712121963500969 ], [ -99.28682708740233, 20.715095520019538 ], [ -99.289047241210952, 20.718759536743168 ], [ -99.291030883789062, 20.723346710205071 ], [ -99.293502807617202, 20.728389739990238 ], [ -99.29400634765625, 20.731607437133789 ], [ -99.29107666015625, 20.739450454711903 ], [ -99.292823791503906, 20.746337890625007 ], [ -99.295295715332031, 20.751152038574212 ], [ -99.29555511474608, 20.75460052490234 ], [ -99.296310424804688, 20.761266708374016 ], [ -99.296562194824219, 20.763336181640618 ], [ -99.295814514160156, 20.771635055541999 ], [ -99.299041748046875, 20.76952934265136 ], [ -99.303230285644545, 20.773639678955082 ], [ -99.305717468261719, 20.782363891601573 ], [ -99.305488586425795, 20.789726257324215 ], [ -99.30403900146483, 20.796638488769531 ], [ -99.304061889648438, 20.803310394287106 ], [ -99.305580139160156, 20.816411972045898 ], [ -99.304153442382812, 20.832294464111317 ], [ -99.309333801269531, 20.837549209594723 ], [ -99.307899475097656, 20.851821899414059 ], [ -99.307197570800781, 20.862409591674812 ], [ -99.303802490234375, 20.875316619873047 ], [ -99.301864624023438, 20.885221481323242 ], [ -99.300430297851562, 20.896965026855458 ], [ -99.302917480468736, 20.906148910522457 ], [ -99.308570861816406, 20.907718658447262 ], [ -99.315208435058594, 20.907901763916026 ], [ -99.323074340820312, 20.908994674682614 ], [ -99.32568359375, 20.910341262817372 ], [ -99.328498840332031, 20.915857315063484 ], [ -99.327041625976548, 20.921848297119148 ], [ -99.323135375976562, 20.928548812866218 ], [ -99.324638366699219, 20.936588287353505 ], [ -99.328842163085938, 20.945070266723636 ], [ -99.33254241943358, 20.951486587524396 ], [ -99.333648681640625, 20.956850051879876 ], [ -99.332572937011705, 20.959306716918938 ], [ -99.32692718505858, 20.963027954101562 ], [ -99.316375732421875, 20.967245101928718 ], [ -99.306327819824233, 20.973527908325188 ], [ -99.298477172851562, 20.977493286132812 ], [ -99.288177490234375, 20.985618591308587 ], [ -99.286376953125, 20.991630554199215 ], [ -99.287467956542955, 20.994365692138672 ], [ -99.293136596679688, 20.998697280883796 ], [ -99.297821044921889, 21.004413604736332 ], [ -99.301033020019531, 21.008762359619134 ], [ -99.301849365234375, 21.011560440063473 ], [ -99.299827575683594, 21.017513275146491 ], [ -99.295661926269531, 21.020532608032219 ], [ -99.292732238769545, 21.025384902954098 ], [ -99.290794372558594, 21.034370422363288 ], [ -99.289581298828139, 21.040590286254872 ], [ -99.28812408447267, 21.043821334838853 ], [ -99.287162780761719, 21.052339553833004 ], [ -99.283256530761719, 21.059038162231442 ], [ -99.278114318847656, 21.065055847167965 ], [ -99.271255493164077, 21.070856094360362 ], [ -99.263404846191392, 21.075513839721676 ], [ -99.25997161865233, 21.077838897705085 ], [ -99.252624511718736, 21.084562301635742 ], [ -99.250434875488281, 21.091249465942369 ], [ -99.250450134277358, 21.096080780029293 ], [ -99.250136963139468, 21.102275006524049 ], [ -99.24982222526674, 21.102102157660809 ], [ -99.249617275433408, 21.101977685640321 ], [ -99.249299552014222, 21.10175740331908 ], [ -99.248928281329782, 21.101637174586831 ], [ -99.248615376717609, 21.101502546717402 ], [ -99.248149040826817, 21.1013499856764 ], [ -99.247681321468605, 21.101265685146821 ], [ -99.247333322284987, 21.101337974746659 ], [ -99.247046907823488, 21.101472762980439 ], [ -99.246842546616278, 21.101703409007982 ], [ -99.246720207768092, 21.10201072011132 ], [ -99.246669590603844, 21.10235631734032 ], [ -99.246588233627165, 21.102682764443813 ], [ -99.246435291331068, 21.103057303769472 ], [ -99.24624193104718, 21.103256322670688 ], [ -99.246028987523005, 21.10341393349896 ], [ -99.245775110433186, 21.103561023536997 ], [ -99.245598833210011, 21.103682430504701 ], [ -99.245381944515387, 21.103721086075147 ], [ -99.245197644713627, 21.103702154936038 ], [ -99.244982599541061, 21.10366407658206 ], [ -99.244665115559343, 21.103587749597377 ], [ -99.24436410330658, 21.103546632023676 ], [ -99.244008071163918, 21.103520255691365 ], [ -99.243625450058389, 21.103752831071471 ], [ -99.243558798580025, 21.103850921236226 ], [ -99.243360407005468, 21.104142892982978 ], [ -99.243064225284471, 21.104575224647323 ], [ -99.242358629228235, 21.105056128033521 ], [ -99.241980580169709, 21.105507769449435 ], [ -99.241630753603943, 21.106058961610227 ], [ -99.241160992943165, 21.10677947186209 ], [ -99.240599508933656, 21.10775925513618 ], [ -99.240017327793041, 21.108604695137977 ], [ -99.239403992750937, 21.109181434644121 ], [ -99.238831466224894, 21.109671733395306 ], [ -99.238102363473402, 21.11019723555636 ], [ -99.237541168424642, 21.110624111922892 ], [ -99.236632577623752, 21.111306458264714 ], [ -99.235959595644019, 21.111897358247599 ], [ -99.235307622488548, 21.112365820264746 ], [ -99.234743571614189, 21.112635237208689 ], [ -99.234216110809982, 21.112803674497439 ], [ -99.233745032920055, 21.112717945556447 ], [ -99.233417073738792, 21.112497644940227 ], [ -99.233252831412813, 21.112219532499022 ], [ -99.23318046410013, 21.111768533265916 ], [ -99.233128492814416, 21.11126951196259 ], [ -99.233076706725939, 21.11088567012991 ], [ -99.232963297862298, 21.110377135040714 ], [ -99.232901374560313, 21.110060491475014 ], [ -99.232747178232344, 21.109657591107457 ], [ -99.232449630247231, 21.109235692562773 ], [ -99.232254579184769, 21.108890436695351 ], [ -99.231887630719996, 21.10847399210105 ], [ -99.231600592796013, 21.108224837497971 ], [ -99.231231577967876, 21.107927805927488 ], [ -99.230944655686628, 21.107755437306526 ], [ -99.230555319131696, 21.107554410197036 ], [ -99.230125353918851, 21.107564593269348 ], [ -99.229695407710906, 21.107584371344672 ], [ -99.229381577106125, 21.107668260862411 ], [ -99.22927242973131, 21.107689561072206 ], [ -99.228999534671814, 21.107767672552889 ], [ -99.228753890780368, 21.107806395073151 ], [ -99.228434031164298, 21.107893053740071 ], [ -99.228090742222591, 21.107913331726781 ], [ -99.22775143304905, 21.108023771983063 ], [ -99.227357238850772, 21.108112709917329 ], [ -99.227053636602804, 21.108093950002999 ], [ -99.226718251345019, 21.108088446591101 ], [ -99.226380373902742, 21.108059060892447 ], [ -99.226070051848765, 21.107983097306651 ], [ -99.225815772939654, 21.107885473935589 ], [ -99.225655860052868, 21.107691285041209 ], [ -99.225482259801922, 21.10752775320567 ], [ -99.225348025513696, 21.107221397172662 ], [ -99.225142763909503, 21.106885742402099 ], [ -99.224927430510945, 21.106655678663305 ], [ -99.224643069847176, 21.106453914560891 ], [ -99.224416439491222, 21.106244156198727 ], [ -99.224112163894773, 21.105967500385265 ], [ -99.223853676689558, 21.105840292818126 ], [ -99.223594616757808, 21.105740867385396 ], [ -99.223304602024854, 21.10573559806333 ], [ -99.222972097837243, 21.105797618281255 ], [ -99.222718356577701, 21.105841342081462 ], [ -99.22241939618948, 21.105868680011639 ], [ -99.222171255259838, 21.105893790311669 ], [ -99.221955729608567, 21.105975786942928 ], [ -99.221749227036611, 21.10607893227083 ], [ -99.22153661899786, 21.106145682795724 ], [ -99.221237530044888, 21.106201117639664 ], [ -99.221022844080082, 21.106235564540867 ], [ -99.220815321196895, 21.106275114495574 ], [ -99.220524462238757, 21.106310661917757 ], [ -99.22032274362077, 21.106361442690918 ], [ -99.219977174530015, 21.106404103309718 ], [ -99.219339033014393, 21.106385939091076 ], [ -99.218782009305187, 21.106424640346418 ], [ -99.218214726919101, 21.106377893479159 ], [ -99.217566312539333, 21.106255277947081 ], [ -99.217110379603909, 21.10616090334679 ], [ -99.216735601285919, 21.106151887253141 ], [ -99.216273020053194, 21.106165947505161 ], [ -99.215844370884994, 21.106219496307222 ], [ -99.215523315474513, 21.10621273920453 ], [ -99.215418946970502, 21.106210541628784 ], [ -99.214683565579364, 21.106499478241947 ], [ -99.214096491717356, 21.106775604226421 ], [ -99.213671507034093, 21.107070515714522 ], [ -99.213148950560452, 21.107550629559469 ], [ -99.212796076279986, 21.107895281603859 ], [ -99.211981774593809, 21.108326104014843 ], [ -99.211182196295141, 21.108754419482416 ], [ -99.210554768338596, 21.109154031004866 ], [ -99.210089399008623, 21.109553438851496 ], [ -99.209459350242909, 21.110196794670781 ], [ -99.209126023310432, 21.110861924153053 ], [ -99.209046030142972, 21.111602706495962 ], [ -99.209300229875637, 21.11229559948157 ], [ -99.209584511906314, 21.112770046859684 ], [ -99.209767479540574, 21.113225624776323 ], [ -99.209990765421594, 21.113735824311188 ], [ -99.210102938634236, 21.114267457846612 ], [ -99.210063046726361, 21.114713817128525 ], [ -99.209965951952185, 21.11505390725554 ], [ -99.209781464539972, 21.115365945421718 ], [ -99.209456633152186, 21.115733001983809 ], [ -99.208897138378489, 21.116287257569599 ], [ -99.208391239944163, 21.116696206178375 ], [ -99.207855116109513, 21.117228640579061 ], [ -99.20737969063903, 21.117704018697491 ], [ -99.206863825395672, 21.118236424603055 ], [ -99.206225402844851, 21.11868971934058 ], [ -99.205461481827498, 21.11903194870364 ], [ -99.204630513881796, 21.119226044636264 ], [ -99.203756036984814, 21.119419341884402 ], [ -99.203185190061134, 21.119538107144372 ], [ -99.202496518078732, 21.119643386113278 ], [ -99.201919356835106, 21.119815002278727 ], [ -99.200992873243891, 21.120206502302029 ], [ -99.199979347381714, 21.120690468994646 ], [ -99.198906571832538, 21.121093121467709 ], [ -99.197912879032387, 21.121344003818866 ], [ -99.197205436003713, 21.121598392633956 ], [ -99.196504304474303, 21.121754910358899 ], [ -99.196125398702137, 21.12183644149464 ], [ -99.195841372682551, 21.121890218544493 ], [ -99.195583467026324, 21.12185088664469 ], [ -99.195140487954987, 21.121743552339296 ], [ -99.195139144542907, 21.12174322639158 ], [ -99.194730921536163, 21.121686635924341 ], [ -99.194354343892073, 21.12165646932754 ], [ -99.193902825593739, 21.121625492151772 ], [ -99.193414341951907, 21.121627866395109 ], [ -99.192900007983496, 21.121710305685376 ], [ -99.192508470623153, 21.121817686764562 ], [ -99.191957406030014, 21.121922135907877 ], [ -99.19145420862192, 21.122050150455802 ], [ -99.190963569098699, 21.122155706454222 ], [ -99.190547358915452, 21.122170743788629 ], [ -99.190171254498367, 21.122117886035284 ], [ -99.18989132260343, 21.121975478466481 ], [ -99.189672280507196, 21.121855010131085 ], [ -99.189439225221619, 21.121798294041124 ], [ -99.189135244917352, 21.121732161857846 ], [ -99.188679293667974, 21.121647207062406 ], [ -99.188228781594319, 21.121578493744273 ], [ -99.187616067912884, 21.121624507427573 ], [ -99.18727502500191, 21.121629575143061 ], [ -99.186631776721129, 21.121748189982725 ], [ -99.186037212530053, 21.12185124900363 ], [ -99.185583073923397, 21.121918759985558 ], [ -99.185036247976058, 21.122071293214923 ], [ -99.184600903261227, 21.122261686735662 ], [ -99.184287226901887, 21.122546908481819 ], [ -99.184176160894168, 21.122841402143575 ], [ -99.184065169005379, 21.12319287248733 ], [ -99.183853027745812, 21.123667900724701 ], [ -99.183654314735932, 21.123986516247605 ], [ -99.183460512009106, 21.124276822420125 ], [ -99.183126355245932, 21.124603537424431 ], [ -99.182707099856884, 21.124994546737437 ], [ -99.182365783780583, 21.125358633977648 ], [ -99.182023872156066, 21.12575106753593 ], [ -99.181675825156063, 21.12609072981234 ], [ -99.181204402088099, 21.126386067316751 ], [ -99.180875891875587, 21.126641045243016 ], [ -99.180447407487392, 21.126976536877617 ], [ -99.18017631063276, 21.127419072052106 ], [ -99.180019644657605, 21.127915088988935 ], [ -99.179905675476959, 21.128250247352156 ], [ -99.179733206320705, 21.128786420605653 ], [ -99.179604331711317, 21.12905119296726 ], [ -99.179321034049536, 21.129510597931063 ], [ -99.179121217741937, 21.129792238310714 ], [ -99.179078794559089, 21.130180924495342 ], [ -99.178910498069442, 21.130657734120547 ], [ -99.178835142868706, 21.130907044395656 ], [ -99.178534251027429, 21.131411410645082 ], [ -99.178391796300275, 21.131840404586335 ], [ -99.178113750578376, 21.132212462391937 ], [ -99.17778276848729, 21.132774115423729 ], [ -99.177488432492865, 21.133202587758706 ], [ -99.177285972393378, 21.13351647988932 ], [ -99.17727921796785, 21.134012600167367 ], [ -99.177265495325145, 21.13449506444779 ], [ -99.177294981130416, 21.135245511052617 ], [ -99.177391016270676, 21.135937283470344 ], [ -99.177348796376634, 21.136500187263717 ], [ -99.177205378273456, 21.13678148866747 ], [ -99.176989362091291, 21.137164897295452 ], [ -99.176477921194845, 21.137573208913153 ], [ -99.176220885310386, 21.137841502390113 ], [ -99.175806622548151, 21.138150164691535 ], [ -99.175478046041263, 21.138378329632811 ], [ -99.175206489147612, 21.138459019303568 ], [ -99.17493488235317, 21.138499504431284 ], [ -99.174734716247542, 21.138499712497662 ], [ -99.174491610814243, 21.138459756508141 ], [ -99.174205518695487, 21.138339441307231 ], [ -99.173919503488293, 21.138286128305328 ], [ -99.173576256009895, 21.13819267138274 ], [ -99.173218724257666, 21.138112628568233 ], [ -99.172947041744052, 21.138086102899376 ], [ -99.172546629371638, 21.138019504388573 ], [ -99.172088989366259, 21.137912759151753 ], [ -99.17178862998874, 21.137819254940478 ], [ -99.171545449546301, 21.137712289725997 ], [ -99.171316520127974, 21.137565106105605 ], [ -99.171159172074852, 21.137498259284811 ], [ -99.171016184031203, 21.137485000338508 ], [ -99.170787469489454, 21.137525437000406 ], [ -99.170515941765558, 21.137632919747801 ], [ -99.170201501943652, 21.137727047491762 ], [ -99.169901408963781, 21.137861362071583 ], [ -99.169715255488498, 21.13796625683954 ], [ -99.169397086648345, 21.138223212084466 ], [ -99.169011934164843, 21.138636707725109 ], [ -99.168641979516224, 21.138979250898839 ], [ -99.168326231521178, 21.13927401822772 ], [ -99.167946400936117, 21.139626020282293 ], [ -99.167599009031662, 21.139930409597273 ], [ -99.167285703863556, 21.14010894311556 ], [ -99.166868886268574, 21.140149997221787 ], [ -99.166437606691176, 21.140073938615899 ], [ -99.165986410446536, 21.13991016050538 ], [ -99.165594825589423, 21.139786624275985 ], [ -99.16522700562399, 21.139631650162208 ], [ -99.164708096902899, 21.139634050289509 ], [ -99.16431680143603, 21.139632536125447 ], [ -99.16388345916107, 21.139714208389691 ], [ -99.163464644194718, 21.139863576131585 ], [ -99.163060389275046, 21.140121262635024 ], [ -99.162555028272408, 21.140406128370724 ], [ -99.162020845037432, 21.140758732168425 ], [ -99.161587794530647, 21.141111239297345 ], [ -99.16125580120476, 21.141395935234318 ], [ -99.160967196297506, 21.141721218621548 ], [ -99.16056328787441, 21.142303904325171 ], [ -99.160130314648143, 21.142737658099538 ], [ -99.159754868253174, 21.142927602369568 ], [ -99.159422828617778, 21.14317166767897 ], [ -99.159125409481263, 21.143450823597441 ], [ -99.158851216012792, 21.143749005898659 ], [ -99.158591323789068, 21.143911753183207 ], [ -99.158259248025502, 21.144128734963832 ], [ -99.157883785229487, 21.144305130702811 ], [ -99.157537244725148, 21.144508583105448 ], [ -99.157118433270995, 21.144685018569305 ], [ -99.156656250594509, 21.144834407774002 ], [ -99.156237579075224, 21.145146259118793 ], [ -99.155674454775124, 21.145485326354645 ], [ -99.15509686120734, 21.145810865193869 ], [ -99.154692476138905, 21.145973737515732 ], [ -99.154209622534609, 21.146061046559026 ], [ -99.153838330998852, 21.146121063805197 ], [ -99.153464671445903, 21.146259237677913 ], [ -99.153074661690042, 21.146354383391593 ], [ -99.152598021592297, 21.14650377636703 ], [ -99.152193688131902, 21.146720811711301 ], [ -99.151919321731356, 21.14687001956213 ], [ -99.151644996203288, 21.147059850469109 ], [ -99.151327322344684, 21.147249724349983 ], [ -99.150939314752563, 21.147458412057432 ], [ -99.150521984264145, 21.14775068372834 ], [ -99.150056478922494, 21.147860243716554 ], [ -99.149565325226447, 21.147955471519108 ], [ -99.14921856116348, 21.147955776859778 ], [ -99.148871769332487, 21.1479290002395 ], [ -99.148515716253286, 21.147865874159336 ], [ -99.148154411530584, 21.147771397609468 ], [ -99.147823622903474, 21.147605636924126 ], [ -99.14748929772415, 21.147284466050081 ], [ -99.147185588491823, 21.14698681000112 ], [ -99.146811076727047, 21.14665595580075 ], [ -99.146462532068369, 21.146337423265049 ], [ -99.146080138830698, 21.146112541087579 ], [ -99.14579882072124, 21.145921245251021 ], [ -99.145551622669046, 21.145661109358315 ], [ -99.145262460973925, 21.145458227603775 ], [ -99.144901059338494, 21.14525540630969 ], [ -99.144583090713951, 21.145147344597738 ], [ -99.144248249839251, 21.145140170867872 ], [ -99.143990849220287, 21.145283268822624 ], [ -99.143817574468599, 21.145391751538984 ], [ -99.143556988517588, 21.145576481122845 ], [ -99.143344866594688, 21.145999055314295 ], [ -99.142984150841059, 21.146699619696083 ], [ -99.142670809184139, 21.147333002641314 ], [ -99.14220185150154, 21.147993173987025 ], [ -99.141687719629161, 21.148527309416053 ], [ -99.141110365048547, 21.149132409609592 ], [ -99.140071307762099, 21.150015330811463 ], [ -99.13913213379881, 21.150766240542392 ], [ -99.138251262353037, 21.15130864202909 ], [ -99.137124753349426, 21.151851234882582 ], [ -99.136047885395939, 21.152271949762305 ], [ -99.134892583727535, 21.15257644602665 ], [ -99.134088097462183, 21.152742890352073 ], [ -99.133253798289289, 21.152916347493733 ], [ -99.13256489416375, 21.15303179175152 ], [ -99.132025277275616, 21.152952189717048 ], [ -99.131663946133855, 21.152830594463435 ], [ -99.131317063510807, 21.152708984531337 ], [ -99.130638344116264, 21.15241866058167 ], [ -99.130146737078604, 21.15206367084291 ], [ -99.129948582064557, 21.151828585847134 ], [ -99.129716915087769, 21.151273543169516 ], [ -99.129543117674174, 21.15079970759427 ], [ -99.129297099758205, 21.150353010375099 ], [ -99.129094479234482, 21.149960449058149 ], [ -99.128848382465321, 21.149418956265535 ], [ -99.128544472483171, 21.148850425437285 ], [ -99.128312896030849, 21.148390174789174 ], [ -99.127994631593452, 21.147929988624949 ], [ -99.127664401652936, 21.147436323289416 ], [ -99.127394363887035, 21.147124467036566 ], [ -99.126794924873394, 21.146701898766267 ], [ -99.126368117279327, 21.14663772672483 ], [ -99.125862606814295, 21.146854775014958 ], [ -99.125386063887206, 21.147153051421295 ], [ -99.124822798961716, 21.147424306174312 ], [ -99.124245022933252, 21.147614321411531 ], [ -99.123612258699097, 21.14783147684966 ], [ -99.123017216977615, 21.14799439319345 ], [ -99.122294732924232, 21.147927206488951 ], [ -99.121384491651412, 21.147941402987566 ], [ -99.120664480163953, 21.148040864436211 ], [ -99.120136581486136, 21.148028861478636 ], [ -99.119728152271108, 21.148027346441253 ], [ -99.119409671782392, 21.148132530537509 ], [ -99.11906486688514, 21.148237219669163 ], [ -99.118529828357353, 21.148301260350738 ], [ -99.117729262401966, 21.148241906863166 ], [ -99.116891276383683, 21.148283114080225 ], [ -99.115894361341446, 21.148324425569449 ], [ -99.115345340659417, 21.148351886376027 ], [ -99.114494188560442, 21.148300004981152 ], [ -99.113773768352473, 21.148286404025097 ], [ -99.113180186989808, 21.148335319220909 ], [ -99.11261916956586, 21.148318167111007 ], [ -99.111997901849364, 21.148345663331611 ], [ -99.111492323236618, 21.148508501983876 ], [ -99.111232421519063, 21.148738885024873 ], [ -99.110972518872259, 21.148969269470374 ], [ -99.110719120246216, 21.149388107970754 ], [ -99.110688296239871, 21.149608836686859 ], [ -99.110694559059539, 21.149695956763619 ], [ -99.110713264489661, 21.149846957426369 ], [ -99.110750560065867, 21.149997942831384 ], [ -99.110775441422831, 21.150125707560107 ], [ -99.110843715040815, 21.150270865834369 ], [ -99.110959150383877, 21.150418270387384 ], [ -99.111207356222863, 21.150669550230475 ], [ -99.111458455576425, 21.150914792085114 ], [ -99.111779862546499, 21.151377467886906 ], [ -99.112043941377436, 21.151885242710438 ], [ -99.112144149154133, 21.152321380750717 ], [ -99.112232827488896, 21.15327993836668 ], [ -99.112211494110142, 21.154028821056034 ], [ -99.112124660918653, 21.154592111448967 ], [ -99.112035901939421, 21.154909439359553 ], [ -99.111727829926593, 21.155739248541501 ], [ -99.111448585114459, 21.156105146122009 ], [ -99.111121457305259, 21.156403202041723 ], [ -99.110853377911212, 21.156558465002465 ], [ -99.110397399370669, 21.156610882090511 ], [ -99.109607707201548, 21.156600971521097 ], [ -99.108779519420906, 21.156391046064616 ], [ -99.108443986648751, 21.156320073890591 ], [ -99.107909328090273, 21.156254336646178 ], [ -99.107251178015062, 21.155929917419904 ], [ -99.106745355048886, 21.155607810355018 ], [ -99.106240571210662, 21.155237509249726 ], [ -99.105664454487041, 21.15469796140999 ], [ -99.105286249361413, 21.15440265682253 ], [ -99.104830169585554, 21.154129699310381 ], [ -99.104378059224672, 21.153784780751661 ], [ -99.103997284030797, 21.15360910494659 ], [ -99.103512540535746, 21.153432026351403 ], [ -99.102994138048942, 21.153358595274298 ], [ -99.102515935126149, 21.153421430647551 ], [ -99.101859822657431, 21.153557335396496 ], [ -99.101203720208659, 21.15370366516613 ], [ -99.100225294788089, 21.153898345003896 ], [ -99.099068543017225, 21.154101035153044 ], [ -99.098354719473988, 21.154280885508712 ], [ -99.097634105363596, 21.154386886102017 ], [ -99.097169758127862, 21.154497751712039 ], [ -99.096737169664252, 21.15459390347916 ], [ -99.096336964324436, 21.154646426626432 ], [ -99.096040650466875, 21.154652987971623 ], [ -99.095639319377966, 21.154608505563786 ], [ -99.09529038455436, 21.15454891979633 ], [ -99.094926285635438, 21.154409623580076 ], [ -99.094438637177177, 21.154236192552386 ], [ -99.094032931568748, 21.154191417653376 ], [ -99.093398578777581, 21.154009897069791 ], [ -99.092750715762108, 21.153725177471042 ], [ -99.092438478790513, 21.153557524527056 ], [ -99.09212708959673, 21.153383269300761 ], [ -99.091649513221796, 21.153142282242491 ], [ -99.091317383893156, 21.153005041338602 ], [ -99.09093826983819, 21.152984517162558 ], [ -99.090631126981307, 21.15309551744161 ], [ -99.090364781508299, 21.153252358425416 ], [ -99.090153644499551, 21.153554764625639 ], [ -99.089998090984949, 21.153815441874997 ], [ -99.089640045309281, 21.154076647375515 ], [ -99.08924760837418, 21.154328958609707 ], [ -99.08887514856184, 21.154462316917606 ], [ -99.088485970221825, 21.154629301545992 ], [ -99.08810794941202, 21.154848399978437 ], [ -99.087552020358046, 21.155161403670071 ], [ -99.087215413790133, 21.155471752700539 ], [ -99.086724297923368, 21.155812931623107 ], [ -99.086372385559741, 21.156092100040681 ], [ -99.086201625527238, 21.156270921639436 ], [ -99.08594012559297, 21.15659030132959 ], [ -99.085662406761557, 21.157174177604325 ], [ -99.085478492649273, 21.157639580053214 ], [ -99.085222933743381, 21.158087935876519 ], [ -99.084845048061311, 21.158578045367292 ], [ -99.084533869592605, 21.159016003825986 ], [ -99.084267117782446, 21.159349699334221 ], [ -99.083989188158213, 21.159589587216654 ], [ -99.083685924202655, 21.159631905587879 ], [ -99.083271299264368, 21.159456099716042 ], [ -99.082896182496768, 21.159243042342567 ], [ -99.082622192177979, 21.15905120109203 ], [ -99.082269615090752, 21.158949958739136 ], [ -99.081790944845181, 21.158791999371516 ], [ -99.081413802474188, 21.158672490989236 ], [ -99.080876332950481, 21.15859566766645 ], [ -99.080451691211223, 21.158601038983647 ], [ -99.079986223172881, 21.158703777378779 ], [ -99.079518436646936, 21.158723259241214 ], [ -99.078981584258273, 21.158738344324821 ], [ -99.078427483112023, 21.158758347109362 ], [ -99.077915878828364, 21.158810702802853 ], [ -99.077515536733245, 21.158946396344046 ], [ -99.077048498186016, 21.159144662957083 ], [ -99.07663104685831, 21.159514888643734 ], [ -99.076431010577366, 21.159838116754798 ], [ -99.076442358325494, 21.160275915445606 ], [ -99.076709553706024, 21.160776137986659 ], [ -99.076921159597191, 21.16130766213017 ], [ -99.077021464494109, 21.1616932992324 ], [ -99.076999418369709, 21.162078991100831 ], [ -99.076888340579586, 21.162370908370292 ], [ -99.076666013882217, 21.162621183753508 ], [ -99.07632132862544, 21.162850662984269 ], [ -99.075987738482127, 21.163038441407618 ], [ -99.075360673919107, 21.16333694153435 ], [ -99.074893647840852, 21.163608171241719 ], [ -99.074371023348931, 21.163900269199033 ], [ -99.073970706498216, 21.164108921493941 ], [ -99.073537003649307, 21.164296738953432 ], [ -99.07314779279784, 21.164474113526193 ], [ -99.072714128518882, 21.164745320388402 ], [ -99.072269382767274, 21.165089498530914 ], [ -99.071746791864783, 21.165485827793709 ], [ -99.071424357523483, 21.165756983651722 ], [ -99.071179779865986, 21.166028107627387 ], [ -99.070937460389743, 21.166381385911926 ], [ -99.070746420537589, 21.166712384180578 ], [ -99.070620718596928, 21.167013752199566 ], [ -99.070720990804062, 21.167357699760078 ], [ -99.070943559078074, 21.167586929308175 ], [ -99.07121055109252, 21.167659785750828 ], [ -99.071611047091608, 21.16779512633823 ], [ -99.071922553083368, 21.167909657571347 ], [ -99.072325736118941, 21.168054613313934 ], [ -99.072605343196543, 21.168210847677379 ], [ -99.07280396511284, 21.168309375395783 ], [ -99.073103940206053, 21.168418920612435 ], [ -99.073512719853142, 21.168530546238635 ], [ -99.073924534717563, 21.168613869752395 ], [ -99.074474120252646, 21.168813270473535 ], [ -99.074900605311598, 21.169000672145561 ], [ -99.075221111682211, 21.169167327870277 ], [ -99.075727957924457, 21.169441347391256 ], [ -99.076263623714965, 21.169724991889208 ], [ -99.076846491397248, 21.170062855595816 ], [ -99.0772860866212, 21.170315164219879 ], [ -99.077592728595789, 21.170549748691446 ], [ -99.077770807452566, 21.170747720488922 ], [ -99.077904430233843, 21.171018680685208 ], [ -99.077983029889367, 21.171303534704794 ], [ -99.077949305437244, 21.171748328650512 ], [ -99.07794195110371, 21.172080974246605 ], [ -99.077495528186475, 21.172699219516637 ], [ -99.077153523031782, 21.173076121906124 ], [ -99.076887344697695, 21.173303024856519 ], [ -99.076479300060257, 21.173463954655841 ], [ -99.076063765564513, 21.173577692665582 ], [ -99.075756273721183, 21.17347470351514 ], [ -99.075488251071306, 21.173346037207089 ], [ -99.075182291439262, 21.173177391237118 ], [ -99.074864230482916, 21.173009081251067 ], [ -99.074608543628429, 21.172864652915827 ], [ -99.074400451562738, 21.172756302563805 ], [ -99.07416450445487, 21.172705275272325 ], [ -99.073931222158095, 21.172642954221043 ], [ -99.073674525482772, 21.17254501701753 ], [ -99.073428253446366, 21.172412679436519 ], [ -99.073134129074774, 21.172256168448882 ], [ -99.072840658852158, 21.172180780933065 ], [ -99.072504825359644, 21.172162439892684 ], [ -99.072145959366793, 21.172202079753209 ], [ -99.0717058586131, 21.172195351577301 ], [ -99.071255221931949, 21.172228127506767 ], [ -99.071004730288195, 21.172289692540996 ], [ -99.070527642817936, 21.17231991759153 ], [ -99.070071656075129, 21.17247646657361 ], [ -99.069593425927778, 21.172653869982504 ], [ -99.068881651538746, 21.172935604676606 ], [ -99.068169884162515, 21.173238184597707 ], [ -99.067690206131189, 21.17353643507376 ], [ -99.067179426118301, 21.173775648345245 ], [ -99.066595437683901, 21.174044083464889 ], [ -99.066153550515111, 21.174340769248914 ], [ -99.065745104834647, 21.174656814876247 ], [ -99.065279466990319, 21.17493318883179 ], [ -99.064989401424398, 21.175034258238995 ], [ -99.064736508412935, 21.175094634535206 ], [ -99.064424464969989, 21.175094315531325 ], [ -99.064076523087024, 21.175076289885773 ], [ -99.063738946373434, 21.175026698115076 ], [ -99.063306210542493, 21.174903807880398 ], [ -99.063023390014763, 21.174783796387725 ], [ -99.062749247843982, 21.174598719734266 ], [ -99.062573772590142, 21.174437094556012 ], [ -99.062412087370888, 21.174308631168785 ], [ -99.062318576017063, 21.174159924989045 ], [ -99.062273547985683, 21.17400647635764 ], [ -99.062284021642597, 21.173859200105582 ], [ -99.062293018478769, 21.173668786685905 ], [ -99.062265591365644, 21.173470668895892 ], [ -99.062287695857719, 21.173126675257453 ], [ -99.062320951703725, 21.172855641802528 ], [ -99.062265224807348, 21.172595065228744 ], [ -99.062209527978311, 21.172407456513454 ], [ -99.062075928853574, 21.172126063545086 ], [ -99.061897816980192, 21.171802989705292 ], [ -99.061599023656214, 21.171332113765416 ], [ -99.061307566355239, 21.171054245936233 ], [ -99.060963024802348, 21.170771367482196 ], [ -99.060803365823759, 21.170534862928648 ], [ -99.060603012698905, 21.170211796723692 ], [ -99.060402651259537, 21.169857455900374 ], [ -99.060202266944572, 21.169450998270751 ], [ -99.060079787431036, 21.169148749836378 ], [ -99.059912811772989, 21.168836092749061 ], [ -99.059790344099184, 21.168554692666408 ], [ -99.059734667872803, 21.168408778516515 ], [ -99.05969012494613, 21.168273284802389 ], [ -99.05967893189657, 21.168096082540757 ], [ -99.059667723888467, 21.167887609433006 ], [ -99.059701010273258, 21.167689544990104 ], [ -99.059801046999326, 21.167512303903823 ], [ -99.059934458633563, 21.167345475314612 ], [ -99.060123506615327, 21.167230744473088 ], [ -99.060334822086176, 21.167168127496055 ], [ -99.060579504827373, 21.167115920667719 ], [ -99.060913214147789, 21.167147072783354 ], [ -99.061246960016632, 21.167272036539135 ], [ -99.06154732465707, 21.167376168586514 ], [ -99.061914436051012, 21.167490696442613 ], [ -99.062148061955924, 21.167594847921947 ], [ -99.062348284065791, 21.167605197119858 ], [ -99.062548510728291, 21.167625972081908 ], [ -99.062770983462457, 21.167646736751564 ], [ -99.063015693733277, 21.167657070374279 ], [ -99.063249275692343, 21.167646559399341 ], [ -99.063449467440805, 21.167583939523944 ], [ -99.063649640298067, 21.167479627987273 ], [ -99.063858034537276, 21.167381277881635 ], [ -99.064325055313361, 21.167037112572199 ], [ -99.064747593452708, 21.166713812280285 ], [ -99.065170108569546, 21.166348814029817 ], [ -99.065670455362621, 21.165910818840427 ], [ -99.065903891142455, 21.165587588740273 ], [ -99.066292958271049, 21.165045396744194 ], [ -99.066659792463867, 21.164544909414566 ], [ -99.066885483923215, 21.164226531978784 ], [ -99.067074436851371, 21.163924166494212 ], [ -99.067319009135346, 21.163632199238034 ], [ -99.067563614152988, 21.163423625013213 ], [ -99.067830472448392, 21.163225467543903 ], [ -99.068086184377592, 21.162975191436011 ], [ -99.06839753450258, 21.162787435557483 ], [ -99.068775584539239, 21.162516262105569 ], [ -99.069053548532935, 21.162286825564241 ], [ -99.069460862452004, 21.161918056826003 ], [ -99.069927823571447, 21.16150091103135 ], [ -99.070472650587476, 21.161115001875647 ], [ -99.071059177116751, 21.160601400479898 ], [ -99.071370470856763, 21.160309401796958 ], [ -99.071781783778718, 21.159850577675861 ], [ -99.072048570971504, 21.159527325254619 ], [ -99.072270876429343, 21.159224939917671 ], [ -99.072415361963053, 21.159005975711853 ], [ -99.072504253225816, 21.158828732045066 ], [ -99.072570910447197, 21.158672346301884 ], [ -99.07264093367769, 21.158466199014182 ], [ -99.072685342722551, 21.158299398790643 ], [ -99.07270750726093, 21.158132608235647 ], [ -99.072707425480687, 21.157965825507603 ], [ -99.072673945076403, 21.157736514200767 ], [ -99.072629358665708, 21.157538480190428 ], [ -99.072573676941985, 21.157392571751085 ], [ -99.072506880129339, 21.157267510898507 ], [ -99.072426939302645, 21.15718130798259 ], [ -99.07224661513996, 21.157020736940883 ], [ -99.072029125672714, 21.156900859607742 ], [ -99.071757559531548, 21.156820785567813 ], [ -99.071405112539097, 21.156789642767162 ], [ -99.071042291392317, 21.156790632525116 ], [ -99.070663334525463, 21.156866184562197 ], [ -99.070376863075694, 21.157026321485134 ], [ -99.070276775857536, 21.157068646096658 ], [ -99.070160172447117, 21.157091936917944 ], [ -99.069971459101268, 21.157094558414858 ], [ -99.069809821662162, 21.157075578202992 ], [ -99.069556313199911, 21.157054836701832 ], [ -99.069375952207096, 21.157007136358928 ], [ -99.069251123356167, 21.15696390375043 ], [ -99.069084984385427, 21.156929522572458 ], [ -99.068890673753927, 21.156856028622727 ], [ -99.068709267002234, 21.156745347497807 ], [ -99.068645225883458, 21.156687397991352 ], [ -99.068515772329832, 21.156634432538979 ], [ -99.068214109586705, 21.156603689916842 ], [ -99.067905886102722, 21.156541056827781 ], [ -99.067713574071121, 21.156486886829555 ], [ -99.067519536749103, 21.156400917646785 ], [ -99.067293785959507, 21.156327386656699 ], [ -99.067046140615048, 21.156259675528489 ], [ -99.066612083048085, 21.156089123524726 ], [ -99.066173933246077, 21.155884458861742 ], [ -99.065670317235657, 21.155576437663264 ], [ -99.065223192723806, 21.15533983398571 ], [ -99.064849803720989, 21.155160231833317 ], [ -99.064403028480825, 21.154907750460545 ], [ -99.063955896064797, 21.154671709241299 ], [ -99.063716882034697, 21.154541196759219 ], [ -99.063417081656667, 21.154425398199674 ], [ -99.063075835856552, 21.154324684789763 ], [ -99.062758259035505, 21.154247682106963 ], [ -99.062500602751072, 21.154195651416231 ], [ -99.062216006271839, 21.154158986370742 ], [ -99.061906899569607, 21.154137163587706 ], [ -99.061715562050409, 21.154149367930184 ], [ -99.061331686581994, 21.154205338958903 ], [ -99.061009211776977, 21.15437223694537 ], [ -99.060731249746254, 21.1545912391604 ], [ -99.060475531210841, 21.154820656167328 ], [ -99.060153095707022, 21.15509179280042 ], [ -99.059852945978363, 21.155456733767249 ], [ -99.059719701031497, 21.156009246849869 ], [ -99.059653171063118, 21.156520038354945 ], [ -99.059564411759425, 21.157072534287366 ], [ -99.059475563274603, 21.157395704646945 ], [ -99.05940892838872, 21.157645901869078 ], [ -99.059242185469842, 21.157885709575353 ], [ -99.059019864887048, 21.158198503655388 ], [ -99.058886474021236, 21.15839660299757 ], [ -99.058569026653331, 21.158747997521921 ], [ -99.058291068976317, 21.159019112963279 ], [ -99.058057585988479, 21.159238094049616 ], [ -99.057835218706444, 21.159457072761498 ], [ -99.057546131542225, 21.159717768364455 ], [ -99.057245882951321, 21.159863803327141 ], [ -99.05695560627214, 21.160013567321506 ], [ -99.056661016561975, 21.160101485536138 ], [ -99.056341320502654, 21.160120855529893 ], [ -99.056004501874796, 21.160148968768549 ], [ -99.055704891906046, 21.160134691230589 ], [ -99.055470016565451, 21.160036009325527 ], [ -99.055264169098351, 21.159826711692904 ], [ -99.055076883738764, 21.159603925843772 ], [ -99.054907630045733, 21.159326831062721 ], [ -99.054787936156558, 21.159439084729968 ], [ -99.054786016920758, 21.159440884628928 ], [ -99.054707494129474, 21.159514525751263 ], [ -99.054529627994896, 21.159775180471708 ], [ -99.054462949216287, 21.159931560265683 ], [ -99.054463006419198, 21.160087917256138 ], [ -99.054429694527983, 21.160244286548025 ], [ -99.054351886089819, 21.160379823337685 ], [ -99.054307460397553, 21.1605466185731 ], [ -99.054251915183613, 21.160734265546726 ], [ -99.054163002487101, 21.160921924787065 ], [ -99.054040710541898, 21.161078320092635 ], [ -99.053951788566096, 21.16124513088516 ], [ -99.053862855673003, 21.16138066914106 ], [ -99.053862946244294, 21.161630842005401 ], [ -99.053885275020718, 21.161860159649986 ], [ -99.053929848905469, 21.16208947130027 ], [ -99.05398556505456, 21.162370896767627 ], [ -99.054074619792559, 21.162568921148242 ], [ -99.05416366693008, 21.1627460989511 ], [ -99.054252714342141, 21.162923274906607 ], [ -99.054364021039859, 21.163152564645035 ], [ -99.054430070347991, 21.163273577505759 ], [ -99.054463495490552, 21.163440348410646 ], [ -99.054441315260391, 21.163617561110907 ], [ -99.054352369456154, 21.163711403166676 ], [ -99.054230037844434, 21.163763562480248 ], [ -99.054074328388779, 21.16379488371571 ], [ -99.05399645605074, 21.163763637241292 ], [ -99.053896312078066, 21.163659431989043 ], [ -99.053762821746417, 21.163617778498001 ], [ -99.053596001338917, 21.163669949331926 ], [ -99.053495936057161, 21.163784644449489 ], [ -99.053462639548869, 21.1639827079496 ], [ -99.053540573794535, 21.16419116132414 ], [ -99.053651859030779, 21.164357906639715 ], [ -99.053863256825579, 21.164524620925825 ], [ -99.054019037570342, 21.164691352232424 ], [ -99.054130329576338, 21.164858099175838 ], [ -99.054130423589356, 21.165118696737917 ], [ -99.054130510751719, 21.165358445962919 ], [ -99.054108328799472, 21.165535658799282 ], [ -99.053974924393188, 21.165733754744171 ], [ -99.053785839298527, 21.165754660092251 ], [ -99.05357449580508, 21.165723456658878 ], [ -99.053407641794834, 21.165702661503836 ], [ -99.053263052690781, 21.165733980335631 ], [ -99.053151874332158, 21.165879947761216 ], [ -99.0529961966445, 21.166005082125853 ], [ -99.052907248159599, 21.166109349417269 ], [ -99.052796074867601, 21.166255318542994 ], [ -99.052673730812941, 21.166286628245629 ], [ -99.052518010466699, 21.166297101349567 ], [ -99.052362297719625, 21.166328419074496 ], [ -99.052162115882723, 21.166422297037673 ], [ -99.052050916981784, 21.166516144509522 ], [ -99.05208433074209, 21.166641221358784 ], [ -99.05215110203558, 21.166735015584713 ], [ -99.05225125722923, 21.166870496589329 ], [ -99.052329159300228, 21.166985132194043 ], [ -99.052440451109177, 21.167151880595839 ], [ -99.052529491598193, 21.167308209600467 ], [ -99.052618549318879, 21.167516659587271 ], [ -99.052593336703552, 21.167627502872676 ], [ -99.052571119146535, 21.167710901456104 ], [ -99.052433035994298, 21.167830056271754 ], [ -99.052311957267946, 21.167836229171051 ], [ -99.052143982612662, 21.167885174565306 ], [ -99.052004450405832, 21.167960760361474 ], [ -99.051808989820202, 21.167939408224502 ], [ -99.051670414338219, 21.167971335323131 ], [ -99.051648902251159, 21.167959576052951 ], [ -99.051649871635007, 21.167915351587119 ], [ -99.051641902860155, 21.167837489673886 ], [ -99.051611191678504, 21.167803998630053 ], [ -99.051565016473774, 21.167813884370936 ], [ -99.051523005776318, 21.167854482110897 ], [ -99.051469564556001, 21.167864795816332 ], [ -99.051416496196794, 21.167858100094634 ], [ -99.051395406738081, 21.167827063460177 ], [ -99.051369531312943, 21.167793665634743 ], [ -99.051326258665128, 21.167781486614437 ], [ -99.051251479450556, 21.167772103202413 ], [ -99.051184202382316, 21.167751520059852 ], [ -99.051144068556653, 21.167706502772138 ], [ -99.051121294742003, 21.167641966726489 ], [ -99.051119535679362, 21.16761187104623 ], [ -99.051074081467235, 21.167588871787547 ], [ -99.051060307788205, 21.167555141033596 ], [ -99.051027004946249, 21.167529540961343 ], [ -99.051022765932132, 21.167502232636203 ], [ -99.051013529660167, 21.167482200866882 ], [ -99.050979679891029, 21.167481547910743 ], [ -99.050919047389954, 21.167488887507929 ], [ -99.050891842035568, 21.167516155573935 ], [ -99.050844995544026, 21.167556659837491 ], [ -99.050812469627701, 21.167605947739286 ], [ -99.050808721633189, 21.167666567066632 ], [ -99.050799889274217, 21.1677384345288 ], [ -99.050796203408325, 21.167796219866858 ], [ -99.050754553025328, 21.167820374061396 ], [ -99.050717551862618, 21.167853125329621 ], [ -99.050655228403329, 21.167937574136889 ], [ -99.050498857405273, 21.168008862275364 ], [ -99.05046175005748, 21.168156758039537 ], [ -99.050390780201539, 21.168304568608395 ], [ -99.050378323701395, 21.168431385614436 ], [ -99.050272018266696, 21.168535971965419 ], [ -99.050159167860656, 21.168608099497543 ], [ -99.050051245591234, 21.168786393168965 ], [ -99.049879197115644, 21.16891069876414 ], [ -99.049641549814069, 21.168937877060099 ], [ -99.049379251117657, 21.168986133594572 ], [ -99.04920510860083, 21.169117731075524 ], [ -99.049131711684737, 21.169286202881608 ], [ -99.048973269537896, 21.169518375100726 ], [ -99.048775315646708, 21.169645234320992 ], [ -99.048745151300693, 21.169749200353849 ], [ -99.048590438082414, 21.169811553867209 ], [ -99.048558842343056, 21.169980832466116 ], [ -99.048523806852018, 21.170306864498304 ], [ -99.048518074087056, 21.170568118421041 ], [ -99.04851377447882, 21.170764059796866 ], [ -99.048468530224213, 21.170920006207261 ], [ -99.04835332293095, 21.171087670664996 ], [ -99.048168725679901, 21.171240926523094 ], [ -99.048065738322293, 21.171487236724477 ], [ -99.048071932736335, 21.171840199904878 ], [ -99.048178250165606, 21.172077483589455 ], [ -99.048300513482786, 21.172223597198428 ], [ -99.048382403468992, 21.172303587316431 ], [ -99.048366175221446, 21.172407819787335 ], [ -99.048308428539272, 21.172498183707315 ], [ -99.048083744319513, 21.172572256553597 ], [ -99.047810875261163, 21.172629442003643 ], [ -99.047580075951927, 21.172723943090855 ], [ -99.047381555406162, 21.172951005804034 ], [ -99.047322985415548, 21.173106424309559 ], [ -99.047235341689117, 21.173351205520451 ], [ -99.047070149088739, 21.173557736534555 ], [ -99.046978402790131, 21.173747041233572 ], [ -99.046776481686109, 21.173936374095387 ], [ -99.046666368220855, 21.174108476001482 ], [ -99.046813355979253, 21.174418161856316 ], [ -99.047052126103878, 21.174624578011546 ], [ -99.047254123746526, 21.174676140622395 ], [ -99.047456117575749, 21.17472770742912 ], [ -99.047749940151306, 21.174830866609991 ], [ -99.047951965825646, 21.17496846698549 ], [ -99.047878586676561, 21.175174971270369 ], [ -99.047750115528288, 21.175381491723986 ], [ -99.04743803577577, 21.175605269371285 ], [ -99.047309569343255, 21.175811789619718 ], [ -99.047272911585978, 21.176018284149421 ], [ -99.047364818443597, 21.176327984147502 ], [ -99.047364880080224, 21.176517263643657 ], [ -99.047254774219809, 21.176723777354049 ], [ -99.047181393042749, 21.17693028151961 ], [ -99.047254911598174, 21.177153953163341 ], [ -99.047475329157734, 21.177377581128038 ], [ -99.047714077774145, 21.177515171436326 ], [ -99.047879389728493, 21.177669985555571 ], [ -99.047934557213111, 21.177928077496837 ], [ -99.043079853317437, 21.178677242052476 ], [ -99.050111270687225, 21.207328184930081 ], [ -99.050438734562235, 21.209856037781091 ], [ -99.0509443009488, 21.211385179458532 ], [ -99.052557092237961, 21.212807077673034 ], [ -99.052486295433724, 21.213607197252337 ], [ -99.052345106626674, 21.215403966615472 ], [ -99.05222678635441, 21.215959628308322 ], [ -99.05191902775212, 21.217115428294342 ], [ -99.051943277432713, 21.218448921814744 ], [ -99.052370495891424, 21.219515584597485 ], [ -99.056070537236295, 21.222359165573035 ], [ -99.059320214955179, 21.223099945502387 ], [ -99.060719114383105, 21.223010532600988 ], [ -99.061486353656235, 21.223157004173633 ], [ -99.061881047473165, 21.223232352639481 ], [ -99.06311409710024, 21.223409689428934 ], [ -99.063317286041908, 21.223288009314739 ], [ -99.06422818334471, 21.222742511276405 ], [ -99.065366207368839, 21.222542040951328 ], [ -99.065845411796971, 21.222719513368812 ], [ -99.067524291605551, 21.223341270445168 ], [ -99.068354473866847, 21.223918780296934 ], [ -99.068663369323744, 21.225185478632035 ], [ -99.072526078237928, 21.22875947053269 ], [ -99.072964178679229, 21.229484897857731 ], [ -99.073532110435565, 21.230425291602494 ], [ -99.073043053399459, 21.234954842766061 ], [ -99.073636103046866, 21.235376854677661 ], [ -99.07373117547786, 21.235776858475013 ], [ -99.073447828059543, 21.238811672604413 ], [ -99.071409861481229, 21.241390658659093 ], [ -99.070322819200968, 21.242624280216919 ], [ -99.069940490190703, 21.24305815597393 ], [ -99.068718122253259, 21.243825464063057 ], [ -99.066452470720165, 21.244484725193953 ], [ -99.0663470512755, 21.24451540022655 ], [ -99.062908833005409, 21.245250170588619 ], [ -99.059494286482845, 21.245962629963437 ], [ -99.056801775016993, 21.246971676700579 ], [ -99.055498019386135, 21.248238938712415 ], [ -99.055427837428084, 21.250483679431973 ], [ -99.051176739661841, 21.253429679971454 ], [ -99.051182062267273, 21.253743767720508 ], [ -99.05118652083668, 21.25400703155232 ], [ -99.051211405862759, 21.255475837856231 ], [ -99.05126990199129, 21.258928316848575 ], [ -99.051381869896957, 21.265536255579075 ], [ -99.051805997612917, 21.267059149894333 ], [ -99.052343977594859, 21.269990861003357 ], [ -99.051645630275956, 21.271391191237935 ], [ -99.050808404436069, 21.273069966698241 ], [ -99.050629863276953, 21.274700908922593 ], [ -99.051142088508698, 21.275324326086064 ], [ -99.052090192839572, 21.277650440481874 ], [ -99.052475054715643, 21.279784859981699 ], [ -99.053499568864893, 21.281055661360494 ], [ -99.053243812492724, 21.281631351036783 ], [ -99.054594573693265, 21.282605413789486 ], [ -99.05464549313588, 21.282598677519136 ], [ -99.055138496165256, 21.282538470076368 ], [ -99.05465626583856, 21.282766482702698 ], [ -99.054522449773941, 21.282992730112735 ], [ -99.054209021056636, 21.28310319328472 ], [ -99.053951093533627, 21.283114869028161 ], [ -99.053715253018524, 21.283131124712682 ], [ -99.053557535469125, 21.283232096243029 ], [ -99.053094491089112, 21.283277270220577 ], [ -99.052855860290123, 21.283218581928438 ], [ -99.052341143692686, 21.283187867554577 ], [ -99.051842005985094, 21.282944569315585 ], [ -99.051185340381437, 21.282499226727698 ], [ -99.050894609406441, 21.28238546111076 ], [ -99.050652330738089, 21.282493118839952 ], [ -99.050327575311599, 21.282715672768653 ], [ -99.050162768487752, 21.282679187811411 ], [ -99.050026592880428, 21.283013562468469 ], [ -99.049849368391335, 21.2831931999212 ], [ -99.049637488215708, 21.283130865520281 ], [ -99.049535930081547, 21.282900092477949 ], [ -99.049361321011361, 21.282125759188812 ], [ -99.049275055434052, 21.281907036395371 ], [ -99.049226302490766, 21.281783421461029 ], [ -99.04917613690273, 21.281656228694324 ], [ -99.048790066626751, 21.281432443792077 ], [ -99.048196263158843, 21.281291947998792 ], [ -99.047474660610618, 21.281781436943906 ], [ -99.047190306096851, 21.281983964984533 ], [ -99.04700513005659, 21.282121849737585 ], [ -99.046701771209257, 21.282178398196674 ], [ -99.046525138110098, 21.282129228574764 ], [ -99.04638361348627, 21.281897671045371 ], [ -99.046345857819901, 21.281593225979965 ], [ -99.046469546171565, 21.281221185544247 ], [ -99.046840811813425, 21.280709579246516 ], [ -99.046942662628879, 21.280320475175547 ], [ -99.046984142937163, 21.280050843833433 ], [ -99.046965366540022, 21.279903196040639 ], [ -99.04696274079582, 21.279882549840202 ], [ -99.046957624850421, 21.27984231651595 ], [ -99.04678206614075, 21.279743240228576 ], [ -99.046676951912261, 21.279674641552557 ], [ -99.046418550215435, 21.279707094133951 ], [ -99.046285933151125, 21.27977570336342 ], [ -99.046092934217612, 21.279875550249553 ], [ -99.045828546689705, 21.279978620087576 ], [ -99.045620975758808, 21.279969280702378 ], [ -99.045180519048358, 21.279949464147712 ], [ -99.044643273603143, 21.279934921454625 ], [ -99.044162150750822, 21.279729610164058 ], [ -99.043888814024982, 21.279632809202788 ], [ -99.043782014292418, 21.279439359368133 ], [ -99.04345337711662, 21.279433009024384 ], [ -99.043270030534273, 21.27948771275452 ], [ -99.043165706204007, 21.279560509221277 ], [ -99.043107580310789, 21.279601070653815 ], [ -99.043048916867946, 21.280043626620607 ], [ -99.042970509690647, 21.280578807756722 ], [ -99.04294625285047, 21.281277278650638 ], [ -99.042819221196922, 21.281426369325754 ], [ -99.042760521445416, 21.281495258898815 ], [ -99.042709105850889, 21.28155560339269 ], [ -99.042313045036948, 21.281686667018025 ], [ -99.041638506633774, 21.281852523504394 ], [ -99.041420835600817, 21.281901304578135 ], [ -99.041142909454919, 21.281963590739633 ], [ -99.040773345866128, 21.282201900049962 ], [ -99.040366738327819, 21.282306364996035 ], [ -99.040176232723368, 21.282651261458149 ], [ -99.039959082400642, 21.283433379119607 ], [ -99.039798549610765, 21.283862951173166 ], [ -99.039330329270697, 21.284213426682079 ], [ -99.03901802396264, 21.28420149081408 ], [ -99.038537611992581, 21.283937666761279 ], [ -99.037916559345859, 21.283692663422709 ], [ -99.037659711129194, 21.283250848496412 ], [ -99.037690253429403, 21.282872844867143 ], [ -99.037421613612509, 21.282563926596016 ], [ -99.03713266497796, 21.282570818261931 ], [ -99.036582164436425, 21.282934042959337 ], [ -99.036569110635, 21.282942653884497 ], [ -99.036090855693303, 21.283397404198023 ], [ -99.035694856530029, 21.283826576518383 ], [ -99.034809006925343, 21.284218019431698 ], [ -99.034262033505584, 21.284240702058643 ], [ -99.033757879325421, 21.284334937908017 ], [ -99.033399222864304, 21.284636431905355 ], [ -99.032904623646786, 21.285304988148308 ], [ -99.032145562762182, 21.285876891265815 ], [ -99.031921586068052, 21.285959911885534 ], [ -99.031663811599614, 21.285963232164967 ], [ -99.031133644401535, 21.28556564394437 ], [ -99.030924132453279, 21.285395166942596 ], [ -99.030734439695848, 21.285133541182013 ], [ -99.030709433994474, 21.284815571750624 ], [ -99.030580514163063, 21.28461752931463 ], [ -99.030611078617355, 21.28423952684641 ], [ -99.030244917491785, 21.283920381759778 ], [ -99.029874501943183, 21.284196098999853 ], [ -99.029294579833376, 21.284839200563692 ], [ -99.029179726435402, 21.285211411296121 ], [ -99.028866499434599, 21.285513201723827 ], [ -99.028797109195779, 21.285636671498942 ], [ -99.02845651946437, 21.285567642099789 ], [ -99.028099378218727, 21.285444220080567 ], [ -99.027795503923059, 21.285321821101384 ], [ -99.027347004401705, 21.285428393417821 ], [ -99.027069642047849, 21.28551453750482 ], [ -99.026926177943523, 21.285773860564127 ], [ -99.026629955582322, 21.286109261199631 ], [ -99.026350675893937, 21.28682487762697 ], [ -99.026021889518745, 21.28722620190652 ], [ -99.025542890563727, 21.287187772524618 ], [ -99.025105339054505, 21.287083577365951 ], [ -99.024570343786834, 21.286964999003057 ], [ -99.024073942188494, 21.286909584490974 ], [ -99.023736098151161, 21.287016859209601 ], [ -99.023341972618852, 21.287158974502493 ], [ -99.022927414215388, 21.287621038815359 ], [ -99.022772290044145, 21.288004938266134 ], [ -99.022721122503782, 21.288697657584361 ], [ -99.022602193965454, 21.289252839432834 ], [ -99.022419571666347, 21.289473946858802 ], [ -99.022060409229894, 21.290018069120023 ], [ -99.020937582702402, 21.29076173850429 ], [ -99.02054049940368, 21.29123661405286 ], [ -99.019975075056507, 21.291606295252432 ], [ -99.019245344026686, 21.291854193025546 ], [ -99.018740806916085, 21.291965015246596 ], [ -99.017865048436505, 21.292098852219215 ], [ -99.017166931607335, 21.292122683762177 ], [ -99.01668505455855, 21.292412842349847 ], [ -99.016337069368461, 21.292476791678244 ], [ -99.015785182291239, 21.292434590741877 ], [ -99.015412565660512, 21.292606222529933 ], [ -99.015075882993429, 21.293161320569908 ], [ -99.014567686137383, 21.293998709714753 ], [ -99.01418010408176, 21.294444637255928 ], [ -99.01338900008264, 21.295162212700461 ], [ -99.01278450075786, 21.295370906902544 ], [ -99.011896224853714, 21.295353562766202 ], [ -99.011202984127465, 21.29535666542165 ], [ -99.010739497078447, 21.295218638021179 ], [ -99.009741071322736, 21.295253303684614 ], [ -99.009286832597724, 21.295298507691388 ], [ -99.008828439400901, 21.295331152938914 ], [ -99.008339997112174, 21.295652630793249 ], [ -99.0079551671475, 21.295973789796282 ], [ -99.007840167454219, 21.296150430252016 ], [ -99.007641023798385, 21.296113262352723 ], [ -99.00744051474949, 21.296138459441565 ], [ -99.007256760237269, 21.296209757311154 ], [ -99.007096667570579, 21.296214947123104 ], [ -99.006835184002981, 21.296184869018351 ], [ -99.006356585131201, 21.296026628420371 ], [ -99.005630402866998, 21.296311973628661 ], [ -99.005202893570299, 21.296553232972826 ], [ -99.004481811773189, 21.29680955248287 ], [ -99.004016087297799, 21.297063883657259 ], [ -99.003255558398379, 21.297494161372644 ], [ -99.002985906614228, 21.297630329999475 ], [ -99.002573214180799, 21.297805314496575 ], [ -99.002279364839922, 21.29795769553855 ], [ -99.001687526482215, 21.297996026389352 ], [ -99.001221998456799, 21.297949464102885 ], [ -99.00075213381254, 21.297898649386472 ], [ -99.000217142159215, 21.29777998566011 ], [ -98.999739296906412, 21.297687403937896 ], [ -98.999234740763868, 21.297606992773829 ], [ -98.998817590456909, 21.297527920375192 ], [ -98.998132780938874, 21.29744045931275 ], [ -98.997694993261831, 21.297514415108324 ], [ -98.997273622207771, 21.297556933952748 ], [ -98.996959966746459, 21.297633323563751 ], [ -98.996579807275054, 21.297651268433956 ], [ -98.996362201096559, 21.297678742198872 ], [ -98.996138088636968, 21.297693384779748 ], [ -98.995740787717892, 21.297737098054672 ], [ -98.995494792430947, 21.297821162868463 ], [ -98.99521461146665, 21.297917248250954 ], [ -98.995056007854117, 21.298034775481021 ], [ -98.994769202959375, 21.298124391120595 ], [ -98.994467112648167, 21.298289886823323 ], [ -98.994366684485541, 21.298535547716806 ], [ -98.994126315998116, 21.298670520876509 ], [ -98.993823231742439, 21.298880444236985 ], [ -98.993351846480223, 21.299347057548953 ], [ -98.992962456379004, 21.299479057196482 ], [ -98.992646604954544, 21.299260030917981 ], [ -98.992262525586625, 21.299314142454996 ], [ -98.991771645733763, 21.299230472023829 ], [ -98.991464520042797, 21.29903857139719 ], [ -98.991196872153651, 21.298593315924649 ], [ -98.990432494603439, 21.297911777832901 ], [ -98.989927718646229, 21.297743467712785 ], [ -98.989743488640684, 21.297576906075818 ], [ -98.989425121090491, 21.29749656188644 ], [ -98.989131248405585, 21.297485059747746 ], [ -98.988849610025525, 21.29748504149844 ], [ -98.988543487786274, 21.297427647108261 ], [ -98.988207832644747, 21.297413641757679 ], [ -98.987686020653996, 21.297617729997413 ], [ -98.987221359031977, 21.297731647070055 ], [ -98.986794101792938, 21.297878042737864 ], [ -98.986106360016151, 21.297920075719038 ], [ -98.985591898090306, 21.297985365563225 ], [ -98.985075266076194, 21.297959314361425 ], [ -98.984791537945043, 21.297981506178417 ], [ -98.9844768046094, 21.298026906255874 ], [ -98.984182985160871, 21.298084629614472 ], [ -98.983830084369984, 21.298129276114022 ], [ -98.983569809774949, 21.298203543038113 ], [ -98.983099374321142, 21.2983066601997 ], [ -98.981884281652228, 21.298427374280301 ], [ -98.981691392228583, 21.298404672702709 ], [ -98.981300676310127, 21.298246127977418 ], [ -98.981091354243702, 21.297938777461912 ], [ -98.980970978364539, 21.297713212776483 ], [ -98.980862639617953, 21.297555315108912 ], [ -98.980766340683033, 21.297374860743215 ], [ -98.980583429882955, 21.297247087822868 ], [ -98.980294029239843, 21.297219526552581 ], [ -98.979943961074298, 21.297180567404627 ], [ -98.979687750222581, 21.297167338023254 ], [ -98.979175071069236, 21.297001626237776 ], [ -98.978814470812409, 21.296821694181663 ], [ -98.978526978415303, 21.296573882027623 ], [ -98.978289090378723, 21.296546793177807 ], [ -98.978093925423195, 21.296470809645587 ], [ -98.977855455424063, 21.296418017277581 ], [ -98.97765758857507, 21.296462191654502 ], [ -98.977450627266919, 21.296530232857101 ], [ -98.977381365555843, 21.296577578948053 ], [ -98.977073883303092, 21.296748933444803 ], [ -98.976461927329566, 21.297089968371793 ], [ -98.976299381598295, 21.297100574144885 ], [ -98.976095483153756, 21.297032420744017 ], [ -98.975997326564126, 21.29692655551176 ], [ -98.975832594162725, 21.296923043866272 ], [ -98.975643818650468, 21.296943348623305 ], [ -98.97544685164425, 21.296947471568689 ], [ -98.975043305294918, 21.297003607445568 ], [ -98.97482544562952, 21.297175620160232 ], [ -98.974553718356844, 21.297458775985948 ], [ -98.974553697288584, 21.297887581770325 ], [ -98.97464664398241, 21.298468607465519 ], [ -98.974747256705555, 21.29883097323275 ], [ -98.975090531887332, 21.29937408233911 ], [ -98.975404667199612, 21.299869176549009 ], [ -98.975715405251862, 21.300345769068706 ], [ -98.975606776432102, 21.300752464610387 ], [ -98.97540513031862, 21.301013892196107 ], [ -98.975028986035568, 21.301348002221555 ], [ -98.974769049272552, 21.301487120588693 ], [ -98.974709244224826, 21.301619577945633 ], [ -98.974638491209731, 21.301749181257996 ], [ -98.974613144720976, 21.301904237387269 ], [ -98.974725997401421, 21.302026234299657 ], [ -98.974837769651387, 21.303084841170904 ], [ -98.974181197201105, 21.30365351247675 ], [ -98.973706236129303, 21.30382573548151 ], [ -98.973406414727791, 21.30383583623043 ], [ -98.973192692063947, 21.303823592644903 ], [ -98.972971305242993, 21.303777001153875 ], [ -98.971578993109063, 21.303948679706089 ], [ -98.97103027459201, 21.304016336656272 ], [ -98.970622394547519, 21.304166063551442 ], [ -98.970276892063154, 21.304303480725327 ], [ -98.970035340605193, 21.304386860090322 ], [ -98.969824817463461, 21.30455406541974 ], [ -98.969675144947388, 21.304665289133208 ], [ -98.969624729009325, 21.304849341023601 ], [ -98.969611477149712, 21.304995378362253 ], [ -98.969746998141758, 21.30522396507088 ], [ -98.969841832792014, 21.305592231520198 ], [ -98.969854720798594, 21.305873637491601 ], [ -98.969732678663348, 21.305975199425731 ], [ -98.969407274311124, 21.306102119444787 ], [ -98.969105816847701, 21.306144830750601 ], [ -98.968841476530571, 21.306008472379972 ], [ -98.968584776204111, 21.30583014519252 ], [ -98.968325104450216, 21.30559663440954 ], [ -98.968122594414837, 21.305439066666473 ], [ -98.967959029877278, 21.305420078358889 ], [ -98.967694696274421, 21.305580213425255 ], [ -98.967576050832946, 21.305688709941389 ], [ -98.967029226801614, 21.305980897537246 ], [ -98.966738838954726, 21.306105066031886 ], [ -98.966241543942203, 21.306339310831547 ], [ -98.96602395166363, 21.306552008856411 ], [ -98.965963992348492, 21.306590004487738 ], [ -98.965598188872008, 21.306742279053374 ], [ -98.96530147040734, 21.306940515008268 ], [ -98.964852041577799, 21.306915852177958 ], [ -98.964622533517286, 21.306651449089216 ], [ -98.964698392742861, 21.306271031549759 ], [ -98.964668998232113, 21.305950755612351 ], [ -98.964635905148015, 21.305681626041196 ], [ -98.964736749105171, 21.305270222061377 ], [ -98.964632648632602, 21.305001920519441 ], [ -98.964316979998813, 21.304744314410488 ], [ -98.964175807270124, 21.304649799018012 ], [ -98.963922343463508, 21.304502048313296 ], [ -98.963680428338066, 21.304381508515604 ], [ -98.963460249743108, 21.304298941269867 ], [ -98.963316436138001, 21.304108579083529 ], [ -98.963165170555712, 21.303923636314373 ], [ -98.963009018248329, 21.303597435633208 ], [ -98.962976058390126, 21.303308612953089 ], [ -98.962943083022083, 21.303081679772372 ], [ -98.962855057904733, 21.302865050243788 ], [ -98.962811058163695, 21.302710320217059 ], [ -98.962667968079003, 21.302565880032216 ], [ -98.962498090837016, 21.30245948424778 ], [ -98.962314004748038, 21.30241422217528 ], [ -98.962118401473489, 21.302386077933303 ], [ -98.961948383631324, 21.302372297360577 ], [ -98.961726020343846, 21.302381751028083 ], [ -98.961498162831134, 21.302470821864969 ], [ -98.961296438403991, 21.302550018921803 ], [ -98.961129677118407, 21.302720039983342 ], [ -98.960869420756325, 21.302975808892114 ], [ -98.960628735156206, 21.303140897703745 ], [ -98.96037464215074, 21.303243314497621 ], [ -98.960128191939063, 21.303335477587783 ], [ -98.959905513321601, 21.30335879104652 ], [ -98.959666684213587, 21.3034407124001 ], [ -98.959413681996253, 21.30330574830079 ], [ -98.958775278096212, 21.302707333893689 ], [ -98.958432279429445, 21.302570439717513 ], [ -98.958090957531027, 21.302416407469192 ], [ -98.95774840339925, 21.302109604130177 ], [ -98.957318404383173, 21.301876384049589 ], [ -98.957155270535367, 21.30182861340549 ], [ -98.957016304775721, 21.301801485397913 ], [ -98.956879918983674, 21.301765557320266 ], [ -98.956709312760879, 21.301786278361213 ], [ -98.956513552786475, 21.301804053747269 ], [ -98.956108223696802, 21.30203995991269 ], [ -98.955857190876344, 21.30223963592368 ], [ -98.955634353574553, 21.302426809839229 ], [ -98.955454338956287, 21.302571290787444 ], [ -98.955275145846628, 21.302885622782377 ], [ -98.955111329587012, 21.303136724321217 ], [ -98.955066939139002, 21.303453738532024 ], [ -98.954926409710467, 21.303934606650234 ], [ -98.954926281514389, 21.304357513451674 ], [ -98.954904146032916, 21.304749473127 ], [ -98.954904013278281, 21.305193008792791 ], [ -98.954859874189907, 21.305523071069484 ], [ -98.95483773646859, 21.305915027321085 ], [ -98.954765766366592, 21.306422292965124 ], [ -98.954617591015989, 21.306685615850089 ], [ -98.954345308322104, 21.306874792433597 ], [ -98.953908427427564, 21.306845614744912 ], [ -98.95354931949646, 21.306719235017095 ], [ -98.953307099314159, 21.306719166814005 ], [ -98.952910733970015, 21.306729372965236 ], [ -98.952668506961572, 21.306749934218164 ], [ -98.952596627705134, 21.306818882822757 ], [ -98.952552521312157, 21.307025167312137 ], [ -98.952563471098827, 21.307221151955559 ], [ -98.952658733275044, 21.30741079031506 ], [ -98.952794567567821, 21.307592548645623 ], [ -98.953003737317886, 21.307654495794125 ], [ -98.953168838966477, 21.307819578735927 ], [ -98.953296370360718, 21.308016265345625 ], [ -98.953377916786167, 21.308190970057701 ], [ -98.953421884604552, 21.308428223471559 ], [ -98.95331172538387, 21.308613858776528 ], [ -98.953168076657633, 21.308772995841689 ], [ -98.953073489416653, 21.308806397879358 ], [ -98.952780811286473, 21.308849342888006 ], [ -98.952451072665383, 21.308797929977612 ], [ -98.951873281298177, 21.308741590094115 ], [ -98.951405299031748, 21.308642589264608 ], [ -98.951200658408638, 21.308642587543961 ], [ -98.950863877131681, 21.308687311390056 ], [ -98.950671408671823, 21.308747613594633 ], [ -98.950476106388066, 21.308932779253578 ], [ -98.950320044932994, 21.309135597931419 ], [ -98.950277732383697, 21.309195651810828 ], [ -98.949853108873114, 21.309712232646064 ], [ -98.94948390961892, 21.309853047235361 ], [ -98.949109017679817, 21.310007619830802 ], [ -98.948789160976986, 21.310119406328461 ], [ -98.94862229846413, 21.310228695479939 ], [ -98.948510372097829, 21.310241759160711 ], [ -98.948391600461605, 21.310315866632521 ], [ -98.948276089462084, 21.310367092088079 ], [ -98.948136178545312, 21.310412735356007 ], [ -98.947852907460714, 21.310479408317455 ], [ -98.947652564329303, 21.310549343239462 ], [ -98.947262338859645, 21.310707261577473 ], [ -98.946996546517312, 21.310780983683848 ], [ -98.946745055087945, 21.310824399560943 ], [ -98.946442495253621, 21.310838753543376 ], [ -98.94613982675645, 21.310940822774228 ], [ -98.945847790464427, 21.310999789193644 ], [ -98.945683578094361, 21.311056334326477 ], [ -98.945589416677748, 21.311076385323702 ], [ -98.945290951723422, 21.311173806190904 ], [ -98.944960752120451, 21.311336584793452 ], [ -98.944691988537087, 21.310372074186734 ], [ -98.944423227822526, 21.309407564510625 ], [ -98.944154472901928, 21.308443054916175 ], [ -98.943885719943793, 21.307478543511699 ], [ -98.943616972737701, 21.306514034003904 ], [ -98.943348227453072, 21.305549524501235 ], [ -98.94307948800305, 21.304585013266838 ], [ -98.94281075043267, 21.30362050385256 ], [ -98.942542018676306, 21.302655993614334 ], [ -98.940283309921327, 21.294602464147825 ], [ -98.939692360913526, 21.294666785459679 ], [ -98.939113103769429, 21.294851481823503 ], [ -98.938307716633759, 21.295034733755941 ], [ -98.937601802427082, 21.295359909589077 ], [ -98.937248674474986, 21.29554604238454 ], [ -98.936897966230177, 21.295681803766911 ], [ -98.93642873174862, 21.295787501199147 ], [ -98.936052988584365, 21.296002442484443 ], [ -98.935677211843341, 21.29629559491223 ], [ -98.935330375837708, 21.296734754666868 ], [ -98.934951943372653, 21.296944268202701 ], [ -98.93457368262888, 21.297130236603824 ], [ -98.934295751487312, 21.297340393279228 ], [ -98.933942271476766, 21.297573612628302 ], [ -98.933740575206926, 21.297666515491191 ], [ -98.93348759740698, 21.297900379095786 ], [ -98.933184711103735, 21.298086825538942 ], [ -98.932932590084121, 21.298202952427594 ], [ -98.932580135645239, 21.298294886793091 ], [ -98.929276995356474, 21.292729444062161 ], [ -98.929121176754464, 21.289974413570274 ], [ -98.929001060576056, 21.288185000878482 ], [ -98.928864824036651, 21.287220346133033 ], [ -98.928568509426498, 21.28540906473647 ], [ -98.928374799862681, 21.283785278486061 ], [ -98.928212923772534, 21.2827737489344 ], [ -98.927925634086563, 21.281786981240717 ], [ -98.927588336214612, 21.280824254311895 ], [ -98.927149993253821, 21.279815374239991 ], [ -98.926615233615962, 21.279184378482068 ], [ -98.926483907944998, 21.278667315475992 ], [ -98.926538669363097, 21.274473094973839 ], [ -98.927067062373197, 21.273835122514942 ], [ -98.927320702855383, 21.273624501885582 ], [ -98.927576116175359, 21.273201412657592 ], [ -98.927805358127131, 21.272896177129507 ], [ -98.927883678186731, 21.272566224002041 ], [ -98.927937007168595, 21.272212477638366 ], [ -98.927941739872608, 21.271645892654849 ], [ -98.927995070272303, 21.271292146493799 ], [ -98.928072401265354, 21.271080230043818 ], [ -98.928176103576362, 21.270726854617948 ], [ -98.928255208457287, 21.27030246850536 ], [ -98.928234557925506, 21.269759306663374 ], [ -98.928063382111532, 21.269144210387122 ], [ -98.927940806485822, 21.268741954338218 ], [ -98.927792649243983, 21.2683867293795 ], [ -98.927618520652445, 21.26812574930258 ], [ -98.927545923026486, 21.267771077771503 ], [ -98.927271446940381, 21.267462141825497 ], [ -98.92704635660823, 21.267271614547777 ], [ -98.926670352471035, 21.2670563685312 ], [ -98.926369510990142, 21.266888893183097 ], [ -98.92622017546573, 21.266675313798423 ], [ -98.926048222422295, 21.266154645636139 ], [ -98.925648815236912, 21.265726743389052 ], [ -98.925149460718998, 21.265203667683217 ], [ -98.924722897711419, 21.265011654148122 ], [ -98.924446059150924, 21.264986006717965 ], [ -98.924171200979629, 21.264724281229725 ], [ -98.92397169871623, 21.264486719257846 ], [ -98.923823161636406, 21.264178706827856 ], [ -98.923673238693468, 21.264035945792024 ], [ -98.923247471890917, 21.263749499073956 ], [ -98.922819925843058, 21.263675520009095 ], [ -98.922367194421611, 21.263601352543045 ], [ -98.921939053860243, 21.263598195135057 ], [ -98.921337790927581, 21.263216010352053 ], [ -98.921089710098641, 21.262765605033263 ], [ -98.920991748949419, 21.262434352684384 ], [ -98.921070473760025, 21.262057185878611 ], [ -98.921249342423295, 21.261751587279466 ], [ -98.921354043326787, 21.261280175186734 ], [ -98.921457951823655, 21.260903193990565 ], [ -98.921661407790211, 21.260668604645566 ], [ -98.921840866833875, 21.260292181577793 ], [ -98.922021118121208, 21.259821325812496 ], [ -98.922177373665619, 21.25920863847108 ], [ -98.922128589795634, 21.259019406180457 ], [ -98.922156545897664, 21.258689082255632 ], [ -98.922082183683429, 21.258546878157226 ], [ -98.921932466679891, 21.258380509101396 ], [ -98.921631052971492, 21.258283849118918 ], [ -98.921454766580638, 21.258282546918522 ], [ -98.921203125405597, 21.258257081038991 ], [ -98.920952478232422, 21.258113575547466 ], [ -98.920527922550107, 21.257685474362692 ], [ -98.92020311379008, 21.25737615428433 ], [ -98.919902496362269, 21.257185058496514 ], [ -98.919123987930178, 21.256919603132442 ], [ -98.918872748457147, 21.256846916356423 ], [ -98.918621110458247, 21.256821446250903 ], [ -98.918344686802698, 21.256748574410857 ], [ -98.918168997904687, 21.256676446380389 ], [ -98.917969119205281, 21.25648609292373 ], [ -98.917830870694473, 21.256044676324613 ], [ -98.917779833128989, 21.25578886189416 ], [ -98.917728816327013, 21.255501072580373 ], [ -98.917694886100392, 21.255165331522814 ], [ -98.917678036592577, 21.254781636829193 ], [ -98.917661216061035, 21.254349982575889 ], [ -98.917644360307278, 21.253982276479732 ], [ -98.917593361169523, 21.253662514283427 ], [ -98.917559446548026, 21.253294798567449 ], [ -98.917610807145181, 21.252959099302821 ], [ -98.917645222716686, 21.252415561594841 ], [ -98.917764875202607, 21.251967988264564 ], [ -98.917986856290597, 21.251552435300777 ], [ -98.918277053090662, 21.251168890258473 ], [ -98.918686640363688, 21.250801389453752 ], [ -98.919261606577166, 21.250390630758361 ], [ -98.919471552684897, 21.249986877796154 ], [ -98.919774576697378, 21.249790469861622 ], [ -98.919891235247675, 21.249506619603157 ], [ -98.920054437696407, 21.249331982866877 ], [ -98.920194419302263, 21.249004464892138 ], [ -98.920427511852751, 21.248851701669615 ], [ -98.920730568860392, 21.248589772188126 ], [ -98.920986987551274, 21.248393344208928 ], [ -98.921266635379268, 21.248327954253199 ], [ -98.921522991985768, 21.248240718964986 ], [ -98.922152223439014, 21.248044458333421 ], [ -98.922408582842777, 21.247957219838931 ], [ -98.922641638996922, 21.247869969535532 ], [ -98.92299242756016, 21.247482536834635 ], [ -98.923009682623203, 21.247098859121603 ], [ -98.9228734125779, 21.246731098443558 ], [ -98.922549180614908, 21.246428550899463 ], [ -98.922088587887515, 21.246275742894074 ], [ -98.921820736367195, 21.246133626718123 ], [ -98.92159959583573, 21.245917178384179 ], [ -98.921571174198405, 21.245851111376378 ], [ -98.921528047337603, 21.245750858226163 ], [ -98.921360591202287, 21.245263733306377 ], [ -98.921151101204316, 21.244848694153568 ], [ -98.920871678331878, 21.24449913968348 ], [ -98.920708736030164, 21.244193316755442 ], [ -98.920272001404697, 21.243845524360619 ], [ -98.919519974423451, 21.243206050522247 ], [ -98.919324028414792, 21.242969670763259 ], [ -98.919100324462988, 21.242759783865974 ], [ -98.918983824406183, 21.242440186022236 ], [ -98.91891570262969, 21.242245547513427 ], [ -98.918858505257489, 21.242074049813738 ], [ -98.918788759625158, 21.24179010615574 ], [ -98.91874231218921, 21.24150617622966 ], [ -98.918695879545041, 21.241200405935935 ], [ -98.918678538462473, 21.240837606759026 ], [ -98.918649671654876, 21.240479696186114 ], [ -98.918556587655104, 21.240261261966591 ], [ -98.918370334713643, 21.239999100802734 ], [ -98.918153888878194, 21.23988183516051 ], [ -98.917951044399246, 21.239802347462472 ], [ -98.917818102977776, 21.239754555022447 ], [ -98.917708728241507, 21.23972679633529 ], [ -98.917660124950942, 21.239717492295163 ], [ -98.917259791899269, 21.240006406225884 ], [ -98.916847165379465, 21.240227142344608 ], [ -98.916367689616266, 21.240373229417383 ], [ -98.915821186808671, 21.240545701824246 ], [ -98.915310942323543, 21.240598817848671 ], [ -98.914813980002435, 21.240447065980753 ], [ -98.91449001313228, 21.240198348283194 ], [ -98.913900879056513, 21.239921876493561 ], [ -98.913370519342195, 21.239921604827288 ], [ -98.912987413241225, 21.240031876806345 ], [ -98.912898778044891, 21.240446090416064 ], [ -98.912987011995497, 21.240722310446536 ], [ -98.912810030261113, 21.241053628036397 ], [ -98.912603618183994, 21.241329693388607 ], [ -98.9123677699897, 21.241550508055155 ], [ -98.912190979959817, 21.241550417115743 ], [ -98.91204378438708, 21.241329403163377 ], [ -98.911749316722847, 21.241025458858555 ], [ -98.911631585062054, 21.240804458576811 ], [ -98.91130758756519, 21.240610968655783 ], [ -98.911071822975231, 21.240693697425321 ], [ -98.910894887410279, 21.240942159958834 ], [ -98.910717885207788, 21.24130109161591 ], [ -98.91057032976363, 21.241687655642192 ], [ -98.910275529040263, 21.241936054955708 ], [ -98.909951416634598, 21.241935882506606 ], [ -98.909715862644134, 21.24165958295027 ], [ -98.909686667168984, 21.241217691333357 ], [ -98.909568988421171, 21.24091383838164 ], [ -98.909245026299615, 21.240665107617403 ], [ -98.908773575170031, 21.240692472706719 ], [ -98.908361085896118, 21.240664631097243 ], [ -98.908036974580824, 21.240664456367305 ], [ -98.907418300863355, 21.240526034042176 ], [ -98.907271078923642, 21.240360248410486 ], [ -98.90678435421745, 21.240167203149543 ], [ -98.906519260169361, 21.240028969584454 ], [ -98.90613634327255, 21.239835436871722 ], [ -98.905694741459271, 21.239255227009927 ], [ -98.90537072000005, 21.239116962873318 ], [ -98.90489926972333, 21.239144312291213 ], [ -98.904457181424903, 21.239337386807634 ], [ -98.904133071378695, 21.239337203767548 ], [ -98.90380912500521, 21.239088463570642 ], [ -98.903426194295918, 21.238922540507961 ], [ -98.903131730847463, 21.238646199989518 ], [ -98.902807784120597, 21.238397457692443 ], [ -98.902542570848652, 21.238452541043593 ], [ -98.902247726843783, 21.238756160823648 ], [ -98.90204126097872, 21.23908744796827 ], [ -98.901746311151243, 21.239556772609241 ], [ -98.901539748519184, 21.240026144782234 ], [ -98.901274421912703, 21.240246928021765 ], [ -98.900979703946945, 21.240357225479389 ], [ -98.900655610514519, 21.240329416866263 ], [ -98.900449580914838, 21.239997888516648 ], [ -98.900273085301663, 21.239555910535103 ], [ -98.900214434238521, 21.239141614053644 ], [ -98.900008384476067, 21.238837703438634 ], [ -98.899890714328691, 21.238561461713093 ], [ -98.899802671951392, 21.238036681629357 ], [ -98.89983233949421, 21.237732908873014 ], [ -98.899891509114241, 21.237373917990823 ], [ -98.899921193550512, 21.237042528955257 ], [ -98.899832948448719, 21.236821538232299 ], [ -98.899420565423981, 21.236655590832815 ], [ -98.899214467173607, 21.236434528645219 ], [ -98.899244189849043, 21.236047903606526 ], [ -98.899391677094712, 21.235799437014258 ], [ -98.899597963505371, 21.235744322905116 ], [ -98.899960079215475, 21.2358084701177 ], [ -98.900232359487688, 21.236004030914561 ], [ -98.900573427900383, 21.236084165108096 ], [ -98.901002409572783, 21.236063196980687 ], [ -98.901433175443557, 21.235947418736465 ], [ -98.90155131937729, 21.235505614235009 ], [ -98.901492630330395, 21.235146553678366 ], [ -98.901433901848392, 21.234842729369152 ], [ -98.901227874866251, 21.23451120303573 ], [ -98.900962922837977, 21.234179638816311 ], [ -98.900479801663849, 21.233972044975129 ], [ -98.899814183959336, 21.233681852236664 ], [ -98.899283937678092, 21.23354345015855 ], [ -98.89890106324296, 21.233322283660701 ], [ -98.898606675948741, 21.232963080979474 ], [ -98.898576052405005, 21.23245509138729 ], [ -98.898666013006036, 21.231830514545408 ], [ -98.898888217036856, 21.231270133261482 ], [ -98.899221183445647, 21.23113110451818 ], [ -98.899911503643821, 21.231124789970185 ], [ -98.901189247907354, 21.231533101851866 ], [ -98.902466996523444, 21.231971130814607 ], [ -98.902908814877989, 21.232164705230396 ], [ -98.904028980225334, 21.232672871805509 ], [ -98.905037585266854, 21.232968937758823 ], [ -98.906009812246381, 21.233136098053958 ], [ -98.906811509765276, 21.233024631793214 ], [ -98.907811876835666, 21.232793173765593 ], [ -98.90877352691902, 21.232050498618641 ], [ -98.908825012727164, 21.232005946575459 ], [ -98.91179988624404, 21.229624551741658 ], [ -98.912746124791568, 21.228738551659507 ], [ -98.913842843219967, 21.228072536288529 ], [ -98.914764492287347, 21.227262089479829 ], [ -98.915269406297398, 21.226316749523054 ], [ -98.915080902666759, 21.22519376272022 ], [ -98.91422408606212, 21.224294874031479 ], [ -98.912559806811359, 21.223892289114669 ], [ -98.911046921278668, 21.223536904080238 ], [ -98.909596909720065, 21.223477036755497 ], [ -98.908198673345666, 21.223616632955085 ], [ -98.907056041921876, 21.22355206231931 ], [ -98.906374112714104, 21.223136024434936 ], [ -98.906153011073428, 21.222160700444409 ], [ -98.906004831314064, 21.221051993483645 ], [ -98.905499640756631, 21.219324405232893 ], [ -98.904872169457335, 21.217682683967741 ], [ -98.904431811218615, 21.216204943631372 ], [ -98.903928303940774, 21.214904467066834 ], [ -98.903656649133367, 21.21359540792233 ], [ -98.903638767017256, 21.212657132584763 ], [ -98.903425465520272, 21.212508077464456 ], [ -98.903070008059515, 21.212397963434672 ], [ -98.90286867782261, 21.212241538878612 ], [ -98.902468293878925, 21.211958830963891 ], [ -98.902192922229034, 21.211817342318916 ], [ -98.901717506255522, 21.211464000915559 ], [ -98.901191634790635, 21.211275061206695 ], [ -98.90061564426739, 21.211086027820926 ], [ -98.900039512874898, 21.210967491398712 ], [ -98.899363189794471, 21.210825271565319 ], [ -98.898010501350385, 21.210564323290846 ], [ -98.897183728105261, 21.210468817994279 ], [ -98.896081203498198, 21.21041980193343 ], [ -98.895135201364383, 21.210378798903569 ], [ -98.895214162278222, 21.209577508682464 ], [ -98.895423505808452, 21.203895942284255 ], [ -98.8852714427655, 21.196444554288558 ], [ -98.885125886668874, 21.196339868394226 ], [ -98.885652602554202, 21.195122903233131 ], [ -98.883790489462854, 21.193464621253593 ], [ -98.882896769401711, 21.192612595952564 ], [ -98.883045024670352, 21.190580938188162 ], [ -98.883087189758172, 21.190003102368372 ], [ -98.882896247131441, 21.185371129565901 ], [ -98.882778681133601, 21.182519021116203 ], [ -98.882658809823823, 21.179610870724851 ], [ -98.880007479967162, 21.179264349188472 ], [ -98.87637819619755, 21.180379957947583 ], [ -98.876346636010737, 21.180389659588879 ], [ -98.874697310220483, 21.18089661150233 ], [ -98.872662575888398, 21.183271978185584 ], [ -98.869387682570547, 21.184375412954456 ], [ -98.867465101033801, 21.185887703450536 ], [ -98.865637129499333, 21.18732551989849 ], [ -98.863924338736751, 21.188274512198198 ], [ -98.863753094194081, 21.188369391352442 ], [ -98.862966101942206, 21.18856270882149 ], [ -98.86172411104161, 21.188867783580097 ], [ -98.859695216488788, 21.189266142080346 ], [ -98.858630508446339, 21.189265250722169 ], [ -98.85739980520232, 21.189264209396548 ], [ -98.855964338130931, 21.188674445515215 ], [ -98.855806122883919, 21.188584865776143 ], [ -98.855346865796861, 21.188231175874304 ], [ -98.854826447681063, 21.187830380553688 ], [ -98.854680400451329, 21.18768294973377 ], [ -98.854734822449629, 21.187530040507959 ], [ -98.854637488853726, 21.18734105490779 ], [ -98.854575700032399, 21.187290830252643 ], [ -98.854572338217551, 21.187100085742962 ], [ -98.854719787743022, 21.186985766002664 ], [ -98.85498111064706, 21.186690404787843 ], [ -98.855566071253122, 21.186508446356182 ], [ -98.855788266041159, 21.186109476680329 ], [ -98.855541005436251, 21.185540290344296 ], [ -98.855634355333137, 21.185427982071012 ], [ -98.855655890072271, 21.185269313920873 ], [ -98.855826051798516, 21.185220008016184 ], [ -98.856052611010611, 21.18517185981667 ], [ -98.856296350493366, 21.184992068639779 ], [ -98.856299368937002, 21.184259511736858 ], [ -98.856440986655826, 21.184125722773231 ], [ -98.856441166892239, 21.183635199383467 ], [ -98.85629215429698, 21.183248829018925 ], [ -98.856222888206304, 21.182989185539938 ], [ -98.856551366015466, 21.182634075655145 ], [ -98.856001453212897, 21.181672242779214 ], [ -98.856001026306373, 21.181304872381304 ], [ -98.855883638703816, 21.181120888665774 ], [ -98.855696801912444, 21.181015705343988 ], [ -98.855716261464465, 21.18064551849379 ], [ -98.855578820151777, 21.180377629790677 ], [ -98.855598872889814, 21.18009614993349 ], [ -98.85533022123667, 21.180021533642059 ], [ -98.855206234599422, 21.179987098118449 ], [ -98.85513153734972, 21.179724705412866 ], [ -98.854868203071831, 21.179432760346238 ], [ -98.854626479887557, 21.179311565896157 ], [ -98.854463857925793, 21.179142186649912 ], [ -98.854300538654044, 21.179002679650221 ], [ -98.85397115350402, 21.178741183088015 ], [ -98.853622494696623, 21.178432336217494 ], [ -98.853324529583389, 21.178129824978999 ], [ -98.853144517678274, 21.177856204392892 ], [ -98.853001430092064, 21.177694484593964 ], [ -98.852411267916324, 21.17720679157333 ], [ -98.852095343507003, 21.176799286594768 ], [ -98.851443386418865, 21.176272078363663 ], [ -98.85103433579124, 21.176033915293306 ], [ -98.850944664595417, 21.175864984029509 ], [ -98.850694991784181, 21.175761834869057 ], [ -98.850383903120871, 21.175673006899412 ], [ -98.850073740908087, 21.175544637641803 ], [ -98.849239495829792, 21.175257110722928 ], [ -98.849045474305484, 21.175127834697182 ], [ -98.848664318308366, 21.175000803791708 ], [ -98.848428643800915, 21.174865847317307 ], [ -98.848024928638893, 21.174734862834452 ], [ -98.847949062961888, 21.174710249721446 ], [ -98.847497716746261, 21.175364448609542 ], [ -98.847503090443183, 21.175456036576151 ], [ -98.84755636256773, 21.175708109147141 ], [ -98.847401048654902, 21.175942464762119 ], [ -98.847267711348081, 21.176116461702208 ], [ -98.84713870975996, 21.176254543197345 ], [ -98.847075745195554, 21.176407079295622 ], [ -98.847067268729575, 21.176619654926984 ], [ -98.846959329920267, 21.176434594224727 ], [ -98.846926211220449, 21.176377811602222 ], [ -98.846947595259437, 21.176287946187422 ], [ -98.846980464496397, 21.176149814535606 ], [ -98.847074701856968, 21.176004469842443 ], [ -98.847010965536299, 21.175891871093409 ], [ -98.846952718932812, 21.175899994358723 ], [ -98.846765622606625, 21.175926087703658 ], [ -98.846816008929565, 21.175364365987733 ], [ -98.846697097599758, 21.174885569141662 ], [ -98.84646439363317, 21.174424389254071 ], [ -98.84637943808734, 21.17424008738918 ], [ -98.846353211253387, 21.173983417390094 ], [ -98.846351895442851, 21.173970535243114 ], [ -98.845671844223375, 21.173203496930338 ], [ -98.84478102362219, 21.1725064369714 ], [ -98.843884302037267, 21.172145362271067 ], [ -98.843852660459078, 21.171785083237893 ], [ -98.843821019007706, 21.171424806089743 ], [ -98.843629582259211, 21.17070408022478 ], [ -98.842925194955882, 21.170223129540279 ], [ -98.842156599080013, 21.169982215164044 ], [ -98.841529914278141, 21.169981628552577 ], [ -98.841067244507627, 21.16998119571058 ], [ -98.840939680386896, 21.16950077627428 ], [ -98.840491553124252, 21.169080030911537 ], [ -98.839222982384044, 21.16961917870626 ], [ -98.838950592975337, 21.169807039536177 ], [ -98.838216464585344, 21.170313345739547 ], [ -98.837569695890835, 21.170550974491064 ], [ -98.836773993557657, 21.170217305334205 ], [ -98.836582182547431, 21.169796796157424 ], [ -98.836146930191148, 21.169826005566041 ], [ -98.83552618106998, 21.169675212493054 ], [ -98.835162776113265, 21.169485501772204 ], [ -98.834909460930533, 21.16935326134443 ], [ -98.834223129296944, 21.168742405991441 ], [ -98.833584364659103, 21.168052703824646 ], [ -98.833389057445743, 21.167868461763202 ], [ -98.832548489357649, 21.167075503663046 ], [ -98.831459701588543, 21.166662635663581 ], [ -98.830819154288974, 21.16647479392719 ], [ -98.829957832995603, 21.166527850526624 ], [ -98.829922106836548, 21.166530050258647 ], [ -98.82928117724714, 21.166679184479932 ], [ -98.828802155388658, 21.166348180708056 ], [ -98.828559974162857, 21.166072033196834 ], [ -98.828366581656411, 21.165663708220197 ], [ -98.828211045485091, 21.164943530578668 ], [ -98.82848310678267, 21.163522192219432 ], [ -98.827939939240821, 21.162943496442683 ], [ -98.827026034745131, 21.162617432520836 ], [ -98.826544081859268, 21.162361472495643 ], [ -98.826368443085187, 21.162276960951274 ], [ -98.826041615287338, 21.162146506959282 ], [ -98.825710616555796, 21.161977903596 ], [ -98.825437335123908, 21.161729645509691 ], [ -98.825236662525185, 21.161630349283211 ], [ -98.824948065520218, 21.161350164919128 ], [ -98.824537145460113, 21.161248145370632 ], [ -98.824176241780052, 21.16126315604247 ], [ -98.82388091696501, 21.161308999306954 ], [ -98.823536416239776, 21.161324024360031 ], [ -98.823283221278217, 21.161214438586374 ], [ -98.823080341702195, 21.161196884689254 ], [ -98.823007053774177, 21.161190544169781 ], [ -98.822730920197685, 21.161143098275488 ], [ -98.822379622852495, 21.160977790475364 ], [ -98.822336378934935, 21.160947282708708 ], [ -98.821845368321462, 21.160740083431484 ], [ -98.821450929768005, 21.16058547180393 ], [ -98.821188069928382, 21.160400160111905 ], [ -98.820595159971248, 21.160353799097916 ], [ -98.820310513472535, 21.160577764833214 ], [ -98.820163558252446, 21.160693392212629 ], [ -98.819921390669336, 21.160887976755792 ], [ -98.819552770605043, 21.16118416930647 ], [ -98.818751474264801, 21.161428917285271 ], [ -98.818270530065462, 21.161670648871883 ], [ -98.817470525375924, 21.161660610383464 ], [ -98.816779821205543, 21.161752383520213 ], [ -98.815947934022915, 21.162224718472142 ], [ -98.815167281461612, 21.162469878062378 ], [ -98.814459135741444, 21.162706866245731 ], [ -98.813784039404737, 21.162857401359883 ], [ -98.812694289417522, 21.163067057812352 ], [ -98.81160568299012, 21.163228320022874 ], [ -98.81062844151522, 21.163195072496887 ], [ -98.809641795893342, 21.163255644343543 ], [ -98.808126313213023, 21.163417745404356 ], [ -98.806050648531098, 21.163559386775368 ], [ -98.804932254247021, 21.163773978789578 ], [ -98.803748045589316, 21.164019327846049 ], [ -98.802695458800187, 21.16420314025337 ], [ -98.80167591569132, 21.164263628183228 ], [ -98.800787835774472, 21.164385944307089 ], [ -98.799832397557068, 21.164717083564799 ], [ -98.799325109245729, 21.164803754575772 ], [ -98.799075123558694, 21.164846464497227 ], [ -98.798508103491727, 21.16479586239598 ], [ -98.797941820947756, 21.164650322121933 ], [ -98.797711074200777, 21.164591017303142 ], [ -98.797039061742225, 21.164227300899878 ], [ -98.796842163681333, 21.163918671687494 ], [ -98.796631073520274, 21.163430021406572 ], [ -98.796711626147925, 21.163178371764108 ], [ -98.796646693248448, 21.162561509518781 ], [ -98.796680374870846, 21.16197560230631 ], [ -98.796516787624313, 21.16135862079847 ], [ -98.796090163331741, 21.160710483778914 ], [ -98.795630280631499, 21.160339857130449 ], [ -98.794808409074264, 21.160153829359079 ], [ -98.793953360340737, 21.160183630605552 ], [ -98.793415939750517, 21.160561092593142 ], [ -98.793077896651866, 21.160873521468488 ], [ -98.792735339022286, 21.161107325400078 ], [ -98.79235322378392, 21.16201080701013 ], [ -98.791963755880872, 21.162970594799937 ], [ -98.791537185347806, 21.163432230614966 ], [ -98.791305836193445, 21.16360166021953 ], [ -98.790745167270615, 21.164151464802192 ], [ -98.790319677612302, 21.164706222364988 ], [ -98.790094701170915, 21.164999546192917 ], [ -98.789603529331714, 21.165667004788844 ], [ -98.788795431664894, 21.166385587702564 ], [ -98.788564400062725, 21.166971247030411 ], [ -98.788596021117201, 21.167865623585232 ], [ -98.78896270347542, 21.168342009729418 ], [ -98.789376184746999, 21.168623271740689 ], [ -98.789769883377986, 21.169152923460111 ], [ -98.790335759324563, 21.170047273352257 ], [ -98.79068834328119, 21.171280800898458 ], [ -98.790787420363856, 21.172798568215754 ], [ -98.790850651455187, 21.173599961787307 ], [ -98.790979262762619, 21.174764070900249 ], [ -98.790798035565643, 21.175864075892033 ], [ -98.790275514513851, 21.176527727061888 ], [ -98.790011541317668, 21.177144183318855 ], [ -98.789944766391315, 21.177853404624038 ], [ -98.789878079232906, 21.178500944384556 ], [ -98.790107607852633, 21.178994656911847 ], [ -98.790698874758988, 21.179519654811216 ], [ -98.791192041292391, 21.179643620607784 ], [ -98.791981123277907, 21.179829625776257 ], [ -98.792606104731078, 21.17976871505596 ], [ -98.793231170575666, 21.179646121699584 ], [ -98.793889123426226, 21.179523567456751 ], [ -98.79438301217408, 21.179123255983093 ], [ -98.79487685585957, 21.178753783941804 ], [ -98.795502252342473, 21.178384468504497 ], [ -98.795897426737668, 21.178014876626293 ], [ -98.796719938905895, 21.177799990098613 ], [ -98.797180424597514, 21.177769703521026 ], [ -98.797838157669901, 21.177801327923994 ], [ -98.798594226455705, 21.178079780713826 ], [ -98.799218287044852, 21.178697307007653 ], [ -98.799710878924799, 21.17925299652347 ], [ -98.800203060482986, 21.180117075933936 ], [ -98.800662317129522, 21.181011954941443 ], [ -98.801647406454435, 21.182215842216269 ], [ -98.8024895028435, 21.183191655317739 ], [ -98.803125213202208, 21.183913725562135 ], [ -98.803716304427283, 21.184623711663455 ], [ -98.804406152327303, 21.185272135552612 ], [ -98.804865935949948, 21.185796931895531 ], [ -98.805588483336621, 21.186599582797733 ], [ -98.80608104568519, 21.187216931005434 ], [ -98.806540840513023, 21.187741724689086 ], [ -98.806869111224444, 21.18823552596259 ], [ -98.807493168869073, 21.188914700605 ], [ -98.808084381258936, 21.189562995053407 ], [ -98.808379572508841, 21.190210953388767 ], [ -98.808656823992379, 21.19067354499078 ], [ -98.808827348879376, 21.191761550553757 ], [ -98.808604725173623, 21.192443616228662 ], [ -98.808143206263694, 21.193244914488748 ], [ -98.807524206760974, 21.193326002395217 ], [ -98.806734800366925, 21.193303802104356 ], [ -98.805348869764302, 21.193252065317861 ], [ -98.805312703394023, 21.19324517974885 ], [ -98.804804989106287, 21.193203020913604 ], [ -98.804652985417874, 21.19323147424037 ], [ -98.802985275123021, 21.193217199457766 ], [ -98.801188004990522, 21.192934196791466 ], [ -98.800012297441612, 21.192512252180496 ], [ -98.799513213609345, 21.192306060706041 ], [ -98.798540304279129, 21.192031031384403 ], [ -98.797718550181244, 21.191629142604643 ], [ -98.797357158817704, 21.19132031937982 ], [ -98.796897427145709, 21.190764663040632 ], [ -98.796667940689275, 21.190209280508686 ], [ -98.796857319949225, 21.189755876477967 ], [ -98.797195235539604, 21.189017405184668 ], [ -98.797529923188279, 21.188414413804342 ], [ -98.798369652269415, 21.187442130863147 ], [ -98.798797514642672, 21.186831408091823 ], [ -98.799089944213847, 21.186266258505345 ], [ -98.799115247953111, 21.185637428516312 ], [ -98.79921560605618, 21.18489397058261 ], [ -98.798804774009241, 21.184373249611003 ], [ -98.798715233994926, 21.184259758782424 ], [ -98.798321214836918, 21.183765861385723 ], [ -98.797970678909053, 21.183343422893724 ], [ -98.797236470419506, 21.183301978361055 ], [ -98.796768554868351, 21.183364863225872 ], [ -98.795975500721468, 21.18425052082636 ], [ -98.795261000580396, 21.184810723957121 ], [ -98.794783534877865, 21.185508184607681 ], [ -98.794020029010852, 21.185956526802162 ], [ -98.793115891218477, 21.186605665903279 ], [ -98.792964451371731, 21.186722513749348 ], [ -98.791347785004817, 21.187953172751339 ], [ -98.790849165836775, 21.18804344959187 ], [ -98.790071671995349, 21.188011882897449 ], [ -98.789414450799612, 21.187626639967462 ], [ -98.789061456973485, 21.187443009748055 ], [ -98.788422064826861, 21.187237614521106 ], [ -98.787726182045787, 21.186867674808461 ], [ -98.787101563964541, 21.186651016182982 ], [ -98.785995549870123, 21.186369480900368 ], [ -98.785107637280731, 21.186275838575046 ], [ -98.7839566869187, 21.186120176793754 ], [ -98.783200204109136, 21.18611921086617 ], [ -98.782377849886217, 21.186179835033457 ], [ -98.782236058835139, 21.186228003259728 ], [ -98.781461689847845, 21.186225581349824 ], [ -98.780809340179573, 21.185981818437373 ], [ -98.7807910719755, 21.185763573844444 ], [ -98.780977604702102, 21.185565075914379 ], [ -98.781187889379524, 21.185418130235774 ], [ -98.781362630597059, 21.18513721880057 ], [ -98.781325394734495, 21.184803402735181 ], [ -98.78109925574563, 21.184532223834854 ], [ -98.780699861113334, 21.184416467671102 ], [ -98.780523163111198, 21.184295625154153 ], [ -98.780195002913345, 21.183975239507848 ], [ -98.780086090846837, 21.183628242123216 ], [ -98.779791391847326, 21.183252674165406 ], [ -98.779464312868313, 21.182651960355241 ], [ -98.779197961038449, 21.18239851935375 ], [ -98.778765444029702, 21.182265485817055 ], [ -98.778371795770866, 21.182251718737206 ], [ -98.778034542511449, 21.182369720535821 ], [ -98.777760725237243, 21.182469285658566 ], [ -98.777477084986685, 21.182517256923841 ], [ -98.777257987804262, 21.182500854533473 ], [ -98.777026047975312, 21.182452206450503 ], [ -98.776742453893334, 21.182383166259577 ], [ -98.776645842638345, 21.182186163051426 ], [ -98.776577103433127, 21.182009493119061 ], [ -98.776559654223789, 21.181841769785152 ], [ -98.776510601341258, 21.181370313599427 ], [ -98.776500984186143, 21.181277869963743 ], [ -98.776476011339852, 21.18103784139371 ], [ -98.776502407776704, 21.180898713387617 ], [ -98.77643835178327, 21.180535166512552 ], [ -98.776504094455746, 21.179788228784187 ], [ -98.776601858709256, 21.179212875817846 ], [ -98.776538024845181, 21.178697885402023 ], [ -98.776360870727316, 21.178364478912474 ], [ -98.776339015461332, 21.177998533194227 ], [ -98.776308280280574, 21.177716997219484 ], [ -98.776153314977165, 21.177522601022432 ], [ -98.776065228595556, 21.177363571740518 ], [ -98.776034023675351, 21.177065734574967 ], [ -98.775848892810771, 21.17675085234541 ], [ -98.775651900682021, 21.176260176546212 ], [ -98.775656159358363, 21.175859004535685 ], [ -98.775599176543409, 21.17555685552658 ], [ -98.775390055886177, 21.175333881807433 ], [ -98.775358840624961, 21.175072397353283 ], [ -98.775374961446502, 21.174847031594776 ], [ -98.775376138832414, 21.174574411768443 ], [ -98.775465575653371, 21.174415788497502 ], [ -98.775695671185744, 21.174194933929218 ], [ -98.776023486921773, 21.173915957346175 ], [ -98.776335138482381, 21.173641643761776 ], [ -98.77612945376309, 21.173291223348894 ], [ -98.775990805035022, 21.173236944318923 ], [ -98.775748898617607, 21.173142239731259 ], [ -98.775564849647665, 21.173166647679889 ], [ -98.775324224331982, 21.173192877088272 ], [ -98.775199008743783, 21.173206957374948 ], [ -98.775111642056473, 21.173224620449833 ], [ -98.774953980709952, 21.173228257681764 ], [ -98.774756689614406, 21.173210169556288 ], [ -98.774552745887192, 21.17318995319151 ], [ -98.774357417280896, 21.173044044309446 ], [ -98.774312817036432, 21.172972327394643 ], [ -98.774166483305052, 21.172879607742519 ], [ -98.774173265468306, 21.172856728857859 ], [ -98.774132323652111, 21.172825974314154 ], [ -98.773969353269081, 21.17267764738817 ], [ -98.77387799020282, 21.172510479543011 ], [ -98.773490526350201, 21.172137817219976 ], [ -98.77341381473282, 21.172064033736977 ], [ -98.773157755000639, 21.172014215333746 ], [ -98.772921378462883, 21.171968763643367 ], [ -98.772641428754639, 21.17212064618889 ], [ -98.772387737152584, 21.172256905688958 ], [ -98.772134435310321, 21.172376983384027 ], [ -98.771856947185526, 21.172605796898601 ], [ -98.77150094984421, 21.172836184879738 ], [ -98.771277131237809, 21.173328241886505 ], [ -98.771109062071829, 21.173854719531068 ], [ -98.770932336730056, 21.173999530956049 ], [ -98.770801730216235, 21.174028761349337 ], [ -98.770398274861947, 21.174119057724504 ], [ -98.770146939452573, 21.173807110309784 ], [ -98.769999711165809, 21.173918770466635 ], [ -98.768927671065356, 21.174342669686144 ], [ -98.768712487980963, 21.174408331414075 ], [ -98.768732806640685, 21.174471072646515 ], [ -98.768605929201982, 21.174483838197791 ], [ -98.768321949211042, 21.174764043607997 ], [ -98.768333719383151, 21.174926426885762 ], [ -98.768256347801639, 21.174945235836145 ], [ -98.768258290024008, 21.175003097920484 ], [ -98.768200043908195, 21.175015177439125 ], [ -98.768171699160149, 21.175227102408996 ], [ -98.767974663459555, 21.175222937085 ], [ -98.767802094484367, 21.174975454413495 ], [ -98.767717246598977, 21.174909878443955 ], [ -98.76743135764896, 21.174942800485411 ], [ -98.767309377559442, 21.17504100601785 ], [ -98.766894597567244, 21.175473280641558 ], [ -98.766828470847813, 21.175593792175832 ], [ -98.766757977093661, 21.175629892125773 ], [ -98.766624033255312, 21.175765313316258 ], [ -98.766530204952275, 21.175684553254364 ], [ -98.766321570285498, 21.175640064724142 ], [ -98.766266820116925, 21.175602105508677 ], [ -98.766063090735344, 21.175721524963819 ], [ -98.765866242900799, 21.175811970451683 ], [ -98.765883470976931, 21.175870477266873 ], [ -98.76604542256851, 21.175980567363386 ], [ -98.766048625336325, 21.176020977724349 ], [ -98.766162468697686, 21.176037818400346 ], [ -98.766190113448204, 21.176109333540666 ], [ -98.766343908317225, 21.176104154992924 ], [ -98.766557636382728, 21.176244963583077 ], [ -98.766598836902318, 21.176525348946228 ], [ -98.766220192841175, 21.176627653182209 ], [ -98.765826752477309, 21.176944692875136 ], [ -98.765874347478558, 21.177129161149665 ], [ -98.765816487306097, 21.177761424748059 ], [ -98.765649147191553, 21.177902606373618 ], [ -98.765715204133116, 21.177999562834646 ], [ -98.7658295363279, 21.178077268428094 ], [ -98.765584893336197, 21.178202342182932 ], [ -98.765325026244355, 21.177986403482219 ], [ -98.765200137001401, 21.17805322307721 ], [ -98.765009828805802, 21.178163609798727 ], [ -98.764987850047675, 21.178173475001167 ], [ -98.764587357484942, 21.178563084840128 ], [ -98.764641219061673, 21.178630290459804 ], [ -98.764478150011158, 21.178812412252952 ], [ -98.764507800834693, 21.178846139814304 ], [ -98.764471796921583, 21.178943837633906 ], [ -98.764769157534758, 21.179265992352281 ], [ -98.764722943846706, 21.179320846173585 ], [ -98.76469663099499, 21.179307165500713 ], [ -98.764512511927535, 21.179558169708379 ], [ -98.764175811761788, 21.179434452093339 ], [ -98.76413230016685, 21.179469410314329 ], [ -98.764080266725443, 21.17957066967374 ], [ -98.764081228823244, 21.179724939875598 ], [ -98.764602657809277, 21.179766002203799 ], [ -98.764638270794833, 21.179806524951946 ], [ -98.764707523481192, 21.179957776724663 ], [ -98.764400697586908, 21.18010534648775 ], [ -98.763812641274001, 21.180477600078337 ], [ -98.763959885885825, 21.180659446404899 ], [ -98.764098990834128, 21.181062253013479 ], [ -98.764146768197492, 21.181489915356138 ], [ -98.764139413274876, 21.181580993315961 ], [ -98.76417494240151, 21.18164214959593 ], [ -98.764268664355853, 21.181761231526202 ], [ -98.76447672014686, 21.181952552794105 ], [ -98.764513711548815, 21.182050078389608 ], [ -98.764561761377735, 21.182112545109931 ], [ -98.764598577384433, 21.182160406800545 ], [ -98.76480983440986, 21.182346740054779 ], [ -98.765277123607362, 21.182748454115746 ], [ -98.765261098221316, 21.183259837651537 ], [ -98.765502369383086, 21.183354222626324 ], [ -98.765838423605317, 21.18343467478498 ], [ -98.765851862555195, 21.18342431292325 ], [ -98.765900006674329, 21.18345002710069 ], [ -98.766114483738647, 21.183338327535427 ], [ -98.766133108847157, 21.183389165852986 ], [ -98.766963958673344, 21.183045748817445 ], [ -98.767231736812136, 21.183697267655784 ], [ -98.766876222136986, 21.183848616357437 ], [ -98.76693023774375, 21.183931206565294 ], [ -98.767111628539226, 21.184099707953095 ], [ -98.76730346390103, 21.184416659143086 ], [ -98.767015231157629, 21.184517733956294 ], [ -98.766389734912423, 21.184733220502135 ], [ -98.766309460271088, 21.184760875397281 ], [ -98.766295176013401, 21.184767752399189 ], [ -98.765410127449286, 21.185319757167623 ], [ -98.765321483022007, 21.185394664787868 ], [ -98.76514417796254, 21.185486402186758 ], [ -98.764352710873325, 21.185741045345434 ], [ -98.764087710489804, 21.185820655250389 ], [ -98.76379016332308, 21.185910042265409 ], [ -98.763493679214704, 21.185999109959706 ], [ -98.763410622172316, 21.185982282855846 ], [ -98.763303112052199, 21.18596050078499 ], [ -98.763286628927432, 21.185957161297392 ], [ -98.763233949826841, 21.185959023018533 ], [ -98.762702728887774, 21.186242474240206 ], [ -98.762307060836747, 21.18585731900264 ], [ -98.762178108267705, 21.185684923997496 ], [ -98.761765628640305, 21.185798556595088 ], [ -98.761513978186727, 21.185816838664621 ], [ -98.761008429656897, 21.185947601093247 ], [ -98.760576523922154, 21.186150589872462 ], [ -98.760323749642524, 21.186215970685311 ], [ -98.759971099112448, 21.18625569323412 ], [ -98.759720570690021, 21.186226875290512 ], [ -98.759472850525938, 21.186080309751116 ], [ -98.759224007512742, 21.185980844504947 ], [ -98.758578230435177, 21.185826725479696 ], [ -98.757921713121348, 21.185812141186101 ], [ -98.757695171381201, 21.185830945776601 ], [ -98.757266633071453, 21.185892630438303 ], [ -98.756912296254399, 21.186002994205648 ], [ -98.7565825060734, 21.186137433800344 ], [ -98.756203060563863, 21.18624727058053 ], [ -98.755947472781372, 21.186430389490784 ], [ -98.755799961710494, 21.18649573273693 ], [ -98.75569356920569, 21.186542861478824 ], [ -98.755137797253752, 21.186672549910949 ], [ -98.754861597205704, 21.186666745975735 ], [ -98.754487211302845, 21.18656463549836 ], [ -98.754114513676527, 21.186391875845967 ], [ -98.753843940369322, 21.186150577695166 ], [ -98.753520898742721, 21.186002421328759 ], [ -98.753223529842387, 21.185831242649371 ], [ -98.75275040079184, 21.185656368698002 ], [ -98.752352035819882, 21.185506626402272 ], [ -98.752079215772497, 21.185359522853147 ], [ -98.751842903733987, 21.185285849805496 ], [ -98.75175505203508, 21.185258461620503 ], [ -98.751479981044156, 21.185205554604345 ], [ -98.751179238082713, 21.185175666576267 ], [ -98.750877934015222, 21.185169329204488 ], [ -98.750501863825775, 21.185137855378304 ], [ -98.750251339471006, 21.185109023754698 ], [ -98.750049906942806, 21.185128347075718 ], [ -98.749768053504184, 21.185062210610489 ], [ -98.749410403258082, 21.18502169022943 ], [ -98.748825986388127, 21.184955477690977 ], [ -98.748622979241958, 21.184944184883207 ], [ -98.748379791906856, 21.184856793393209 ], [ -98.747810961115817, 21.184826800486327 ], [ -98.747260142043729, 21.184680598008764 ], [ -98.747051547244396, 21.184555784719393 ], [ -98.74667828457234, 21.184354505159384 ], [ -98.746528714401208, 21.184328294747601 ], [ -98.746310010316847, 21.184550750080351 ], [ -98.746005888303742, 21.184836117464954 ], [ -98.745873291151611, 21.184960535846248 ], [ -98.745301303943208, 21.185329437899743 ], [ -98.745078448337139, 21.185000917131738 ], [ -98.744530957486703, 21.185442497783466 ], [ -98.744142689029104, 21.185960551275297 ], [ -98.744546473229107, 21.186171240009568 ], [ -98.744526150439683, 21.186253217723909 ], [ -98.744390525793818, 21.186304223411021 ], [ -98.744144002333101, 21.186475996640858 ], [ -98.744194826912988, 21.186523662624154 ], [ -98.744180877087828, 21.186713817227666 ], [ -98.744154946700093, 21.186790209920865 ], [ -98.743677323544276, 21.187155770200139 ], [ -98.743321726323884, 21.18678445024204 ], [ -98.743123241831327, 21.186964086677353 ], [ -98.742891397024778, 21.187081554675657 ], [ -98.74283173461879, 21.187184636427752 ], [ -98.742841165000328, 21.187207059118993 ], [ -98.742594469652076, 21.187654106548884 ], [ -98.742490683348336, 21.187639346816237 ], [ -98.742136819734512, 21.187986479262317 ], [ -98.741738428848748, 21.188341188160106 ], [ -98.741543466463227, 21.188485831612752 ], [ -98.741443495630662, 21.188742933177824 ], [ -98.741336742241685, 21.189199416436956 ], [ -98.741327024143189, 21.189282327872448 ], [ -98.741272391867625, 21.189251856892419 ], [ -98.740777577338747, 21.189329547442803 ], [ -98.740541112026364, 21.18940685012652 ], [ -98.74081066748812, 21.189866116242634 ], [ -98.740804667038162, 21.190061958720111 ], [ -98.740794803789626, 21.19010739744996 ], [ -98.741142695509026, 21.190032322269523 ], [ -98.7413905223424, 21.189951290882352 ], [ -98.741467899874962, 21.190114488454601 ], [ -98.740965001835562, 21.190305659752287 ], [ -98.741250242198817, 21.190539354455431 ], [ -98.741523268862522, 21.19075609927371 ], [ -98.741656614998917, 21.190865831674362 ], [ -98.741888269675826, 21.190993002848973 ], [ -98.74215864580917, 21.191342169826157 ], [ -98.741978997081631, 21.191476276405702 ], [ -98.742177473617716, 21.191763110742368 ], [ -98.742205306972281, 21.19190115727152 ], [ -98.741763839681823, 21.192004910877444 ], [ -98.741825840646698, 21.192582907767473 ], [ -98.741900878361449, 21.192643998609473 ], [ -98.74161826149215, 21.192760490507993 ], [ -98.741313856640488, 21.192791794165473 ], [ -98.741178363869224, 21.192573531076725 ], [ -98.741168050985252, 21.192562282023935 ], [ -98.741119450229149, 21.192580543722752 ], [ -98.740915924849133, 21.192670362746423 ], [ -98.740341610425261, 21.191984744107948 ], [ -98.739861761672941, 21.19142916661486 ], [ -98.739529617534217, 21.191012524608027 ], [ -98.739086640211141, 21.190526355279214 ], [ -98.738680439819021, 21.190161615558857 ], [ -98.738348148885279, 21.18983166624443 ], [ -98.737941919133604, 21.189484262914554 ], [ -98.737572892749412, 21.189015541177294 ], [ -98.73724091200053, 21.188512203455382 ], [ -98.73701952225511, 21.188217101201833 ], [ -98.736891237412053, 21.187558026369135 ], [ -98.736632985692722, 21.187193509262823 ], [ -98.736282458830587, 21.186724816624164 ], [ -98.73619094941732, 21.186187172820031 ], [ -98.736093922121086, 21.185463662746471 ], [ -98.736020904814765, 21.184926045483675 ], [ -98.73592939578009, 21.184388400238998 ], [ -98.735874350593335, 21.184145571849992 ], [ -98.735837919272257, 21.183833416924756 ], [ -98.735783517485117, 21.183226473538486 ], [ -98.735728807638381, 21.18279291774088 ], [ -98.735511758513766, 21.182335222467898 ], [ -98.73464393915684, 21.181544434537095 ], [ -98.733725796690734, 21.181471495196519 ], [ -98.732587655122856, 21.181381071595819 ], [ -98.730287225126276, 21.181198281147427 ], [ -98.729830662366084, 21.181162001547555 ], [ -98.729611836800572, 21.180957125361761 ], [ -98.729278784547631, 21.180806107523082 ], [ -98.728798759619352, 21.180389209615925 ], [ -98.728399501168596, 21.180053432042985 ], [ -98.728104207101296, 21.179740858555544 ], [ -98.727660763004977, 21.179549420714693 ], [ -98.727309524655055, 21.179496838202862 ], [ -98.727069104487327, 21.179513789881835 ], [ -98.726772990111769, 21.17965202437291 ], [ -98.726550333098885, 21.18006779511531 ], [ -98.726512333962916, 21.180622576349137 ], [ -98.726529619845621, 21.181281476454625 ], [ -98.726713265561415, 21.18197532536584 ], [ -98.727451630505286, 21.182687403925421 ], [ -98.727894422224324, 21.183242957705186 ], [ -98.728190192281772, 21.18345829786864 ], [ -98.728337651588447, 21.183718614135135 ], [ -98.728429513286528, 21.184048199810903 ], [ -98.728336516157228, 21.184342809743718 ], [ -98.728025990437246, 21.184425460262108 ], [ -98.727656007578219, 21.184588542066912 ], [ -98.727486485894502, 21.18454722810004 ], [ -98.72731905118296, 21.1845665794017 ], [ -98.727023084928319, 21.18461811826176 ], [ -98.726486978318192, 21.184530559846888 ], [ -98.726283661996291, 21.184478214199046 ], [ -98.725771654048643, 21.184259181625222 ], [ -98.725378420614518, 21.184008601627973 ], [ -98.725046046656232, 21.18374797919402 ], [ -98.72491698622072, 21.183539705555297 ], [ -98.724740747513366, 21.18333139411817 ], [ -98.724607583097537, 21.183214582464611 ], [ -98.724365705159983, 21.183002406604192 ], [ -98.723889682918468, 21.183044695805958 ], [ -98.723834871566552, 21.183049564139189 ], [ -98.723549234768456, 21.18319070394228 ], [ -98.723398269342297, 21.183293274571664 ], [ -98.723351054304842, 21.183325353080285 ], [ -98.723345569499159, 21.183329080149729 ], [ -98.722889566864112, 21.183837476879535 ], [ -98.722103647354842, 21.184856868533448 ], [ -98.721513046177094, 21.185477516891947 ], [ -98.721437847608826, 21.185587979309823 ], [ -98.72122937908442, 21.186343724220301 ], [ -98.720935608851647, 21.186464284004398 ], [ -98.720928337141075, 21.186467268371683 ], [ -98.720874245616969, 21.186489464643529 ], [ -98.720338507687444, 21.18713099378154 ], [ -98.71942859064319, 21.18713417576895 ], [ -98.719278761296763, 21.186912846349198 ], [ -98.719039142327304, 21.186558872716613 ], [ -98.718927056618469, 21.1863903407097 ], [ -98.718908101238029, 21.186361839839904 ], [ -98.718924792048227, 21.186325490739453 ], [ -98.719403515003677, 21.185282935227256 ], [ -98.719453290775363, 21.184659845650579 ], [ -98.719472520434095, 21.18452221672872 ], [ -98.719523289923842, 21.184158845776317 ], [ -98.719357984652902, 21.184052940811252 ], [ -98.719332858902803, 21.184090312394702 ], [ -98.719159868096682, 21.184376101396026 ], [ -98.719120788928223, 21.18439906569505 ], [ -98.718796989422287, 21.184433173463241 ], [ -98.718550949429243, 21.184470937151652 ], [ -98.718280078287208, 21.184542781772056 ], [ -98.718096010124498, 21.184658128411012 ], [ -98.717881924443134, 21.184866125199779 ], [ -98.717801270080244, 21.184937292774677 ], [ -98.717503388457871, 21.185099140861663 ], [ -98.717180781894143, 21.185287030448237 ], [ -98.717055956900765, 21.185356423324091 ], [ -98.717029266288904, 21.1853781809865 ], [ -98.716995559925735, 21.185414041065382 ], [ -98.716957740455356, 21.185455223973324 ], [ -98.716814769672112, 21.185654902543828 ], [ -98.716752359549744, 21.185778481833804 ], [ -98.716658448369145, 21.185944849970411 ], [ -98.716546378695611, 21.185991982306124 ], [ -98.716440156397383, 21.185986381061142 ], [ -98.716277163202648, 21.185934176445674 ], [ -98.716196365185823, 21.185887115167215 ], [ -98.716028719711048, 21.18573518588811 ], [ -98.715917575588946, 21.185621404260715 ], [ -98.716010488246638, 21.18531738190557 ], [ -98.716054524858876, 21.185158485381343 ], [ -98.716022281041489, 21.185138008790457 ], [ -98.715933503149387, 21.185152319028123 ], [ -98.715904873428684, 21.185161380979952 ], [ -98.71563593411075, 21.185300222157196 ], [ -98.71546782343809, 21.185265663179063 ], [ -98.715328868995655, 21.185196370006707 ], [ -98.71517042408199, 21.185094299938932 ], [ -98.714953479533619, 21.184923739042706 ], [ -98.714900697291441, 21.18488463246776 ], [ -98.714787788820075, 21.184776274112572 ], [ -98.714765031693716, 21.184657596488709 ], [ -98.714707714795551, 21.184386985226638 ], [ -98.714620408977339, 21.183920828218927 ], [ -98.714667239974929, 21.183728323661871 ], [ -98.714698040278776, 21.183614392874944 ], [ -98.714712388334661, 21.183539885341549 ], [ -98.714725460306894, 21.183473326438179 ], [ -98.714718409612274, 21.183439969234449 ], [ -98.714648470855394, 21.183442761179784 ], [ -98.714521167109496, 21.18349424238216 ], [ -98.714271445789436, 21.183600947175723 ], [ -98.714176703473939, 21.183680463173538 ], [ -98.714072324080291, 21.183826301407205 ], [ -98.713932332364067, 21.184039637126421 ], [ -98.713791402307578, 21.184258009773345 ], [ -98.713729620240471, 21.184311601148309 ], [ -98.713536080793119, 21.184420508964461 ], [ -98.713251946402877, 21.184587735986245 ], [ -98.713081929923675, 21.184675956301785 ], [ -98.712976910557131, 21.184747804684736 ], [ -98.712705423775631, 21.185060766787906 ], [ -98.712657334334111, 21.185161067243243 ], [ -98.71267991209497, 21.185469680165372 ], [ -98.712728331508046, 21.185593349967835 ], [ -98.712726484557734, 21.185723942305273 ], [ -98.712698921168894, 21.185757223429778 ], [ -98.712617457227239, 21.18581252050047 ], [ -98.712496626004977, 21.185902420426718 ], [ -98.712438120135744, 21.185914493372653 ], [ -98.712314665241252, 21.185852579179155 ], [ -98.712147103052985, 21.185739616414171 ], [ -98.71208962788495, 21.185681190222645 ], [ -98.711908273929467, 21.185654915788415 ], [ -98.711638228485157, 21.185614689652759 ], [ -98.711525121252265, 21.185606515405784 ], [ -98.71134918244438, 21.185662969106168 ], [ -98.711211296316691, 21.185728845272848 ], [ -98.71110565916652, 21.185744046210942 ], [ -98.710907088205829, 21.185723994910614 ], [ -98.71077458169448, 21.185695331927217 ], [ -98.71055402217938, 21.185635240832582 ], [ -98.710515637662184, 21.185652200489844 ], [ -98.710180349204961, 21.185954379277945 ], [ -98.70989099616628, 21.186052099564307 ], [ -98.709774220049965, 21.186255029326578 ], [ -98.709470506935133, 21.186774763075441 ], [ -98.709342556751722, 21.186929018469762 ], [ -98.709179111351489, 21.187104325099643 ], [ -98.709112277912581, 21.18714187931154 ], [ -98.708751358727113, 21.187256861033411 ], [ -98.708663348893282, 21.187260731615712 ], [ -98.708605862102687, 21.187006214745697 ], [ -98.708609004365144, 21.186877822974193 ], [ -98.708600233514105, 21.186705315439529 ], [ -98.70856784079082, 21.186639707699815 ], [ -98.708324382195471, 21.186520307319579 ], [ -98.708193265879999, 21.186599545020346 ], [ -98.707986991571389, 21.186675056907049 ], [ -98.707869507297573, 21.186775368488433 ], [ -98.707741791047397, 21.187128319710851 ], [ -98.707659241473849, 21.187352124932993 ], [ -98.707551541435478, 21.187411987907815 ], [ -98.707464005151664, 21.187396984269096 ], [ -98.707438636642507, 21.187310269481486 ], [ -98.707373002613622, 21.187102284052798 ], [ -98.707304795799843, 21.186877728344967 ], [ -98.707174674388625, 21.186843410176788 ], [ -98.706839922146074, 21.186786702947789 ], [ -98.706786223212205, 21.186788098520413 ], [ -98.706701293924226, 21.18691404066308 ], [ -98.706432357264859, 21.18736360636618 ], [ -98.70641347419992, 21.187381963525535 ], [ -98.70622692056827, 21.187408384172848 ], [ -98.706200776274073, 21.187202043972579 ], [ -98.70620459142674, 21.187106805335404 ], [ -98.706173527528819, 21.187005872456695 ], [ -98.706120167477181, 21.186939139010757 ], [ -98.705966589341713, 21.187022203911184 ], [ -98.705811642744536, 21.187129917096811 ], [ -98.705233135118362, 21.187196833110768 ], [ -98.705002295386976, 21.186893779376387 ], [ -98.704906689535008, 21.18670969777833 ], [ -98.704872446018797, 21.186586833604316 ], [ -98.704876462926222, 21.186533638033641 ], [ -98.704877431936765, 21.186520789010469 ], [ -98.704867007720281, 21.186464221749375 ], [ -98.704727643597721, 21.18642105276621 ], [ -98.704545689917353, 21.186348412283671 ], [ -98.704368553972373, 21.1863028550381 ], [ -98.704020105331793, 21.186219516611821 ], [ -98.703903860796714, 21.186157868965655 ], [ -98.703801532091077, 21.185946271903163 ], [ -98.703743067251509, 21.185816154485241 ], [ -98.703381764204565, 21.185726844932805 ], [ -98.703181475002907, 21.185487878298979 ], [ -98.702892358628318, 21.185335928910185 ], [ -98.702757875553218, 21.185223921368877 ], [ -98.702700979045062, 21.185139381239871 ], [ -98.702294403399222, 21.185152727206603 ], [ -98.702120763818584, 21.185118273836892 ], [ -98.702007987940874, 21.184802233131922 ], [ -98.701992642650453, 21.184680340566203 ], [ -98.701967668959355, 21.184481955762912 ], [ -98.701668210939388, 21.18389700217385 ], [ -98.701722393203525, 21.183474796983795 ], [ -98.701339801780051, 21.183279058192529 ], [ -98.701164617814342, 21.183102050442578 ], [ -98.701170938820212, 21.183016205446162 ], [ -98.701174571782175, 21.182966882705269 ], [ -98.701591324458434, 21.182454669295446 ], [ -98.701887418856501, 21.182204563267575 ], [ -98.702250327757937, 21.18197806713361 ], [ -98.702742981773682, 21.181529935211678 ], [ -98.702329973120612, 21.181073361064968 ], [ -98.702004313545757, 21.180978472838483 ], [ -98.702005841169736, 21.18088074015721 ], [ -98.70193250455695, 21.180856471616323 ], [ -98.701500605805464, 21.180740314242286 ], [ -98.701048527557461, 21.18007137416582 ], [ -98.700607790547394, 21.1787479031725 ], [ -98.699778572750162, 21.177243092993404 ], [ -98.699372971890654, 21.176228517815602 ], [ -98.699497786910214, 21.175631499797834 ], [ -98.700343526610027, 21.175040615242697 ], [ -98.701093397758896, 21.174072031388203 ], [ -98.701530346610426, 21.174120188673498 ], [ -98.701723076926626, 21.173402330152655 ], [ -98.701910571890721, 21.172772719375718 ], [ -98.701559114084063, 21.172019546735172 ], [ -98.701513434742466, 21.171336859262947 ], [ -98.702321573783607, 21.170832941636146 ], [ -98.70285671446031, 21.170332987135804 ], [ -98.703655124685099, 21.168481440174425 ], [ -98.70322160394231, 21.166951161277328 ], [ -98.703194910225093, 21.166858620371798 ], [ -98.70316685254852, 21.166792041882786 ], [ -98.703058129804461, 21.166396047715644 ], [ -98.702880448074254, 21.165440645268596 ], [ -98.703011729503146, 21.164414172932897 ], [ -98.702715410405503, 21.163908537577349 ], [ -98.702646491516148, 21.16307852868254 ], [ -98.702518464541981, 21.161885605886575 ], [ -98.701820093524219, 21.16077113533656 ], [ -98.701036374151087, 21.161128290039962 ], [ -98.700534828279757, 21.161293335995708 ], [ -98.699882852613186, 21.161552597949786 ], [ -98.699255976329724, 21.161835372273988 ], [ -98.698330188903682, 21.162133543424186 ], [ -98.698162084904581, 21.162037147033395 ], [ -98.697993896807006, 21.161943318957817 ], [ -98.697883440078868, 21.161793646261895 ], [ -98.697645428856887, 21.161744704093355 ], [ -98.697465654601046, 21.161787202230631 ], [ -98.697384117000482, 21.161860170444488 ], [ -98.697306117258208, 21.162013109062041 ], [ -98.69721087025232, 21.16197238937994 ], [ -98.69707931197631, 21.161843283760337 ], [ -98.696972167259801, 21.16172757709084 ], [ -98.697005056868278, 21.162179262141528 ], [ -98.697028163095155, 21.162246760265329 ], [ -98.697005097181901, 21.162290073448784 ], [ -98.696884616398037, 21.162269436218189 ], [ -98.69680400988122, 21.162192964684724 ], [ -98.696764496409344, 21.162122530783648 ], [ -98.696727492031727, 21.16194906250891 ], [ -98.696731476782219, 21.161786804800823 ], [ -98.69674340413026, 21.161637590286489 ], [ -98.696754926755744, 21.161503830685426 ], [ -98.696709221002834, 21.161461612701643 ], [ -98.696640512747635, 21.161460127974177 ], [ -98.696483023751526, 21.161603615684623 ], [ -98.695959273650757, 21.16241633349453 ], [ -98.695696123851278, 21.162606501685513 ], [ -98.695514829210069, 21.162710812104333 ], [ -98.695346484420213, 21.162959723125269 ], [ -98.694967474265937, 21.163326777824889 ], [ -98.694583918306648, 21.163604534592039 ], [ -98.694333871842659, 21.16370994014499 ], [ -98.69419084458228, 21.163822809356081 ], [ -98.693775567206359, 21.16423327358762 ], [ -98.693564374869737, 21.164434874316857 ], [ -98.693391079473599, 21.164549669398482 ], [ -98.693134484810884, 21.164920364474643 ], [ -98.692931056479836, 21.165224509688915 ], [ -98.692644612604752, 21.165579092906171 ], [ -98.692479298967825, 21.165704373736784 ], [ -98.692328954937963, 21.165828890996735 ], [ -98.692177663590087, 21.165836112930673 ], [ -98.691907841437526, 21.165882735424209 ], [ -98.691670285121489, 21.16598250777956 ], [ -98.691518784102129, 21.166225767885649 ], [ -98.691383543294563, 21.166490370805331 ], [ -98.691237738198325, 21.1667285244094 ], [ -98.691117858307479, 21.167051163141565 ], [ -98.691096299933861, 21.167471632984149 ], [ -98.691521836929184, 21.167693141936383 ], [ -98.692024089880107, 21.167982034633614 ], [ -98.692177568289708, 21.168342063078939 ], [ -98.692117486471062, 21.168508620386181 ], [ -98.691853662632298, 21.168539636762009 ], [ -98.691734740550388, 21.16859476862043 ], [ -98.69154169189261, 21.168705997897519 ], [ -98.691536404498905, 21.168920950703978 ], [ -98.691734197311902, 21.169048721325051 ], [ -98.692147765637145, 21.16913746329644 ], [ -98.692166885711288, 21.169273118831732 ], [ -98.692196838449988, 21.169490170206597 ], [ -98.692213125541656, 21.169769352639392 ], [ -98.692539451211317, 21.170075030653486 ], [ -98.692690199318434, 21.170404348316399 ], [ -98.692815810720418, 21.170663091447516 ], [ -98.692841082383438, 21.170921900237754 ], [ -98.692766182879296, 21.17141606549464 ], [ -98.692741284285646, 21.171674903600987 ], [ -98.692716552592998, 21.172169038007087 ], [ -98.692641702424041, 21.17273379085167 ], [ -98.692616886781295, 21.17311027643553 ], [ -98.692667228489157, 21.173345540168388 ], [ -98.692842912518927, 21.173463076300013 ], [ -98.692893219762908, 21.173651279950469 ], [ -98.693043887001139, 21.173862950568115 ], [ -98.693169586231207, 21.174239341314518 ], [ -98.693335268012078, 21.174716153836616 ], [ -98.693370903136312, 21.17510980329504 ], [ -98.693446432677902, 21.175486225289166 ], [ -98.693758420968905, 21.175750719991495 ], [ -98.693929596880238, 21.176291317765855 ], [ -98.693897880607395, 21.176899597450831 ], [ -98.693647307539095, 21.17729573632338 ], [ -98.694599467721801, 21.178270089219215 ], [ -98.69310712053084, 21.17917102610917 ], [ -98.693248652160236, 21.179509878585012 ], [ -98.693345249892872, 21.179861131843513 ], [ -98.693385325309109, 21.180006854640357 ], [ -98.693407810705722, 21.180152476548859 ], [ -98.693425379401987, 21.180266253073093 ], [ -98.693614208116657, 21.18086134595125 ], [ -98.693711482789141, 21.180994860421801 ], [ -98.693774425558928, 21.181120745471954 ], [ -98.693803034559181, 21.181288592837937 ], [ -98.693906032519422, 21.181574694714005 ], [ -98.693988275835608, 21.181669232576379 ], [ -98.694099508136802, 21.181766272348906 ], [ -98.694102139104075, 21.18176588723281 ], [ -98.69420829666791, 21.181750342681376 ], [ -98.694226212315016, 21.181747719519343 ], [ -98.694540447528198, 21.181517006975927 ], [ -98.694586179779648, 21.181483430341583 ], [ -98.694609437414542, 21.181488865111817 ], [ -98.694636888215769, 21.181495279081705 ], [ -98.694676385435372, 21.181504507492388 ], [ -98.694686597939835, 21.181506893833024 ], [ -98.694747300954376, 21.181605204119393 ], [ -98.694753619080629, 21.181759122293435 ], [ -98.694733705507119, 21.181815714120148 ], [ -98.694689807424737, 21.181940464367457 ], [ -98.694626848690618, 21.182034806965934 ], [ -98.694648403780533, 21.1821967729074 ], [ -98.694572304893811, 21.182305783370264 ], [ -98.694292965226296, 21.182503113630922 ], [ -98.694118196596733, 21.182594958641687 ], [ -98.69406339190742, 21.182623759198389 ], [ -98.69399814313627, 21.182737220784446 ], [ -98.693856383408203, 21.182923190449024 ], [ -98.693779841742824, 21.183246673683335 ], [ -98.693746666596738, 21.183496556394285 ], [ -98.693829388623982, 21.183660943542016 ], [ -98.693844465171821, 21.183682926950912 ], [ -98.693991864114054, 21.18389784516545 ], [ -98.693618024196127, 21.184222095170711 ], [ -98.693520748659495, 21.184199207205111 ], [ -98.693360531750855, 21.184172503748535 ], [ -98.693185055923081, 21.184145800464318 ], [ -98.693001948986108, 21.184134356754335 ], [ -98.692672239874014, 21.184212346892629 ], [ -98.692259585073671, 21.184194182134721 ], [ -98.691874141269381, 21.184203374095997 ], [ -98.691733161393771, 21.184228187261827 ], [ -98.691701413215739, 21.18445451546901 ], [ -98.691470256185283, 21.184654880336819 ], [ -98.691548690738358, 21.184914950823753 ], [ -98.691668867102536, 21.185202415885978 ], [ -98.69164839906027, 21.185460346268297 ], [ -98.691394078338718, 21.185739707626691 ], [ -98.69134734959411, 21.185910146012308 ], [ -98.691257378203161, 21.186189712837745 ], [ -98.69112459315906, 21.18639048546412 ], [ -98.691020659662129, 21.186717673805784 ], [ -98.690982233125197, 21.186980389085019 ], [ -98.691136064734494, 21.18722331158974 ], [ -98.691514018226727, 21.187710673603522 ], [ -98.691699334547479, 21.188028488746646 ], [ -98.691573960583383, 21.18812268530511 ], [ -98.691423480944749, 21.188193366819586 ], [ -98.691147594215863, 21.188311183986329 ], [ -98.690620858174043, 21.188476214665496 ], [ -98.690420202932245, 21.188546925543459 ], [ -98.690319915949857, 21.188641105075085 ], [ -98.69009417193034, 21.188711831539131 ], [ -98.689843403407721, 21.188876689039944 ], [ -98.68964279603469, 21.189017988692601 ], [ -98.689417148628451, 21.189229890115257 ], [ -98.689400848834126, 21.189396686924731 ], [ -98.68927862530235, 21.189662654132025 ], [ -98.688933698395601, 21.189757088159595 ], [ -98.688507537705121, 21.189908412068633 ], [ -98.687615332399133, 21.189887753356246 ], [ -98.68692586962068, 21.18988647834502 ], [ -98.686154978293132, 21.190037159843509 ], [ -98.685769491174383, 21.190131511872455 ], [ -98.68546527726555, 21.190149960247858 ], [ -98.685228025464113, 21.190173559197593 ], [ -98.685152775734167, 21.190197132238044 ], [ -98.684801958012869, 21.190832629223184 ], [ -98.684751921512472, 21.191044421790355 ], [ -98.684726895134972, 21.191138554301904 ], [ -98.684852401744564, 21.191232598031089 ], [ -98.685027991277437, 21.191185437041593 ], [ -98.685103241582155, 21.19116186404888 ], [ -98.685329022797248, 21.191138203538983 ], [ -98.685429408554015, 21.191185203249571 ], [ -98.685529843077319, 21.19130279099765 ], [ -98.685555056514971, 21.191490990643153 ], [ -98.685505037183376, 21.191726312912419 ], [ -98.685330012844688, 21.192620529963332 ], [ -98.685298287376526, 21.193483921810689 ], [ -98.685715631278754, 21.194088748207243 ], [ -98.685448260226565, 21.194314741407897 ], [ -98.685446578869048, 21.194338037972795 ], [ -98.686142770871385, 21.194423537544843 ], [ -98.686537356254448, 21.194556345321956 ], [ -98.686598334358791, 21.194900847566359 ], [ -98.686351963725073, 21.195123962952493 ], [ -98.685609850308325, 21.195396484235214 ], [ -98.685495718970301, 21.195670192764194 ], [ -98.685500558519976, 21.195670877639795 ], [ -98.686180686020165, 21.195767142497843 ], [ -98.685681414113475, 21.196521010821758 ], [ -98.685178983365773, 21.196615238772033 ], [ -98.685178745149329, 21.196615283526757 ], [ -98.6852413899026, 21.196689080414643 ], [ -98.685236405933168, 21.196791781904324 ], [ -98.684926296884399, 21.196893913091589 ], [ -98.684780700121621, 21.196980722219202 ], [ -98.684519928854584, 21.197041420375459 ], [ -98.683965184483768, 21.197050696956968 ], [ -98.683451643650784, 21.197656917528608 ], [ -98.683226096746097, 21.198057044719093 ], [ -98.683226173961259, 21.198174691989102 ], [ -98.683376728675441, 21.198198134079245 ], [ -98.683652871431221, 21.1984332701869 ], [ -98.683728279450662, 21.198644990510591 ], [ -98.683746022372773, 21.198727923307459 ], [ -98.68375344735442, 21.198762622891202 ], [ -98.683728510524674, 21.198997930609934 ], [ -98.683603261971982, 21.199303882866651 ], [ -98.683553126998618, 21.199374501068522 ], [ -98.68342778632848, 21.199539278249294 ], [ -98.683342539228747, 21.19964219213697 ], [ -98.683157280982343, 21.199994784824373 ], [ -98.683047275608573, 21.200262125146814 ], [ -98.682660068521159, 21.20063786824451 ], [ -98.682336598625284, 21.200723739733434 ], [ -98.682074126073971, 21.200568975165453 ], [ -98.681976979702995, 21.200414299772365 ], [ -98.681822491002677, 21.200269596349283 ], [ -98.681772159987631, 21.200034330790359 ], [ -98.681696783458705, 21.199869668260629 ], [ -98.681696733419088, 21.199791528328191 ], [ -98.681160971416958, 21.198956376883586 ], [ -98.680724473891047, 21.198673995252896 ], [ -98.680389841146592, 21.198480231140849 ], [ -98.679842567931914, 21.198365546269503 ], [ -98.679745250122778, 21.198476217567109 ], [ -98.679662946447706, 21.198589810638605 ], [ -98.679690929247144, 21.198840473035744 ], [ -98.679710992087294, 21.198950155293247 ], [ -98.679724982240216, 21.199077264509349 ], [ -98.679627036755093, 21.19915485029502 ], [ -98.679376742697102, 21.199305832394913 ], [ -98.678728764801633, 21.199435963615791 ], [ -98.678624489365021, 21.199364234790053 ], [ -98.677154492300872, 21.199471210132586 ], [ -98.676917751071358, 21.199367666468653 ], [ -98.67698631915566, 21.199311297624536 ], [ -98.677082795363035, 21.199120828009203 ], [ -98.677068583778308, 21.198985468857124 ], [ -98.676929613488142, 21.198706067384382 ], [ -98.676795481798152, 21.198576548297567 ], [ -98.676677816066885, 21.198319474239671 ], [ -98.676401713031666, 21.1981313862516 ], [ -98.676311909092647, 21.197979996373064 ], [ -98.675916955170351, 21.197759884448125 ], [ -98.675495207709929, 21.197252577106063 ], [ -98.675137106284382, 21.196726966400281 ], [ -98.674154119411909, 21.195652181596749 ], [ -98.673449949299481, 21.194952026537244 ], [ -98.6730643287665, 21.194561351000061 ], [ -98.671994454633648, 21.19436428817891 ], [ -98.670924641535564, 21.194139389747363 ], [ -98.67018081794447, 21.194388635071725 ], [ -98.669347606669561, 21.194721231463053 ], [ -98.668931140017605, 21.194859701612472 ], [ -98.668753237480999, 21.194636535828472 ], [ -98.668783602107041, 21.194330196951562 ], [ -98.669290149884688, 21.193829801526771 ], [ -98.66935089156577, 21.193244950005393 ], [ -98.669084244023139, 21.192854498042554 ], [ -98.668312590908357, 21.192240187728153 ], [ -98.667570328038266, 21.191793043912433 ], [ -98.667096410093734, 21.191012200919644 ], [ -98.667108694450235, 21.190270288059359 ], [ -98.666676851452536, 21.189398459792628 ], [ -98.66581237704186, 21.189167446135691 ], [ -98.665523896776691, 21.188177523554486 ], [ -98.665100400499526, 21.187479146563788 ], [ -98.664452790164304, 21.186258444081943 ], [ -98.664268269077326, 21.185619312688015 ], [ -98.663782507038519, 21.184050589450649 ], [ -98.660308220439063, 21.182845813635929 ], [ -98.658297079172101, 21.182805926174868 ], [ -98.658169721015668, 21.183064412043162 ], [ -98.658217772948277, 21.183394627034566 ], [ -98.65829032375261, 21.183819253994258 ], [ -98.65823897252784, 21.183983918414107 ], [ -98.658237715671163, 21.184172444394946 ], [ -98.658292489205152, 21.184279997773313 ], [ -98.65830663850079, 21.18437194170308 ], [ -98.658345956150313, 21.184472620608098 ], [ -98.658638858966242, 21.184722237721715 ], [ -98.658886540995113, 21.18489690448525 ], [ -98.658911931284578, 21.185058833407844 ], [ -98.658834118592509, 21.185316910769007 ], [ -98.658848736987963, 21.185573069015202 ], [ -98.658952718429489, 21.185783947773874 ], [ -98.65894198066961, 21.186047421015534 ], [ -98.658687651991414, 21.18614026687337 ], [ -98.658524690566935, 21.186105222021556 ], [ -98.658458445556974, 21.185961951900456 ], [ -98.658101320958764, 21.185627458920504 ], [ -98.657852344360805, 21.185503935730505 ], [ -98.657578682092861, 21.185529436723581 ], [ -98.657043363218264, 21.185604330449554 ], [ -98.656936670223573, 21.18550359200627 ], [ -98.656864534271719, 21.185195004435339 ], [ -98.656838679008032, 21.184830604856643 ], [ -98.656487592363277, 21.184590693970176 ], [ -98.65614560352293, 21.184492690949686 ], [ -98.656006475419161, 21.18434402106449 ], [ -98.655924886555709, 21.184078517899227 ], [ -98.655759802810437, 21.183926893066257 ], [ -98.655490545718507, 21.183775365407296 ], [ -98.655235551175167, 21.183726495656856 ], [ -98.654867752064803, 21.183820780720911 ], [ -98.654513546887685, 21.183876011786488 ], [ -98.654304926240286, 21.183820273475707 ], [ -98.654220086244194, 21.183684588951255 ], [ -98.654274000263527, 21.183544070005969 ], [ -98.654332569986948, 21.183383979462267 ], [ -98.654386703535735, 21.183211597118198 ], [ -98.653923701205542, 21.183002028920573 ], [ -98.653754455424078, 21.182790918321242 ], [ -98.653523937205293, 21.18275198792298 ], [ -98.653129596563559, 21.182863010515621 ], [ -98.652814683277981, 21.18286011359017 ], [ -98.65262653558996, 21.182724371968337 ], [ -98.652514249686348, 21.182446704568573 ], [ -98.652497557157929, 21.182262866478688 ], [ -98.652372606963823, 21.182152431193185 ], [ -98.651897719878761, 21.182165138408863 ], [ -98.651669389835646, 21.182104301530948 ], [ -98.651419216429673, 21.181895402216671 ], [ -98.65152181735651, 21.18153468867169 ], [ -98.651459316473876, 21.181481467746007 ], [ -98.651302803627502, 21.181442139912626 ], [ -98.651109086340128, 21.181358126508318 ], [ -98.65092925440085, 21.18125870439534 ], [ -98.6508026507897, 21.181101905148751 ], [ -98.65069557771767, 21.180936475669334 ], [ -98.650521629596042, 21.180932664866585 ], [ -98.650396771993243, 21.181093013265372 ], [ -98.650503916979375, 21.181433503515013 ], [ -98.650495883217019, 21.181756075448821 ], [ -98.650861425013247, 21.182438991633589 ], [ -98.651038766591867, 21.182731207661234 ], [ -98.650932329689951, 21.183051804037653 ], [ -98.650789977210039, 21.183331253774732 ], [ -98.650625332824546, 21.183517946827379 ], [ -98.65007148894226, 21.183517337565245 ], [ -98.649339576025909, 21.183501298996571 ], [ -98.648496789556972, 21.183488600743189 ], [ -98.647931591249545, 21.183320462923362 ], [ -98.647151513866987, 21.182767056394187 ], [ -98.646852016184454, 21.182685529890822 ], [ -98.646359968245235, 21.182674737495923 ], [ -98.645861400272096, 21.182754415083963 ], [ -98.645358301193923, 21.182892581922957 ], [ -98.644726578150056, 21.182904441360201 ], [ -98.64390946551795, 21.182644694216222 ], [ -98.643351519746389, 21.182560408037372 ], [ -98.642985866394554, 21.182462580103945 ], [ -98.642421645680983, 21.182156559931975 ], [ -98.642107743474142, 21.182179032822518 ], [ -98.641711683243756, 21.182353851885065 ], [ -98.641548697756079, 21.182607187201867 ], [ -98.641309965273848, 21.182756105234454 ], [ -98.640992371745838, 21.182925298239741 ], [ -98.640588917338221, 21.182769619331228 ], [ -98.640354582323667, 21.182742449502658 ], [ -98.640108018212757, 21.182891182717174 ], [ -98.639598044857351, 21.183140211264181 ], [ -98.639489454027398, 21.183193237240797 ], [ -98.639151687190662, 21.183229864845998 ], [ -98.638944291445739, 21.183368406127226 ], [ -98.638426586898049, 21.183709379656811 ], [ -98.638148821001664, 21.184165736323628 ], [ -98.638220197345191, 21.184437786957826 ], [ -98.638241800136129, 21.184520123705898 ], [ -98.638424039571603, 21.184751699706379 ], [ -98.638614637195531, 21.184961429546298 ], [ -98.638254978955757, 21.185138064330733 ], [ -98.637221107241288, 21.185673904212734 ], [ -98.636439937890685, 21.185999154663222 ], [ -98.635708538364767, 21.186395399498934 ], [ -98.634750510705075, 21.186860981630105 ], [ -98.634119930641248, 21.187210691850144 ], [ -98.633766707017713, 21.187420668073202 ], [ -98.632959590693119, 21.18786357871636 ], [ -98.63254732535556, 21.187962680381116 ], [ -98.632481374636455, 21.187978532520624 ], [ -98.631498845730249, 21.188349680262132 ], [ -98.629583705852539, 21.18913939374189 ], [ -98.629129802485025, 21.189372319606019 ], [ -98.628800724265218, 21.189723830956893 ], [ -98.627817851885084, 21.190142088488475 ], [ -98.627683930238788, 21.190209992866489 ], [ -98.626531824848669, 21.190794169929141 ], [ -98.625572442993089, 21.191448222549663 ], [ -98.625093073895144, 21.191728116408065 ], [ -98.624564909636362, 21.191795611240948 ], [ -98.624137580832681, 21.191816585785404 ], [ -98.623483127880704, 21.191977576579074 ], [ -98.622500036987972, 21.192270631266798 ], [ -98.622523942500877, 21.192561900693327 ], [ -98.620230890283594, 21.193413477766946 ], [ -98.618011953683066, 21.194273665968247 ], [ -98.617976553929708, 21.194284881784025 ], [ -98.616706941549594, 21.195255514001332 ], [ -98.615990457520269, 21.195801980991423 ], [ -98.615659266382366, 21.196087377087434 ], [ -98.615363498021139, 21.19627486843352 ], [ -98.615016123671793, 21.196469476207898 ], [ -98.614167133276453, 21.196975268078578 ], [ -98.613632956619824, 21.197293512272168 ], [ -98.613371379710955, 21.197428898752612 ], [ -98.613296767206222, 21.197467515843307 ], [ -98.613141519762962, 21.197575434164897 ], [ -98.612858462222306, 21.197823233136454 ], [ -98.612668700278249, 21.197989358763966 ], [ -98.612547569174339, 21.198074475708836 ], [ -98.61242614823162, 21.198159796714254 ], [ -98.612046817391004, 21.198445870867154 ], [ -98.611934764977619, 21.198536009856976 ], [ -98.611629220287739, 21.198802323365122 ], [ -98.61152262398781, 21.198916197714247 ], [ -98.611333375290386, 21.199147321382746 ], [ -98.611220702842459, 21.199316250273299 ], [ -98.610969607451679, 21.199692710476942 ], [ -98.61093366063335, 21.199788531029817 ], [ -98.610823632299343, 21.200233062361697 ], [ -98.610812018911233, 21.200303151799222 ], [ -98.610768450306978, 21.200466276712397 ], [ -98.61063063094133, 21.200562032002274 ], [ -98.610477465300249, 21.20061992188603 ], [ -98.610284102707396, 21.200675357577254 ], [ -98.609120639435531, 21.20099896451315 ], [ -98.609183585191033, 21.201052986691771 ], [ -98.608742046612136, 21.201408296796536 ], [ -98.608614420672495, 21.201690310162288 ], [ -98.608562347254505, 21.201949220864339 ], [ -98.608410251408543, 21.202136816831025 ], [ -98.608283284683338, 21.202324567088585 ], [ -98.60810556439543, 21.202582703810936 ], [ -98.607978598804465, 21.202770452093166 ], [ -98.60777558290971, 21.203051999785245 ], [ -98.607672422128843, 21.203428428328518 ], [ -98.607569757039741, 21.203734161440863 ], [ -98.607569524970614, 21.203767299431931 ], [ -98.608326100755576, 21.204717273483443 ], [ -98.608081069711034, 21.204873471563118 ], [ -98.607972200779557, 21.20514557589626 ], [ -98.607910669230137, 21.205291657901864 ], [ -98.608426320526704, 21.206037348428058 ], [ -98.608227208626033, 21.207118655607001 ], [ -98.608001538613351, 21.207727387350204 ], [ -98.607290782964995, 21.209644559194501 ], [ -98.605226114499942, 21.215213352921317 ], [ -98.606544734039744, 21.216323693365734 ], [ -98.604804229467916, 21.217702862614178 ], [ -98.604775253112578, 21.217816369685956 ], [ -98.603592122452824, 21.218376337479004 ], [ -98.603798858802591, 21.219124712340768 ], [ -98.604419314907489, 21.219888689207295 ], [ -98.60468066843157, 21.220304730122653 ], [ -98.604667294188886, 21.220891915816296 ], [ -98.604445232265135, 21.221211188195866 ], [ -98.604163930803665, 21.222695987892642 ], [ -98.603996836735348, 21.223037234799609 ], [ -98.604079934835937, 21.224165067381232 ], [ -98.603899985772429, 21.225337375698324 ], [ -98.603547472181376, 21.226165543213977 ], [ -98.603370594350366, 21.226529425679445 ], [ -98.603169663559214, 21.226979290638845 ], [ -98.602253822183826, 21.228915509702638 ], [ -98.602317340016242, 21.229954206058864 ], [ -98.602306413792036, 21.230262438402562 ], [ -98.602152194532465, 21.230946499494266 ], [ -98.602317971588974, 21.231145187156848 ], [ -98.602322355184569, 21.231174752262461 ], [ -98.602158714899929, 21.231378817622755 ], [ -98.601561981931923, 21.231848406278484 ], [ -98.601426817919759, 21.232035569775739 ], [ -98.601340923737538, 21.232076797971622 ], [ -98.601274080069018, 21.232441962933819 ], [ -98.601215278151741, 21.232610176066611 ], [ -98.601053547974487, 21.232763365608076 ], [ -98.601272623271157, 21.233208867270921 ], [ -98.601287147733302, 21.234637568246587 ], [ -98.601623727308478, 21.23568961735851 ], [ -98.601680582964718, 21.23600209791617 ], [ -98.601971131807034, 21.237100245816713 ], [ -98.601670904403392, 21.237728185541851 ], [ -98.60162947629864, 21.237836125205238 ], [ -98.601666394182402, 21.238121768595516 ], [ -98.602119766070246, 21.23957190141687 ], [ -98.602231784459789, 21.240072016264261 ], [ -98.602153508849611, 21.240159042196282 ], [ -98.601951700404982, 21.240341306614258 ], [ -98.601858825845483, 21.240636269182762 ], [ -98.602036271693365, 21.241135293040625 ], [ -98.602071567271224, 21.241375873894402 ], [ -98.601889884792215, 21.241688585190641 ], [ -98.602088987219616, 21.242149402540637 ], [ -98.602300625313163, 21.242602764978713 ], [ -98.602335150238929, 21.242876476385732 ], [ -98.602085442168274, 21.243110724276029 ], [ -98.601635161824433, 21.243433363168222 ], [ -98.601309133903442, 21.243978002399245 ], [ -98.601131971822994, 21.244241067036313 ], [ -98.601096138254803, 21.244533919146456 ], [ -98.601411761972841, 21.244926168967041 ], [ -98.601641106220242, 21.245199299228091 ], [ -98.601675224451014, 21.245341239544302 ], [ -98.601538053931804, 21.24546370614215 ], [ -98.601204745902308, 21.245554335977076 ], [ -98.60076562996629, 21.245685760019999 ], [ -98.600444860782019, 21.245776690495973 ], [ -98.600125112609732, 21.246418294761266 ], [ -98.599809104932092, 21.247023207171249 ], [ -98.599866407723184, 21.247058278528296 ], [ -98.599597122833558, 21.247447370039776 ], [ -98.59944870522007, 21.247731060887684 ], [ -98.599694864835413, 21.24797789952877 ], [ -98.600121378812375, 21.247790235544869 ], [ -98.60030586813194, 21.24802197858806 ], [ -98.600468930576341, 21.248024907561874 ], [ -98.60066729222649, 21.248069995531026 ], [ -98.600828167969951, 21.248129538775324 ], [ -98.601147972587967, 21.248315455896357 ], [ -98.601262938928514, 21.248339846957055 ], [ -98.601595170880785, 21.248246785681694 ], [ -98.601806396993183, 21.248261755088681 ], [ -98.602138448534916, 21.248317455528493 ], [ -98.602442479215938, 21.248483466740808 ], [ -98.602559893835604, 21.248514740419168 ], [ -98.602583406536311, 21.248601354003725 ], [ -98.602896719919201, 21.248945043000884 ], [ -98.603013002201749, 21.248974862526417 ], [ -98.603285526437332, 21.24906155284248 ], [ -98.603440562646639, 21.249150282805495 ], [ -98.603587606649853, 21.249013187789561 ], [ -98.603942137279276, 21.249197089054888 ], [ -98.603964926679339, 21.249273435292018 ], [ -98.604103604756617, 21.249382864494077 ], [ -98.604202285588556, 21.24945822344587 ], [ -98.604341217472808, 21.249362373095579 ], [ -98.604427993373477, 21.24930687562162 ], [ -98.604866139831614, 21.249236003423448 ], [ -98.604854283421503, 21.24877191817729 ], [ -98.605136739865003, 21.248749815978922 ], [ -98.605148574899502, 21.248913373482694 ], [ -98.60550873483524, 21.248898112557086 ], [ -98.605513499781836, 21.248921138467082 ], [ -98.605539887870705, 21.249288041931457 ], [ -98.605928453060116, 21.249235230660503 ], [ -98.606058358843541, 21.249109430945047 ], [ -98.606161786001408, 21.249044840565791 ], [ -98.606276737575016, 21.249286631424329 ], [ -98.606610104692422, 21.248961146091098 ], [ -98.606853520487078, 21.248775682172845 ], [ -98.606935309214521, 21.248856183136869 ], [ -98.607136000718825, 21.249121417586263 ], [ -98.607168917118912, 21.249177287905471 ], [ -98.607481148316666, 21.249318067392 ], [ -98.607496412549139, 21.249373558832982 ], [ -98.607554332549029, 21.249396719808669 ], [ -98.607745476360435, 21.249418986957451 ], [ -98.607818352039544, 21.249458998877991 ], [ -98.607945004851786, 21.249736622692399 ], [ -98.607900721461618, 21.250120454766396 ], [ -98.608169224009558, 21.250200283265851 ], [ -98.608198996405235, 21.250271270592897 ], [ -98.608630169795802, 21.250427321605354 ], [ -98.608642933088802, 21.251066214511074 ], [ -98.608563082809283, 21.251649531442997 ], [ -98.608686759835734, 21.25164658073454 ], [ -98.608802446953675, 21.251673265731089 ], [ -98.608479433689794, 21.252589619428182 ], [ -98.60892490351624, 21.252704003778412 ], [ -98.608890834362924, 21.252808752929006 ], [ -98.608547690084023, 21.253863850691129 ], [ -98.608147469247442, 21.255094429661764 ], [ -98.607674801258881, 21.256547732176518 ], [ -98.607508584184856, 21.256593197530535 ], [ -98.607335387741216, 21.256638896389028 ], [ -98.607120690920709, 21.256754677256222 ], [ -98.606828584722805, 21.256975975456154 ], [ -98.606414147262655, 21.257355311555884 ], [ -98.606305403079034, 21.257616062804104 ], [ -98.606194040626292, 21.257689806631834 ], [ -98.605994742282377, 21.257673824761209 ], [ -98.605958942732613, 21.257643417063427 ], [ -98.605582612821536, 21.257957673188749 ], [ -98.605554826481438, 21.257962776677225 ], [ -98.605498862552238, 21.258121139905011 ], [ -98.605362584923952, 21.258243149790889 ], [ -98.604918674382375, 21.258628564895314 ], [ -98.60476210591483, 21.258737721650359 ], [ -98.604412493460345, 21.258931504176477 ], [ -98.604225511567904, 21.258790198321247 ], [ -98.603963927634126, 21.258536650029335 ], [ -98.603464076415648, 21.258728269361818 ], [ -98.603098626656958, 21.258868882178938 ], [ -98.602572327623847, 21.259129298581584 ], [ -98.60206560854283, 21.259459976551735 ], [ -98.601706091977846, 21.259539416198503 ], [ -98.601407564237604, 21.25964192862677 ], [ -98.601272390104512, 21.259720084964446 ], [ -98.601148506298713, 21.259865392313124 ], [ -98.600939221894691, 21.26005366595427 ], [ -98.600740898994161, 21.260322605587504 ], [ -98.60065789062142, 21.260386606541083 ], [ -98.600173427792228, 21.260916842219405 ], [ -98.600021542293504, 21.261053667892153 ], [ -98.599971291476166, 21.261201912629517 ], [ -98.60014291149389, 21.261443898289112 ], [ -98.600792937313628, 21.261789727066205 ], [ -98.601798574652463, 21.262102216266282 ], [ -98.602172597701525, 21.262226997975475 ], [ -98.602448561092231, 21.262349600849149 ], [ -98.602398427918175, 21.262542618719742 ], [ -98.602228667868872, 21.262694164130707 ], [ -98.601972090479933, 21.262881915528709 ], [ -98.601761673774419, 21.2632053786282 ], [ -98.601574247665582, 21.26353549717567 ], [ -98.601544529613022, 21.263654941081125 ], [ -98.602031943690164, 21.26396678335054 ], [ -98.601799620732038, 21.264096047906303 ], [ -98.602011072843709, 21.264304842775054 ], [ -98.60216386450324, 21.264395922625351 ], [ -98.602318284156595, 21.264557598616474 ], [ -98.602468581605578, 21.264713048897672 ], [ -98.602520746082362, 21.265002142735224 ], [ -98.602458100386258, 21.26528614343621 ], [ -98.602411552348855, 21.265516873131741 ], [ -98.602379400372911, 21.265706184450927 ], [ -98.602357150852995, 21.265815338215393 ], [ -98.602273988097778, 21.265886492918217 ], [ -98.602617490836465, 21.266460344556894 ], [ -98.602865432267819, 21.266824161409961 ], [ -98.602925773643989, 21.266882203359309 ], [ -98.603024738374415, 21.2669781539289 ], [ -98.603283306488933, 21.267198429840917 ], [ -98.603486854859909, 21.267312023700736 ], [ -98.603716049998312, 21.267448642371559 ], [ -98.604070768912862, 21.267582719247695 ], [ -98.60445330643941, 21.267833948176435 ], [ -98.604582084179697, 21.267972597196604 ], [ -98.604840182787939, 21.26827343009122 ], [ -98.604891478341486, 21.268319478101656 ], [ -98.60499569496892, 21.268482168590882 ], [ -98.604979811912401, 21.268882722017583 ], [ -98.604831896897409, 21.269003432158339 ], [ -98.604628116751528, 21.269201695087531 ], [ -98.60446349424231, 21.269405926214805 ], [ -98.604182487886732, 21.26948228286663 ], [ -98.603711394702927, 21.269426352454389 ], [ -98.603636080841653, 21.269427877194421 ], [ -98.603410677552972, 21.269455982644867 ], [ -98.603248540895805, 21.269611498711463 ], [ -98.603191239448122, 21.269742942024706 ], [ -98.603255268237049, 21.270103364804935 ], [ -98.603175748394222, 21.270186083115245 ], [ -98.603053623793869, 21.270310759034768 ], [ -98.603058502725673, 21.270522548455094 ], [ -98.603162718842711, 21.270685240395665 ], [ -98.603318231254832, 21.270893979070689 ], [ -98.603549601113357, 21.271124726325521 ], [ -98.603754782342151, 21.271308916583553 ], [ -98.604013970087095, 21.271656814572967 ], [ -98.604170419842276, 21.271814598535851 ], [ -98.604073943300023, 21.27207937531043 ], [ -98.604182379339889, 21.272342359787505 ], [ -98.604040487798599, 21.27244931404331 ], [ -98.603762684559612, 21.272375576417094 ], [ -98.603163087979624, 21.271896669396799 ], [ -98.60298082303143, 21.272045998427529 ], [ -98.603191769116378, 21.272832502059707 ], [ -98.603137510261007, 21.273255166556488 ], [ -98.603033866253142, 21.27375766065002 ], [ -98.602960409830416, 21.273897321181366 ], [ -98.602738799585737, 21.274115955768096 ], [ -98.60239358903074, 21.274281236992728 ], [ -98.601221361879581, 21.274323738616928 ], [ -98.601183044480109, 21.274527020762918 ], [ -98.60109908851156, 21.274806139683406 ], [ -98.60107665382867, 21.275017557111035 ], [ -98.60111228485404, 21.275285293129695 ], [ -98.601358155968711, 21.275553010885137 ], [ -98.602222188760805, 21.275516232730293 ], [ -98.602602396752644, 21.275516665525529 ], [ -98.603015516403389, 21.275569819595486 ], [ -98.603251027700466, 21.275630024715966 ], [ -98.603590212544702, 21.275694241207191 ], [ -98.603788985090347, 21.27593488641152 ], [ -98.603952400619434, 21.276171380860269 ], [ -98.603939568176187, 21.276449360922669 ], [ -98.603812154134189, 21.276591395080409 ], [ -98.603615061018999, 21.276648456301697 ], [ -98.603444256039609, 21.276977347827774 ], [ -98.603329485092075, 21.277283969182033 ], [ -98.603129397277741, 21.277537020583203 ], [ -98.603028906388843, 21.277830340182835 ], [ -98.602926677387401, 21.278085896483041 ], [ -98.60281129531451, 21.278619358836799 ], [ -98.602624902478226, 21.279072590858053 ], [ -98.602580282093143, 21.279367868216113 ], [ -98.602423310404006, 21.27947424526295 ], [ -98.602181023311317, 21.279527046246109 ], [ -98.60186766168944, 21.279526305685994 ], [ -98.60134057432559, 21.279551741152602 ], [ -98.600869967288176, 21.279655885148166 ], [ -98.600720593442787, 21.279707226397004 ], [ -98.600558479182297, 21.279785741549841 ], [ -98.600385600632947, 21.279848525161999 ], [ -98.600263920326185, 21.279890181075501 ], [ -98.60013987319455, 21.279911238185395 ], [ -98.599797913223625, 21.279950454503538 ], [ -98.599541667133636, 21.279896470933728 ], [ -98.599513646518901, 21.279722943453084 ], [ -98.599271970692996, 21.279548905721132 ], [ -98.59893568384696, 21.279529973514723 ], [ -98.59872637346821, 21.279576278884843 ], [ -98.598530974516265, 21.279667229528464 ], [ -98.598387953504712, 21.279880382905439 ], [ -98.598158072273193, 21.280029792171007 ], [ -98.59817188204353, 21.280189946173962 ], [ -98.598327951191962, 21.280417150926407 ], [ -98.59849848456615, 21.280564337020355 ], [ -98.598759565354428, 21.280865546095207 ], [ -98.598482646259484, 21.281151401197807 ], [ -98.598225455759135, 21.281444338722952 ], [ -98.59771029965215, 21.281540891214657 ], [ -98.59746822482424, 21.281513625411261 ], [ -98.597272227356683, 21.281521122346586 ], [ -98.597146187663199, 21.281663710456868 ], [ -98.597100174662202, 21.281820019868739 ], [ -98.597178847463439, 21.282066459101642 ], [ -98.597452656844041, 21.282309855256241 ], [ -98.597552779446517, 21.282518583646674 ], [ -98.597478680776661, 21.282711120278513 ], [ -98.597258794241696, 21.282811017453344 ], [ -98.59690936660202, 21.28273986959405 ], [ -98.596653080642511, 21.282699223146476 ], [ -98.596439676395931, 21.282605311122303 ], [ -98.596240543530953, 21.282498086644743 ], [ -98.596070093284624, 21.282324215864687 ], [ -98.595985214280844, 21.282110521180272 ], [ -98.595744569446367, 21.282120824134005 ], [ -98.595417688537381, 21.282707638829184 ], [ -98.595299202627373, 21.282949499232785 ], [ -98.595241453790734, 21.283229570193605 ], [ -98.595354822396601, 21.283443331228202 ], [ -98.59548247407389, 21.283643787621614 ], [ -98.595452817113724, 21.284070701563188 ], [ -98.595481138405574, 21.284574881995482 ], [ -98.595717364297442, 21.285105547467026 ], [ -98.595965697591495, 21.285349993600921 ], [ -98.596200477845827, 21.285341048269803 ], [ -98.596415437756292, 21.285370334156774 ], [ -98.596720751716191, 21.285469516647467 ], [ -98.596982257515748, 21.285480623391965 ], [ -98.597435057571019, 21.285449897716898 ], [ -98.597798315651531, 21.285473023500757 ], [ -98.598081267768819, 21.28547369862109 ], [ -98.598497031816422, 21.285456048277492 ], [ -98.599275639883217, 21.285459669104821 ], [ -98.599908497001678, 21.285494115692305 ], [ -98.600470768437589, 21.285627207887124 ], [ -98.600998091740522, 21.285677866965379 ], [ -98.601298495595032, 21.286025814388857 ], [ -98.601648585696424, 21.286603084005247 ], [ -98.601787688026747, 21.287179854872068 ], [ -98.601698620354611, 21.287607856213068 ], [ -98.600799756214954, 21.28841274827511 ], [ -98.599797932276346, 21.289455138188476 ], [ -98.599461187099678, 21.289990867472401 ], [ -98.599147880882555, 21.29114750370427 ], [ -98.599131460384854, 21.292050413078098 ], [ -98.599909563799002, 21.293622603523161 ], [ -98.60070272652834, 21.29514624870767 ], [ -98.601036150250266, 21.295840609615759 ], [ -98.601425966368808, 21.296351892264564 ], [ -98.602168817180228, 21.296894759213671 ], [ -98.602796420464003, 21.297303001440714 ], [ -98.603320729809298, 21.297498650718616 ], [ -98.603912637869584, 21.29799084992079 ], [ -98.604136092689899, 21.298449389437685 ], [ -98.604232839189009, 21.298842201554219 ], [ -98.604204129553963, 21.299130033382816 ], [ -98.604007447404413, 21.299535240402591 ], [ -98.603922562273226, 21.299927625119384 ], [ -98.603851379490038, 21.300424730349828 ], [ -98.603941198822781, 21.300816107668123 ], [ -98.604116337637919, 21.301120975567677 ], [ -98.604352596937034, 21.301592632455634 ], [ -98.604673267893887, 21.301842025781493 ], [ -98.605050012474265, 21.30202611658618 ], [ -98.605580992233925, 21.302001189934913 ], [ -98.606103267722787, 21.301820424105312 ], [ -98.60664964805251, 21.301259000102068 ], [ -98.607210347541667, 21.300566738911112 ], [ -98.60796656912045, 21.299901110597176 ], [ -98.608414887193888, 21.299636911925777 ], [ -98.609492732137824, 21.299270561134698 ], [ -98.609994233642979, 21.299212257020141 ], [ -98.610851314448425, 21.299371066657997 ], [ -98.611451836470593, 21.299464056002428 ], [ -98.611828788904589, 21.299569614447918 ], [ -98.612205698673165, 21.299688259793356 ], [ -98.612531334574328, 21.299812696503366 ], [ -98.612777596681468, 21.300042901304899 ], [ -98.613057860740071, 21.300636080016037 ], [ -98.613274371449052, 21.300941889026621 ], [ -98.613553121107273, 21.301189687358541 ], [ -98.613878102928126, 21.301568439503129 ], [ -98.614016886716655, 21.301917682882447 ], [ -98.614264292982057, 21.302281715970995 ], [ -98.614561398650665, 21.302633367398865 ], [ -98.61481828175134, 21.302852398123903 ], [ -98.615094000932544, 21.303156709902844 ], [ -98.615312609368715, 21.30347932940623 ], [ -98.615611494634067, 21.30382537429599 ], [ -98.615610497295009, 21.304209322560606 ], [ -98.615585733747068, 21.304457698158618 ], [ -98.615753830736438, 21.304729104866666 ], [ -98.616090829359905, 21.304955727355008 ], [ -98.616669086365448, 21.305137726598286 ], [ -98.61717547488368, 21.305138879852013 ], [ -98.617731462371864, 21.304906878068451 ], [ -98.618423384019366, 21.304865582084613 ], [ -98.618920914174637, 21.304962525034568 ], [ -98.619030107915606, 21.305026751047162 ], [ -98.619081380549332, 21.305261167824156 ], [ -98.618878484243339, 21.305432140033105 ], [ -98.619101245835481, 21.305814711437595 ], [ -98.619383925710721, 21.305830338788393 ], [ -98.619699981415962, 21.305915676045448 ], [ -98.620130494395411, 21.306499608572523 ], [ -98.619924340302148, 21.306785363324231 ], [ -98.620182566205969, 21.307142284919294 ], [ -98.620870956638328, 21.307369935570406 ], [ -98.621430101145535, 21.307113712780904 ], [ -98.621841733770708, 21.306964509738165 ], [ -98.622058831740787, 21.306931190556718 ], [ -98.622265935190583, 21.306923544875055 ], [ -98.622333565574536, 21.306974183407704 ], [ -98.622421026763249, 21.30766769164735 ], [ -98.622429328353434, 21.307993525018961 ], [ -98.62248426279973, 21.30812693281996 ], [ -98.622929383104079, 21.30824733851934 ], [ -98.623132679704355, 21.308040584954909 ], [ -98.623545958812102, 21.307568157984591 ], [ -98.62379626121411, 21.30767486590242 ], [ -98.62411993636978, 21.307816293606287 ], [ -98.624404870969585, 21.307937065778841 ], [ -98.624946934285063, 21.308164040484272 ], [ -98.624972764049019, 21.308322057194676 ], [ -98.624848132828745, 21.308565793725979 ], [ -98.624782592414363, 21.308715314263377 ], [ -98.624645319515025, 21.309079297931252 ], [ -98.624401704675549, 21.309485041983635 ], [ -98.624381840629468, 21.309659142639838 ], [ -98.62446555388982, 21.309728849704914 ], [ -98.624952696940127, 21.309843225397625 ], [ -98.62527331795016, 21.309949619278076 ], [ -98.625274369450821, 21.310035411497214 ], [ -98.625255706504944, 21.310198909785829 ], [ -98.625337981955752, 21.310221299686965 ], [ -98.626251899257753, 21.310524789712218 ], [ -98.626725837198407, 21.310525150080064 ], [ -98.626777737908199, 21.310593711634684 ], [ -98.627030818185901, 21.310586836879011 ], [ -98.627380261150563, 21.310695867599723 ], [ -98.627471849550261, 21.31092828767726 ], [ -98.627472386423719, 21.310966562095562 ], [ -98.62754968227334, 21.310783155834578 ], [ -98.628900421163081, 21.311620994962407 ], [ -98.629525619039896, 21.312000789295855 ], [ -98.63015360894488, 21.312343396571713 ], [ -98.630599150061414, 21.31254030699035 ], [ -98.630838294870557, 21.312646076916742 ], [ -98.630898604529179, 21.312670748622683 ], [ -98.631421743702049, 21.312954791044817 ], [ -98.631959196552259, 21.31310432808144 ], [ -98.632442442937077, 21.313203141524664 ], [ -98.633486023655394, 21.313339909271541 ], [ -98.633598530001493, 21.313354652623833 ], [ -98.634094928227356, 21.31329827442304 ], [ -98.634646878387528, 21.313276165182263 ], [ -98.634713653296188, 21.313273474674688 ], [ -98.635308288366673, 21.313250655219793 ], [ -98.635507657940977, 21.313242968388856 ], [ -98.635652028913057, 21.313237455984559 ], [ -98.636021839877984, 21.313083262813514 ], [ -98.636379166118431, 21.312934325791172 ], [ -98.636473608007876, 21.312924107985999 ], [ -98.636815610781397, 21.312887106576586 ], [ -98.636887672317116, 21.312879308494388 ], [ -98.637378008148502, 21.312976404964246 ], [ -98.638015953894538, 21.313150085723308 ], [ -98.63848260577619, 21.313201419253971 ], [ -98.638632310733257, 21.31318162532639 ], [ -98.638865997093163, 21.313150717779436 ], [ -98.63950942629171, 21.313028251556275 ], [ -98.639733098328577, 21.312956358647543 ], [ -98.639964032667194, 21.312908266442605 ], [ -98.640219537586262, 21.312875441456544 ], [ -98.641190404113516, 21.312874234846646 ], [ -98.641649987109716, 21.312737046284543 ], [ -98.641802582020347, 21.312727152007266 ], [ -98.643129182880529, 21.31275020485263 ], [ -98.643546515852563, 21.312640655905899 ], [ -98.6436836357788, 21.312688368705189 ], [ -98.643781355185652, 21.312746619562802 ], [ -98.64430509362569, 21.313058844959375 ], [ -98.644363732768312, 21.313093802306263 ], [ -98.644709452416492, 21.31311407976979 ], [ -98.64531416855236, 21.312806994300395 ], [ -98.645569865293069, 21.31271876866883 ], [ -98.645676267292643, 21.312728720150588 ], [ -98.64645955942062, 21.312801990132609 ], [ -98.647494831202124, 21.312358691617202 ], [ -98.647595322907478, 21.312315663318287 ], [ -98.647726870594369, 21.312407391035542 ], [ -98.648007481265935, 21.312603053291138 ], [ -98.648167948334702, 21.312714943824759 ], [ -98.648865709654871, 21.31292220458506 ], [ -98.649033127359147, 21.313089930996188 ], [ -98.649509383959355, 21.314012821239913 ], [ -98.650897021330422, 21.315086550929795 ], [ -98.651688512723837, 21.315088605745661 ], [ -98.652207443025389, 21.315288681377947 ], [ -98.652679105660596, 21.315510765606 ], [ -98.652820346948687, 21.315687947084644 ], [ -98.653031901117259, 21.316086382236922 ], [ -98.653173037819045, 21.316307783530885 ], [ -98.653526811524983, 21.316463289601103 ], [ -98.65406951147672, 21.3165970767324 ], [ -98.654163591695138, 21.31675204592959 ], [ -98.654304627612376, 21.317017666406279 ], [ -98.654522132858517, 21.31710731916246 ], [ -98.654682011976163, 21.317173219446918 ], [ -98.655319210232079, 21.317285083204968 ], [ -98.65579103838266, 21.317440826015897 ], [ -98.656151282242661, 21.317769183476543 ], [ -98.656412351037829, 21.317958594196121 ], [ -98.656502534494507, 21.317981303388624 ], [ -98.656565312683284, 21.317976807713187 ], [ -98.656888798956416, 21.318055415046153 ], [ -98.656927672334476, 21.318081269175803 ], [ -98.657473841816596, 21.318067797223179 ], [ -98.658028823532476, 21.318221822057222 ], [ -98.658272896354106, 21.318619876475971 ], [ -98.658712605721149, 21.319201813145071 ], [ -98.659347661489676, 21.320059345754789 ], [ -98.659690052529015, 21.320335240443502 ], [ -98.659918006855236, 21.320641493153602 ], [ -98.660271511898671, 21.320868192939141 ], [ -98.66035244010348, 21.320889610452852 ], [ -98.660578950651384, 21.320939594603256 ], [ -98.660955622042465, 21.321085967080545 ], [ -98.661306734903945, 21.321255687656304 ], [ -98.661583406320844, 21.321329917895518 ], [ -98.661759760003633, 21.321355654675344 ], [ -98.662085955526322, 21.32150142795226 ], [ -98.662236752177037, 21.321550515185066 ], [ -98.662437070900836, 21.321671145973937 ], [ -98.662637710038808, 21.321768127376281 ], [ -98.662812792103665, 21.321888461465292 ], [ -98.662988192584223, 21.321985144369318 ], [ -98.663314071031081, 21.322154564217268 ], [ -98.663464550889444, 21.322227299439749 ], [ -98.663790750377231, 21.322373069153297 ], [ -98.663991389603808, 21.322470048776367 ], [ -98.664192666704437, 21.322519731622613 ], [ -98.664546011847094, 21.322523902395645 ], [ -98.664671571176285, 21.3225726894925 ], [ -98.664746016345433, 21.322668179417331 ], [ -98.664971580287343, 21.322789106547521 ], [ -98.665297463229479, 21.322958520433122 ], [ -98.665543039773084, 21.322961418860299 ], [ -98.66571340044564, 21.322888761628032 ], [ -98.665853993297873, 21.322870475970234 ], [ -98.665955903612385, 21.322800718539362 ], [ -98.666160356898231, 21.32261390868247 ], [ -98.666287186810194, 21.322568097685171 ], [ -98.666514337225649, 21.322570776526756 ], [ -98.666630576340665, 21.322606831104668 ], [ -98.66673056968024, 21.322889761777418 ], [ -98.666766577123767, 21.322860784843968 ], [ -98.66693684756703, 21.322765958617566 ], [ -98.667024536055251, 21.322826568459412 ], [ -98.667031336039415, 21.323308868456859 ], [ -98.667135003609786, 21.323478568866577 ], [ -98.667309970794747, 21.323572459833468 ], [ -98.667619385908878, 21.323915617056002 ], [ -98.667883201538629, 21.324070693967268 ], [ -98.66837243224316, 21.324075652320765 ], [ -98.668306414939849, 21.32454875719332 ], [ -98.668385086225683, 21.324601868537329 ], [ -98.668530924161118, 21.324611752962955 ], [ -98.669089500619961, 21.324246982091584 ], [ -98.669538540330109, 21.324942922265858 ], [ -98.670420724765322, 21.324720192439109 ], [ -98.67044618203218, 21.324870423777121 ], [ -98.670615713769109, 21.324754658744592 ], [ -98.670727295842283, 21.324719653222509 ], [ -98.670908283764035, 21.324858783037495 ], [ -98.671014607323187, 21.324955077735961 ], [ -98.671005074979661, 21.325242837525604 ], [ -98.670938296964977, 21.325383002162411 ], [ -98.670830324394217, 21.325565692566428 ], [ -98.670628717841467, 21.325701041472833 ], [ -98.670659449451776, 21.325768624706992 ], [ -98.671093816598827, 21.32580056616051 ], [ -98.67126561872071, 21.325848046344181 ], [ -98.671383624222216, 21.325941064006511 ], [ -98.671570968325597, 21.326090482896991 ], [ -98.671937510536182, 21.326478413864024 ], [ -98.67211632635933, 21.326726893142055 ], [ -98.67227993554387, 21.326945015286142 ], [ -98.672457806766673, 21.327328768080587 ], [ -98.67277548125827, 21.327915966723477 ], [ -98.672814832809479, 21.328124366832959 ], [ -98.672802001450222, 21.328492209713641 ], [ -98.672759164253151, 21.328476818940906 ], [ -98.672800123850806, 21.328704475274847 ], [ -98.673192197792105, 21.328876914355945 ], [ -98.673479227877422, 21.329093401264696 ], [ -98.673321915766607, 21.329506962906994 ], [ -98.673150988965716, 21.329713898257577 ], [ -98.673885649369453, 21.330263854174092 ], [ -98.673949858368971, 21.330284881108561 ], [ -98.674015788162706, 21.33027670513372 ], [ -98.674138102517958, 21.330239724491996 ], [ -98.67418632521472, 21.33028359173089 ], [ -98.674207606962355, 21.330357960021541 ], [ -98.674142695161805, 21.330781950413069 ], [ -98.674240696012191, 21.331122693393926 ], [ -98.674337865763349, 21.331249762830467 ], [ -98.674692588824556, 21.33163623102196 ], [ -98.67468851917117, 21.332142359073277 ], [ -98.67485555267379, 21.332405042770251 ], [ -98.675290380854392, 21.332716150941032 ], [ -98.67537339901088, 21.333358805088341 ], [ -98.675729941147409, 21.334151574590908 ], [ -98.675762837003631, 21.334465698217297 ], [ -98.676225317312756, 21.33467352295936 ], [ -98.676381026514278, 21.334953720977843 ], [ -98.676674269217415, 21.336134206751094 ], [ -98.676763813193972, 21.336185894366611 ], [ -98.676960065565183, 21.336372592376467 ], [ -98.676950041057097, 21.336551244346587 ], [ -98.677221187287145, 21.33675042048251 ], [ -98.677963233051656, 21.337541546484736 ], [ -98.678187334539359, 21.337614008126305 ], [ -98.678387651960591, 21.337845937541722 ], [ -98.678393871092894, 21.338017833196137 ], [ -98.678512929493237, 21.338053921727251 ], [ -98.678882116500702, 21.338071033776245 ], [ -98.679119043234692, 21.3382191198314 ], [ -98.679423905305768, 21.338232977710593 ], [ -98.679528141443257, 21.338404834086845 ], [ -98.679958577512053, 21.338596931890027 ], [ -98.680076121241399, 21.338599160297985 ], [ -98.68015290743196, 21.338596242033745 ], [ -98.680599834582821, 21.339074264662969 ], [ -98.681047763558155, 21.339364566188124 ], [ -98.68134191617365, 21.339365117197215 ], [ -98.681639097381151, 21.339680239506365 ], [ -98.681771772504561, 21.339907263285617 ], [ -98.682134008232865, 21.340211232589777 ], [ -98.682364798690102, 21.340485609449605 ], [ -98.682544354092713, 21.340882924364173 ], [ -98.683370829455015, 21.341596014070717 ], [ -98.683586077693164, 21.34194836814212 ], [ -98.683582740096952, 21.341963944449216 ], [ -98.683547012089917, 21.342000697948937 ], [ -98.682671973026189, 21.342815035483294 ], [ -98.682577131522891, 21.342907690436334 ], [ -98.681140839237969, 21.344310791281625 ], [ -98.68109567116143, 21.344435077338421 ], [ -98.681108574419028, 21.345119270574401 ], [ -98.681112783560437, 21.345342482326341 ], [ -98.681173820147393, 21.346046015087172 ], [ -98.681083370857053, 21.346178487150006 ], [ -98.680734981037361, 21.346496010819582 ], [ -98.680268694913423, 21.34683964364077 ], [ -98.677506956373463, 21.34840066062922 ], [ -98.67509128477468, 21.349842945545589 ], [ -98.674193794592668, 21.348905973531039 ], [ -98.671827318027027, 21.348277857122014 ], [ -98.670659980025846, 21.348283769493122 ], [ -98.67029445772981, 21.348425100240377 ], [ -98.66805185870129, 21.348282478960201 ], [ -98.665587346374551, 21.34812555597486 ], [ -98.662801168804336, 21.347920044009228 ], [ -98.661204653460928, 21.347802499334307 ], [ -98.659495608299011, 21.347678181408597 ], [ -98.658953837284301, 21.347638769753644 ], [ -98.658668568412622, 21.347618017611946 ], [ -98.65769339825107, 21.347494205568843 ], [ -98.656580086778234, 21.347352844829587 ], [ -98.65574427160827, 21.347290656274197 ], [ -98.654666019832391, 21.347119350979838 ], [ -98.653716622032263, 21.346968513550618 ], [ -98.65333499979549, 21.346907879123428 ], [ -98.652750158420304, 21.346844184877735 ], [ -98.652519813112022, 21.348413791299425 ], [ -98.652298902349841, 21.34999752205103 ], [ -98.651903348353088, 21.352789111678955 ], [ -98.651727027882202, 21.352786418528307 ], [ -98.649600815594027, 21.352639618065911 ], [ -98.649622883566096, 21.353592062307118 ], [ -98.649630485834336, 21.354078300438221 ], [ -98.649086787568066, 21.354438909831025 ], [ -98.649687969267404, 21.354827495873657 ], [ -98.649472890632765, 21.354933234006044 ], [ -98.64860997279996, 21.355320266870798 ], [ -98.64809568158114, 21.35572385599178 ], [ -98.647731356455495, 21.355738677365707 ], [ -98.647400342433798, 21.355652470108222 ], [ -98.647194262167346, 21.3559239767275 ], [ -98.646929478398889, 21.356114155764114 ], [ -98.646475709212865, 21.356377908252707 ], [ -98.64642794626478, 21.356679505393867 ], [ -98.646016394024286, 21.357256125592549 ], [ -98.645674974929634, 21.35752820689893 ], [ -98.64538972297342, 21.357651726930374 ], [ -98.645159776434014, 21.358061699867907 ], [ -98.645526448556865, 21.358091919999033 ], [ -98.646348098719457, 21.358661696618768 ], [ -98.646170119595794, 21.358886880589754 ], [ -98.646013427224617, 21.359045133573673 ], [ -98.645837009598822, 21.359311661186219 ], [ -98.645466839031769, 21.359474550670914 ], [ -98.645144250742447, 21.359893734885496 ], [ -98.645036752747657, 21.360164377337693 ], [ -98.645062650477882, 21.360784558911504 ], [ -98.64516795140996, 21.36107034391609 ], [ -98.64475318860292, 21.360965442958808 ], [ -98.645164645074701, 21.361378167834161 ], [ -98.645135874858767, 21.361432117789654 ], [ -98.644391141317797, 21.363137299958773 ], [ -98.644154514738602, 21.36334096206204 ], [ -98.644321836573766, 21.363505661319021 ], [ -98.644540427622758, 21.363638165842698 ], [ -98.644733025380333, 21.363781406748164 ], [ -98.645009771843021, 21.363951551742851 ], [ -98.644984286121982, 21.364027144549802 ], [ -98.644873683786869, 21.364279625248418 ], [ -98.64442251022605, 21.365344551600579 ], [ -98.644046653266074, 21.366539467956041 ], [ -98.643713591165962, 21.366393160975282 ], [ -98.643566090746347, 21.366328367851718 ], [ -98.643387206111299, 21.36616388423306 ], [ -98.643248635235182, 21.366076971440997 ], [ -98.643091483556589, 21.366024672360247 ], [ -98.642860251231895, 21.365998192235693 ], [ -98.642675157496853, 21.366023786023963 ], [ -98.642519633628453, 21.366087883310747 ], [ -98.64252885892175, 21.366136882363513 ], [ -98.642480710636576, 21.366330201728513 ], [ -98.641986058249117, 21.366737387213256 ], [ -98.641965685970618, 21.366723477151677 ], [ -98.641739266962674, 21.366777918093117 ], [ -98.64149278961635, 21.366690784060985 ], [ -98.64133886521455, 21.366584599613716 ], [ -98.641195363303012, 21.36642070449173 ], [ -98.641103223695552, 21.366266534077781 ], [ -98.64091865756842, 21.366083302065178 ], [ -98.640733918963619, 21.365967430915386 ], [ -98.640374013635352, 21.365954474827408 ], [ -98.640250676658326, 21.366024132477264 ], [ -98.640199056857867, 21.366120255343095 ], [ -98.640106167528998, 21.366274025222445 ], [ -98.640023543118545, 21.366437436964684 ], [ -98.639900676714163, 21.366716806005002 ], [ -98.639544729419384, 21.367034685026173 ], [ -98.639311988194351, 21.367126404960349 ], [ -98.639153260244356, 21.367268166846333 ], [ -98.639004361410343, 21.367392523884462 ], [ -98.638915291373536, 21.367410846569893 ], [ -98.638835713065518, 21.367580081408104 ], [ -98.638711051667826, 21.367685686926901 ], [ -98.638552645593123, 21.36771711201775 ], [ -98.638337804985198, 21.36770606030219 ], [ -98.638055308852216, 21.367610161815229 ], [ -98.637863343462314, 21.367493280583361 ], [ -98.637705354168119, 21.367355300363847 ], [ -98.637615556743015, 21.367079827121415 ], [ -98.637616051587656, 21.366878661789439 ], [ -98.637537381990953, 21.366677324350722 ], [ -98.637424814941625, 21.366465330090808 ], [ -98.63740276425051, 21.36623235353235 ], [ -98.637380801493251, 21.365967610842301 ], [ -98.63740406885519, 21.365702970351801 ], [ -98.637641889118939, 21.365404826173261 ], [ -98.637675926011809, 21.365226653020656 ], [ -98.637788256833019, 21.365090587222369 ], [ -98.637945669213622, 21.364839282729204 ], [ -98.637867863723812, 21.364597954568119 ], [ -98.63777878103545, 21.364388059618985 ], [ -98.637577584543152, 21.364230346244604 ], [ -98.637365097458527, 21.364104063691908 ], [ -98.637219712213806, 21.364019871345224 ], [ -98.63706303144059, 21.363977588422443 ], [ -98.636816666014354, 21.363966569882912 ], [ -98.636503294987094, 21.363882013729263 ], [ -98.636130115514646, 21.363838429270643 ], [ -98.635726955797438, 21.363827069555448 ], [ -98.635435877724888, 21.363784499859978 ], [ -98.635395832714877, 21.363658511741829 ], [ -98.635249001888468, 21.363557434992419 ], [ -98.635132301437679, 21.363530570389372 ], [ -98.63486494986293, 21.363688889198869 ], [ -98.634540248148255, 21.363656728955565 ], [ -98.63432265094157, 21.363731051882024 ], [ -98.634280838045669, 21.363755014722834 ], [ -98.633900626785405, 21.364227164142562 ], [ -98.63380169902419, 21.364344249303855 ], [ -98.633646657495163, 21.364524250204788 ], [ -98.633479357292288, 21.364718481166154 ], [ -98.633191088259693, 21.365053144934318 ], [ -98.632971499057234, 21.365120529087822 ], [ -98.632940993809783, 21.365129890144924 ], [ -98.632523523436049, 21.365257989473438 ], [ -98.632439243746475, 21.365283849713446 ], [ -98.632229177153476, 21.365348307074626 ], [ -98.632074545144945, 21.365428289324807 ], [ -98.631875230351, 21.365521041960815 ], [ -98.631526665800592, 21.365590173855701 ], [ -98.631178305011659, 21.365577756952195 ], [ -98.630966900499246, 21.365530697951058 ], [ -98.630793050258191, 21.365390527885872 ], [ -98.630607033934766, 21.365145486912105 ], [ -98.630383530506961, 21.364958614581919 ], [ -98.630048225108837, 21.364701598082625 ], [ -98.62986211337298, 21.364491502866251 ], [ -98.629624907936432, 21.364469692923112 ], [ -98.629486017947315, 21.364527825569592 ], [ -98.629372701836274, 21.364626373392412 ], [ -98.629098615594955, 21.364765555688258 ], [ -98.628887007716216, 21.364800036359611 ], [ -98.628576029781911, 21.364764400509973 ], [ -98.628402192712002, 21.364624228000942 ], [ -98.628352685639996, 21.364519278981323 ], [ -98.6283157742171, 21.364356108966774 ], [ -98.62830379393381, 21.364169700587645 ], [ -98.628316743157711, 21.363971696135735 ], [ -98.628254793068578, 21.36386671268183 ], [ -98.628249778634071, 21.363755796036966 ], [ -98.628237618057241, 21.363641737438673 ], [ -98.628219074162786, 21.363512138007536 ], [ -98.628267079682331, 21.363336405850216 ], [ -98.628366659386572, 21.363132519625832 ], [ -98.628452351035577, 21.362903223815817 ], [ -98.628460361147745, 21.362887232084997 ], [ -98.628530503006587, 21.362529867927826 ], [ -98.628536659468153, 21.362499163128277 ], [ -98.628452993514784, 21.362298085073274 ], [ -98.628437690526269, 21.362039368091651 ], [ -98.628321758251417, 21.361737640364325 ], [ -98.628085905682781, 21.361582852710388 ], [ -98.628003477070422, 21.36130590078896 ], [ -98.62777466843464, 21.361039639404169 ], [ -98.627591187208921, 21.36071538602889 ], [ -98.627539705637673, 21.36040796131584 ], [ -98.627323223064749, 21.360009485153515 ], [ -98.627155651338441, 21.35981473996787 ], [ -98.626849233605029, 21.359795548779609 ], [ -98.62664111181013, 21.359998711889325 ], [ -98.626492335059439, 21.360192751221959 ], [ -98.626323895503205, 21.360340472323536 ], [ -98.626106093555961, 21.360460311482363 ], [ -98.625710423670967, 21.36055199013758 ], [ -98.625243056599302, 21.360821096774568 ], [ -98.625064520511657, 21.361052092507432 ], [ -98.625044199768936, 21.361264931150512 ], [ -98.625004019397267, 21.361514745994505 ], [ -98.62493444462072, 21.361662686625756 ], [ -98.624833710791151, 21.361905318899435 ], [ -98.624664875523578, 21.362210381466447 ], [ -98.624605111698557, 21.362386107368316 ], [ -98.624515520952116, 21.362626558038546 ], [ -98.624277383602134, 21.362968491996082 ], [ -98.624207815407033, 21.363363103363287 ], [ -98.624176078104668, 21.363765631049848 ], [ -98.624236811766394, 21.364038955534792 ], [ -98.624205467827466, 21.364283323115782 ], [ -98.623941592943027, 21.364673999949044 ], [ -98.623496404608815, 21.364718440428124 ], [ -98.623225984891363, 21.364668809042865 ], [ -98.622885859210882, 21.36457817021817 ], [ -98.622458417846971, 21.3645036748715 ], [ -98.621828324110368, 21.364312436714677 ], [ -98.62146210044375, 21.364189051232493 ], [ -98.621157013826675, 21.364049462795471 ], [ -98.620679653540009, 21.363781352830397 ], [ -98.620411146390722, 21.363566159145737 ], [ -98.620262210472845, 21.363351232241651 ], [ -98.620023532621389, 21.363164094879536 ], [ -98.619764933866335, 21.362967581736612 ], [ -98.619556002710667, 21.36283648913798 ], [ -98.619292797154344, 21.362668214071881 ], [ -98.619157855140699, 21.362515866084884 ], [ -98.619077113323399, 21.362338298836324 ], [ -98.619172174988222, 21.36221180821115 ], [ -98.619334730446596, 21.362148828493453 ], [ -98.619646031993852, 21.362136862733511 ], [ -98.619957487689092, 21.36206154506478 ], [ -98.620189230182859, 21.361709261201444 ], [ -98.62034725049358, 21.361246560183446 ], [ -98.620263623778897, 21.3609301336367 ], [ -98.620107700346153, 21.360579663742662 ], [ -98.620146158938226, 21.36025144212028 ], [ -98.620182982587636, 21.360003055769283 ], [ -98.620060245724162, 21.359708456714852 ], [ -98.61977197751493, 21.35929922381397 ], [ -98.61941081776007, 21.359016053791798 ], [ -98.619013154958907, 21.358857033948283 ], [ -98.618592557136211, 21.358773614344781 ], [ -98.618060621186004, 21.359026801899745 ], [ -98.617050345349597, 21.359656396175776 ], [ -98.616445187735309, 21.359782935588932 ], [ -98.615649213513436, 21.360150564894685 ], [ -98.6153589953758, 21.360461880014213 ], [ -98.615107331614965, 21.361136380572489 ], [ -98.614847024908173, 21.361801681744165 ], [ -98.614522459727738, 21.361924370390916 ], [ -98.614232820686041, 21.361968877998514 ], [ -98.613823178405255, 21.361775937856759 ], [ -98.613642708199905, 21.361594819932794 ], [ -98.613498451979723, 21.361402488484298 ], [ -98.613123165646655, 21.360991108419199 ], [ -98.612822567937826, 21.360617710459245 ], [ -98.612883329097812, 21.36044843948871 ], [ -98.612908195591359, 21.360166146533931 ], [ -98.612768703222613, 21.359810056061004 ], [ -98.61266331140456, 21.359605785190126 ], [ -98.612415723054113, 21.359363131891882 ], [ -98.612005911315805, 21.359237947504823 ], [ -98.61165600443006, 21.359166268776885 ], [ -98.611412246978801, 21.359196072162607 ], [ -98.611133527631239, 21.359289577759672 ], [ -98.61071114276983, 21.359356364969646 ], [ -98.610457849411745, 21.359344482336258 ], [ -98.610313370557776, 21.359242498526179 ], [ -98.610108953470075, 21.358993553882001 ], [ -98.609556016427888, 21.358854124585012 ], [ -98.609069540047571, 21.358956113838961 ], [ -98.608690178981334, 21.359326921017018 ], [ -98.608570517411863, 21.35935649731924 ], [ -98.608499565215837, 21.359402189910771 ], [ -98.608300801177961, 21.359528837882674 ], [ -98.608028222678925, 21.359529388027774 ], [ -98.60787185651877, 21.359421468880864 ], [ -98.607757499275493, 21.359225648145269 ], [ -98.607612467030833, 21.358785306902298 ], [ -98.607293869123126, 21.358267004076936 ], [ -98.60716719586469, 21.358154818920756 ], [ -98.606980550521584, 21.358126411416873 ], [ -98.606922370835335, 21.358136304800492 ], [ -98.606420417762408, 21.358478488121303 ], [ -98.606234560846914, 21.358580402950185 ], [ -98.605859833081141, 21.358799859490038 ], [ -98.60559259112793, 21.358940449335151 ], [ -98.605325794006745, 21.358918097801013 ], [ -98.605163593325912, 21.358830811306774 ], [ -98.605094356621791, 21.358689431715803 ], [ -98.605141202572625, 21.358526594038075 ], [ -98.605176476701374, 21.358352870410027 ], [ -98.605118609053136, 21.358298418658869 ], [ -98.60494457400614, 21.35829800806702 ], [ -98.60468926447075, 21.35831913364856 ], [ -98.604632603727552, 21.358332253193591 ], [ -98.603805896559919, 21.358822078293315 ], [ -98.603732010296071, 21.358968123892438 ], [ -98.603673326331233, 21.359217837215251 ], [ -98.603522408487294, 21.359250069180622 ], [ -98.603371635275252, 21.359227988460262 ], [ -98.603209521171024, 21.359108113060994 ], [ -98.603186608872534, 21.358999423358124 ], [ -98.603163990013968, 21.358782110508482 ], [ -98.603199089543295, 21.358673562620744 ], [ -98.603303920883292, 21.358521730162117 ], [ -98.603455159913025, 21.358370003352185 ], [ -98.603502329464916, 21.358087678407131 ], [ -98.603340277715148, 21.35794607393434 ], [ -98.602968974146989, 21.357956057508567 ], [ -98.602690712778099, 21.357879361765633 ], [ -98.602441784669367, 21.357868639232894 ], [ -98.60194837730532, 21.35818805621372 ], [ -98.601894467953969, 21.358379605072301 ], [ -98.60166944914539, 21.359155606170184 ], [ -98.600972987044543, 21.359171549525477 ], [ -98.600297013422548, 21.359919652939286 ], [ -98.60012719533691, 21.35993194598483 ], [ -98.599897018553406, 21.360059913408168 ], [ -98.599734791164465, 21.359983483991339 ], [ -98.599561344879987, 21.359765811757281 ], [ -98.599527510988892, 21.359407248358153 ], [ -98.599699981846342, 21.358817547387204 ], [ -98.599677278246858, 21.358632820767017 ], [ -98.599619620578352, 21.358502326939625 ], [ -98.599561843666208, 21.358415284506574 ], [ -98.599399412349172, 21.35841489664223 ], [ -98.599236948262501, 21.358425371392748 ], [ -98.599167128289992, 21.358501248171503 ], [ -98.599143538934285, 21.358642409096969 ], [ -98.599166299560707, 21.358805411860374 ], [ -98.599084640391354, 21.358968158850374 ], [ -98.59899140776804, 21.359120021160273 ], [ -98.598735887316423, 21.359217178652479 ], [ -98.598399111645278, 21.359325003902232 ], [ -98.598048013826727, 21.35947812276822 ], [ -98.597769576130233, 21.359466593434856 ], [ -98.597653818791642, 21.359368548983849 ], [ -98.59758464777434, 21.359205440200867 ], [ -98.597492125927786, 21.359096583824446 ], [ -98.597329840939324, 21.359041881237822 ], [ -98.597074586890542, 21.359041270190744 ], [ -98.596935269691969, 21.359073523021756 ], [ -98.596885680130654, 21.35916578985421 ], [ -98.596883491172903, 21.35924538222211 ], [ -98.596946010862752, 21.359388575272018 ], [ -98.597061440107211, 21.359606113575609 ], [ -98.597176693406823, 21.359888829062566 ], [ -98.597114066896793, 21.360085284153868 ], [ -98.596792934998732, 21.360028654527948 ], [ -98.596664303519859, 21.360145783674319 ], [ -98.596311630734945, 21.360980926224286 ], [ -98.596508323055531, 21.361397950632668 ], [ -98.596757867258049, 21.361743886655034 ], [ -98.596777315687532, 21.362006775918317 ], [ -98.596385728369285, 21.362435499610331 ], [ -98.596369884100383, 21.362653661778324 ], [ -98.595925018981418, 21.363066084593076 ], [ -98.595876575849275, 21.363387793077937 ], [ -98.596090809302638, 21.364190890156451 ], [ -98.595956733696042, 21.364308377289412 ], [ -98.595698754318249, 21.364368101234444 ], [ -98.595583000212372, 21.364271273247724 ], [ -98.595454393601727, 21.364162342670291 ], [ -98.595042213859728, 21.364040663497949 ], [ -98.594758985137034, 21.363907221214266 ], [ -98.594604129515076, 21.363967193084687 ], [ -98.59453924638477, 21.364123932060412 ], [ -98.594396711755948, 21.364389098601141 ], [ -98.594341921026171, 21.364658530052409 ], [ -98.59425398967953, 21.364726682207667 ], [ -98.594060495833517, 21.364774489228509 ], [ -98.593712671416114, 21.364689165466562 ], [ -98.593468044888368, 21.364579951622773 ], [ -98.59319508405386, 21.364570462220424 ], [ -98.593001580325151, 21.364618269497957 ], [ -98.592846558858, 21.364738579204776 ], [ -98.592717251871704, 21.3648830908379 ], [ -98.592652296473801, 21.365063965571338 ], [ -98.592625846401305, 21.365305279988309 ], [ -98.592650596001491, 21.365679471193584 ], [ -98.592714381575462, 21.365920998734808 ], [ -98.592713547935944, 21.366222716609766 ], [ -98.592607600811576, 21.36644302896325 ], [ -98.592452675519695, 21.366527135324759 ], [ -98.592259011857166, 21.366635285167217 ], [ -98.592001086516078, 21.366670862610736 ], [ -98.591833775176895, 21.366573905931308 ], [ -98.591808360734234, 21.366441087325576 ], [ -98.591744374881429, 21.366271970812054 ], [ -98.591512442438415, 21.36623519820898 ], [ -98.591385573500403, 21.366337594209394 ], [ -98.591326749269783, 21.366390030386974 ], [ -98.591297241027391, 21.36640541089087 ], [ -98.591150757125135, 21.366499832242614 ], [ -98.590970013082611, 21.366595941352557 ], [ -98.590879071420318, 21.366849164817069 ], [ -98.590968806279051, 21.36703041588893 ], [ -98.591148880874641, 21.367175677903937 ], [ -98.591238583359015, 21.367368995332974 ], [ -98.591146971640441, 21.367863590296757 ], [ -98.591056379769896, 21.368036192751902 ], [ -98.590914106165002, 21.368204808535715 ], [ -98.590862077135739, 21.368373647584207 ], [ -98.590990618142214, 21.368506713432339 ], [ -98.59118391649001, 21.368531321754915 ], [ -98.591261101036864, 21.368591855251911 ], [ -98.59131232390628, 21.36871266597019 ], [ -98.591247366702248, 21.368893540522055 ], [ -98.591117920004152, 21.369086324318761 ], [ -98.590781743242886, 21.369447570149831 ], [ -98.590290876778312, 21.370159050541709 ], [ -98.589620143552992, 21.370811465933837 ], [ -98.589663125157969, 21.37134812233656 ], [ -98.589864516085669, 21.371918743566404 ], [ -98.590229135613555, 21.37218570032838 ], [ -98.590259919239202, 21.372418421414846 ], [ -98.590051720026125, 21.372761722843929 ], [ -98.589856791600099, 21.372773220526515 ], [ -98.589648204905259, 21.372601436929202 ], [ -98.589544366295286, 21.372356509589689 ], [ -98.589414249630224, 21.372160456700353 ], [ -98.589283714074099, 21.372111200200383 ], [ -98.58894400188808, 21.372110368263233 ], [ -98.588342612801824, 21.372231229957059 ], [ -98.58795041156111, 21.372303675591898 ], [ -98.587505960066139, 21.372375981246822 ], [ -98.587114387901892, 21.372228214511185 ], [ -98.586932277381209, 21.371934155435888 ], [ -98.586723695544592, 21.371762375189277 ], [ -98.586436380821723, 21.371712730398425 ], [ -98.586122856368377, 21.371687488349728 ], [ -98.585865378394615, 21.37184157070887 ], [ -98.585630956909199, 21.372187458468311 ], [ -98.585572360873869, 21.372297819556554 ], [ -98.585336204207209, 21.372639777783668 ], [ -98.584969935599815, 21.372785677163066 ], [ -98.584577880280264, 21.372809176733703 ], [ -98.584264423510859, 21.372759462034292 ], [ -98.584072295517259, 21.372690390912489 ], [ -98.583734857609485, 21.372835841421519 ], [ -98.58348625436011, 21.37283368832172 ], [ -98.583461411313678, 21.372449337790226 ], [ -98.583272496656036, 21.37236552515207 ], [ -98.583064057070388, 21.372144804007544 ], [ -98.582960217258204, 21.371899871960252 ], [ -98.582883063593812, 21.371459265998315 ], [ -98.583006117745839, 21.371059764692795 ], [ -98.583072783880681, 21.370941939917834 ], [ -98.583064640291127, 21.370405114768989 ], [ -98.582892584012484, 21.370132176538455 ], [ -98.582674947607046, 21.369893193348954 ], [ -98.582538962421609, 21.3697310558595 ], [ -98.582375522478785, 21.369628458213747 ], [ -98.582184497588443, 21.369627984074206 ], [ -98.58209322547502, 21.369738463802616 ], [ -98.581840995153783, 21.369803356572405 ], [ -98.581689617609655, 21.369823865861449 ], [ -98.581571458774008, 21.369789511575302 ], [ -98.581389808227271, 21.369695383725844 ], [ -98.581262477949366, 21.369686551034466 ], [ -98.581050415015497, 21.369724427092986 ], [ -98.580963013170901, 21.369767416355753 ], [ -98.580898076613181, 21.369881506304164 ], [ -98.580851865401158, 21.370136865683193 ], [ -98.58088754917641, 21.370383911329444 ], [ -98.580968255266114, 21.370792876280671 ], [ -98.580876487228963, 21.371073669347254 ], [ -98.580612479315661, 21.371229998919755 ], [ -98.580506049955176, 21.371262915697276 ], [ -98.580455996183559, 21.371295826335597 ], [ -98.580228272701248, 21.371274527473631 ], [ -98.580120390026011, 21.371539592470121 ], [ -98.580120159634518, 21.371620498102679 ], [ -98.580201171006578, 21.371918757428009 ], [ -98.580300622775511, 21.372131903012278 ], [ -98.580455070583554, 21.372200415000314 ], [ -98.580673605376333, 21.37212431836026 ], [ -98.580864890291252, 21.372031121292334 ], [ -98.581010627750913, 21.371963355985628 ], [ -98.581237985346064, 21.371980956506377 ], [ -98.581328494642563, 21.372142985693923 ], [ -98.581310005508982, 21.372245130966164 ], [ -98.581300552657737, 21.372372841635059 ], [ -98.581318209616228, 21.372560234155081 ], [ -98.581335238731626, 21.373047947432418 ], [ -98.581217029468206, 21.373030618823083 ], [ -98.581044318753499, 21.372987611602504 ], [ -98.580971691800357, 21.372936331668122 ], [ -98.580917263177412, 21.372885104133697 ], [ -98.580835368474737, 21.372893416143395 ], [ -98.58081698632158, 21.372961495123615 ], [ -98.580798376124719, 21.373106215361151 ], [ -98.580788776931641, 21.373285029450138 ], [ -98.580797406876428, 21.373446849641709 ], [ -98.580824291018757, 21.373591683748501 ], [ -98.580841970439266, 21.373770560694176 ], [ -98.58082319929467, 21.37397489489074 ], [ -98.580750135016572, 21.374076903290636 ], [ -98.580586328893659, 21.374102043023846 ], [ -98.58034103764426, 21.373990723343059 ], [ -98.580140222974464, 21.373770467848207 ], [ -98.57996792441611, 21.373582688482095 ], [ -98.57983184272328, 21.37345461299504 ], [ -98.579602056534014, 21.373282877319571 ], [ -98.579293142296223, 21.373154363639291 ], [ -98.578974813750506, 21.373136533740229 ], [ -98.578767322207241, 21.373218103341472 ], [ -98.578442087345792, 21.373540835796543 ], [ -98.578355908052004, 21.373730014602796 ], [ -98.578070790578295, 21.37392613321181 ], [ -98.577754604846589, 21.374259015335667 ], [ -98.577568974434527, 21.374385590555555 ], [ -98.577295932897528, 21.374436001167695 ], [ -98.576959283071503, 21.37446069651385 ], [ -98.576748621209092, 21.374417017384435 ], [ -98.576469948717914, 21.374336490223953 ], [ -98.576011452576253, 21.374633695272724 ], [ -98.575955452719583, 21.374566977650669 ], [ -98.575747465497429, 21.374601838855074 ], [ -98.57554768956318, 21.374482110911099 ], [ -98.575320957850039, 21.374243096485035 ], [ -98.575221733942058, 21.373953305922949 ], [ -98.575093066976038, 21.373721974916815 ], [ -98.574782789592774, 21.373420701526427 ], [ -98.574645589496257, 21.373255660995749 ], [ -98.574523639537631, 21.373104980481759 ], [ -98.574370962498591, 21.373004348645072 ], [ -98.574321033826763, 21.372999211981099 ], [ -98.574093995712943, 21.372995411205132 ], [ -98.573926590786698, 21.373030255791722 ], [ -98.573689494307104, 21.373058101333474 ], [ -98.573404032573691, 21.373036162708893 ], [ -98.57330670703341, 21.373028681286215 ], [ -98.573057581233854, 21.373010977471303 ], [ -98.572778099288271, 21.37298750858508 ], [ -98.572431936200545, 21.372901289346157 ], [ -98.572057302146703, 21.37283091607533 ], [ -98.571821460318816, 21.372768444612881 ], [ -98.571434384072489, 21.372767455417929 ], [ -98.570981487578038, 21.372677916537928 ], [ -98.570728928917063, 21.37266640803178 ], [ -98.570468213791386, 21.372610593697235 ], [ -98.570190826884087, 21.372499587897941 ], [ -98.56997228114588, 21.372412364359349 ], [ -98.569562230952201, 21.372431620769632 ], [ -98.569205839194964, 21.372311495646347 ], [ -98.568950654189678, 21.37213757875174 ], [ -98.568733965495866, 21.372020581740983 ], [ -98.568469930107696, 21.371933672601962 ], [ -98.568235334957222, 21.371735295374755 ], [ -98.568299664065464, 21.37152945489753 ], [ -98.568321157031761, 21.371352759768417 ], [ -98.568331548708045, 21.371079397318404 ], [ -98.568348606245905, 21.370946807158482 ], [ -98.568273969669548, 21.370821783390298 ], [ -98.568049112755361, 21.370766590809851 ], [ -98.567715735757318, 21.370773536699875 ], [ -98.567472605164738, 21.370936951101104 ], [ -98.5674109199051, 21.370981892767123 ], [ -98.567106139559272, 21.371433833343406 ], [ -98.567070094571108, 21.371521978433538 ], [ -98.567061348150077, 21.371662394310317 ], [ -98.567085982365427, 21.371787288693262 ], [ -98.567210712180596, 21.371881237595353 ], [ -98.567418755565711, 21.371983199820409 ], [ -98.567451710469371, 21.372115918325868 ], [ -98.567434584757677, 21.372271915376771 ], [ -98.567375050239022, 21.37250015684797 ], [ -98.567341370174304, 21.372617102740726 ], [ -98.567249172107481, 21.372796309915056 ], [ -98.567173917481327, 21.372881940155427 ], [ -98.566965450418778, 21.372920409533744 ], [ -98.566849007278819, 21.372842090276141 ], [ -98.566779294943444, 21.372748801228838 ], [ -98.566658121143135, 21.372792849675697 ], [ -98.566652707901099, 21.372612844331943 ], [ -98.566408321796217, 21.372497662752352 ], [ -98.566135669142554, 21.372533511304592 ], [ -98.56597046188935, 21.37257944171618 ], [ -98.565920624699828, 21.372687483196263 ], [ -98.565911871730748, 21.372857441812705 ], [ -98.565969233373124, 21.372996668350311 ], [ -98.566034808986856, 21.373151368856867 ], [ -98.566157381791314, 21.373337517009436 ], [ -98.566264492635767, 21.373399607946698 ], [ -98.566445430318197, 21.373616419024 ], [ -98.566453409608783, 21.373709155165329 ], [ -98.566354279452128, 21.373739805984698 ], [ -98.566247077804249, 21.373708622952332 ], [ -98.566131729643558, 21.37363878768809 ], [ -98.565983520730455, 21.373522503957641 ], [ -98.565876458018707, 21.373444962589161 ], [ -98.56573644579737, 21.373344157673564 ], [ -98.565621131066607, 21.373266594397599 ], [ -98.565396759453833, 21.373171989903582 ], [ -98.56500002797334, 21.373023353172925 ], [ -98.565234534028718, 21.372176866959663 ], [ -98.564690159876875, 21.371937099751918 ], [ -98.564633166896698, 21.371933718504543 ], [ -98.564410256067021, 21.371956318164241 ], [ -98.564269730210214, 21.372033218505518 ], [ -98.564186807407211, 21.37216435373956 ], [ -98.564103677471621, 21.372365025149758 ], [ -98.564070006629123, 21.372589009598016 ], [ -98.564184686201926, 21.372868488839398 ], [ -98.564134342581042, 21.373146510074871 ], [ -98.564009495621335, 21.37350160258725 ], [ -98.563934328572415, 21.373802738398474 ], [ -98.563826647315722, 21.373933808059419 ], [ -98.563751814512628, 21.374119051028224 ], [ -98.563924535518552, 21.374320387426575 ], [ -98.564161474520489, 21.374639677091189 ], [ -98.564152628271472, 21.374840541840598 ], [ -98.563987142624001, 21.374979190114257 ], [ -98.563673401625579, 21.375017004261672 ], [ -98.563434313975463, 21.374931390684207 ], [ -98.56326123997691, 21.374845953392448 ], [ -98.563054646721454, 21.374780884368903 ], [ -98.563027661252164, 21.37477238493199 ], [ -98.562933366155661, 21.374776798088394 ], [ -98.562782619674834, 21.374821526700252 ], [ -98.562583940430798, 21.375021897987413 ], [ -98.562364504148988, 21.37532979889691 ], [ -98.562196508400916, 21.375472593555241 ], [ -98.561992101289491, 21.375608470417259 ], [ -98.561845943348445, 21.375758138288955 ], [ -98.561844809351427, 21.375764654813974 ], [ -98.561793447689652, 21.376059800863782 ], [ -98.561822016937938, 21.37625084746934 ], [ -98.561996163025071, 21.376490021516965 ], [ -98.562046498906071, 21.376715230011616 ], [ -98.562038442369015, 21.376974388816112 ], [ -98.561862435872911, 21.377179173698753 ], [ -98.561540042002463, 21.377444965008433 ], [ -98.561317112778156, 21.377508213564433 ], [ -98.561182732710463, 21.377546338821826 ], [ -98.560714725046452, 21.377662001607497 ], [ -98.560459967586453, 21.377579486112875 ], [ -98.560305809191007, 21.377489214624113 ], [ -98.560136940570558, 21.37741911078038 ], [ -98.560094340446028, 21.377383959441275 ], [ -98.559841560571556, 21.377284581806883 ], [ -98.559477188982584, 21.37731090714847 ], [ -98.559224535378704, 21.377292645961308 ], [ -98.558883367456701, 21.377430141728031 ], [ -98.558610940249039, 21.377694308825273 ], [ -98.558606636527415, 21.377704399523701 ], [ -98.558409078312806, 21.378167556051501 ], [ -98.558290229688396, 21.378389153291348 ], [ -98.557976136625413, 21.378651707410128 ], [ -98.557688555992087, 21.378962968577774 ], [ -98.557271214458808, 21.37940212247004 ], [ -98.556986503756121, 21.379601306063833 ], [ -98.556756901885265, 21.379625088858845 ], [ -98.556685676125213, 21.379632467075982 ], [ -98.5564052024734, 21.37960171155185 ], [ -98.55625336818207, 21.379443717014254 ], [ -98.556109256593871, 21.379383300952128 ], [ -98.555826280499019, 21.37938273182014 ], [ -98.555441487106492, 21.379389219149736 ], [ -98.555245268137227, 21.379370771557415 ], [ -98.555112915054437, 21.379358328524461 ], [ -98.55465582855993, 21.379409644778573 ], [ -98.55430302828097, 21.379438727366512 ], [ -98.55368343853911, 21.379482182192735 ], [ -98.553322749951221, 21.37946621038288 ], [ -98.552785851871676, 21.379404746875618 ], [ -98.552312942010062, 21.379388478767467 ], [ -98.552027273960661, 21.379461124919064 ], [ -98.551764950506708, 21.37972854352644 ], [ -98.551676789591696, 21.380054720755211 ], [ -98.551476444243463, 21.380415568055817 ], [ -98.551450052423561, 21.380826288504185 ], [ -98.551436464244645, 21.381199294351056 ], [ -98.551373134075291, 21.381548847774098 ], [ -98.551258291392543, 21.382087679436424 ], [ -98.551195349544656, 21.382309004546116 ], [ -98.551094798301961, 21.382611831910022 ], [ -98.551029774338488, 21.383231751849202 ], [ -98.550873260302936, 21.383700152581493 ], [ -98.550777897996412, 21.384015064456634 ], [ -98.550665713204467, 21.384186692855259 ], [ -98.550400514717253, 21.384331786296848 ], [ -98.550121355017168, 21.384349826948217 ], [ -98.549923036365115, 21.384488231608646 ], [ -98.549566478217145, 21.384598428490552 ], [ -98.549279841469755, 21.384495766594814 ], [ -98.548983228176212, 21.384420871968942 ], [ -98.548617260702443, 21.384373573333285 ], [ -98.548159781206422, 21.384372581890794 ], [ -98.547774227907468, 21.384260394166677 ], [ -98.54748807844345, 21.384000268033375 ], [ -98.547300847446323, 21.383749677676796 ], [ -98.547032388186167, 21.383468790400169 ], [ -98.54686460068406, 21.383051055957576 ], [ -98.546896271491278, 21.382748970430551 ], [ -98.547004479780867, 21.382547819185717 ], [ -98.547036284869961, 21.382202572230952 ], [ -98.547089413406781, 21.381868406767488 ], [ -98.547024788084386, 21.3813092854577 ], [ -98.546876236141713, 21.381075991725375 ], [ -98.546628166895445, 21.380842426493107 ], [ -98.546147900786536, 21.380608235729451 ], [ -98.54541386532371, 21.380633783679233 ], [ -98.544991823842679, 21.380743668312657 ], [ -98.5445826836918, 21.380939941440118 ], [ -98.544489327510746, 21.381297445391706 ], [ -98.5444357014091, 21.381593375937737 ], [ -98.544603509254443, 21.38215181930742 ], [ -98.544721051804643, 21.382497560924797 ], [ -98.544785988503492, 21.382806149041112 ], [ -98.544969613036201, 21.383090383400173 ], [ -98.545034969215962, 21.38326327293597 ], [ -98.545047376604259, 21.383510037162853 ], [ -98.545086155539096, 21.383756871869814 ], [ -98.545137799052227, 21.384102433407719 ], [ -98.545005443420678, 21.384287118813443 ], [ -98.544567201906133, 21.384386339828986 ], [ -98.544382889063669, 21.384324159218554 ], [ -98.544001103491269, 21.384199754425804 ], [ -98.543683092318503, 21.384049832363807 ], [ -98.542575981953306, 21.383967846902582 ], [ -98.542433314120018, 21.384047446662532 ], [ -98.541748186438625, 21.383996231095935 ], [ -98.541300232399365, 21.383958001132047 ], [ -98.540799877678424, 21.383820929971353 ], [ -98.540308501628331, 21.383716921873692 ], [ -98.539992485521211, 21.383629699893067 ], [ -98.539636864269397, 21.383567042236589 ], [ -98.539333914488751, 21.383516864763944 ], [ -98.539083946300067, 21.383380476799729 ], [ -98.539081804760215, 21.383210696523584 ], [ -98.539150656308593, 21.383098119860215 ], [ -98.539194274403656, 21.382955827227857 ], [ -98.539273787595846, 21.38284983297164 ], [ -98.539410543325815, 21.380868951863807 ], [ -98.539303524764676, 21.380593038122925 ], [ -98.53932938768321, 21.380230914321977 ], [ -98.53936989142646, 21.379922614247047 ], [ -98.539397438367999, 21.379540257147688 ], [ -98.539398364566537, 21.379244184733292 ], [ -98.539293448156315, 21.379083522688067 ], [ -98.539161824129096, 21.379033815346794 ], [ -98.538977365990192, 21.379020972876937 ], [ -98.538818880669893, 21.379131566301488 ], [ -98.538726168337291, 21.379279347776222 ], [ -98.538580514410427, 21.379501007178131 ], [ -98.538487531658333, 21.379735142341779 ], [ -98.538444035691512, 21.37997648912723 ], [ -98.538283457866712, 21.38026566398436 ], [ -98.537855702610457, 21.380330744795224 ], [ -98.537547249082877, 21.380417216514978 ], [ -98.537322158058814, 21.380368519885991 ], [ -98.537077114454704, 21.380319362529693 ], [ -98.536975212228299, 21.380086378824959 ], [ -98.536912839422669, 21.380048491563031 ], [ -98.536784581779798, 21.380066598822243 ], [ -98.536648006288274, 21.380178833136245 ], [ -98.536518225809303, 21.380306719709612 ], [ -98.53624479146157, 21.380325454430047 ], [ -98.536032457555891, 21.380372932067246 ], [ -98.535689946094379, 21.380334979781122 ], [ -98.535039756527638, 21.380157746672875 ], [ -98.534829180826861, 21.380070810715594 ], [ -98.53459224640757, 21.379983797041348 ], [ -98.53452678765639, 21.379847912622985 ], [ -98.534611420822088, 21.379780869664913 ], [ -98.534741042034867, 21.379659208161442 ], [ -98.534937030686706, 21.379545275764386 ], [ -98.53515508304389, 21.379350861770053 ], [ -98.535406067011536, 21.379169648682229 ], [ -98.535333684735434, 21.378887905925545 ], [ -98.53525508351342, 21.378739649807034 ], [ -98.535065815385693, 21.378682247508124 ], [ -98.53480753869357, 21.37857803614245 ], [ -98.534548467012414, 21.378608239798137 ], [ -98.534187270193527, 21.378674815032994 ], [ -98.533838062699218, 21.378791506327964 ], [ -98.533553417497259, 21.378729001633083 ], [ -98.533170981257868, 21.37884493721528 ], [ -98.532819301478924, 21.378799585194628 ], [ -98.53239527055031, 21.378721456523614 ], [ -98.531971365302866, 21.378531963323852 ], [ -98.531726721041622, 21.378281244166946 ], [ -98.531588575014936, 21.378163656513202 ], [ -98.531443499106288, 21.378040169407623 ], [ -98.531369021087016, 21.377991670155673 ], [ -98.531050163489468, 21.377639145481243 ], [ -98.531657666949528, 21.37704696546804 ], [ -98.531928411847943, 21.377162108709982 ], [ -98.532225523265296, 21.377058133813193 ], [ -98.532672518092454, 21.37695484262515 ], [ -98.533055556752629, 21.376896172849101 ], [ -98.533398000103915, 21.376820530544222 ], [ -98.533595263479441, 21.37672888838274 ], [ -98.533854472718787, 21.376510645561154 ], [ -98.53391657138711, 21.37633794850613 ], [ -98.533830910964795, 21.376176369847677 ], [ -98.53370817117785, 21.3760607851214 ], [ -98.533418763234124, 21.37596818627572 ], [ -98.533250082695446, 21.375938991819403 ], [ -98.533081172672027, 21.375981613555396 ], [ -98.532820337738968, 21.375980887716164 ], [ -98.532605715718304, 21.375922833697263 ], [ -98.532544746457361, 21.375793389920521 ], [ -98.53254520222491, 21.375649758910509 ], [ -98.532561006033063, 21.375506163282438 ], [ -98.532699640137082, 21.375334185436952 ], [ -98.532853346777628, 21.375248432983216 ], [ -98.533068468396948, 21.375148483663772 ], [ -98.533391036335203, 21.375034473671551 ], [ -98.533606294408429, 21.374891433070111 ], [ -98.533683694007223, 21.374676192420868 ], [ -98.533607658621563, 21.374460527570193 ], [ -98.533454965022401, 21.374230282463881 ], [ -98.533348146675593, 21.374043256516973 ], [ -98.533179649174528, 21.373956604908713 ], [ -98.532781096978397, 21.373840588142773 ], [ -98.532597617931458, 21.373638982824041 ], [ -98.532598028550566, 21.373509711261523 ], [ -98.532751550537427, 21.373481412407887 ], [ -98.533027857872554, 21.373439090265592 ], [ -98.533074344439171, 21.373295581464031 ], [ -98.53298311036265, 21.37303678179531 ], [ -98.532891731466094, 21.372821072421086 ], [ -98.532692825330329, 21.372648156202928 ], [ -98.532377303629204, 21.372480809591227 ], [ -98.532125088678669, 21.37242874399308 ], [ -98.531795774564301, 21.372468915898409 ], [ -98.531565118113363, 21.372540177338269 ], [ -98.531180937027287, 21.372580194092738 ], [ -98.530873888506989, 21.372517703136705 ], [ -98.53083052314517, 21.372353219960637 ], [ -98.530919351306267, 21.372024748190491 ], [ -98.531004312644995, 21.371877867414 ], [ -98.531178471927518, 21.371786794458547 ], [ -98.53138538932258, 21.371644948046796 ], [ -98.531527112337159, 21.371502918692403 ], [ -98.531582054684691, 21.37130978038342 ], [ -98.531452111930619, 21.37116699860816 ], [ -98.531278569110185, 21.371064781051757 ], [ -98.531098822317659, 21.370993336367501 ], [ -98.530342833491346, 21.371038276148756 ], [ -98.530181018734638, 21.371071885379219 ], [ -98.529963493707825, 21.371132316813394 ], [ -98.529800524966944, 21.371121687581219 ], [ -98.529692478682705, 21.370928092099724 ], [ -98.529686764772862, 21.370852559242913 ], [ -98.529714640184793, 21.370795902494752 ], [ -98.529726057936301, 21.37062299548078 ], [ -98.529835437638283, 21.370399490167756 ], [ -98.529988277221946, 21.370176107598834 ], [ -98.530239215820203, 21.369861445035603 ], [ -98.530206404242477, 21.369532175878749 ], [ -98.530022128531598, 21.369389239808108 ], [ -98.529718193586149, 21.36928665727779 ], [ -98.529511799368109, 21.369265731776295 ], [ -98.529305044782632, 21.369356711785258 ], [ -98.529130823026648, 21.369468123250883 ], [ -98.528945734363631, 21.36957950961801 ], [ -98.528760525977503, 21.369731588397983 ], [ -98.528586333541398, 21.369832829748002 ], [ -98.528336369895953, 21.369842302137339 ], [ -98.528217199752305, 21.369730061943098 ], [ -98.528185189819425, 21.369546853255606 ], [ -98.52816466425368, 21.369170391615242 ], [ -98.528252084386239, 21.369018038439325 ], [ -98.528382608799419, 21.368977712557875 ], [ -98.528545403637978, 21.369039210375782 ], [ -98.528773213344081, 21.369161927215824 ], [ -98.528990473732819, 21.369182884059558 ], [ -98.529197228263854, 21.369091904483923 ], [ -98.52946260325615, 21.368845078510752 ], [ -98.529558041805828, 21.368699848752083 ], [ -98.529576110899797, 21.368449320328132 ], [ -98.529611885280573, 21.368061427320296 ], [ -98.529578305688219, 21.367762259325968 ], [ -98.529466348572413, 21.367673031262278 ], [ -98.5292419680423, 21.36764006958111 ], [ -98.528870760557737, 21.367622858773448 ], [ -98.528253403563468, 21.367699117972013 ], [ -98.527933664106286, 21.367787134173653 ], [ -98.527588185637029, 21.367826576057347 ], [ -98.527424218633897, 21.367801868115311 ], [ -98.527329788791093, 21.367631854224495 ], [ -98.52732154542835, 21.367510583450752 ], [ -98.527434304443403, 21.367349238237168 ], [ -98.527547193319023, 21.367147474749686 ], [ -98.527651448031634, 21.366945691457243 ], [ -98.527678127319234, 21.3667032723007 ], [ -98.527549111542342, 21.3665493288145 ], [ -98.527402543638573, 21.366484251245275 ], [ -98.527195383273437, 21.366467498871899 ], [ -98.526884589992562, 21.366458541584834 ], [ -98.526522071419507, 21.366425186668248 ], [ -98.526202982333032, 21.366311120869845 ], [ -98.525866367230918, 21.36627783843597 ], [ -98.525529202749283, 21.366216724541726 ], [ -98.525422313447407, 21.36610765665813 ], [ -98.525181095086936, 21.366027388117768 ], [ -98.524952678070008, 21.366152307722817 ], [ -98.524777757222864, 21.366327609520486 ], [ -98.524575762674004, 21.366578177164168 ], [ -98.524418874798755, 21.366711616903004 ], [ -98.524076855116306, 21.367019936949109 ], [ -98.523521701696993, 21.367327657079223 ], [ -98.523157148344097, 21.367548119960581 ], [ -98.522922176282322, 21.367707089294733 ], [ -98.522687302239376, 21.3678361235945 ], [ -98.522558777342198, 21.368035299175556 ], [ -98.522451432209564, 21.36827444388943 ], [ -98.521967715639178, 21.368592120014277 ], [ -98.521626343019165, 21.368700894393879 ], [ -98.521231998832377, 21.36870974495676 ], [ -98.520656786348837, 21.368628291083454 ], [ -98.520520009452369, 21.368628582624236 ], [ -98.520081892044303, 21.368447057277663 ], [ -98.519730862967634, 21.368246511191852 ], [ -98.519646257173008, 21.368046727877097 ], [ -98.51965766216388, 21.367817286037521 ], [ -98.519764781934867, 21.367647980679124 ], [ -98.519802720600538, 21.367504450579343 ], [ -98.519870914672737, 21.367190472182365 ], [ -98.519842081854378, 21.366820101995454 ], [ -98.519874708845492, 21.366620654869894 ], [ -98.51993961816693, 21.366321525000515 ], [ -98.520089530329244, 21.366102457605471 ], [ -98.520324893102298, 21.365823770335798 ], [ -98.520646439868415, 21.365460260988883 ], [ -98.520636824173096, 21.365140964864345 ], [ -98.52041461945123, 21.364651450283748 ], [ -98.519990116364795, 21.364111472729313 ], [ -98.519629061038543, 21.363721332047675 ], [ -98.519233969173243, 21.363278774138653 ], [ -98.518473275844485, 21.36259827440492 ], [ -98.517990482321238, 21.362257542763647 ], [ -98.517444512767923, 21.361864704779258 ], [ -98.517014793688134, 21.361716515630061 ], [ -98.516492163080429, 21.361592482359253 ], [ -98.516095926032733, 21.361471325824827 ], [ -98.515702622478244, 21.361493521657408 ], [ -98.515384777378415, 21.36168564529536 ], [ -98.515169522917475, 21.362029608503544 ], [ -98.51522346953702, 21.36277219096592 ], [ -98.515233404557733, 21.363619447748327 ], [ -98.51528103515956, 21.364239546916899 ], [ -98.515384244474006, 21.364742527206459 ], [ -98.515268594011488, 21.3650949964684 ], [ -98.514846096659866, 21.365216201780491 ], [ -98.514368549142517, 21.365149258163086 ], [ -98.51425275195831, 21.364810037051654 ], [ -98.514072031671091, 21.364391043987908 ], [ -98.513709160903602, 21.363987015593484 ], [ -98.513329948395977, 21.363520946674054 ], [ -98.512884357019345, 21.363101185728201 ], [ -98.512401211665761, 21.362725124684353 ], [ -98.511888800564464, 21.362491153755354 ], [ -98.51142580399322, 21.362513132155094 ], [ -98.510949765049517, 21.362645571157003 ], [ -98.510481526807297, 21.362989988801925 ], [ -98.510161428982173, 21.363194982161186 ], [ -98.509865761771351, 21.363508194088372 ], [ -98.50964925890689, 21.363949581116092 ], [ -98.508959333925588, 21.364114513845394 ], [ -98.508341489274898, 21.364077302257957 ], [ -98.508173602578751, 21.364233483735187 ], [ -98.507990414593976, 21.364558427975272 ], [ -98.5078738609147, 21.364759572740162 ], [ -98.507575735090342, 21.365076137687975 ], [ -98.507353456466802, 21.365432397635484 ], [ -98.50685602667896, 21.366103447014201 ], [ -98.506603593729452, 21.366851497603498 ], [ -98.506650812824546, 21.367388314874514 ], [ -98.506880084330646, 21.368039067739353 ], [ -98.507032862067263, 21.368496979199683 ], [ -98.507056727946292, 21.369050815819364 ], [ -98.507155347149151, 21.369447396049235 ], [ -98.507379052711045, 21.369970979052052 ], [ -98.508051263330643, 21.37035132458584 ], [ -98.508404733956567, 21.370562419798571 ], [ -98.509070009609843, 21.370650748274929 ], [ -98.509650875963487, 21.37007216410689 ], [ -98.51029618077024, 21.369576027624063 ], [ -98.510945521331763, 21.36917966415951 ], [ -98.511591582438982, 21.368974268274734 ], [ -98.51226379999747, 21.369354595111236 ], [ -98.512665798641223, 21.369986390565614 ], [ -98.513053485434284, 21.370319345823589 ], [ -98.513626059105277, 21.370725997818081 ], [ -98.514568873747308, 21.370809799006242 ], [ -98.515396899631682, 21.370824755175061 ], [ -98.515720582628745, 21.37142982820102 ], [ -98.515751843576993, 21.372289641580537 ], [ -98.51523093296403, 21.372951772954739 ], [ -98.514312025540846, 21.373595714943153 ], [ -98.513658073447132, 21.373977336215795 ], [ -98.513313555339025, 21.374191539862426 ], [ -98.513130733402548, 21.374452850010464 ], [ -98.513003806532836, 21.374691507098103 ], [ -98.513023361752971, 21.37489739464252 ], [ -98.513033500392993, 21.375485619853936 ], [ -98.51323614017906, 21.376002731623775 ], [ -98.513235064473918, 21.376327950466901 ], [ -98.513254363893296, 21.376672354563162 ], [ -98.512931353014636, 21.377067892215294 ], [ -98.511884064682306, 21.377258148610306 ], [ -98.510617233565199, 21.377744749820017 ], [ -98.509525980791835, 21.377971214550829 ], [ -98.508682614871262, 21.378392929440487 ], [ -98.507807010497885, 21.379150134080859 ], [ -98.506772280817714, 21.380073557596468 ], [ -98.505692040036266, 21.381190834910129 ], [ -98.505173022354256, 21.381661875820871 ], [ -98.504954266147706, 21.381997006384662 ], [ -98.505063224666941, 21.382621042946667 ], [ -98.505588717494561, 21.383241203790419 ], [ -98.506083878124755, 21.383829457152615 ], [ -98.506584534330713, 21.384466004540716 ], [ -98.506884362937484, 21.385007886083379 ], [ -98.507133275836139, 21.385737818647105 ], [ -98.507081649382016, 21.386161035095935 ], [ -98.506791939094214, 21.386309558141434 ], [ -98.506102410696343, 21.386596252503608 ], [ -98.505858924203409, 21.386836470344772 ], [ -98.505610490970994, 21.387266843051641 ], [ -98.505360619167078, 21.388077746260837 ], [ -98.505184475275158, 21.388660408530214 ], [ -98.504729510200505, 21.389212928302417 ], [ -98.504348744407565, 21.389362567284572 ], [ -98.504043405230917, 21.389497787984705 ], [ -98.503420999074564, 21.389477019920047 ], [ -98.502922856317909, 21.389351083513102 ], [ -98.502624665351149, 21.389070153699137 ], [ -98.502509664523231, 21.388688444105412 ], [ -98.50227610917598, 21.388329779645368 ], [ -98.50198395878526, 21.388009863852655 ], [ -98.501859925435554, 21.387764757058548 ], [ -98.501845520828738, 21.38738441334737 ], [ -98.501840073252424, 21.387055771490235 ], [ -98.501842197171101, 21.38650782065433 ], [ -98.501760360028925, 21.386025058162581 ], [ -98.501508044507389, 21.385641360796239 ], [ -98.501207713406046, 21.385456510350984 ], [ -98.500685737494706, 21.385347086516774 ], [ -98.500000292631043, 21.385342500704063 ], [ -98.498975318257209, 21.38555257737746 ], [ -98.498359357971353, 21.385729986916488 ], [ -98.498021976955755, 21.385832312938955 ], [ -98.497589910984814, 21.385924012937018 ], [ -98.497179808249427, 21.386059607052644 ], [ -98.496417028828176, 21.386366004983604 ], [ -98.495766585987468, 21.386770532235133 ], [ -98.495295796818468, 21.387093033781973 ], [ -98.494915221088391, 21.387181014187256 ], [ -98.49460253680239, 21.387170240654395 ], [ -98.494378815999724, 21.387340866394499 ], [ -98.494122094673415, 21.387510271393147 ], [ -98.493781484157381, 21.387938609559761 ], [ -98.493436109462863, 21.388419108632256 ], [ -98.493042633828566, 21.388889388838304 ], [ -98.492711739672856, 21.389285660086568 ], [ -98.49250784889162, 21.389662699550332 ], [ -98.492372675810827, 21.390226943446233 ], [ -98.491929993508975, 21.390797886885508 ], [ -98.49176114282281, 21.391128225379994 ], [ -98.491624625752678, 21.391590846152404 ], [ -98.491298270927857, 21.391987428867512 ], [ -98.490843230115388, 21.392092893888655 ], [ -98.490252902369917, 21.392175079892144 ], [ -98.489967575789933, 21.391972085322578 ], [ -98.48975444647391, 21.391731076987522 ], [ -98.489455805582935, 21.391469778490194 ], [ -98.48917835980987, 21.391268632507757 ], [ -98.488879303391528, 21.391127516226099 ], [ -98.4883616015928, 21.391225318738005 ], [ -98.488039332542954, 21.391430931304203 ], [ -98.487697459945053, 21.391723948875633 ], [ -98.487452979636686, 21.391953865993095 ], [ -98.48710349646592, 21.392229479647831 ], [ -98.486927619704147, 21.392386187137316 ], [ -98.486817881538514, 21.392640849326636 ], [ -98.486706067744294, 21.393581949744291 ], [ -98.486655893328603, 21.394188230591592 ], [ -98.486534404372378, 21.39460939381096 ], [ -98.486483779481944, 21.395099962996991 ], [ -98.486449019721988, 21.395628006957551 ], [ -98.486505968275054, 21.396135293907669 ], [ -98.487167312297714, 21.396698154472386 ], [ -98.487415602165839, 21.396884234170816 ], [ -98.487538802484451, 21.397155254110711 ], [ -98.487447886909976, 21.397546921974989 ], [ -98.487247183671414, 21.397868051631104 ], [ -98.487039741466063, 21.398148403770719 ], [ -98.486737008361715, 21.398335525519066 ], [ -98.486417269904152, 21.398517651458114 ], [ -98.486146259411356, 21.398520439760674 ], [ -98.486114319315107, 21.398520767909666 ], [ -98.485535278823718, 21.398375683594249 ], [ -98.485086712409057, 21.398153976301455 ], [ -98.484552630806093, 21.397911974995292 ], [ -98.483954640689433, 21.397589650712234 ], [ -98.483483669625471, 21.397439412403319 ], [ -98.483211390471524, 21.397324980329973 ] ] ] ] } },
{ "type": "Feature", "properties": { "region": "Golfo de México", "Nombre": "Río Tecolutla", "hectareas": 10400.0 }, "geometry": { "type": "MultiPolygon", "coordinates": [ [ [ [ -98.230426269031256, 19.774606585953055 ], [ -98.229838354732181, 19.774483045175376 ], [ -98.229223610997437, 19.774625590968082 ], [ -98.228787958373928, 19.774768930507836 ], [ -98.228172397687786, 19.77508089203176 ], [ -98.227581218363497, 19.775634954354761 ], [ -98.22711919454224, 19.775947576186404 ], [ -98.226632706120554, 19.776018070363243 ], [ -98.22619622992093, 19.776330799255213 ], [ -98.225836716874326, 19.776595447147763 ], [ -98.225526670869073, 19.777223338953576 ], [ -98.225547553924102, 19.777739643364651 ], [ -98.225359699311056, 19.778319085861611 ], [ -98.225347958943118, 19.778733509911021 ], [ -98.225395354791914, 19.779000811771017 ], [ -98.225490989427982, 19.779369662100585 ], [ -98.225639715770996, 19.779787115931494 ], [ -98.224645478474812, 19.779657489611534 ], [ -98.224549935766802, 19.779637286933124 ], [ -98.224019688540579, 19.779525163874549 ], [ -98.223551400900902, 19.779208373005218 ], [ -98.222809957549671, 19.778705226352361 ], [ -98.222008783794578, 19.778405480496811 ], [ -98.220972568697562, 19.778141747884213 ], [ -98.219993941844052, 19.778100467054834 ], [ -98.219328471528982, 19.778079045111781 ], [ -98.218564964154126, 19.778094229879216 ], [ -98.217859981452307, 19.778146682479335 ], [ -98.217389681775217, 19.778237198084994 ], [ -98.216155550488594, 19.778416963659588 ], [ -98.221424246504398, 19.773576354720159 ], [ -98.220680235747352, 19.773357193146403 ], [ -98.219944130118719, 19.773097191811992 ], [ -98.219478937403778, 19.772935566454439 ], [ -98.219079758438127, 19.773173400429478 ], [ -98.21859054481547, 19.773325294200163 ], [ -98.218011591451685, 19.773322764557204 ], [ -98.217323413421596, 19.773456652120572 ], [ -98.216815924428246, 19.773642679137005 ], [ -98.216525965590421, 19.77374408837251 ], [ -98.215909164491691, 19.774083640497686 ], [ -98.215274379818823, 19.774406001347497 ], [ -98.215056343891263, 19.774593269361297 ], [ -98.214747437648356, 19.774865731460984 ], [ -98.214204691882927, 19.774863347904386 ], [ -98.213697950908738, 19.774895339851359 ], [ -98.213173774567295, 19.774790356132215 ], [ -98.212469034031415, 19.774616140197711 ], [ -98.211962714290252, 19.774562559271818 ], [ -98.211348342398352, 19.774405845351339 ], [ -98.210715781887146, 19.774266158787682 ], [ -98.210210053071506, 19.774092788314039 ], [ -98.209758604555702, 19.773919679206326 ], [ -98.209434578998042, 19.773593102750034 ], [ -98.209128451346871, 19.773300823644462 ], [ -98.208875927392484, 19.773145700996686 ], [ -98.208644595546048, 19.772950409498574 ], [ -98.207271053508137, 19.771807478913313 ], [ -98.204114762634717, 19.769180999356628 ], [ -98.202641415143972, 19.76795491107714 ], [ -98.202094311475051, 19.76828548488966 ], [ -98.201645551972561, 19.768394208970633 ], [ -98.20135877235353, 19.768213394512991 ], [ -98.200751108886507, 19.768030398668504 ], [ -98.200302780518797, 19.7675221648025 ], [ -98.199369040926712, 19.767081270672403 ], [ -98.198358132039587, 19.766767642748327 ], [ -98.197440343072415, 19.766344681769883 ], [ -98.196612829240138, 19.766093381130119 ], [ -98.196159891836118, 19.765860339971848 ], [ -98.195861020653851, 19.765817368110238 ], [ -98.195628751673084, 19.765740603093111 ], [ -98.195269023167555, 19.765673505836414 ], [ -98.195060851098702, 19.76564191719012 ], [ -98.194826544858117, 19.765548172565978 ], [ -98.194484194247707, 19.765589651852068 ], [ -98.194375932166281, 19.765371890117709 ], [ -98.194098654861236, 19.764388549901877 ], [ -98.193795838106752, 19.763706737550123 ], [ -98.193517494042041, 19.762954092424533 ], [ -98.194463291399813, 19.762925441881599 ], [ -98.195220773091393, 19.762973203566819 ], [ -98.195797829235246, 19.76307456407854 ], [ -98.196724313676839, 19.762206263591125 ], [ -98.197793862943215, 19.762059093963042 ], [ -98.198287039368367, 19.761278723958764 ], [ -98.198134134948347, 19.760690376689819 ], [ -98.198056476842424, 19.760195890544715 ], [ -98.198050942667265, 19.759276810567744 ], [ -98.198273414798166, 19.759016372711823 ], [ -98.198544818538124, 19.758614270127687 ], [ -98.198667009630356, 19.758236539055094 ], [ -98.198638141436277, 19.757576821025324 ], [ -98.198509635573245, 19.757351404312452 ], [ -98.19822863899617, 19.756955838692509 ], [ -98.19747865698011, 19.756017174780638 ], [ -98.196961644926958, 19.755325688081768 ], [ -98.196417888841694, 19.754781752428876 ], [ -98.195774488998552, 19.754304504236295 ], [ -98.195511873471375, 19.753366186861715 ], [ -98.195469248216284, 19.752458611927587 ], [ -98.195677606514082, 19.751671161305737 ], [ -98.196228419156327, 19.750315604963639 ], [ -98.19722434649438, 19.749592641404487 ], [ -98.197593062644685, 19.749106348331701 ], [ -98.197845476298085, 19.748787841622633 ], [ -98.197701982916513, 19.748023448416106 ], [ -98.19723827747228, 19.747086065817516 ], [ -98.197164638815096, 19.746199657383951 ], [ -98.196804903086957, 19.745287355732099 ], [ -98.196916251011459, 19.743835670210043 ], [ -98.196713746133895, 19.742702553366151 ], [ -98.19635143355795, 19.742307114799683 ], [ -98.195908311678295, 19.741840349115407 ], [ -98.195698807506844, 19.741619664621453 ], [ -98.196390321158262, 19.74165667075486 ], [ -98.19661189651903, 19.741720867638662 ], [ -98.196871832895098, 19.74171374927441 ], [ -98.197129112642585, 19.741722404381129 ], [ -98.197393287468941, 19.741801521357189 ], [ -98.197589733376276, 19.741731726943421 ], [ -98.197780600011114, 19.741644548112319 ], [ -98.198002008154319, 19.741552393255972 ], [ -98.198331375877274, 19.741490539814869 ], [ -98.198609367146759, 19.741541439960059 ], [ -98.198856067816052, 19.741448249680481 ], [ -98.199036678865539, 19.741279849949464 ], [ -98.199165456475086, 19.74096983111161 ], [ -98.199271801196161, 19.740820483106237 ], [ -98.19950994465627, 19.740709163039377 ], [ -98.199668631309265, 19.740647427604561 ], [ -98.199840636746927, 19.740560793876366 ], [ -98.199907232492677, 19.740436227085571 ], [ -98.19997374331227, 19.74033661852053 ], [ -98.200106164606368, 19.740249807184938 ], [ -98.200278044623474, 19.74018815380181 ], [ -98.200423411787995, 19.740151341159397 ], [ -98.200621930380095, 19.740039842126681 ], [ -98.20068850244553, 19.739927754212626 ], [ -98.200807563967032, 19.739865841291355 ], [ -98.200992367821996, 19.739866666101484 ], [ -98.201203396600405, 19.739892589406605 ], [ -98.201309303569587, 19.739830640764282 ], [ -98.201507820965659, 19.73971914060704 ], [ -98.201785793100115, 19.739558054192919 ], [ -98.201918274986454, 19.73945873871682 ], [ -98.202090588958399, 19.739309659203844 ], [ -98.202196556868216, 19.739235231816966 ], [ -98.202381754320029, 19.739148629790062 ], [ -98.202579937968494, 19.739112050816214 ], [ -98.202817417106544, 19.739125610564933 ], [ -98.203147050780302, 19.739189497270075 ], [ -98.203371313868431, 19.739215476478741 ], [ -98.203622213661617, 19.739191609552048 ], [ -98.203714884012896, 19.739129601276616 ], [ -98.204227735207098, 19.738751317918112 ], [ -98.204377238281481, 19.738593697707532 ], [ -98.20482374378895, 19.738525315913524 ], [ -98.205214147054974, 19.738527048791255 ], [ -98.205641458492607, 19.73858170493526 ], [ -98.206086659899853, 19.738777167248795 ], [ -98.206290004343828, 19.739006716626005 ], [ -98.206568291017604, 19.739131050681255 ], [ -98.206926782187779, 19.739139569962301 ], [ -98.207283632671022, 19.739155853346475 ], [ -98.207715881825649, 19.738975692563841 ], [ -98.207981756040553, 19.739014202980311 ], [ -98.208215911637396, 19.739149819731018 ], [ -98.208604213995855, 19.739152197481715 ], [ -98.208969118591156, 19.738596427818017 ], [ -98.209137288419868, 19.738421307437807 ], [ -98.209342109014443, 19.738351847564406 ], [ -98.209583706110706, 19.738370492570805 ], [ -98.209843195779143, 19.738529944966718 ], [ -98.210196084308564, 19.738601841667244 ], [ -98.210437727402848, 19.738602906100816 ], [ -98.2108279581023, 19.738639808085228 ], [ -98.211254841185763, 19.738782391961333 ], [ -98.21168051583011, 19.739171221705767 ], [ -98.211772445276651, 19.739382671590366 ], [ -98.211771150675546, 19.739646496080457 ], [ -98.211949490778835, 19.739947668511704 ], [ -98.212254893467218, 19.7401839876384 ], [ -98.212567357895921, 19.740300759257902 ], [ -98.212957766288568, 19.740302474897657 ], [ -98.213403671315817, 19.74035719503923 ], [ -98.213737766612937, 19.740464207652007 ], [ -98.213867300416098, 19.740587877885385 ], [ -98.214033487674584, 19.740817255811486 ], [ -98.214236714975641, 19.741081976907925 ], [ -98.214607937063334, 19.741206730948907 ], [ -98.214849155247393, 19.741295731216987 ], [ -98.215109343406667, 19.741314451218393 ], [ -98.215314549075813, 19.741174644827048 ], [ -98.215557399287761, 19.74092948161924 ], [ -98.215910982306497, 19.740860664949114 ], [ -98.2162646507944, 19.740774269229881 ], [ -98.216618450232517, 19.74065271432924 ], [ -98.217047316000958, 19.740390759021935 ], [ -98.217383168604442, 19.740145975359301 ], [ -98.217719665398448, 19.739760512647056 ], [ -98.217963064686558, 19.739409801605611 ], [ -98.218150239973696, 19.739146811845259 ], [ -98.218263159362849, 19.738865871381279 ], [ -98.218432946588209, 19.738356553866133 ], [ -98.218583206176461, 19.738040617334423 ], [ -98.218714623504155, 19.737777382763564 ], [ -98.21875256322275, 19.737619240605643 ], [ -98.218809469443357, 19.737390840136687 ], [ -98.218960154923096, 19.736986961974157 ], [ -98.230431104785382, 19.729819104799152 ], [ -98.230779914233381, 19.729599217010907 ], [ -98.231369377195378, 19.729234877537394 ], [ -98.231954587123781, 19.728454844889161 ], [ -98.232491521443379, 19.727988230730833 ], [ -98.233074601401086, 19.727560827890493 ], [ -98.233358662330716, 19.72728773805942 ], [ -98.233662310289645, 19.726898318344798 ], [ -98.234064655134802, 19.726399894377003 ], [ -98.234481596638446, 19.726040960182047 ], [ -98.23565673828125, 19.727373123168942 ], [ -98.236961364746108, 19.728887557983398 ], [ -98.238311767578125, 19.7303581237793 ], [ -98.239738464355469, 19.731767654418945 ], [ -98.241020202636719, 19.733287811279297 ], [ -98.243125915527344, 19.735433578491222 ], [ -98.244392395019531, 19.736978530883793 ], [ -98.245552062988267, 19.73861122131348 ], [ -98.246665954589844, 19.740270614624031 ], [ -98.247512817382798, 19.741556167602539 ], [ -98.247970581054688, 19.743471145629883 ], [ -98.248016357421875, 19.745492935180653 ], [ -98.247817993164048, 19.74748611450195 ], [ -98.247360229492173, 19.74943733215332 ], [ -98.246589660644531, 19.751266479492177 ], [ -98.245628356933608, 19.753038406372074 ], [ -98.24468994140625, 19.754806518554695 ], [ -98.243675231933594, 19.756534576416016 ], [ -98.242469787597642, 19.758146286010753 ], [ -98.241188049316406, 19.759708404541023 ], [ -98.240234374999986, 19.761419296264652 ], [ -98.239814758300781, 19.763370513916012 ], [ -98.239402770996094, 19.767377853393551 ], [ -98.239143371582031, 19.771369934082038 ], [ -98.23895263671875, 19.773365020751946 ], [ -98.238609313964844, 19.775331497192379 ], [ -98.237884521484375, 19.777236938476555 ], [ -98.237716674804702, 19.77915382385255 ], [ -98.238296508789048, 19.781106948852539 ], [ -98.23854827880858, 19.783086776733402 ], [ -98.238553522924448, 19.783215668550692 ], [ -98.237941491595478, 19.782575899996072 ], [ -98.237589708704306, 19.782240181977397 ], [ -98.237208114700948, 19.781987909683377 ], [ -98.236652796283124, 19.781122181173686 ], [ -98.236449708796272, 19.780480751377677 ], [ -98.236293558396412, 19.779847796522251 ], [ -98.235369887681671, 19.778814567633844 ], [ -98.235140533526618, 19.778619980525903 ], [ -98.235116598914743, 19.778281053829669 ], [ -98.23522088619012, 19.777870078952052 ], [ -98.235222618072143, 19.777507078644192 ], [ -98.234815441310971, 19.77704550289992 ], [ -98.234330916854816, 19.776704628465318 ], [ -98.233820688949976, 19.77638782705678 ], [ -98.233155639437783, 19.776064453872635 ], [ -98.232935766691057, 19.775765802502598 ], [ -98.232750697027171, 19.77566160543147 ], [ -98.232505954601677, 19.775580797074987 ], [ -98.232187850543141, 19.775532402371098 ], [ -98.232018583143812, 19.775429540412997 ], [ -98.231778832492864, 19.775338414019895 ], [ -98.231371201807974, 19.775207609406696 ], [ -98.230809229377655, 19.774777633039957 ], [ -98.230426269031256, 19.774606585953055 ] ] ], [ [ [ -98.124574778103963, 20.148445608409187 ], [ -98.12402418385048, 20.148159942242639 ], [ -98.123310033353036, 20.148028666607097 ], [ -98.12282522359699, 20.147962376026864 ], [ -98.122309569831032, 20.14787642605669 ], [ -98.121812807981826, 20.14779852396725 ], [ -98.121599092584646, 20.14774486155293 ], [ -98.121359873365734, 20.147660494855526 ], [ -98.120870670977737, 20.147422818348883 ], [ -98.120503383234805, 20.147251994711858 ], [ -98.120098482478539, 20.147036274060575 ], [ -98.119674493348469, 20.146790444684367 ], [ -98.118922002253612, 20.146370144224438 ], [ -98.118863720750213, 20.146345765420424 ], [ -98.117962585886048, 20.145852565398897 ], [ -98.117934205728005, 20.145829898591678 ], [ -98.117542049085159, 20.145610890825168 ], [ -98.117232407244373, 20.145485726820525 ], [ -98.117156700993235, 20.14548047200979 ], [ -98.116768436747549, 20.145434653912641 ], [ -98.116247867658444, 20.145388197778793 ], [ -98.11596670867965, 20.145396070618212 ], [ -98.115085424090637, 20.145144702207325 ], [ -98.114624953232436, 20.145129741798602 ], [ -98.114127431293269, 20.145187006384212 ], [ -98.113635105162402, 20.145191280452956 ], [ -98.113278579496097, 20.145250707422104 ], [ -98.112852877482354, 20.145336585514311 ], [ -98.112236171742282, 20.145114459480926 ], [ -98.11199679513399, 20.14496170178337 ], [ -98.111608319739773, 20.144912734071546 ], [ -98.111277593814734, 20.144576634477556 ], [ -98.110918837781043, 20.144334964696807 ], [ -98.110648977280761, 20.144009173622408 ], [ -98.110510115908781, 20.143741314848519 ], [ -98.110476018715303, 20.143427341747714 ], [ -98.110200063036658, 20.143289800531946 ], [ -98.109529844713393, 20.143249690740848 ], [ -98.108682082484179, 20.143194552657711 ], [ -98.108279001099504, 20.143221534782576 ], [ -98.107969352125991, 20.143083288154688 ], [ -98.107639121466505, 20.142925409180069 ], [ -98.107411919671165, 20.142846156473645 ], [ -98.107081696879035, 20.142688279211747 ], [ -98.106604761905501, 20.142669586075808 ], [ -98.10593341821432, 20.142425777309182 ], [ -98.105079425511164, 20.142279513788171 ], [ -98.104201351436487, 20.142630831436254 ], [ -98.103663394836673, 20.143016920378038 ], [ -98.102837846732427, 20.143246012918762 ], [ -98.102319262192538, 20.14384604846046 ], [ -98.102086856218364, 20.144426005305643 ], [ -98.102330558572817, 20.145042338931251 ], [ -98.102460090457271, 20.14538160206342 ], [ -98.102453335700162, 20.145616281549572 ], [ -98.102337042737972, 20.145809971663496 ], [ -98.102026805622842, 20.145899835944526 ], [ -98.101776418373447, 20.145892288998745 ], [ -98.101490781574356, 20.145946586382951 ], [ -98.101199139346633, 20.146132399986342 ], [ -98.10095604898612, 20.146525698149311 ], [ -98.100643688437401, 20.146826751927644 ], [ -98.100265294681492, 20.146922569095782 ], [ -98.099852556607317, 20.146785087825577 ], [ -98.099297610930762, 20.146800230858034 ], [ -98.098831077170928, 20.146579232148017 ], [ -98.099028592786922, 20.14639153780832 ], [ -98.098485767302336, 20.146271736432201 ], [ -98.097879443647201, 20.145389659158056 ], [ -98.09808827852153, 20.143735747817892 ], [ -98.099039996369484, 20.142163386911736 ], [ -98.100738286223987, 20.140112831976619 ], [ -98.102533327695184, 20.138483956486347 ], [ -98.103143365271336, 20.137151036799942 ], [ -98.10329510080561, 20.135793857430443 ], [ -98.10330558312522, 20.135312360223775 ], [ -98.103631054034054, 20.133864252238926 ], [ -98.103299672786093, 20.133273966897924 ], [ -98.101814402616185, 20.13089550683063 ], [ -98.101556566174494, 20.129729542904791 ], [ -98.102091964620413, 20.12860921316036 ], [ -98.103198979649306, 20.127741357287441 ], [ -98.104394854490081, 20.126749164352038 ], [ -98.104787383148874, 20.125200980786641 ], [ -98.10591880568559, 20.123135964951295 ], [ -98.108462466319708, 20.120803396915292 ], [ -98.109476294077368, 20.120567568280773 ], [ -98.109751573564935, 20.120791930397928 ], [ -98.110970640908391, 20.121570292171068 ], [ -98.112028375245046, 20.121422957509544 ], [ -98.112468203407488, 20.121470357556124 ], [ -98.112928183794651, 20.12173774368329 ], [ -98.113700748460957, 20.121597971275627 ], [ -98.115573782718457, 20.120322405611372 ], [ -98.115924885879195, 20.120577128347158 ], [ -98.116135982780449, 20.120321072719538 ], [ -98.116382821893311, 20.120263155897241 ], [ -98.11658722816945, 20.120086077623014 ], [ -98.11706834825435, 20.12042592927574 ], [ -98.117283477364026, 20.120503443065964 ], [ -98.117448658276501, 20.120562959867954 ], [ -98.117950463301085, 20.120811663398506 ], [ -98.118166877191214, 20.12108519726673 ], [ -98.118507209110206, 20.121249806216603 ], [ -98.118612531739288, 20.121369372181547 ], [ -98.118683369688654, 20.12176573814148 ], [ -98.119733861873215, 20.122807957928718 ], [ -98.11978178865813, 20.12280298106662 ], [ -98.119887405196295, 20.122792012512676 ], [ -98.120281149244079, 20.122514685870932 ], [ -98.120331399457712, 20.122560465517122 ], [ -98.120161830691487, 20.122721226068478 ], [ -98.120181946065529, 20.122886661304435 ], [ -98.12064052858733, 20.122916302045127 ], [ -98.120761340621726, 20.122521830434639 ], [ -98.120884251735845, 20.122486484630574 ], [ -98.120993377801, 20.122814922339959 ], [ -98.121025224701285, 20.123167558052469 ], [ -98.121142328542945, 20.123510305911338 ], [ -98.121165441783063, 20.123577954796552 ], [ -98.121284190103736, 20.123857775912434 ], [ -98.121679868237294, 20.124261879217215 ], [ -98.121734770879925, 20.124376269583987 ], [ -98.121913320319734, 20.124634569075937 ], [ -98.122294420679921, 20.12454210598742 ], [ -98.123302121558453, 20.124248807297029 ], [ -98.123958163092354, 20.124283825000969 ], [ -98.124607064306076, 20.124069889924467 ], [ -98.124771690581767, 20.123740271320724 ], [ -98.12467931479344, 20.123499616685695 ], [ -98.124666995321846, 20.123467521712627 ], [ -98.124313423048761, 20.123006406162755 ], [ -98.124401270756636, 20.122769286936744 ], [ -98.124688477501564, 20.121994047420742 ], [ -98.124339847877735, 20.121797965360983 ], [ -98.123782287740426, 20.121770361454718 ], [ -98.123895505396334, 20.12155147140825 ], [ -98.123899655547064, 20.121221228786169 ], [ -98.124010532551296, 20.121159694540939 ], [ -98.124269104176733, 20.121101783305594 ], [ -98.124303353604759, 20.12102694979999 ], [ -98.124368395513343, 20.120884833975634 ], [ -98.12453407503466, 20.120724329959877 ], [ -98.124587994117022, 20.120784871179648 ], [ -98.124709324157649, 20.120921099827598 ], [ -98.124860200967689, 20.120608424459487 ], [ -98.124702251687296, 20.120363888949697 ], [ -98.124784626913652, 20.120209952347203 ], [ -98.124883162361456, 20.1201903538939 ], [ -98.125096858634237, 20.119906083227388 ], [ -98.12555229784536, 20.119593048690504 ], [ -98.12595151404642, 20.119340660426847 ], [ -98.1260463265276, 20.119224596692995 ], [ -98.126293723353214, 20.11892174920369 ], [ -98.126296935051698, 20.118599033153192 ], [ -98.126298000736213, 20.118491945054132 ], [ -98.125814832931326, 20.118016062722397 ], [ -98.126015747955577, 20.117988139307041 ], [ -98.126393311846144, 20.118110988143307 ], [ -98.126495200517027, 20.118093334493697 ], [ -98.12669635399395, 20.118058481551035 ], [ -98.126833775985361, 20.118006169236455 ], [ -98.126979386289392, 20.117950739853175 ], [ -98.127115818935579, 20.117755756216823 ], [ -98.127215386227263, 20.117300032668457 ], [ -98.127079415655373, 20.116744690631929 ], [ -98.127171357196971, 20.116623860625673 ], [ -98.127695255386286, 20.116199794861128 ], [ -98.127689746883817, 20.116120702557524 ], [ -98.127669432867577, 20.115829008770859 ], [ -98.127661128657536, 20.115709773418022 ], [ -98.128007002033485, 20.115674008672841 ], [ -98.128104022511948, 20.115498089668591 ], [ -98.127722282007255, 20.115340210373756 ], [ -98.127711586930971, 20.11494521981 ], [ -98.127403162456574, 20.114885138344281 ], [ -98.127530860778961, 20.114727119703879 ], [ -98.127592726126451, 20.114645708428689 ], [ -98.127646402146823, 20.114575074343044 ], [ -98.127843090985834, 20.114316245416301 ], [ -98.127902866636106, 20.1140891406016 ], [ -98.127916931617392, 20.113986557522086 ], [ -98.127947929627396, 20.113760464600276 ], [ -98.127993944931887, 20.11342483476821 ], [ -98.127994854658638, 20.113418202641029 ], [ -98.127973632815255, 20.113311205923395 ], [ -98.127990470127898, 20.113163198301912 ], [ -98.128028920842297, 20.112825188084884 ], [ -98.128064870435466, 20.112509167082106 ], [ -98.128031863464841, 20.112197838491078 ], [ -98.127895352249638, 20.111787719439594 ], [ -98.127758479040352, 20.111443118591417 ], [ -98.127734589496157, 20.111401272117917 ], [ -98.127655356425478, 20.11126248301866 ], [ -98.127613856551108, 20.111195055238817 ], [ -98.12748346305446, 20.110983192664424 ], [ -98.127474186562353, 20.110962019594353 ], [ -98.127392105135883, 20.110774676765807 ], [ -98.127369425820532, 20.110664923024977 ], [ -98.12732652772884, 20.110457317871159 ], [ -98.127196998981702, 20.110253264434061 ], [ -98.127157134931181, 20.110190464839512 ], [ -98.127007181490043, 20.109892531664958 ], [ -98.127021111601067, 20.109844603883008 ], [ -98.12705721534499, 20.109720382899472 ], [ -98.127119713930142, 20.109505343454977 ], [ -98.127216822014958, 20.109141394560776 ], [ -98.127317500663509, 20.10865718356602 ], [ -98.127465199509174, 20.108559981266556 ], [ -98.127522021660752, 20.108522586554624 ], [ -98.127554011267762, 20.108501533950253 ], [ -98.127640171727762, 20.108212953918372 ], [ -98.127800739839913, 20.107974011950219 ], [ -98.127853611930831, 20.107895332969864 ], [ -98.127949380722654, 20.108022829054793 ], [ -98.128053883579355, 20.108051259838593 ], [ -98.128097340927766, 20.108063083238196 ], [ -98.128196810204216, 20.107867607663618 ], [ -98.128133208471581, 20.107776753710368 ], [ -98.128085387276116, 20.107708443065231 ], [ -98.128138767408757, 20.107386747094743 ], [ -98.12827266643491, 20.107202647938895 ], [ -98.128444148338502, 20.107196599971253 ], [ -98.128669350480493, 20.107217646127292 ], [ -98.12873928437773, 20.107224181331929 ], [ -98.128844678768132, 20.107233966282067 ], [ -98.129180974150273, 20.107265187676511 ], [ -98.129248442344306, 20.107276935569971 ], [ -98.129323919399326, 20.107290078504626 ], [ -98.129609951428364, 20.107339885130983 ], [ -98.129759428384943, 20.107468273286763 ], [ -98.129815656730315, 20.107491136676916 ], [ -98.129975026515041, 20.107555937553908 ], [ -98.129979195907126, 20.107557632855769 ], [ -98.130206901464589, 20.107409827773452 ], [ -98.130301623081422, 20.107348343469653 ], [ -98.130418820766081, 20.107440756874116 ], [ -98.1304453570894, 20.107620742649519 ], [ -98.130475904358732, 20.107612780983324 ], [ -98.130609483626188, 20.107577967712 ], [ -98.130704886784812, 20.107505294089826 ], [ -98.130766752575468, 20.107458168116647 ], [ -98.130984853083902, 20.107458116142272 ], [ -98.131004649078903, 20.107458111015546 ], [ -98.131059148437757, 20.107412102282662 ], [ -98.131064041836538, 20.107393695041562 ], [ -98.131295331414066, 20.107498488106703 ], [ -98.131573116388154, 20.107542904782587 ], [ -98.131711362008048, 20.107442215248717 ], [ -98.131606543837052, 20.107181764358636 ], [ -98.132351660985094, 20.106944054578239 ], [ -98.132675309850939, 20.106484721315805 ], [ -98.132634190807536, 20.106257849306118 ], [ -98.132886812317039, 20.106084371643608 ], [ -98.132724854027671, 20.105822398989247 ], [ -98.133443922937417, 20.105392087886994 ], [ -98.133368225527832, 20.105047371159078 ], [ -98.133421154014101, 20.104746804196036 ], [ -98.133424187198813, 20.104729576664838 ], [ -98.133647638449773, 20.104674606623146 ], [ -98.133889166557481, 20.104615189131589 ], [ -98.134226511397102, 20.104820733861306 ], [ -98.135078681242945, 20.104912367868611 ], [ -98.135902764020884, 20.104513897505228 ], [ -98.136446173406853, 20.105004923498601 ], [ -98.137595113050551, 20.104654902599744 ], [ -98.137595504320828, 20.104654783767725 ], [ -98.137595779441, 20.104655101855563 ], [ -98.1376559720118, 20.104724635514398 ], [ -98.137746138749705, 20.104828794997886 ], [ -98.138080791304006, 20.105013952084445 ], [ -98.138351466801126, 20.10512661370176 ], [ -98.138537668724339, 20.105061657302091 ], [ -98.138610729098573, 20.1047550472856 ], [ -98.138903108100266, 20.10473169101434 ], [ -98.139151587694485, 20.104522590645079 ], [ -98.139473949165392, 20.104172885855537 ], [ -98.139975985583973, 20.104256427403861 ], [ -98.140314952196192, 20.103776290971133 ], [ -98.140412072726321, 20.103428334700322 ], [ -98.140473000647503, 20.103331013774664 ], [ -98.140405991072598, 20.103075710925182 ], [ -98.140414066200535, 20.103014193269406 ], [ -98.140282673413807, 20.102902820836768 ], [ -98.140107954735583, 20.102666661136421 ], [ -98.140031305506994, 20.102231230905602 ], [ -98.140022601963409, 20.102181786300939 ], [ -98.13990731005569, 20.101807499082678 ], [ -98.140050326924012, 20.101680989713675 ], [ -98.140393985922401, 20.10162180500005 ], [ -98.140462979465752, 20.101411278117972 ], [ -98.140499465064082, 20.101257137246211 ], [ -98.140695971819952, 20.101117476184474 ], [ -98.140793613814822, 20.100955388094974 ], [ -98.140915808680575, 20.100915653085341 ], [ -98.141077244995586, 20.100914997814925 ], [ -98.141290207619164, 20.100857725062315 ], [ -98.141342497677968, 20.100773790611058 ], [ -98.141722978397894, 20.100644565312077 ], [ -98.141999064438181, 20.100260691820498 ], [ -98.142297983842553, 20.099926045564565 ], [ -98.142397076767907, 20.099697708809124 ], [ -98.142526903707719, 20.099596947149429 ], [ -98.142704971479574, 20.099348229214698 ], [ -98.142505577958502, 20.098921217851675 ], [ -98.142509451404379, 20.098770371098979 ], [ -98.142441242606822, 20.098507568297336 ], [ -98.142447051308451, 20.098441313340885 ], [ -98.142709389611184, 20.098290498988703 ], [ -98.142870647175229, 20.098314451149914 ], [ -98.142927410653641, 20.098462830938182 ], [ -98.142938125610598, 20.098677541453192 ], [ -98.143246523212468, 20.098805153137771 ], [ -98.143425072888846, 20.09896099249211 ], [ -98.143503219973013, 20.099121875458081 ], [ -98.143617230937636, 20.099169537652525 ], [ -98.144207221244685, 20.098952317552595 ], [ -98.144564026324844, 20.098837770796653 ], [ -98.144624394859036, 20.098432098619437 ], [ -98.144791902767977, 20.098210182038862 ], [ -98.144743551770219, 20.097956003936499 ], [ -98.144792717760026, 20.097863691543569 ], [ -98.145039734824579, 20.097787859168346 ], [ -98.145282736084255, 20.097716972511197 ], [ -98.145511171713892, 20.097469514753936 ], [ -98.145761863097093, 20.097342045665847 ], [ -98.1458697064554, 20.097335028990077 ], [ -98.145985307934438, 20.097327507253024 ], [ -98.146649066754193, 20.097587252642182 ], [ -98.147291385071227, 20.09748951819406 ], [ -98.147418532039069, 20.097538201998045 ], [ -98.147757955947355, 20.097376917874637 ], [ -98.147806587217914, 20.097413818019515 ], [ -98.148102517080687, 20.097500883541198 ], [ -98.148367433105136, 20.097522034183335 ], [ -98.148643136963514, 20.097730798012538 ], [ -98.148723455159399, 20.097841105201667 ], [ -98.148990984201859, 20.097970923980707 ], [ -98.14914199485375, 20.097979673785829 ], [ -98.149332649302295, 20.097694162042401 ], [ -98.149340338225628, 20.09742368926366 ], [ -98.149424257680991, 20.097224042506454 ], [ -98.149363997834641, 20.097024939895988 ], [ -98.149376718237534, 20.096995735010697 ], [ -98.14938387180014, 20.096979312945589 ], [ -98.149464687643132, 20.096788697837908 ], [ -98.149716206970083, 20.096848011775609 ], [ -98.149853332606114, 20.096749069239802 ], [ -98.150696802580242, 20.096931933759549 ], [ -98.151010285509017, 20.096742732649204 ], [ -98.150882468967637, 20.096457145854888 ], [ -98.151284484171441, 20.096015322031366 ], [ -98.151608014554952, 20.096092777555423 ], [ -98.151933805548055, 20.096202123637454 ], [ -98.152260947166241, 20.096073864287145 ], [ -98.152548613894311, 20.09581504770151 ], [ -98.15264340086415, 20.095647954316917 ], [ -98.153277377957721, 20.095582660995536 ], [ -98.153744979108481, 20.095406574295591 ], [ -98.154116633376731, 20.095195992607824 ], [ -98.154367219208964, 20.095144227435043 ], [ -98.154614708552103, 20.09518313448109 ], [ -98.154783057258911, 20.095393283281567 ], [ -98.155022750123138, 20.09543796076569 ], [ -98.155008464286169, 20.09511660801935 ], [ -98.155366198765066, 20.094951126101328 ], [ -98.155663210565692, 20.0951112932513 ], [ -98.156060790578863, 20.094894006460084 ], [ -98.156709412316857, 20.094942600705192 ], [ -98.157060862029681, 20.09466425298001 ], [ -98.157120049725037, 20.094477254316956 ], [ -98.157640936934428, 20.094064212066222 ], [ -98.157931308259506, 20.094067823450587 ], [ -98.158284564882763, 20.093733074243467 ], [ -98.158641204543514, 20.093509710442969 ], [ -98.159237031291724, 20.093052637653017 ], [ -98.159704740954552, 20.092569967703493 ], [ -98.15928999692126, 20.092398497506508 ], [ -98.159043676007599, 20.092170027111631 ], [ -98.158845865181235, 20.091942640761498 ], [ -98.1588721346033, 20.091746391511251 ], [ -98.15911114916922, 20.091452699633443 ], [ -98.159303772631574, 20.091343227497262 ], [ -98.159372139883658, 20.09125121394792 ], [ -98.159504816933293, 20.091072645499324 ], [ -98.159769531654234, 20.090811474067522 ], [ -98.160022279374417, 20.090691303142449 ], [ -98.160038590610753, 20.090653276828125 ], [ -98.160262319098948, 20.090322443819346 ], [ -98.160272886589695, 20.090176954477361 ], [ -98.159775586061258, 20.089651636561133 ], [ -98.159744830855487, 20.089610963765232 ], [ -98.158570002069496, 20.088680453640407 ], [ -98.158520773084405, 20.088419687891971 ], [ -98.158359244266421, 20.088125554735303 ], [ -98.15811204620347, 20.087714756929952 ], [ -98.158136197348568, 20.08723762689398 ], [ -98.157824591967128, 20.086940422626824 ], [ -98.157622820815945, 20.086765512454456 ], [ -98.157349894382136, 20.08656423234337 ], [ -98.157079133069601, 20.086126159040568 ], [ -98.157035581968273, 20.085845675105368 ], [ -98.157071933555684, 20.085479109777125 ], [ -98.15719080217778, 20.08486744304129 ], [ -98.157744808102095, 20.084197860699771 ], [ -98.15883273344383, 20.082882948965544 ], [ -98.159034774316552, 20.082694056757383 ], [ -98.159458671966078, 20.082452640456339 ], [ -98.159672201068048, 20.082111767175206 ], [ -98.159890708005179, 20.081835143714997 ], [ -98.159885741464862, 20.081346108672843 ], [ -98.16001819379423, 20.080882576773622 ], [ -98.160132031842963, 20.080484182611091 ], [ -98.160264770806208, 20.080082277130749 ], [ -98.16055161238485, 20.079937532833696 ], [ -98.160968498357803, 20.079731870387239 ], [ -98.161117779776063, 20.07929187184137 ], [ -98.161337229133679, 20.078731036208641 ], [ -98.16134655085294, 20.078702072358485 ], [ -98.161582148161912, 20.07797000266255 ], [ -98.161630779462584, 20.077818889711722 ], [ -98.162075021666496, 20.077444306759865 ], [ -98.162381015215288, 20.076915404028014 ], [ -98.162677365225392, 20.076177881525037 ], [ -98.162996444400534, 20.07578759980294 ], [ -98.163035410668741, 20.075739937234786 ], [ -98.163118838756048, 20.075637892809912 ], [ -98.163866237506866, 20.075010461579339 ], [ -98.164204970153307, 20.074709670798544 ], [ -98.164520786548778, 20.074430117300434 ], [ -98.164896894726951, 20.074190676750295 ], [ -98.16537422694276, 20.074103156174367 ], [ -98.165546992108474, 20.074028518044024 ], [ -98.165313818769079, 20.073421360641611 ], [ -98.164765233773082, 20.071486602012722 ], [ -98.164547785422172, 20.070579713852798 ], [ -98.164547276838363, 20.070516815644353 ], [ -98.164617876504252, 20.070129233981721 ], [ -98.164640213533616, 20.070012114927682 ], [ -98.164992491952347, 20.068727120518012 ], [ -98.16509020097412, 20.068370706153473 ], [ -98.166955621373589, 20.061565847255782 ], [ -98.168052434767759, 20.057564476549558 ], [ -98.168133502443283, 20.057268716601367 ], [ -98.16814645854258, 20.057229714529196 ], [ -98.168252526021391, 20.057202451198691 ], [ -98.168514663333838, 20.057117451250395 ], [ -98.169013872238224, 20.057006397830886 ], [ -98.169871273206425, 20.056696315788173 ], [ -98.170547485241599, 20.056400879477973 ], [ -98.171326806223433, 20.055789545107707 ], [ -98.172052457812697, 20.055255933346508 ], [ -98.172690174279978, 20.054776225680012 ], [ -98.173222023104032, 20.054389621003487 ], [ -98.173594146612189, 20.054143361683295 ], [ -98.174037976264174, 20.053882155315438 ], [ -98.174482636102724, 20.053604400343495 ], [ -98.17456519115045, 20.053551862080585 ], [ -98.17472031017482, 20.053453144026314 ], [ -98.175046795180137, 20.053274836562757 ], [ -98.175385299168894, 20.053073946436545 ], [ -98.17557234363035, 20.052958390170136 ], [ -98.175701834967413, 20.052866660540928 ], [ -98.175733677211355, 20.05284410471662 ], [ -98.175851458756782, 20.052760669186366 ], [ -98.176136090294861, 20.052456719033991 ], [ -98.176332342656082, 20.052277332663333 ], [ -98.176431193813045, 20.052151653846845 ], [ -98.176448800124732, 20.052129269706821 ], [ -98.176580228932622, 20.051882034408411 ], [ -98.176639917824644, 20.051752658861119 ], [ -98.176848814616051, 20.051305422435295 ], [ -98.177112037210918, 20.050749758108953 ], [ -98.177234596983865, 20.050457167849 ], [ -98.17732615499196, 20.050238589159353 ], [ -98.177420648988772, 20.049892525293583 ], [ -98.178113785110924, 20.04949477402959 ], [ -98.178920320834393, 20.048802870413347 ], [ -98.179320107821582, 20.048418724165185 ], [ -98.179554296410089, 20.048197132017584 ], [ -98.179599154803157, 20.048148992987358 ], [ -98.179677774137119, 20.04806814851381 ], [ -98.179779707247576, 20.047971135021999 ], [ -98.179912709130605, 20.047860342424933 ], [ -98.180094807505412, 20.047681371305522 ], [ -98.180217236032448, 20.047573468322508 ], [ -98.180545000939929, 20.047285149028042 ], [ -98.18090285312519, 20.046985539137289 ], [ -98.180595455779653, 20.046469733457641 ], [ -98.180517983787354, 20.046343818704845 ], [ -98.180460928139013, 20.045914223618649 ], [ -98.180496867574718, 20.045674665827281 ], [ -98.180690339046734, 20.045498049392201 ], [ -98.180842359087848, 20.045556389835678 ], [ -98.180927144581659, 20.04536050636462 ], [ -98.180890999846326, 20.045327461416512 ], [ -98.179988771196591, 20.044869754483322 ], [ -98.179714721209919, 20.04548480177591 ], [ -98.179598445443219, 20.043910208743934 ], [ -98.179641139344724, 20.043865336501785 ], [ -98.179662104241643, 20.043917072547114 ], [ -98.179786073867717, 20.043832587266451 ], [ -98.179681793244001, 20.043364785895108 ], [ -98.179691949248948, 20.042973009385339 ], [ -98.179568005868191, 20.042745898734562 ], [ -98.179319122641985, 20.042711826171921 ], [ -98.179037052488752, 20.041532843522788 ], [ -98.179471626517085, 20.040987791699315 ], [ -98.179423449071578, 20.040944137510884 ], [ -98.178642969357171, 20.040369276301909 ], [ -98.178396615977192, 20.040222592863589 ], [ -98.17834927427225, 20.040200842853832 ], [ -98.178294554491231, 20.040175703822438 ], [ -98.178039564568067, 20.040064729040068 ], [ -98.17779678393039, 20.039958504298273 ], [ -98.177490914941885, 20.039772344638614 ], [ -98.177304485016009, 20.039583970876659 ], [ -98.177107299268613, 20.039313885578068 ], [ -98.177008562533373, 20.039171775400927 ], [ -98.176772690070777, 20.038890343662782 ], [ -98.176062055650164, 20.038036290289796 ], [ -98.175634408354881, 20.037510794129656 ], [ -98.175519962429604, 20.037370899945827 ], [ -98.175384727229499, 20.03724291699077 ], [ -98.175169784862135, 20.037023941730727 ], [ -98.175027963321256, 20.036878627623533 ], [ -98.174895407088641, 20.036668827275378 ], [ -98.174681120573425, 20.036240836672153 ], [ -98.174453131197765, 20.035842147702645 ], [ -98.174191666177421, 20.035474325770188 ], [ -98.17377143527797, 20.035031354647394 ], [ -98.173637189598097, 20.034744697814421 ], [ -98.173529193979732, 20.034476336626057 ], [ -98.173574880193499, 20.034148645470722 ], [ -98.173685969624472, 20.033772108052759 ], [ -98.173607413388595, 20.033754944545887 ], [ -98.174491876910693, 20.030540996206334 ], [ -98.174996573559298, 20.02960059068479 ], [ -98.17494730804502, 20.029562600517675 ], [ -98.174688415991355, 20.02925790132716 ], [ -98.163961132359674, 20.022457818598951 ], [ -98.164349601663446, 20.020948920795039 ], [ -98.164960959121359, 20.019250371876279 ], [ -98.165478486068452, 20.018423375464511 ], [ -98.165837563116185, 20.017901320674721 ], [ -98.166015235075903, 20.017576693954595 ], [ -98.166367189994332, 20.016947197152657 ], [ -98.166718708771199, 20.01639996655064 ], [ -98.167010808473975, 20.01609947518979 ], [ -98.167419283878118, 20.015772107188848 ], [ -98.167769496479949, 20.015471887518181 ], [ -98.168178690211718, 20.015007265336759 ], [ -98.16858701655211, 20.014707316726192 ], [ -98.168851204300111, 20.014187130143696 ], [ -98.168940539511354, 20.013775919997389 ], [ -98.169203572596942, 20.01347528899289 ], [ -98.169499149727045, 20.013335541342741 ], [ -98.169758617203669, 20.013031247332712 ], [ -98.169897338012674, 20.012561075692449 ], [ -98.16987632120734, 20.011741052262455 ], [ -98.170358572949723, 20.011430644035368 ], [ -98.1705408208162, 20.011200224610178 ], [ -98.170789048995744, 20.010723925589513 ], [ -98.171010890488859, 20.010189679513733 ], [ -98.171097763037679, 20.009694968110843 ], [ -98.171073497450152, 20.009316810693033 ], [ -98.171004524676079, 20.008813351382226 ], [ -98.1709372325884, 20.008241455863917 ], [ -98.170712326368658, 20.007670199709192 ], [ -98.170502762241085, 20.007128985488603 ], [ -98.170341966499961, 20.00657462219554 ], [ -98.169871875459677, 20.00649856867204 ], [ -98.169461973706845, 20.005703340859661 ], [ -98.170765355957741, 20.005849757092566 ], [ -98.170971722025769, 20.005099130326037 ], [ -98.171167271002986, 20.004340340167662 ], [ -98.171452673423573, 20.003498884610448 ], [ -98.171416346883873, 20.003451728354641 ], [ -98.171451454474891, 20.002452380366112 ], [ -98.172535024932074, 20.002737545113487 ], [ -98.17260424995041, 20.002434044911002 ], [ -98.172678255470643, 20.001964229986338 ], [ -98.17270958541107, 20.001748633102039 ], [ -98.172911544337026, 20.000705267579313 ], [ -98.172996701936611, 20.000339708577005 ], [ -98.173397921633153, 19.999932118872394 ], [ -98.17351596597895, 19.999644276211985 ], [ -98.173960038175125, 19.998840716054616 ], [ -98.174244954564116, 19.998063616320152 ], [ -98.1742638969816, 19.997739392792713 ], [ -98.174201237090301, 19.997449055574577 ], [ -98.172791200956482, 19.995887456292575 ], [ -98.172542726124419, 19.995901640836447 ], [ -98.172504395597144, 19.995569816203069 ], [ -98.172355465509014, 19.995404874386711 ], [ -98.171937342788382, 19.995227445603319 ], [ -98.171093510793838, 19.994263361055243 ], [ -98.171155264186396, 19.99407561469086 ], [ -98.167953540725662, 19.99052944393657 ], [ -98.167773586701642, 19.989587726764722 ], [ -98.167616791072462, 19.988339530330816 ], [ -98.167141631189352, 19.987551775023793 ], [ -98.166468875505757, 19.987098248011215 ], [ -98.165478815949541, 19.98656816726956 ], [ -98.16468831707644, 19.985851365929665 ], [ -98.164100929721869, 19.984272308248173 ], [ -98.163988118094011, 19.982333787919536 ], [ -98.162505244959789, 19.980488065536068 ], [ -98.162266933980575, 19.980295295238019 ], [ -98.162240012201266, 19.980376623138799 ], [ -98.160427983017641, 19.978129571558789 ], [ -98.161511024755072, 19.977198846790891 ], [ -98.161936404358201, 19.976707951039934 ], [ -98.161997099290559, 19.97645124618349 ], [ -98.162151936646595, 19.975905129715269 ], [ -98.162442616598469, 19.975554639407324 ], [ -98.162417613124759, 19.975785836346667 ], [ -98.163619207541274, 19.976272941012283 ], [ -98.164046679675224, 19.974892184251942 ], [ -98.164215327052062, 19.974557924749423 ], [ -98.164962597666019, 19.973572591400792 ], [ -98.166978781744788, 19.97180189528547 ], [ -98.180697640140323, 19.959751567652894 ], [ -98.182470920674461, 19.959755933796206 ], [ -98.182968139648438, 19.960203170776349 ], [ -98.184242248535156, 19.961748123168952 ], [ -98.185470581054702, 19.963323593139652 ], [ -98.186676025390625, 19.964929580688484 ], [ -98.187812805175781, 19.966567993164062 ], [ -98.188903808593736, 19.968252182006829 ], [ -98.189949035644531, 19.969959259033217 ], [ -98.190628051757812, 19.971845626831055 ], [ -98.190971374511705, 19.973817825317383 ], [ -98.190673828125, 19.975770950317379 ], [ -98.190208435058594, 19.977733612060536 ], [ -98.189888000488281, 19.979719161987305 ], [ -98.18975830078125, 19.981706619262688 ], [ -98.189987182617188, 19.983680725097646 ], [ -98.190528869628906, 19.986648559570305 ], [ -98.191017150878892, 19.990621566772457 ], [ -98.191421508789077, 19.992576599121087 ], [ -98.192001342773423, 19.994491577148448 ], [ -98.192657470703139, 19.996381759643562 ], [ -98.193412780761719, 19.998247146606449 ], [ -98.194465637207017, 19.999931335449219 ], [ -98.19571685791017, 20.001497268676747 ], [ -98.197128295898438, 20.002960205078132 ], [ -98.198043823242202, 20.004671096801754 ], [ -98.198440551757812, 20.006647109985344 ], [ -98.199050903320298, 20.008558273315419 ], [ -98.199882507324233, 20.010395050048835 ], [ -98.200981140136719, 20.012048721313469 ], [ -98.202575683593764, 20.013271331787109 ], [ -98.203918457031264, 20.014745712280263 ], [ -98.205116271972656, 20.016359329223643 ], [ -98.206260681152358, 20.018003463745114 ], [ -98.20729827880858, 20.019718170166023 ], [ -98.207817077636719, 20.021625518798828 ], [ -98.208122253417955, 20.023616790771484 ], [ -98.208541870117173, 20.02557563781739 ], [ -98.209091186523438, 20.027498245239268 ], [ -98.209571838378906, 20.029451370239244 ], [ -98.209884643554688, 20.031427383422852 ], [ -98.209678649902344, 20.033401489257805 ], [ -98.209205627441406, 20.035362243652333 ], [ -98.208694458007812, 20.037313461303714 ], [ -98.207489013671861, 20.038858413696282 ], [ -98.205909729003906, 20.040119171142585 ], [ -98.204299926757812, 20.041324615478526 ], [ -98.202850341796861, 20.042684555053711 ], [ -98.201721191406236, 20.044359207153324 ], [ -98.201148986816406, 20.046251296997056 ], [ -98.200897216796889, 20.048257827758786 ], [ -98.200599670410142, 20.050266265869137 ], [ -98.200851440429688, 20.052280426025391 ], [ -98.202125549316392, 20.05357551574707 ], [ -98.204200744628892, 20.053230285644531 ], [ -98.206130981445312, 20.052705764770501 ], [ -98.208114624023438, 20.052724838256832 ], [ -98.211105346679688, 20.053129196166996 ], [ -98.213027954101562, 20.053659439086914 ], [ -98.214851379394517, 20.054485321044922 ], [ -98.216705322265625, 20.055252075195305 ], [ -98.218597412109375, 20.055904388427731 ], [ -98.219772338867188, 20.056243896484386 ], [ -98.208480834960952, 20.078588485717777 ], [ -98.202339172363281, 20.084928512573235 ], [ -98.19596099853517, 20.091266632080085 ], [ -98.188774108886733, 20.104690551757802 ], [ -98.179901123046875, 20.116264343261726 ], [ -98.170555114746094, 20.12714767456055 ], [ -98.162239074707017, 20.13277816772462 ], [ -98.150253295898452, 20.140657424926758 ], [ -98.146339416503906, 20.143360137939457 ], [ -98.138313293457031, 20.144416809082038 ], [ -98.129749303137373, 20.14841602529253 ], [ -98.129700629455755, 20.148357683317119 ], [ -98.129453795802263, 20.148256055723817 ], [ -98.127992825967652, 20.148336001261512 ], [ -98.127671603752646, 20.148673789420016 ], [ -98.126835882786551, 20.148464312309503 ], [ -98.12556362720251, 20.148266138823001 ], [ -98.125557393790373, 20.148628293510402 ], [ -98.125553881929051, 20.14867587659754 ], [ -98.125465524732988, 20.148601989885325 ], [ -98.125139539694331, 20.148582866577453 ], [ -98.124741763264794, 20.148542309072127 ], [ -98.124739722519536, 20.148518980702619 ], [ -98.124574778103963, 20.148445608409187 ] ] ] ] } },
{ "type": "Feature", "properties": { "region": "Centro", "Nombre": "Humedales de Jilotepec-Ixtlahuaca", "hectareas": 18920.0 }, "geometry": { "type": "MultiPolygon", "coordinates": [ [ [ [ -99.412361145019531, 20.015321731567379 ], [ -99.41579437255858, 20.012306213378913 ], [ -99.423873901367188, 20.003736495971687 ], [ -99.410842895507812, 20.001758575439446 ], [ -99.402236938476548, 20.000209808349606 ], [ -99.39388275146483, 19.99888992309571 ], [ -99.384048461914062, 19.998039245605465 ], [ -99.376922607421875, 19.997400283813484 ], [ -99.364624023437486, 19.994728088378903 ], [ -99.349632263183594, 19.992074966430671 ], [ -99.341758728027344, 19.990060806274418 ], [ -99.330924987792955, 19.983007431030273 ], [ -99.325256347656264, 19.977294921875011 ], [ -99.320808410644531, 19.969736099243161 ], [ -99.319557189941406, 19.961923599243157 ], [ -99.322982788085952, 19.956148147583011 ], [ -99.334999084472656, 19.950540542602528 ], [ -99.342857360839844, 19.947263717651378 ], [ -99.354141235351562, 19.941661834716804 ], [ -99.359542846679673, 19.940933227539073 ], [ -99.364509582519545, 19.935298919677741 ], [ -99.367393493652358, 19.936277389526357 ], [ -99.376205444335938, 19.927011489868175 ], [ -99.385520935058594, 19.921194076538082 ], [ -99.395584106445327, 19.91744232177734 ], [ -99.407112121582031, 19.910917282104496 ], [ -99.416679382324219, 19.904409408569336 ], [ -99.42293548583983, 19.897125244140632 ], [ -99.426223754882812, 19.8932991027832 ], [ -99.437278747558594, 19.892068862915039 ], [ -99.440116659216272, 19.89088438650451 ], [ -99.43775112762485, 19.893933429323624 ], [ -99.436034302744631, 19.896146233194546 ], [ -99.437188182881883, 19.899687805775955 ], [ -99.436948590824244, 19.900473961998514 ], [ -99.43626956229663, 19.901388230413112 ], [ -99.435888168151351, 19.902469313863307 ], [ -99.435933194153677, 19.903129158643456 ], [ -99.437418793187902, 19.902755728451201 ], [ -99.437732450931648, 19.90171925785797 ], [ -99.439044960294581, 19.900933501035738 ], [ -99.439434106190589, 19.90079444863073 ], [ -99.440134015257499, 19.900593489091996 ], [ -99.440673307752462, 19.899916800655006 ], [ -99.441182592257121, 19.899202060324733 ], [ -99.442418471014335, 19.898601637485971 ], [ -99.443561878982734, 19.898409095883927 ], [ -99.444011311792039, 19.897649228657528 ], [ -99.445591484618788, 19.896831474193302 ], [ -99.446488467641259, 19.896766567009379 ], [ -99.447659032198899, 19.896750520649512 ], [ -99.448770128812683, 19.896674972830848 ], [ -99.449843903792996, 19.895721160335057 ], [ -99.450239212834262, 19.894835418447933 ], [ -99.450800212861935, 19.894612812009907 ], [ -99.45225986025622, 19.894141751052878 ], [ -99.453806282596304, 19.893798289751139 ], [ -99.455750282522288, 19.893575121584043 ], [ -99.456546676742178, 19.893479077505663 ], [ -99.457210735802633, 19.89344133734615 ], [ -99.457979327395904, 19.893251752446773 ], [ -99.458871694929783, 19.892968049227651 ], [ -99.460111339063843, 19.892659980920754 ], [ -99.460551890827091, 19.892571242696878 ], [ -99.461021935303592, 19.89258853329256 ], [ -99.461492022700781, 19.89262432846326 ], [ -99.461981856647029, 19.89271558431324 ], [ -99.462569344099762, 19.892714058992969 ], [ -99.463097647948643, 19.89256463720487 ], [ -99.463880574818845, 19.892596211246804 ], [ -99.463848483864339, 19.894041693293534 ], [ -99.463886640503304, 19.894711385117944 ], [ -99.464125245296174, 19.895060296549527 ], [ -99.464279557697097, 19.895102818475632 ], [ -99.464637579690574, 19.895353914362925 ], [ -99.465201030369371, 19.895419945686378 ], [ -99.465398779228238, 19.895615431307757 ], [ -99.465377070821532, 19.895967101827058 ], [ -99.4660596517068, 19.896131316517831 ], [ -99.466532845594273, 19.895909945776136 ], [ -99.467349910523041, 19.896194893579853 ], [ -99.467802551864992, 19.897108295000567 ], [ -99.468478605052368, 19.897323846238322 ], [ -99.468764929969979, 19.897327791168987 ], [ -99.469595020743043, 19.897684715917329 ], [ -99.470170461679984, 19.897861036459624 ], [ -99.470855059050578, 19.898605283987383 ], [ -99.471556729354347, 19.898886902715255 ], [ -99.472141861210915, 19.898140286949392 ], [ -99.472533029424852, 19.897965566151619 ], [ -99.473247205891354, 19.897725120442932 ], [ -99.474358746714927, 19.89790480703569 ], [ -99.475639929770551, 19.898278095554168 ], [ -99.476026672923595, 19.898379801277475 ], [ -99.476557916084005, 19.898344130842023 ], [ -99.477436933632447, 19.898274988226799 ], [ -99.477743759849901, 19.898635307332761 ], [ -99.477975341513954, 19.899393090645717 ], [ -99.478129298297972, 19.899753819897203 ], [ -99.478175191124492, 19.899882697781141 ], [ -99.478322013626212, 19.90029501686984 ], [ -99.478553057001207, 19.900872228473453 ], [ -99.478745884618235, 19.901449535214606 ], [ -99.47913067617587, 19.902315245618038 ], [ -99.479399841429967, 19.902856235827599 ], [ -99.47959202240574, 19.903216860392252 ], [ -99.479900488695719, 19.904118892496115 ], [ -99.480360863884499, 19.904695476345921 ], [ -99.481011465101616, 19.904982636650118 ], [ -99.482579101866932, 19.905195074520705 ], [ -99.483981470435083, 19.905176522821144 ], [ -99.475050861652534, 19.944105524886215 ], [ -99.474992207057724, 19.948388931924747 ], [ -99.474973271263707, 19.948580247232051 ], [ -99.474964115711344, 19.94861999683275 ], [ -99.473622571470401, 19.954443932950809 ], [ -99.473681840737427, 19.954449623008276 ], [ -99.47723740482455, 19.954790924268291 ], [ -99.477326982326119, 19.955245579949572 ], [ -99.477426240840074, 19.955595510802194 ], [ -99.477012106096211, 19.955597173456599 ], [ -99.476849477693335, 19.955712391484035 ], [ -99.476878510902168, 19.956544542866617 ], [ -99.477138486042548, 19.957860110457151 ], [ -99.477289536891988, 19.958172079390835 ], [ -99.477614225344723, 19.958789966390864 ], [ -99.477891970126834, 19.95899792262799 ], [ -99.478014381150516, 19.959366769347824 ], [ -99.477943207311938, 19.959819828712249 ], [ -99.477831730374874, 19.960267777265273 ], [ -99.477764941466177, 19.960566393474203 ], [ -99.477562796811483, 19.960865373423662 ], [ -99.477134487049497, 19.960994433455692 ], [ -99.476615617204885, 19.961017142605854 ], [ -99.475984391756654, 19.961189374235531 ], [ -99.475490681481944, 19.961283294835912 ], [ -99.475026051780802, 19.961384111622451 ], [ -99.474423812014081, 19.961409503450874 ], [ -99.473994498745057, 19.961450930351393 ], [ -99.473728313351316, 19.961629993584978 ], [ -99.47334687353009, 19.962352382898306 ], [ -99.473253342336051, 19.962796370789622 ], [ -99.473012247227075, 19.963243731888273 ], [ -99.472379943575561, 19.963214968354421 ], [ -99.470642166274033, 19.962904326715417 ], [ -99.469284140869604, 19.963560321495976 ], [ -99.467639488722483, 19.963378337070491 ], [ -99.466722894370932, 19.96339999632319 ], [ -99.466132444641701, 19.963497794396016 ], [ -99.465664272931576, 19.963614518942652 ], [ -99.464992005305149, 19.963597030065518 ], [ -99.464340274587414, 19.963637232737096 ], [ -99.463749990385764, 19.963792770872086 ], [ -99.463119972638722, 19.964294906475029 ], [ -99.462734167835862, 19.964719405068443 ], [ -99.462647605988195, 19.964791379569405 ], [ -99.46224645690387, 19.965124918834469 ], [ -99.461737649040174, 19.96528023879215 ], [ -99.461452798741973, 19.9653964771381 ], [ -99.461046282782831, 19.965705527421065 ], [ -99.460680171934072, 19.965898972948061 ], [ -99.460191785400141, 19.966073486415549 ], [ -99.459479764176209, 19.966402572731969 ], [ -99.458715324439353, 19.966517691826567 ], [ -99.45826700660794, 19.966461098683517 ], [ -99.457961229427283, 19.966384888746482 ], [ -99.457655119334831, 19.966193177435997 ], [ -99.457307997044168, 19.965905325354406 ], [ -99.457083203212989, 19.965655657351011 ], [ -99.456830205510926, 19.965701640444269 ], [ -99.454656492449672, 19.96410351923091 ], [ -99.453689028867416, 19.964902032077578 ], [ -99.453477983969208, 19.964717134372847 ], [ -99.453339433034344, 19.964548808737739 ], [ -99.452966204089265, 19.964396078761002 ], [ -99.452673941537697, 19.964108664316917 ], [ -99.452354550893901, 19.963814913135813 ], [ -99.452109932416519, 19.963563264006147 ], [ -99.451969104390514, 19.963332361686167 ], [ -99.45148471151164, 19.963329365692196 ], [ -99.451186032349753, 19.963581406492292 ], [ -99.451134254492359, 19.964030840462378 ], [ -99.450937039818825, 19.964246450398228 ], [ -99.450730312669648, 19.964283521449858 ], [ -99.450243599122729, 19.964246896439402 ], [ -99.450124143773792, 19.964585657898763 ], [ -99.450176388100743, 19.964793665102398 ], [ -99.450245108430678, 19.964892768113877 ], [ -99.450376210056803, 19.965026767000484 ], [ -99.451594910812673, 19.966361462044851 ], [ -99.450797014482163, 19.966901748634548 ], [ -99.451428881245519, 19.968620453205467 ], [ -99.452193221018689, 19.970699430091646 ], [ -99.452324202488271, 19.970822565924681 ], [ -99.452725827984835, 19.970606766359364 ], [ -99.453075057112969, 19.971141781139437 ], [ -99.453055844834779, 19.971154260568376 ], [ -99.453082421305197, 19.971263823366289 ], [ -99.453152429658616, 19.971271059026165 ], [ -99.453655962212096, 19.972138151326384 ], [ -99.453167554446352, 19.97241715964557 ], [ -99.453430745923185, 19.972969486758608 ], [ -99.452357410545574, 19.973324854802307 ], [ -99.451796264318887, 19.974379966344543 ], [ -99.451729543041978, 19.974502059103539 ], [ -99.451961485120705, 19.97477740692548 ], [ -99.452327520470874, 19.974804281732617 ], [ -99.452949504233558, 19.975090567093488 ], [ -99.453310187166238, 19.975595941072775 ], [ -99.453590691092415, 19.975854081084968 ], [ -99.453769167648076, 19.975775753094311 ], [ -99.454430581764981, 19.975485454216869 ], [ -99.454431606026844, 19.975350403931987 ], [ -99.454514783617014, 19.975030935315054 ], [ -99.454679817959203, 19.975313519223452 ], [ -99.454731818000866, 19.975530330038431 ], [ -99.454769135490309, 19.976468265439937 ], [ -99.45458548067046, 19.976479439985745 ], [ -99.454577343318903, 19.977098591665346 ], [ -99.454641163844499, 19.977394209102638 ], [ -99.454741383473674, 19.977843654778525 ], [ -99.454939368809661, 19.978619726371207 ], [ -99.454967099029119, 19.978728424022808 ], [ -99.455144601742745, 19.979724472386255 ], [ -99.454829495090337, 19.979770642439846 ], [ -99.454815980775649, 19.979772622506864 ], [ -99.454483519089848, 19.979811096795164 ], [ -99.454619674315566, 19.98057859277591 ], [ -99.45462785866367, 19.980945865415016 ], [ -99.454584208621228, 19.98121979543356 ], [ -99.454300656833922, 19.981278957093057 ], [ -99.454099730887521, 19.981320878437309 ], [ -99.452746768398001, 19.981394998424914 ], [ -99.452662641659785, 19.981394093409531 ], [ -99.452388301041012, 19.981329239718818 ], [ -99.451045959724709, 19.98103281685388 ], [ -99.450689495546484, 19.980986695405921 ], [ -99.45038312903479, 19.981039121445821 ], [ -99.450009953989948, 19.981127350587393 ], [ -99.449897573485103, 19.981153919852265 ], [ -99.448780378183997, 19.981636581801826 ], [ -99.448788932537553, 19.981738115813616 ], [ -99.448814431215581, 19.982040754918994 ], [ -99.448494858084075, 19.981796163114936 ], [ -99.448317781193353, 19.981660633862411 ], [ -99.448248020063645, 19.98166179771794 ], [ -99.44795936476811, 19.981666619339101 ], [ -99.448273442356509, 19.982113139468119 ], [ -99.44841313020514, 19.982297202266398 ], [ -99.448330803541623, 19.982656062895092 ], [ -99.448098181984633, 19.983105127703766 ], [ -99.447716143073905, 19.983346734426181 ], [ -99.447066415914392, 19.983334638504022 ], [ -99.4470627852387, 19.983397623688244 ], [ -99.447057393642908, 19.983491172142774 ], [ -99.447021033979524, 19.983545573390973 ], [ -99.44672253274625, 19.983584007788235 ], [ -99.446457001056828, 19.983551694160301 ], [ -99.446327053930148, 19.983467258774233 ], [ -99.446026998173735, 19.983530274506698 ], [ -99.445901733121374, 19.983561616115814 ], [ -99.444664664460262, 19.984753736699119 ], [ -99.444612496958953, 19.984882794971551 ], [ -99.444470569263544, 19.985059000401886 ], [ -99.444348693294103, 19.985387730472411 ], [ -99.444363741905562, 19.985641503480302 ], [ -99.444379860315195, 19.985913317430448 ], [ -99.444392806437506, 19.986131646802619 ], [ -99.444291364651932, 19.986370714087151 ], [ -99.444245913984915, 19.986481636075453 ], [ -99.444131554607154, 19.98676019441551 ], [ -99.443925967769161, 19.987068548426173 ], [ -99.443652098886787, 19.987754836114643 ], [ -99.443613997426795, 19.988065348737063 ], [ -99.443652658513997, 19.988369479151952 ], [ -99.443644373293537, 19.988529728696339 ], [ -99.443605840116064, 19.988839320344773 ], [ -99.444056494658355, 19.98924779579529 ], [ -99.444130965780118, 19.989368991192094 ], [ -99.44419586466762, 19.989644568362841 ], [ -99.444194333481448, 19.990196768812982 ], [ -99.444322135028344, 19.990528381418507 ], [ -99.444508544259591, 19.990820808248323 ], [ -99.444827453186633, 19.99091535932553 ], [ -99.445141028612738, 19.990966518778848 ], [ -99.445337164859566, 19.99103361401972 ], [ -99.445495565592822, 19.991227893415239 ], [ -99.445297756031948, 19.991588840227003 ], [ -99.445056606122535, 19.991773859435387 ], [ -99.444841734333011, 19.992135089711333 ], [ -99.444362355404635, 19.992683325615971 ], [ -99.444225161398265, 19.992827210909912 ], [ -99.444098396424025, 19.992955433936295 ], [ -99.443910470232836, 19.993117531697319 ], [ -99.443826102208519, 19.99331316974639 ], [ -99.443759964265652, 19.993432850474623 ], [ -99.443508744724227, 19.993510920018068 ], [ -99.443228329992337, 19.993499852763826 ], [ -99.442978912970929, 19.993526167674755 ], [ -99.442641680534521, 19.993862522754362 ], [ -99.44244998023693, 19.994038844563768 ], [ -99.442312964509028, 19.994210412350494 ], [ -99.442207718763498, 19.99437597129646 ], [ -99.442220104276487, 19.994772205878931 ], [ -99.442238451546174, 19.994934109472954 ], [ -99.442229927232091, 19.995095026888826 ], [ -99.442155813716056, 19.995248206960269 ], [ -99.44195088264641, 19.995507469848189 ], [ -99.441682597067981, 19.995747156920942 ], [ -99.441261484532106, 19.99593230394958 ], [ -99.440773879994012, 19.996000466766642 ], [ -99.440312533729255, 19.996047932688114 ], [ -99.439841862175541, 19.9963015011739 ], [ -99.439387847292522, 19.99668698719519 ], [ -99.439141382562696, 19.997001232413879 ], [ -99.438885172013613, 19.997226619157704 ], [ -99.438500903250471, 19.997411162353004 ], [ -99.438247430971785, 19.997462010473427 ], [ -99.437989277611322, 19.997553166472311 ], [ -99.437886096702115, 19.997701621611498 ], [ -99.437713621510298, 19.998027434384035 ], [ -99.437371710135068, 19.998826960609907 ], [ -99.437185755857755, 19.999224521840635 ], [ -99.437012681991945, 19.999460255835459 ], [ -99.436855185626172, 19.999603801703273 ], [ -99.436776718010634, 19.99982427137699 ], [ -99.436927515783424, 20.000362330169967 ], [ -99.436929655170829, 20.000548280687642 ], [ -99.43684200406318, 20.000727353863823 ], [ -99.436852917641446, 20.001299050630607 ], [ -99.436949037387421, 20.001773746311414 ], [ -99.437125576537099, 20.002179505161536 ], [ -99.437283312622895, 20.002571171897465 ], [ -99.437371541029748, 20.003047065557816 ], [ -99.437901162547391, 20.003897946543365 ], [ -99.438133757301628, 20.004182088857892 ], [ -99.438419312571568, 20.004465609127028 ], [ -99.438489764431722, 20.004810240344263 ], [ -99.43841798733402, 20.00529549889611 ], [ -99.438370448417359, 20.0056642436072 ], [ -99.438376749896207, 20.005984250726609 ], [ -99.438685874544888, 20.006287106036563 ], [ -99.439108230641438, 20.00656301941731 ], [ -99.439165753749691, 20.006692136824324 ], [ -99.43919194899226, 20.006914983350942 ], [ -99.438980117693532, 20.007244374121651 ], [ -99.438893489155177, 20.007467022619654 ], [ -99.438775720497077, 20.007698892362932 ], [ -99.438672346555123, 20.007978426970073 ], [ -99.438708093995871, 20.008339515494953 ], [ -99.43935721901417, 20.008953460623143 ], [ -99.439686147118678, 20.009182080485914 ], [ -99.439756895705742, 20.010904255866173 ], [ -99.439759536406214, 20.01092675928215 ], [ -99.439708100352206, 20.010924799614465 ], [ -99.439654518503971, 20.010944116507584 ], [ -99.439536160027558, 20.012142922245047 ], [ -99.439467743605178, 20.012537107429004 ], [ -99.439625353506969, 20.01296357035789 ], [ -99.439956362302539, 20.013258296504354 ], [ -99.440721036226975, 20.013207141096451 ], [ -99.440747865412973, 20.013353735195285 ], [ -99.442152403928233, 20.021027838336508 ], [ -99.443226101912742, 20.024253534426013 ], [ -99.443318080534226, 20.024794903207102 ], [ -99.443528675330413, 20.026077732842328 ], [ -99.443628794980341, 20.026627983787758 ], [ -99.444296929878234, 20.027718092392568 ], [ -99.444769223542309, 20.029134905670276 ], [ -99.445600602668122, 20.031586389907208 ], [ -99.447611944366727, 20.037291441190408 ], [ -99.448178027905755, 20.038345464610114 ], [ -99.44834269223368, 20.040643170661646 ], [ -99.44844877436222, 20.042187108766051 ], [ -99.451668620304034, 20.045547422711987 ], [ -99.452164621095775, 20.046054960886018 ], [ -99.453221535720061, 20.047618811593022 ], [ -99.455349041084446, 20.050691783605846 ], [ -99.456749055497127, 20.052821148208597 ], [ -99.458214364639332, 20.055029535999385 ], [ -99.458450138957147, 20.055830712132984 ], [ -99.458600648040502, 20.056336108076582 ], [ -99.458688023422056, 20.056721012073357 ], [ -99.458658250645627, 20.057071973997914 ], [ -99.458597596385502, 20.057787453415234 ], [ -99.458462858241376, 20.059951730119515 ], [ -99.458448704524628, 20.060035213781514 ], [ -99.458399722811095, 20.060807966016771 ], [ -99.458335433888351, 20.061465664143206 ], [ -99.458453677245899, 20.061622348146042 ], [ -99.45900901913393, 20.062464169623528 ], [ -99.45919906509701, 20.063162550804222 ], [ -99.459605342127702, 20.064846423061635 ], [ -99.459758702871113, 20.065457336120161 ], [ -99.460011333626483, 20.065640665546763 ], [ -99.456260681152344, 20.065847396850593 ], [ -99.444709777832031, 20.066160202026371 ], [ -99.43341064453125, 20.067390441894524 ], [ -99.427520751953111, 20.069732666015614 ], [ -99.421882629394531, 20.073684692382812 ], [ -99.414276123046875, 20.077419281005859 ], [ -99.405448913574205, 20.08231353759766 ], [ -99.398345947265639, 20.088346481323246 ], [ -99.390739440917983, 20.093460083007823 ], [ -99.384613037109375, 20.097185134887699 ], [ -99.378479003906264, 20.099760055541985 ], [ -99.37747955322267, 20.095165252685547 ], [ -99.375, 20.08851242065429 ], [ -99.373748779296861, 20.080930709838878 ], [ -99.370529174804688, 20.073822021484382 ], [ -99.368797302246094, 20.069692611694332 ], [ -99.366577148437514, 20.066257476806637 ], [ -99.362136840820312, 20.060308456420906 ], [ -99.361618041992188, 20.052721023559577 ], [ -99.364295959472656, 20.045801162719719 ], [ -99.369926452636719, 20.039318084716804 ], [ -99.376548767089844, 20.034210205078125 ], [ -99.385139465332031, 20.030467987060561 ], [ -99.391761779785156, 20.027200698852553 ], [ -99.401817321777344, 20.021837234497077 ], [ -99.408683776855483, 20.018337249755866 ], [ -99.412361145019531, 20.015321731567379 ] ] ] ] } },
{ "type": "Feature", "properties": { "region": "Centro", "Nombre": "Llanos de Apan", "hectareas": 137400.0 }, "geometry": { "type": "MultiPolygon", "coordinates": [ [ [ [ -98.238553522924448, 19.783215668550692 ], [ -98.23854827880858, 19.783086776733402 ], [ -98.238296508789048, 19.781106948852539 ], [ -98.237716674804702, 19.77915382385255 ], [ -98.237884521484375, 19.777236938476555 ], [ -98.238609313964844, 19.775331497192379 ], [ -98.23895263671875, 19.773365020751946 ], [ -98.239143371582031, 19.771369934082038 ], [ -98.239402770996094, 19.767377853393551 ], [ -98.239814758300781, 19.763370513916012 ], [ -98.240234374999986, 19.761419296264652 ], [ -98.241188049316406, 19.759708404541023 ], [ -98.242469787597642, 19.758146286010753 ], [ -98.243675231933594, 19.756534576416016 ], [ -98.24468994140625, 19.754806518554695 ], [ -98.245628356933608, 19.753038406372074 ], [ -98.246589660644531, 19.751266479492177 ], [ -98.247360229492173, 19.74943733215332 ], [ -98.247817993164048, 19.74748611450195 ], [ -98.248016357421875, 19.745492935180653 ], [ -98.247970581054688, 19.743471145629883 ], [ -98.247512817382798, 19.741556167602539 ], [ -98.246665954589844, 19.740270614624031 ], [ -98.245552062988267, 19.73861122131348 ], [ -98.244392395019531, 19.736978530883793 ], [ -98.243125915527344, 19.735433578491222 ], [ -98.241020202636719, 19.733287811279297 ], [ -98.239738464355469, 19.731767654418945 ], [ -98.238311767578125, 19.7303581237793 ], [ -98.236961364746108, 19.728887557983398 ], [ -98.23565673828125, 19.727373123168942 ], [ -98.234481596638446, 19.726040960182047 ], [ -98.234700532977541, 19.725852482471449 ], [ -98.235143569739719, 19.725452721664087 ], [ -98.235574651571838, 19.724812202196251 ], [ -98.235938604779662, 19.7242363170941 ], [ -98.236263088620632, 19.72333395808953 ], [ -98.236826694274924, 19.723098842870115 ], [ -98.237215346026289, 19.722889876305917 ], [ -98.237719294104082, 19.722690600363308 ], [ -98.238237154056421, 19.722312363814265 ], [ -98.238767921486485, 19.722233254923417 ], [ -98.238796901139125, 19.722230812542666 ], [ -98.239197457283822, 19.722197051686315 ], [ -98.239361987438173, 19.722183183689353 ], [ -98.240342028235716, 19.722004757214275 ], [ -98.240820851884834, 19.721886102750346 ], [ -98.241312718089659, 19.721732790180635 ], [ -98.241748645571647, 19.721623506656929 ], [ -98.242171357211006, 19.72157394640633 ], [ -98.242623503342458, 19.721522334847034 ], [ -98.243086025337618, 19.721517670350114 ], [ -98.243504453974055, 19.721557313212049 ], [ -98.243907003036597, 19.72161508289868 ], [ -98.24430352322463, 19.72154113758203 ], [ -98.244588755522898, 19.721430019230539 ], [ -98.244847401526584, 19.721300604888132 ], [ -98.245063225920788, 19.721075247760528 ], [ -98.24531077996842, 19.720835168869257 ], [ -98.245744108168097, 19.720594871877562 ], [ -98.246100438314699, 19.720356312087677 ], [ -98.246482963938803, 19.720076284771014 ], [ -98.246993565039034, 19.719845928898369 ], [ -98.247474446502096, 19.719638138121365 ], [ -98.248057834313514, 19.719332630486686 ], [ -98.248621126674465, 19.719183880783842 ], [ -98.249514371625594, 19.719261105516761 ], [ -98.250108217385502, 19.719333962966143 ], [ -98.250591549842255, 19.71931220400575 ], [ -98.251181496398615, 19.719271725484429 ], [ -98.251734101838196, 19.719209046043112 ], [ -98.252471969507511, 19.7191539789135 ], [ -98.253005364259423, 19.719104243413014 ], [ -98.253517240298294, 19.719092700793702 ], [ -98.254005507725381, 19.719118117352565 ], [ -98.254508739153323, 19.719040059760005 ], [ -98.25496778009493, 19.718909560509637 ], [ -98.255318917436909, 19.718829019385826 ], [ -98.256060245427619, 19.718606920820349 ], [ -98.256464867906288, 19.718598702528269 ], [ -98.25708192033899, 19.718568397859933 ], [ -98.257575647889894, 19.718471269780402 ], [ -98.258152119930216, 19.718166623168006 ], [ -98.258637169569354, 19.717840284452681 ], [ -98.259574761783455, 19.717209469269669 ], [ -98.259951989169195, 19.717197771803292 ], [ -98.262307612127927, 19.717206274422466 ], [ -98.2629772111015, 19.717284550470204 ], [ -98.264088404170877, 19.717293292176066 ], [ -98.264079792872707, 19.717212565864848 ], [ -98.264746925508874, 19.717127415607283 ], [ -98.265028098566063, 19.717030493041356 ], [ -98.265315349436207, 19.717007428781194 ], [ -98.265494684156153, 19.717047012536284 ], [ -98.265574243657284, 19.717048974797631 ], [ -98.265592272425778, 19.717038875754241 ], [ -98.265636778396399, 19.717013946899236 ], [ -98.265781645251593, 19.717325298816291 ], [ -98.265879872453638, 19.717424202989058 ], [ -98.266011551677238, 19.71870794641999 ], [ -98.266301145088974, 19.719136959788141 ], [ -98.266619975556537, 19.719634554253318 ], [ -98.266980473790866, 19.720117103365563 ], [ -98.26722374493859, 19.720211078841213 ], [ -98.267391999489945, 19.72033377879432 ], [ -98.267454651532034, 19.720289087653445 ], [ -98.267936108796064, 19.720273137188631 ], [ -98.268136781392158, 19.719992950092276 ], [ -98.268156507075631, 19.720421503536159 ], [ -98.268287642052499, 19.720562970779483 ], [ -98.26817270231021, 19.720750354961744 ], [ -98.268126156618919, 19.720826237804019 ], [ -98.26886422502244, 19.721694836010883 ], [ -98.269855640037321, 19.722869649996259 ], [ -98.270781629990381, 19.722901722202128 ], [ -98.271227883699467, 19.72402120029869 ], [ -98.271924681227247, 19.724361214419101 ], [ -98.271982362273448, 19.724579425508722 ], [ -98.272479695935886, 19.72469066095902 ], [ -98.273901464968631, 19.724568597151645 ], [ -98.274136752394355, 19.723944156311987 ], [ -98.275232513652611, 19.723802965928975 ], [ -98.27550919368025, 19.724390278586572 ], [ -98.276199621199083, 19.723989522669275 ], [ -98.2774508215292, 19.724390624621869 ], [ -98.278816925587378, 19.724773847795973 ], [ -98.279547188680027, 19.725313900693347 ], [ -98.279847450023723, 19.725820143063974 ], [ -98.280521559824052, 19.726321073834065 ], [ -98.281132896284646, 19.726336089226276 ], [ -98.281660920884235, 19.726259981896362 ], [ -98.282069907734311, 19.725888157857934 ], [ -98.2819582906817, 19.724768611912005 ], [ -98.282299758134357, 19.724035789547465 ], [ -98.280409336098899, 19.720132175618961 ], [ -98.279826004815732, 19.718086224217632 ], [ -98.27967240763499, 19.716881494554777 ], [ -98.280041315813378, 19.717489293176154 ], [ -98.280360429176895, 19.718221605239581 ], [ -98.280534057343942, 19.718542168379262 ], [ -98.281196569920183, 19.718930141318538 ], [ -98.282063102106804, 19.719079735931182 ], [ -98.28286863883298, 19.719576648547473 ], [ -98.283800528246545, 19.720000369960562 ], [ -98.285467692382113, 19.720800759641012 ], [ -98.286638875420536, 19.722010292754181 ], [ -98.287720409333673, 19.723216658050749 ], [ -98.288302852088066, 19.723758571532418 ], [ -98.289477987359703, 19.724574264121195 ], [ -98.290547185616049, 19.725295712870992 ], [ -98.291763225704955, 19.72590042754161 ], [ -98.293321726864264, 19.726229600906525 ], [ -98.292800273906153, 19.725034374170537 ], [ -98.292694766657917, 19.724008339347623 ], [ -98.292692582530023, 19.723924687648747 ], [ -98.293201793306579, 19.7238850020962 ], [ -98.29474277217632, 19.723817946882335 ], [ -98.298136735190667, 19.723739630427833 ], [ -98.300801486847263, 19.723630711933417 ], [ -98.30148783619488, 19.723128957187431 ], [ -98.301558510154521, 19.72307875367115 ], [ -98.301593883589931, 19.723103067648694 ], [ -98.302136608276228, 19.723452194313438 ], [ -98.302811317384069, 19.723874989671554 ], [ -98.303026662996373, 19.724007850850157 ], [ -98.303667582010945, 19.72441266652724 ], [ -98.304693727003652, 19.725106460883527 ], [ -98.305468578718745, 19.725665652721474 ], [ -98.307324451649123, 19.727020813711402 ], [ -98.30787294865867, 19.727143621258207 ], [ -98.308692106843566, 19.72724795309529 ], [ -98.310307232902332, 19.72754658387203 ], [ -98.311086892028683, 19.727726446187532 ], [ -98.3110948793652, 19.727076888835487 ], [ -98.311185811407199, 19.727060935845095 ], [ -98.311919933281629, 19.727187235132948 ], [ -98.312659941839186, 19.727292090839633 ], [ -98.313163695898112, 19.727219778744146 ], [ -98.313660841315595, 19.726729837296507 ], [ -98.314067007429145, 19.726163184994476 ], [ -98.314291019751991, 19.725520159169189 ], [ -98.314736704357429, 19.724995415076791 ], [ -98.315053529323308, 19.724711183157677 ], [ -98.315481521467731, 19.725589334977936 ], [ -98.316462791810807, 19.725303689232163 ], [ -98.317035275016451, 19.725041900195961 ], [ -98.317982544473267, 19.724547615813531 ], [ -98.319516748642613, 19.724161732978601 ], [ -98.32048361297413, 19.724060575190791 ], [ -98.321119329077291, 19.723701299879128 ], [ -98.322616512338584, 19.723257159559793 ], [ -98.323207041695838, 19.723380436921101 ], [ -98.323775974813671, 19.723646104574243 ], [ -98.324486685973383, 19.723763637636406 ], [ -98.325086241911464, 19.723690147953324 ], [ -98.325634420076383, 19.723274205424648 ], [ -98.326721111236296, 19.722653164848971 ], [ -98.327728198093311, 19.722224259286012 ], [ -98.32842099481239, 19.722084410028241 ], [ -98.329598806120146, 19.722580658905805 ], [ -98.33166720752142, 19.72231996666612 ], [ -98.332089243528202, 19.721712868709801 ], [ -98.332237783046367, 19.721159652964296 ], [ -98.332338149201348, 19.720467817404401 ], [ -98.332499736504005, 19.719971932556742 ], [ -98.332737986285991, 19.719736077747363 ], [ -98.331798704282761, 19.716068751468665 ], [ -98.331920440031141, 19.71164214742241 ], [ -98.333135513175392, 19.711763993175129 ], [ -98.333251502383789, 19.711496693334585 ], [ -98.333204478676095, 19.711081191892767 ], [ -98.333060543959562, 19.710526889975831 ], [ -98.333013904573406, 19.710019095895579 ], [ -98.333112730218303, 19.70969643152824 ], [ -98.333309232395351, 19.70932798261612 ], [ -98.333300002123167, 19.709217911901423 ], [ -98.333262782694888, 19.708774041864309 ], [ -98.332923114148315, 19.70840360201894 ], [ -98.332486153004709, 19.7079866518595 ], [ -98.332392113995681, 19.707155649897331 ], [ -98.331810654826299, 19.706322835207832 ], [ -98.330887242758422, 19.705673333936655 ], [ -98.330840996187447, 19.705073246459236 ], [ -98.329481613559253, 19.703776049981791 ], [ -98.330022370774429, 19.701376227841003 ], [ -98.329953113100515, 19.699774342157422 ], [ -98.329572466343379, 19.69963346978982 ], [ -98.330046738413429, 19.699037464183565 ], [ -98.329009359150476, 19.69815756961161 ], [ -98.328837884543134, 19.698012124125469 ], [ -98.328297010976328, 19.698425041629498 ], [ -98.327635082406857, 19.699005565589548 ], [ -98.326433372669413, 19.699597881404962 ], [ -98.325041887777545, 19.699746345467325 ], [ -98.324189849850839, 19.699521222500145 ], [ -98.323474950152828, 19.699514591044661 ], [ -98.323028422004569, 19.699503746925846 ], [ -98.322748094361813, 19.699630220384932 ], [ -98.322500072882576, 19.700087198380928 ], [ -98.321896652705959, 19.700472121577281 ], [ -98.320949178867323, 19.701010895075115 ], [ -98.321308357205012, 19.697066337260683 ], [ -98.32135594207638, 19.695980830127738 ], [ -98.321633378381478, 19.694126913112363 ], [ -98.321769639084053, 19.69326365563359 ], [ -98.321732395803807, 19.693227680351246 ], [ -98.322273874624372, 19.692421426601907 ], [ -98.323174894905662, 19.691534940786916 ], [ -98.323273035726558, 19.691420276335716 ], [ -98.323292801476612, 19.691368600985804 ], [ -98.323397970575101, 19.690709836898673 ], [ -98.323468726986093, 19.690112224454818 ], [ -98.323594588851975, 19.689688649321173 ], [ -98.323689181933418, 19.689551102355605 ], [ -98.323760266350462, 19.689285845858958 ], [ -98.323957018576166, 19.68885321511836 ], [ -98.323905076693535, 19.688434515236903 ], [ -98.323835490070294, 19.688029515750728 ], [ -98.323646319432456, 19.68735297938073 ], [ -98.323845962498922, 19.686781882578902 ], [ -98.323868825871813, 19.686233028099949 ], [ -98.323830913503897, 19.685541072291457 ], [ -98.323803144156358, 19.685297647693112 ], [ -98.324011524278362, 19.684996804291053 ], [ -98.324059893761017, 19.684930915485854 ], [ -98.328258120703026, 19.679211870677744 ], [ -98.330541201225955, 19.676038233165418 ], [ -98.333526064551918, 19.671986198247897 ], [ -98.333817991074852, 19.671609497383628 ], [ -98.336907937690569, 19.667395214094451 ], [ -98.337047666066596, 19.667194683690962 ], [ -98.337059033749995, 19.667178369164034 ], [ -98.337103979790399, 19.667113865284239 ], [ -98.341384214511535, 19.661323814431992 ], [ -98.34253428104941, 19.659756710362839 ], [ -98.345645161216041, 19.655517552546726 ], [ -98.345667168734565, 19.655489526583938 ], [ -98.350910913601908, 19.648811696293013 ], [ -98.353453393844674, 19.645589590623761 ], [ -98.357323436215751, 19.640497864647696 ], [ -98.36691700359016, 19.628324899134668 ], [ -98.36696187759145, 19.628261285383665 ], [ -98.366981146597283, 19.628240886826756 ], [ -98.36701080479645, 19.628209488994603 ], [ -98.369878966188722, 19.624527568212955 ], [ -98.381696842990848, 19.609361863273492 ], [ -98.409564354030394, 19.616688431386159 ], [ -98.412666543937192, 19.617499090648181 ], [ -98.416434163614866, 19.616771100646847 ], [ -98.416793968067452, 19.61670273206736 ], [ -98.429313707448458, 19.614286095643674 ], [ -98.42958881942161, 19.614228845150087 ], [ -98.430091937639332, 19.614145099256724 ], [ -98.430684533645575, 19.614215239081613 ], [ -98.431312705678863, 19.614297219254727 ], [ -98.431917112828998, 19.614375449284534 ], [ -98.432834489937392, 19.614467571767371 ], [ -98.433856434384353, 19.614598352963064 ], [ -98.435167224479414, 19.614378631584845 ], [ -98.436571953382, 19.614522255174279 ], [ -98.437990169414178, 19.614445024456952 ], [ -98.438783557265921, 19.614325918860466 ], [ -98.439255982814203, 19.614022101850729 ], [ -98.43979622604806, 19.613717666455365 ], [ -98.440454526472124, 19.613696618311433 ], [ -98.44073974434734, 19.613620842400561 ], [ -98.440943555008488, 19.613519128932591 ], [ -98.441413060539318, 19.612843644953365 ], [ -98.441461729786909, 19.612718488670666 ], [ -98.441423642731806, 19.612580568620807 ], [ -98.442387923020775, 19.612771524080383 ], [ -98.443256387084048, 19.612901314427333 ], [ -98.443212224499334, 19.613788790748199 ], [ -98.443292678332483, 19.614208383421492 ], [ -98.443372325224459, 19.614360502685731 ], [ -98.443423830750675, 19.614566806405726 ], [ -98.443500987962707, 19.614826009076729 ], [ -98.443614790281771, 19.615063150231251 ], [ -98.443728499787298, 19.615342046603232 ], [ -98.443830636247043, 19.615519612275857 ], [ -98.444039190402592, 19.615681942733922 ], [ -98.444339445483266, 19.61573968904359 ], [ -98.444681645070034, 19.61579610695324 ], [ -98.444987033509747, 19.615832181043888 ], [ -98.445136548903463, 19.61586548745009 ], [ -98.445305397813641, 19.616019071438512 ], [ -98.445386706763387, 19.61605809054123 ], [ -98.445433575469949, 19.61615725527302 ], [ -98.445492050574316, 19.616264066769897 ], [ -98.445599115380148, 19.616430010139581 ], [ -98.44569504283875, 19.616595692762942 ], [ -98.445808503919096, 19.616730152253808 ], [ -98.446041340891853, 19.61677252242696 ], [ -98.446260411461324, 19.616724187464257 ], [ -98.446383874657741, 19.616664456153252 ], [ -98.446487565710129, 19.61656141701139 ], [ -98.446566555805475, 19.61647097512618 ], [ -98.446678172251296, 19.616319056571591 ], [ -98.446828553191722, 19.616300532437482 ], [ -98.447038923474281, 19.616320165002119 ], [ -98.447249370298621, 19.616320811240563 ], [ -98.447549937110622, 19.616340719692129 ], [ -98.447790254886101, 19.616398407178011 ], [ -98.447957302092036, 19.616440390255249 ], [ -98.448102012249691, 19.616453592351309 ], [ -98.448311795526564, 19.616487937687737 ], [ -98.448549779832916, 19.616500056235534 ], [ -98.448822760651311, 19.616542145972836 ], [ -98.449040956637305, 19.61660321013159 ], [ -98.44920131905242, 19.616670475952304 ], [ -98.449337445919497, 19.616776367796938 ], [ -98.449497668549483, 19.616956772028313 ], [ -98.449609857756244, 19.6171483698792 ], [ -98.449722250396974, 19.617372246435533 ], [ -98.449806332336038, 19.617562228432497 ], [ -98.449927239799806, 19.617715905423914 ], [ -98.450100957618929, 19.617893918125485 ], [ -98.450385361799732, 19.618029635018008 ], [ -98.450705843423265, 19.61808756392389 ], [ -98.450966430905268, 19.618078869543496 ], [ -98.451170541905114, 19.618074347976776 ], [ -98.451397126017525, 19.61803695603038 ], [ -98.451743162910617, 19.617981768845638 ], [ -98.451986980928311, 19.617962294059204 ], [ -98.452296495614533, 19.617942470960099 ], [ -98.45251737496973, 19.617935449977146 ], [ -98.452764908434816, 19.617983426331573 ], [ -98.453015516322793, 19.618056075963729 ], [ -98.45319087218185, 19.618161574067155 ], [ -98.453320957456768, 19.618218918854105 ], [ -98.453711565612409, 19.618286544406086 ], [ -98.454098304265344, 19.618305980921836 ], [ -98.454208670290825, 19.6182683505765 ], [ -98.454349186292035, 19.618202328891215 ], [ -98.45447965655103, 19.618145773665209 ], [ -98.454580187821946, 19.618051155781298 ], [ -98.454650718810001, 19.61793746805786 ], [ -98.454731146458997, 19.617861774835458 ], [ -98.454791725293077, 19.617729070936978 ], [ -98.454842183236806, 19.617624812453549 ], [ -98.454906324926043, 19.617563358984796 ], [ -98.454974975068467, 19.617504214743082 ], [ -98.455070888479781, 19.617407047310056 ], [ -98.455154475068539, 19.617334441026898 ], [ -98.45524156099367, 19.617239827823337 ], [ -98.455344775762569, 19.617170713390273 ], [ -98.45547532835009, 19.617085681681033 ], [ -98.455635766577487, 19.61705769149091 ], [ -98.455806251869845, 19.617020242668335 ], [ -98.455966593893535, 19.617020727523034 ], [ -98.456307115745219, 19.617078705948355 ], [ -98.456376894393941, 19.617098547379619 ], [ -98.456551269918052, 19.617155190606809 ], [ -98.4566613584999, 19.617192807154133 ], [ -98.456817578655446, 19.61723588385879 ], [ -98.457011378184561, 19.61725794088126 ], [ -98.457221100129999, 19.617201534787771 ], [ -98.457362701853086, 19.617095347542236 ], [ -98.457491573585045, 19.61697218132041 ], [ -98.4575693768859, 19.616817971292662 ], [ -98.457698584499283, 19.616696434477152 ], [ -98.457856871238178, 19.616523721911275 ], [ -98.458038301469642, 19.616389543756775 ], [ -98.458298431259834, 19.616198717554404 ], [ -98.458733172298736, 19.615922424707872 ], [ -98.458844993493685, 19.616018560956572 ], [ -98.458948362629783, 19.616058085301809 ], [ -98.459155178544947, 19.616117532319585 ], [ -98.459382961264851, 19.616098605107382 ], [ -98.459465834379486, 19.616079250325271 ], [ -98.45959030137297, 19.616001187727719 ], [ -98.459797576218605, 19.615923372732691 ], [ -98.460004337668252, 19.616002429641092 ], [ -98.460169548068492, 19.61612057561905 ], [ -98.460376691596025, 19.616081982334634 ], [ -98.460459891693731, 19.615964580230145 ], [ -98.460522516938852, 19.615807894588542 ], [ -98.460668473308559, 19.615494600619517 ], [ -98.460814036565552, 19.615298947782122 ], [ -98.461001269434774, 19.615024991644528 ], [ -98.46105589063005, 19.614737119854531 ], [ -98.461251703610387, 19.614417881422273 ], [ -98.461566277669903, 19.614322888670287 ], [ -98.461852107238059, 19.614400065378749 ], [ -98.461976180423562, 19.614439658350619 ], [ -98.462162237374301, 19.614518643272014 ], [ -98.462400452815828, 19.614567300527494 ], [ -98.462580898772217, 19.614527200937715 ], [ -98.462925602289516, 19.614382243706075 ], [ -98.463301316610725, 19.614172968909333 ], [ -98.46359917899278, 19.614109841605508 ], [ -98.463836225112118, 19.614169897973436 ], [ -98.464015316045177, 19.614244172770253 ], [ -98.464134616577539, 19.614402711242839 ], [ -98.46425970195456, 19.614654840530235 ], [ -98.46438804056838, 19.614782440245197 ], [ -98.464596080413614, 19.614898313182323 ], [ -98.464782527586095, 19.614859652855216 ], [ -98.464969029523587, 19.614801381285758 ], [ -98.465217838342838, 19.614684469022443 ], [ -98.465487146065087, 19.61462644330194 ], [ -98.465694026964499, 19.614666271411526 ], [ -98.465879891551808, 19.614804085014548 ], [ -98.466003707617105, 19.614922103333832 ], [ -98.466086837850497, 19.614824309978477 ], [ -98.466066845342141, 19.614608551137398 ], [ -98.466150364348294, 19.614393107660021 ], [ -98.466254845465642, 19.614099288543862 ], [ -98.466504417613223, 19.613747082044807 ], [ -98.466752965909933, 19.61370859594318 ], [ -98.467202101229276, 19.613802701133437 ], [ -98.467393860085124, 19.613965405905429 ], [ -98.467579520268018, 19.614162034844806 ], [ -98.467771001170775, 19.614308532347881 ], [ -98.467984330980698, 19.614309702080703 ], [ -98.468238858550464, 19.614335323201527 ], [ -98.468577249978964, 19.614306468224175 ], [ -98.468926165314016, 19.614393169464108 ], [ -98.469230893947255, 19.614460713209336 ], [ -98.469508533072514, 19.614588056508374 ], [ -98.469705958448827, 19.614829893573805 ], [ -98.469912024388933, 19.614849006809621 ], [ -98.470140723859586, 19.614773277643508 ], [ -98.470410556650478, 19.614665127032978 ], [ -98.471041255247599, 19.614829076543092 ], [ -98.471350702671501, 19.615155242650761 ], [ -98.471562875110067, 19.615168612161359 ], [ -98.472038593326744, 19.61508097011988 ], [ -98.472599772716151, 19.615101650775582 ], [ -98.473192437398865, 19.615145843548859 ], [ -98.473524326493518, 19.61534344850099 ], [ -98.473679602736397, 19.615544528753048 ], [ -98.473928208214858, 19.615550321987214 ], [ -98.474231016389169, 19.61565810960499 ], [ -98.474726892996742, 19.615953685544248 ], [ -98.475346798510969, 19.616308437710885 ], [ -98.475429223803559, 19.616426329913153 ], [ -98.475821783662653, 19.616662775592754 ], [ -98.476709922759184, 19.617292830017174 ], [ -98.477061088606902, 19.617529152710869 ], [ -98.477971070124809, 19.617806309736718 ], [ -98.478517690115424, 19.618002829275166 ], [ -98.478856947139064, 19.618023024635015 ], [ -98.479203359038522, 19.617771937914309 ], [ -98.479347645608215, 19.61761075859706 ], [ -98.479592845869504, 19.617523127106121 ], [ -98.479824112100601, 19.617475071008901 ], [ -98.480098829470236, 19.617500112006041 ], [ -98.480229924166849, 19.617500489989904 ], [ -98.480458428352108, 19.617552332858459 ], [ -98.48063462482169, 19.617659603010466 ], [ -98.480804998024965, 19.61770041774508 ], [ -98.48099186376767, 19.617750888066467 ], [ -98.481158423675893, 19.617841624374513 ], [ -98.481430491888773, 19.617893495286605 ], [ -98.481740751672945, 19.617970569629414 ], [ -98.482046585693482, 19.618014571356486 ], [ -98.482375463163564, 19.61810984123872 ], [ -98.482504887197464, 19.61816235913966 ], [ -98.48313502822991, 19.618514085904103 ], [ -98.483771633238291, 19.618776215551534 ], [ -98.484540550810394, 19.618147618676332 ], [ -98.484770353760851, 19.618087498552651 ], [ -98.485144536739227, 19.617953250683499 ], [ -98.485534117820407, 19.617933527084801 ], [ -98.485671977982875, 19.617939562439222 ], [ -98.486022721970741, 19.617973646264542 ], [ -98.486222162299683, 19.617963645325446 ], [ -98.486309880413259, 19.617967485115994 ], [ -98.486330691282674, 19.617958203893043 ], [ -98.486477048586593, 19.617950864211224 ], [ -98.48690567351521, 19.617714726712336 ], [ -98.487387649753174, 19.617510588334387 ], [ -98.487506261425693, 19.617513341600588 ], [ -98.487534805761726, 19.617559402657985 ], [ -98.487574060955936, 19.617653469442313 ], [ -98.487542618920884, 19.618166226876372 ], [ -98.487854176400845, 19.617912978235672 ], [ -98.48996574306662, 19.619763187161368 ], [ -98.490195429592944, 19.619953330571263 ], [ -98.490192611288052, 19.619831421551588 ], [ -98.490085366895229, 19.618112019487317 ], [ -98.490127825677817, 19.617855096872464 ], [ -98.490184276361305, 19.617524818688107 ], [ -98.490682894624868, 19.616341495794874 ], [ -98.491137900274168, 19.615880542308048 ], [ -98.491940960840253, 19.614987722965502 ], [ -98.492298623258279, 19.614583698405934 ], [ -98.492326287892553, 19.614541591877767 ], [ -98.492393391977458, 19.614412380360264 ], [ -98.492704083315047, 19.613837262356022 ], [ -98.49251635842181, 19.613559431057158 ], [ -98.492145070585067, 19.612811738459886 ], [ -98.491667824727998, 19.61182859169314 ], [ -98.491216640775278, 19.610843690025593 ], [ -98.490893561196316, 19.610164305208954 ], [ -98.490891084184071, 19.610052500611463 ], [ -98.490931499311188, 19.609785329594825 ], [ -98.490934458749052, 19.60912390148075 ], [ -98.490967434513635, 19.608348492409082 ], [ -98.491037678356506, 19.608223272899206 ], [ -98.491483752545406, 19.607698886129668 ], [ -98.491585015720133, 19.607565931216172 ], [ -98.49161384095612, 19.607367832190487 ], [ -98.495400094187872, 19.607467098000907 ], [ -98.495701034392326, 19.607443014572723 ], [ -98.498794499199008, 19.605766902107398 ], [ -98.49865167493067, 19.605596022362636 ], [ -98.499033586067114, 19.605231420341486 ], [ -98.499265734155458, 19.60544193507463 ], [ -98.500366696607372, 19.604658826052933 ], [ -98.500405727671165, 19.604624668191317 ], [ -98.500704203969619, 19.604399494562422 ], [ -98.500589806778365, 19.603996971137583 ], [ -98.501579242029976, 19.603696287536284 ], [ -98.50154040008978, 19.603550250597909 ], [ -98.502430886147764, 19.60351860031351 ], [ -98.502315818458413, 19.603202158592421 ], [ -98.503594413573367, 19.603259296334006 ], [ -98.504146009367929, 19.603353826712649 ], [ -98.505057657764027, 19.603404955493101 ], [ -98.505543289212767, 19.603414076150191 ], [ -98.506098906591845, 19.603298584746703 ], [ -98.507316733036021, 19.602907631851725 ], [ -98.507393931239989, 19.60279110062476 ], [ -98.508247074979124, 19.6027304607946 ], [ -98.508580598124198, 19.602831500411892 ], [ -98.509525403805725, 19.603300620663312 ], [ -98.509720838847258, 19.603402982708158 ], [ -98.510503456605406, 19.603698806333465 ], [ -98.511760948497468, 19.603984153073949 ], [ -98.514367158186403, 19.60391707854038 ], [ -98.51442207665869, 19.603972755901914 ], [ -98.515384590361109, 19.603706249030548 ], [ -98.516478124124049, 19.60341194979344 ], [ -98.517681075552289, 19.603063292469002 ], [ -98.517744851616428, 19.602934790339877 ], [ -98.517920163916614, 19.60297509999187 ], [ -98.51800624938133, 19.603298477952503 ], [ -98.518596434394667, 19.602798455093975 ], [ -98.519072974982791, 19.602376858460442 ], [ -98.519238793462151, 19.602399292411757 ], [ -98.519828960293154, 19.603065492347792 ], [ -98.521505188727986, 19.605694729956078 ], [ -98.521522287454232, 19.605739752929779 ], [ -98.522435873249592, 19.607347074554834 ], [ -98.523407716867609, 19.608390106981822 ], [ -98.523439893644436, 19.608421101783453 ], [ -98.526052874809025, 19.611158811677569 ], [ -98.526932604364077, 19.61241322941385 ], [ -98.528263011598909, 19.614315573787696 ], [ -98.528327439743407, 19.614529764482963 ], [ -98.528335760188099, 19.614557426426554 ], [ -98.528033955550953, 19.614797817607233 ], [ -98.527617437878774, 19.615718159671275 ], [ -98.527395609605989, 19.616034415544405 ], [ -98.526347044031283, 19.61761204624257 ], [ -98.525758482125113, 19.618510651357987 ], [ -98.525686305535103, 19.618636797866166 ], [ -98.525783253473662, 19.618948783869847 ], [ -98.525953362616974, 19.619437915876293 ], [ -98.526461143953426, 19.620153296370503 ], [ -98.526754841343845, 19.620333775522386 ], [ -98.5271210698223, 19.620732207768054 ], [ -98.527436625832379, 19.621380279199951 ], [ -98.527678450513122, 19.622189960616574 ], [ -98.5278719835961, 19.6228145900591 ], [ -98.528088744008073, 19.62384708874324 ], [ -98.528766138882219, 19.624770835112592 ], [ -98.528880184267152, 19.624924602411106 ], [ -98.535575777877995, 19.634418872883668 ], [ -98.536819439566528, 19.63297371511441 ], [ -98.541240198777317, 19.627929257943844 ], [ -98.54688007803739, 19.62151295043795 ], [ -98.550399676760662, 19.618578172955658 ], [ -98.550316469654888, 19.620509761386437 ], [ -98.550293866614595, 19.621673045872356 ], [ -98.550166449541535, 19.624421418958907 ], [ -98.550166210042121, 19.624548780489121 ], [ -98.550522549076121, 19.624600842395328 ], [ -98.551343168450202, 19.624724051734336 ], [ -98.551777088135665, 19.62479033071023 ], [ -98.552015450285452, 19.62482640572718 ], [ -98.552657209562213, 19.624924040346968 ], [ -98.553661796019639, 19.625078227325925 ], [ -98.554287639526066, 19.625172744151303 ], [ -98.55517500925788, 19.625307887679117 ], [ -98.555611567842504, 19.625373567568591 ], [ -98.555740426308731, 19.625392058935443 ], [ -98.555733473336986, 19.625515162321669 ], [ -98.555717138046546, 19.626060757435464 ], [ -98.555708561423003, 19.626305269142104 ], [ -98.555699767485251, 19.626595561426019 ], [ -98.555689715501188, 19.626958649546406 ], [ -98.555681273618447, 19.62718150187991 ], [ -98.555671685541455, 19.627340128769564 ], [ -98.555650340836877, 19.627655183138888 ], [ -98.555632195620788, 19.627835685943168 ], [ -98.555617737088056, 19.628002576009834 ], [ -98.55561046878816, 19.628102371883088 ], [ -98.555693203755851, 19.628090047910714 ], [ -98.55643258899363, 19.627983797283839 ], [ -98.556798886115274, 19.62792998559004 ], [ -98.557026178240136, 19.627896197036367 ], [ -98.557241575515846, 19.627864316683336 ], [ -98.55738911882159, 19.627843708959045 ], [ -98.557677712951786, 19.627802887466864 ], [ -98.558115027171965, 19.627742155460989 ], [ -98.559613922447497, 19.627535799993485 ], [ -98.559651380128898, 19.627518890300745 ], [ -98.560428852059744, 19.62743236149058 ], [ -98.560813197146729, 19.627409236230953 ], [ -98.560870078288033, 19.62742548735849 ], [ -98.561303708689948, 19.627366634064462 ], [ -98.563604497452957, 19.627153714783404 ], [ -98.563626818792997, 19.627151649104519 ], [ -98.563719505610663, 19.627148811722034 ], [ -98.563575959204698, 19.629150494625499 ], [ -98.561779902088162, 19.635982074203884 ], [ -98.561716100285921, 19.636227875698427 ], [ -98.561712144151954, 19.636255627189954 ], [ -98.561375697173332, 19.637563746768702 ], [ -98.561369951818236, 19.637595392639611 ], [ -98.561672942938969, 19.637782227769691 ], [ -98.561864601244423, 19.637888284562276 ], [ -98.562319846635518, 19.637979535012938 ], [ -98.565476590802177, 19.639755536869011 ], [ -98.565645296398657, 19.639598336458505 ], [ -98.565678521349298, 19.639574679960862 ], [ -98.566384278624156, 19.640251021999109 ], [ -98.566357805075853, 19.641119659483692 ], [ -98.566816486839528, 19.640457846616059 ], [ -98.567167807806783, 19.640492837746798 ], [ -98.567495447464125, 19.640522790322535 ], [ -98.567632394807887, 19.640377266989088 ], [ -98.567909587129108, 19.639915089016963 ], [ -98.56812700381046, 19.639408150667883 ], [ -98.568360355194457, 19.639170410042833 ], [ -98.568691640606474, 19.638959639898744 ], [ -98.568939472479187, 19.638819142396638 ], [ -98.569048908736676, 19.638757103321492 ], [ -98.569549583626738, 19.638837057349903 ], [ -98.570228318124009, 19.638938342344673 ], [ -98.570720919355963, 19.638866077700779 ], [ -98.571166993035476, 19.638670527681892 ], [ -98.571462400785805, 19.638452745845139 ], [ -98.571630164845075, 19.638462781906316 ], [ -98.572132806747007, 19.638705190910198 ], [ -98.572936516862228, 19.638908629184975 ], [ -98.573472190501491, 19.638940118585225 ], [ -98.574927857809769, 19.638689714744238 ], [ -98.575280366839948, 19.638537066993884 ], [ -98.57579443669249, 19.638418484238702 ], [ -98.576536869239959, 19.638361727339436 ], [ -98.577022324979879, 19.638225037290791 ], [ -98.577317920176, 19.638018001162049 ], [ -98.577582830744035, 19.637930083411391 ], [ -98.577913791258098, 19.638019642770089 ], [ -98.578338279911193, 19.638020600902525 ], [ -98.57922905865118, 19.637776408936322 ], [ -98.579368827776392, 19.637723880845929 ], [ -98.579537388382661, 19.637660531962293 ], [ -98.579939990125979, 19.637416336490368 ], [ -98.580216061243078, 19.63705846504779 ], [ -98.580428593983868, 19.636794251701126 ], [ -98.580916413394689, 19.63651542424574 ], [ -98.580983088016623, 19.635783911945115 ], [ -98.581039647200456, 19.63552033510474 ], [ -98.581639856087435, 19.634854466823505 ], [ -98.581727258431343, 19.634553717211119 ], [ -98.581881913803997, 19.634236886670788 ], [ -98.582513754919717, 19.633736611216964 ], [ -98.582595262483665, 19.6334964434858 ], [ -98.582994289086344, 19.633283140911917 ], [ -98.58329598151569, 19.632932408900345 ], [ -98.583358100742188, 19.632477183220796 ], [ -98.583405980972458, 19.630838347574798 ], [ -98.58349216911347, 19.630559298872139 ], [ -98.583642075228326, 19.630305102566822 ], [ -98.58371641326795, 19.630185923865085 ], [ -98.583770589837968, 19.630061889149214 ], [ -98.584022381261121, 19.629485418431113 ], [ -98.584342116519849, 19.628942526435694 ], [ -98.584578012551958, 19.628631224549796 ], [ -98.584967720388448, 19.627821681277325 ], [ -98.585389800832473, 19.627342994401822 ], [ -98.585890466565274, 19.626700630895005 ], [ -98.586454469507544, 19.62595863848853 ], [ -98.586463027970751, 19.625949678125938 ], [ -98.58656717194404, 19.625840635330579 ], [ -98.587654084378315, 19.624774830212104 ], [ -98.588365628812113, 19.624329679880994 ], [ -98.588838343223046, 19.623872540560768 ], [ -98.588959625880548, 19.623374275562771 ], [ -98.589116693049078, 19.623238713978132 ], [ -98.589238087447242, 19.623175591611947 ], [ -98.589333946146397, 19.623125746075107 ], [ -98.589615710661761, 19.622940712825489 ], [ -98.589757297167353, 19.622671003674142 ], [ -98.589800219907062, 19.622384036667707 ], [ -98.589773953059165, 19.621892778547988 ], [ -98.589814620908342, 19.621230032507025 ], [ -98.590022943310416, 19.620327154962485 ], [ -98.590304833315216, 19.61969034937054 ], [ -98.590348702202903, 19.619363651163194 ], [ -98.590673457546231, 19.619242437949936 ], [ -98.59117240832731, 19.619101297648271 ], [ -98.59119743031188, 19.619080048473869 ], [ -98.591459253822379, 19.618857694668375 ], [ -98.591621492234779, 19.61843028654167 ], [ -98.591830687165299, 19.617922351950924 ], [ -98.592492428902602, 19.617353908214501 ], [ -98.593347449947387, 19.616793739192286 ], [ -98.595062606295187, 19.615550028845174 ], [ -98.595240516104298, 19.615206455018889 ], [ -98.59542056874092, 19.614939156919956 ], [ -98.595736042843001, 19.614700713653395 ], [ -98.596091365586403, 19.614506248649899 ], [ -98.596573951636714, 19.614318949068675 ], [ -98.596837439469937, 19.613857318929309 ], [ -98.59694635071898, 19.613709840509458 ], [ -98.597084717254006, 19.613522475551481 ], [ -98.597577950426555, 19.613008330334356 ], [ -98.597800480330235, 19.612765346160401 ], [ -98.598340739394217, 19.612669338935312 ], [ -98.598703085500674, 19.612558371952456 ], [ -98.598922697837722, 19.612234719817238 ], [ -98.599395074600253, 19.611939418250731 ], [ -98.599869921420606, 19.611663136341949 ], [ -98.600317780040399, 19.611409193300481 ], [ -98.600451965588661, 19.61103859628922 ], [ -98.600557899617698, 19.61051454229186 ], [ -98.600561975109201, 19.610496737078897 ], [ -98.600664598621222, 19.610257697222831 ], [ -98.600978069235452, 19.609265259023505 ], [ -98.600846895014769, 19.608818103527312 ], [ -98.600765450986003, 19.608454846732901 ], [ -98.600839460812125, 19.608284956684983 ], [ -98.601254854372186, 19.607902950829025 ], [ -98.602036979208819, 19.607209755776477 ], [ -98.602715959124424, 19.606612726877728 ], [ -98.603251714571897, 19.606197465875873 ], [ -98.603818703367438, 19.605561295198179 ], [ -98.604061246196935, 19.605359734312962 ], [ -98.604416780122833, 19.605251692208419 ], [ -98.605126347742697, 19.605111974416335 ], [ -98.605738569029242, 19.604997542826496 ], [ -98.60646604093084, 19.604528641798428 ], [ -98.607725777759811, 19.603510290974434 ], [ -98.608302667902294, 19.603024768636285 ], [ -98.60862629543567, 19.602622193665308 ], [ -98.609020718994486, 19.602358771272517 ], [ -98.609836079442616, 19.602014314363863 ], [ -98.610860129902989, 19.601829442329279 ], [ -98.6124422352012, 19.60140477068887 ], [ -98.61336775659305, 19.601065134748762 ], [ -98.614061199323018, 19.601049685826251 ], [ -98.615095776082242, 19.601123283821597 ], [ -98.615835728698983, 19.601229052551968 ], [ -98.616055588498156, 19.601220701449535 ], [ -98.616442572287838, 19.601322233884602 ], [ -98.618296669439971, 19.601399141429091 ], [ -98.619740755777158, 19.601255300140512 ], [ -98.620321958164098, 19.600991927466481 ], [ -98.621030451621564, 19.600672603505103 ], [ -98.621821052164393, 19.600389242958123 ], [ -98.622287558942006, 19.600393640836668 ], [ -98.622707783048284, 19.600538567430934 ], [ -98.622741621964948, 19.600547177838621 ], [ -98.623339913753654, 19.600699410955745 ], [ -98.62418195310606, 19.600608692540359 ], [ -98.6247211357163, 19.600468902715718 ], [ -98.62526333650456, 19.60039213063023 ], [ -98.625916893807087, 19.600332214882858 ], [ -98.626763101581247, 19.600423875836579 ], [ -98.62716359142857, 19.600568545789617 ], [ -98.62747456524238, 19.600782187322039 ], [ -98.627887696052042, 19.600973707570795 ], [ -98.628296660678771, 19.601013576424226 ], [ -98.628478935606665, 19.601188419924597 ], [ -98.628638303544051, 19.601280339496313 ], [ -98.62893959594409, 19.601455274536676 ], [ -98.629215753469225, 19.60157987527198 ], [ -98.629503142126296, 19.601661333159097 ], [ -98.629771427678875, 19.601675411687609 ], [ -98.629928628470765, 19.601650828291287 ], [ -98.630244432004474, 19.601657861767769 ], [ -98.630473165923988, 19.601762310131065 ], [ -98.630789912883316, 19.601976385320313 ], [ -98.63101380740396, 19.601993165055589 ], [ -98.631415009437674, 19.601737121372448 ], [ -98.631816525185187, 19.601511578658027 ], [ -98.632076711839673, 19.601423439887196 ], [ -98.632177137839264, 19.60135019425563 ], [ -98.632525897032721, 19.60087104104781 ], [ -98.6328222112612, 19.600293333796746 ], [ -98.633012352802169, 19.599666018168193 ], [ -98.633354386612524, 19.598938507136271 ], [ -98.633484455841327, 19.598261441332085 ], [ -98.633635687440872, 19.597891380246008 ], [ -98.634051037736356, 19.597924266577195 ], [ -98.634686637196239, 19.597758111673564 ], [ -98.635120460237061, 19.597877549715026 ], [ -98.635562187666579, 19.598194605849638 ], [ -98.636037488399595, 19.598432685376451 ], [ -98.636395845030549, 19.598702144705019 ], [ -98.636905607248295, 19.598861060054237 ], [ -98.638014818328202, 19.598788393086792 ], [ -98.638301919030226, 19.598941184068075 ], [ -98.638621904660681, 19.599361952540512 ], [ -98.639290969854841, 19.599854940168644 ], [ -98.639629458038243, 19.600436633010752 ], [ -98.640240969407657, 19.601225178609642 ], [ -98.640293815904428, 19.60148321963981 ], [ -98.640475969611742, 19.601795336725733 ], [ -98.6406819848048, 19.602052490174717 ], [ -98.640759844617534, 19.602271318900794 ], [ -98.640781666995807, 19.602553404024615 ], [ -98.640891499743532, 19.602769314182549 ], [ -98.64103405216899, 19.602973491805418 ], [ -98.641139037433803, 19.603265743293225 ], [ -98.641133114823077, 19.603505354800156 ], [ -98.641103570731417, 19.603889078086716 ], [ -98.641272494942058, 19.604247388339367 ], [ -98.641605135500598, 19.604437105340512 ], [ -98.641785257463184, 19.604855094669986 ], [ -98.641872809414238, 19.605110867944063 ], [ -98.641987144927754, 19.605367241064826 ], [ -98.642336576941517, 19.605620739465216 ], [ -98.642975852720767, 19.605785913228356 ], [ -98.643504107858419, 19.605680239458081 ], [ -98.643782474997707, 19.605744702941376 ], [ -98.644156657958973, 19.606041299404623 ], [ -98.644381471582932, 19.606558726547128 ], [ -98.644452687546519, 19.606649365215588 ], [ -98.635953568203774, 19.654914077980276 ], [ -98.635809405450502, 19.65505942221462 ], [ -98.635645247596059, 19.655228098706012 ], [ -98.63518236288742, 19.655430039532359 ], [ -98.634949137899113, 19.655537865397321 ], [ -98.634540529333833, 19.655525832794183 ], [ -98.634031386420048, 19.655514511301909 ], [ -98.633199835853887, 19.655505583929514 ], [ -98.632977847873022, 19.655530037652351 ], [ -98.632690959114498, 19.655724168806419 ], [ -98.632053635122489, 19.655936420394298 ], [ -98.631628224610395, 19.655975651875607 ], [ -98.63113860191315, 19.656119195730984 ], [ -98.630709554343284, 19.656247934788045 ], [ -98.630340230722624, 19.656408077484617 ], [ -98.629494896248403, 19.656736032090055 ], [ -98.629375015878239, 19.656676939555723 ], [ -98.629197041582302, 19.656462424244577 ], [ -98.628884923309613, 19.656079390558517 ], [ -98.628769551019431, 19.65605891251435 ], [ -98.628421891339855, 19.656250405973552 ], [ -98.628184483025663, 19.656573903588811 ], [ -98.627730774160426, 19.656436090781789 ], [ -98.627501851508669, 19.656124786493375 ], [ -98.627436261087283, 19.656045472857986 ], [ -98.626748624021147, 19.655806539003308 ], [ -98.62636689252524, 19.655677155637385 ], [ -98.625487294425398, 19.655597765593999 ], [ -98.625113508710015, 19.655560034594767 ], [ -98.62484388258008, 19.65572469287811 ], [ -98.624773481643189, 19.655764734104448 ], [ -98.624448703325868, 19.655837836485912 ], [ -98.624306462206533, 19.656132923732937 ], [ -98.623137497482105, 19.65678145963474 ], [ -98.622220838718647, 19.657659716727228 ], [ -98.622191289356067, 19.657991176429729 ], [ -98.622345015027591, 19.65837195602899 ], [ -98.622056759188922, 19.659080875255423 ], [ -98.621323721494605, 19.66035580798123 ], [ -98.621185172154142, 19.660596875461785 ], [ -98.620870130206768, 19.660862490155129 ], [ -98.620545675542758, 19.661024619945319 ], [ -98.619900504207095, 19.661071657683227 ], [ -98.619670570400714, 19.661163915863831 ], [ -98.619692345945509, 19.661172506148965 ], [ -98.620269363576028, 19.661400259209838 ], [ -98.620422748325964, 19.661458760265084 ], [ -98.620663464291738, 19.661507667704917 ], [ -98.621201063625961, 19.661764240955591 ], [ -98.621950402509952, 19.662566611171183 ], [ -98.622087022389223, 19.662698074915294 ], [ -98.622817518437913, 19.663142659630491 ], [ -98.623320634922436, 19.663451072417093 ], [ -98.623716041096827, 19.663531927518303 ], [ -98.624425556936487, 19.66367581129072 ], [ -98.6246001133253, 19.663710103862098 ], [ -98.625066029722788, 19.663109864221898 ], [ -98.625936180208157, 19.663087849009536 ], [ -98.627511447046373, 19.663467555546404 ], [ -98.627915375578169, 19.663535081021973 ], [ -98.627911853312739, 19.66356024824012 ], [ -98.627762127874618, 19.665140860041951 ], [ -98.628664515786369, 19.665294575578795 ], [ -98.630145041574167, 19.666697705786955 ], [ -98.630027174626591, 19.667310313418039 ], [ -98.630937378502878, 19.667231830372721 ], [ -98.631059806714134, 19.667364304857276 ], [ -98.631430076438946, 19.66756161559108 ], [ -98.631785970106591, 19.667562346598856 ], [ -98.631919367803974, 19.66759069654837 ], [ -98.632096703737218, 19.667857809294006 ], [ -98.632126641616807, 19.667867797738385 ], [ -98.632393055018113, 19.667956688806242 ], [ -98.632926416661206, 19.668168371522395 ], [ -98.633044309023887, 19.668491514741156 ], [ -98.633222032698967, 19.668590154390813 ], [ -98.633582654873138, 19.668372467869816 ], [ -98.632560083099165, 19.674176308340186 ], [ -98.63254445449229, 19.674178495061224 ], [ -98.632237106783279, 19.67452635564851 ], [ -98.632047253782929, 19.675152031828816 ], [ -98.632214225409072, 19.675918693830432 ], [ -98.632219833328932, 19.676107374276135 ], [ -98.632157363942696, 19.676461909900176 ], [ -98.632004974566229, 19.676634272048823 ], [ -98.631352149014489, 19.677006680292653 ], [ -98.631085277878455, 19.677443240497887 ], [ -98.631018610513749, 19.677715743032618 ], [ -98.630740578219999, 19.677996285086078 ], [ -98.630349096961623, 19.678342956289516 ], [ -98.630106944130816, 19.679025735020538 ], [ -98.630049930307251, 19.679673853390316 ], [ -98.629894139331668, 19.680684782360466 ], [ -98.629929979476117, 19.681192932379105 ], [ -98.629892041619115, 19.68159581225699 ], [ -98.629834180633949, 19.682611849517052 ], [ -98.629557613034066, 19.684018404418079 ], [ -98.629243031958111, 19.684988082397162 ], [ -98.62927223031356, 19.685536511836524 ], [ -98.629400163614918, 19.686237571426613 ], [ -98.629463662034397, 19.686815244091267 ], [ -98.629372533433923, 19.687275799915227 ], [ -98.629056726216049, 19.687957886686785 ], [ -98.628615689544205, 19.688795195049135 ], [ -98.627724635435754, 19.689330248948512 ], [ -98.626556863088823, 19.690098698317538 ], [ -98.626034461745874, 19.690483332043822 ], [ -98.625535445716636, 19.690900681183184 ], [ -98.625110276853945, 19.691374633496292 ], [ -98.625201468240206, 19.691952979484014 ], [ -98.625311087893763, 19.692566405308479 ], [ -98.625239661868576, 19.692771736275411 ], [ -98.625207453546025, 19.693065762936296 ], [ -98.625218212127919, 19.694120809214336 ], [ -98.625176955665452, 19.694528349965324 ], [ -98.625066405708154, 19.695073130505659 ], [ -98.624844286741009, 19.695682042354544 ], [ -98.624069298215005, 19.696133129186951 ], [ -98.623915394612027, 19.696408045923615 ], [ -98.624020115731469, 19.696893394726622 ], [ -98.6243883130428, 19.697157680074579 ], [ -98.624454997611821, 19.697363066821836 ], [ -98.6251377659556, 19.698004301979473 ], [ -98.627313632024553, 19.700032370069557 ], [ -98.626821421513, 19.700861731446256 ], [ -98.627724728712352, 19.701614382698097 ], [ -98.626777648925781, 19.706987380981449 ], [ -98.624442658595015, 19.726469975883688 ], [ -98.623779698729422, 19.725574343702256 ], [ -98.623179714035871, 19.726022551921908 ], [ -98.622908852211481, 19.726297544876829 ], [ -98.621494517030158, 19.72704659058947 ], [ -98.62128379122845, 19.727125191733727 ], [ -98.621236216648583, 19.727066321435284 ], [ -98.620995343279631, 19.726772076862876 ], [ -98.619808051399829, 19.726931992382319 ], [ -98.619071772471713, 19.727266890267277 ], [ -98.616226352833706, 19.728541221129905 ], [ -98.615984525203416, 19.729308778997705 ], [ -98.615899031824057, 19.7294829534247 ], [ -98.615180240290684, 19.729415100884541 ], [ -98.613976811332066, 19.729145694200707 ], [ -98.61290307487107, 19.728724954493167 ], [ -98.611992011239664, 19.728377928692602 ], [ -98.611162375289481, 19.72787771400278 ], [ -98.61063441251882, 19.727599634765077 ], [ -98.609875547222671, 19.727062184173835 ], [ -98.609312151294134, 19.726513419958433 ], [ -98.608657376754095, 19.725856889215386 ], [ -98.608135896837481, 19.725187883242732 ], [ -98.608101708714415, 19.725075037190905 ], [ -98.607955243516187, 19.725379076447478 ], [ -98.607679607344934, 19.725665392667786 ], [ -98.607118592049602, 19.726974152965401 ], [ -98.606313172104706, 19.728853029672916 ], [ -98.606055523201931, 19.72945406011571 ], [ -98.605746988083041, 19.730173789129417 ], [ -98.604894071079329, 19.732163368171243 ], [ -98.60456142581711, 19.732939305140512 ], [ -98.603213067006934, 19.732646877542773 ], [ -98.603052109595637, 19.734367938098426 ], [ -98.603184828000607, 19.734704911164002 ], [ -98.603769407334667, 19.735366003530427 ], [ -98.603874584412523, 19.735967209952701 ], [ -98.603631492695683, 19.73894876422823 ], [ -98.603583794690493, 19.740262952402471 ], [ -98.603575540416756, 19.740365339519762 ], [ -98.603178880549123, 19.744642116520797 ], [ -98.603140930972472, 19.745115922562299 ], [ -98.60292689959536, 19.74778807635116 ], [ -98.60279237787617, 19.747732604716234 ], [ -98.602677365326528, 19.74946150741938 ], [ -98.602485839875769, 19.751535299986134 ], [ -98.601731805379941, 19.751699630710267 ], [ -98.601586761450946, 19.752828264128155 ], [ -98.601958344531837, 19.752749341799806 ], [ -98.602400961345509, 19.752655332942684 ], [ -98.602408831341393, 19.753657052689572 ], [ -98.602387532881096, 19.754239877094225 ], [ -98.60230229865391, 19.754971757580492 ], [ -98.602089387368096, 19.756150763454713 ], [ -98.601902298471074, 19.756731050116105 ], [ -98.601706336330594, 19.757309146986401 ], [ -98.601146131638188, 19.758271897274668 ], [ -98.600585920961137, 19.759234644668656 ], [ -98.600025702339536, 19.760197390937194 ], [ -98.599465477733261, 19.761160134310536 ], [ -98.59927658630761, 19.761385810186848 ], [ -98.599416465921692, 19.761488821892556 ], [ -98.598839029454084, 19.762473494493047 ], [ -98.5982615866007, 19.763458162927392 ], [ -98.597684135342135, 19.764442831334023 ], [ -98.597106677683271, 19.765427496131394 ], [ -98.596908434719225, 19.765744201010907 ], [ -98.596894025605891, 19.765767221917397 ], [ -98.59686665562262, 19.765839761393476 ], [ -98.599154525305622, 19.765244167053435 ], [ -98.600598013753313, 19.76492279148334 ], [ -98.599425105642084, 19.768229135113714 ], [ -98.604670235761986, 19.770642498932716 ], [ -98.606742352882421, 19.771806575651219 ], [ -98.610457236657211, 19.773496979751798 ], [ -98.611663680662929, 19.774128950616948 ], [ -98.609603916769842, 19.777108928381164 ], [ -98.611302317225281, 19.777986218692583 ], [ -98.61181879691334, 19.779565852891665 ], [ -98.613412196779322, 19.781672716250405 ], [ -98.613428607912738, 19.784051430783315 ], [ -98.612989337258497, 19.784407215531068 ], [ -98.612654191417818, 19.784743761278399 ], [ -98.612453472234378, 19.784953954751217 ], [ -98.6122363763468, 19.785268916998213 ], [ -98.611950573537172, 19.78602204919045 ], [ -98.612233705682343, 19.786368412507372 ], [ -98.612729496273687, 19.786454783823437 ], [ -98.613020854587077, 19.786358449522009 ], [ -98.612854440040991, 19.786642989155499 ], [ -98.614023744228533, 19.786986943677825 ], [ -98.616120031095846, 19.787629551259649 ], [ -98.617073090910921, 19.787926009793818 ], [ -98.606002807617173, 19.880146026611332 ], [ -98.550910949707031, 20.080024719238281 ], [ -98.550407409667969, 20.068836212158207 ], [ -98.550918579101577, 20.048730850219727 ], [ -98.552047729492202, 20.035346984863281 ], [ -98.548301696777344, 20.027811050415036 ], [ -98.541511535644531, 20.015735626220714 ], [ -98.534576416015625, 20.009616851806641 ], [ -98.53061676025392, 20.010271072387699 ], [ -98.521896362304688, 20.012306213378906 ], [ -98.517921447753906, 20.013706207275387 ], [ -98.516403198242188, 20.011434555053704 ], [ -98.514884948730469, 20.009164810180668 ], [ -98.515090942382812, 20.00097465515136 ], [ -98.502876281738267, 19.985792160034183 ], [ -98.49603271484375, 19.975950241088881 ], [ -98.486625671386719, 19.974243164062507 ], [ -98.479400634765625, 19.979290008544918 ], [ -98.465049743652344, 19.985660552978516 ], [ -98.449180603027358, 19.989761352539062 ], [ -98.43817138671875, 19.988758087158196 ], [ -98.42409515380858, 19.984701156616222 ], [ -98.413169860839844, 19.980718612670898 ], [ -98.405471801757812, 19.973831176757809 ], [ -98.39605712890625, 19.972116470336921 ], [ -98.391311645507827, 19.972749710083001 ], [ -98.385055541992188, 19.971109390258796 ], [ -98.375625610351562, 19.97014045715332 ], [ -98.367828369140611, 19.966974258422848 ], [ -98.361686706542969, 19.960866928100582 ], [ -98.352340698242188, 19.956916809082038 ], [ -98.343734741210938, 19.954473495483413 ], [ -98.323951721191406, 19.957721710205082 ], [ -98.307418823242188, 19.957319259643555 ], [ -98.29402923583983, 19.956993103027351 ], [ -98.283187866210938, 19.950021743774414 ], [ -98.273963928222656, 19.941600799560561 ], [ -98.263313293457017, 19.927928924560543 ], [ -98.258094787597642, 19.917369842529286 ], [ -98.258052171841783, 19.916486083769769 ], [ -98.259513722864725, 19.916403856278123 ], [ -98.259802982253134, 19.915771003065981 ], [ -98.260064935675572, 19.915961401485696 ], [ -98.260307382019391, 19.915449431335237 ], [ -98.263417250398291, 19.915189801435798 ], [ -98.262029116340628, 19.916262306038558 ], [ -98.267170573685519, 19.91597284686021 ], [ -98.26771613608301, 19.916087564702817 ], [ -98.267820199798294, 19.91611391944571 ], [ -98.268715870517312, 19.913156284715551 ], [ -98.268649616450091, 19.912821855673457 ], [ -98.268505285456953, 19.91223125594593 ], [ -98.268455714357771, 19.911633852233429 ], [ -98.267986838295371, 19.90976082564222 ], [ -98.267811080260586, 19.909455732219623 ], [ -98.267778257432653, 19.908812253873194 ], [ -98.267788571042516, 19.905276339084399 ], [ -98.267587734940179, 19.9044031515777 ], [ -98.266641174500336, 19.901693719458851 ], [ -98.266070187813952, 19.901628843024316 ], [ -98.266040632557747, 19.901590863378857 ], [ -98.266273412977085, 19.901498212286185 ], [ -98.267212883106524, 19.901081976852865 ], [ -98.267889599366057, 19.900766769304163 ], [ -98.268124896868798, 19.900669639135195 ], [ -98.268359985750564, 19.900584817310907 ], [ -98.268553272069937, 19.900501389023734 ], [ -98.268799754131791, 19.900243054324942 ], [ -98.268848256447939, 19.900033373497379 ], [ -98.268863241710193, 19.899723135790861 ], [ -98.268879038539808, 19.899345585721225 ], [ -98.268866286131043, 19.899052029062052 ], [ -98.268734963876156, 19.898785223196167 ], [ -98.268239148685211, 19.897824304203294 ], [ -98.268209930354345, 19.897208277088815 ], [ -98.269351844334068, 19.895709130897238 ], [ -98.269711783313639, 19.895438959700854 ], [ -98.270244196973209, 19.895123210756239 ], [ -98.271208379674206, 19.894674812381243 ], [ -98.271708268016766, 19.894399983884668 ], [ -98.271825932417116, 19.894399386845844 ], [ -98.274032635030395, 19.893177212220479 ], [ -98.27624574474136, 19.893160380453292 ], [ -98.278419219131365, 19.892582385450392 ], [ -98.278863173628167, 19.892018149314016 ], [ -98.279093912324882, 19.89139197029554 ], [ -98.279923391223079, 19.890965926493823 ], [ -98.280152436799156, 19.890842335437291 ], [ -98.280827494963361, 19.890449819324129 ], [ -98.282782341276516, 19.889393784251968 ], [ -98.285548461447092, 19.887864491541642 ], [ -98.286643691142743, 19.8872539654744 ], [ -98.286774408900001, 19.887388564485107 ], [ -98.286943164584059, 19.88757022867037 ], [ -98.287246180196306, 19.887836487550615 ], [ -98.287466465637578, 19.888020248478377 ], [ -98.287709056277166, 19.888249881891205 ], [ -98.287826998627096, 19.888405284448918 ], [ -98.28797167934583, 19.888565962521138 ], [ -98.28805951647729, 19.888660547451718 ], [ -98.288161122159053, 19.888625817204488 ], [ -98.288648570632603, 19.888452274054924 ], [ -98.288889963608455, 19.88827121017431 ], [ -98.289128038505979, 19.888028758623474 ], [ -98.289324908945403, 19.888011523371834 ], [ -98.289820692344293, 19.888099143458913 ], [ -98.290648866126034, 19.88847281446203 ], [ -98.29093341276706, 19.888877049023176 ], [ -98.29101327829224, 19.888598922491603 ], [ -98.291052607437052, 19.888550198690503 ], [ -98.290851472448011, 19.88829403724948 ], [ -98.290645340553837, 19.888058689191777 ], [ -98.290392313584363, 19.887753596905746 ], [ -98.290147612291449, 19.887459102069407 ], [ -98.289894403048237, 19.887163978828053 ], [ -98.289736383381779, 19.886950744105835 ], [ -98.288978007185946, 19.886087007206534 ], [ -98.288894400400579, 19.886015815451124 ], [ -98.28887033923769, 19.886012702876847 ], [ -98.287918334798718, 19.884995480621399 ], [ -98.288084325956149, 19.884920420377814 ], [ -98.288402693877018, 19.883224652149252 ], [ -98.288471511994175, 19.883149898835235 ], [ -98.2885734501549, 19.88292224177092 ], [ -98.288525771225864, 19.882680770208466 ], [ -98.288664510323898, 19.882361414146217 ], [ -98.288808797202108, 19.882130319274587 ], [ -98.288957419996294, 19.881908012543995 ], [ -98.289001169792925, 19.881696435487804 ], [ -98.289123538774604, 19.881543246996639 ], [ -98.289013630992443, 19.881370231069056 ], [ -98.289042321840697, 19.88116982189457 ], [ -98.289921009723599, 19.880714298709268 ], [ -98.290223108421486, 19.880576803110884 ], [ -98.290545163477404, 19.880509046741068 ], [ -98.290977319215514, 19.880262858056035 ], [ -98.291885395306295, 19.879998694436143 ], [ -98.292171734239034, 19.87968750444756 ], [ -98.292532458819792, 19.879275487980919 ], [ -98.292282893729904, 19.878648172905695 ], [ -98.291688352087064, 19.877253826573437 ], [ -98.291129604232907, 19.875908646373318 ], [ -98.291074881862414, 19.875812392863587 ], [ -98.293082767741524, 19.874751569830316 ], [ -98.295048907445491, 19.873743869884169 ], [ -98.297235621190396, 19.872620259572475 ], [ -98.298151459489176, 19.872136729087174 ], [ -98.299052968366908, 19.871833381004926 ], [ -98.301298616797482, 19.87112090531933 ], [ -98.302854162767062, 19.870650987443923 ], [ -98.304235157054777, 19.870200721857515 ], [ -98.30428320287723, 19.87017650138915 ], [ -98.30447291480381, 19.870115870886792 ], [ -98.305358146894662, 19.868786221215718 ], [ -98.305636346319972, 19.868374846378632 ], [ -98.307609944706826, 19.865397623368448 ], [ -98.30834997011145, 19.864304515509712 ], [ -98.309759061733516, 19.862227411303177 ], [ -98.310032376994258, 19.861805793791135 ], [ -98.312459838335613, 19.858175241773065 ], [ -98.312695967845528, 19.857849263913373 ], [ -98.313659386407878, 19.856334216102749 ], [ -98.313911319321036, 19.85608674314129 ], [ -98.314197726394028, 19.855902240912407 ], [ -98.314466133970967, 19.8557514164963 ], [ -98.314681063366493, 19.855583517972285 ], [ -98.315004345817584, 19.855115604607903 ], [ -98.31462664214655, 19.854785665452738 ], [ -98.314497020840335, 19.854514743513896 ], [ -98.314431462715618, 19.854377719761239 ], [ -98.310786346470621, 19.852770384767201 ], [ -98.31052074577299, 19.852747224342206 ], [ -98.310420004918598, 19.852758730525515 ], [ -98.310092630563005, 19.852793156719478 ], [ -98.309954336892005, 19.852756928318328 ], [ -98.309816979263346, 19.852506571635313 ], [ -98.309679201329914, 19.852351376770361 ], [ -98.309631976626008, 19.852279305565379 ], [ -98.309616681914122, 19.852255964281202 ], [ -98.309567016168458, 19.852101117005148 ], [ -98.309580210637449, 19.851958409057392 ], [ -98.309606153874839, 19.851780056844603 ], [ -98.309532578178263, 19.851548129028227 ], [ -98.309519244730083, 19.851506097412585 ], [ -98.309381569883058, 19.851327118245184 ], [ -98.309142651450657, 19.851278604318178 ], [ -98.309040623649011, 19.851339423242806 ], [ -98.308923109858497, 19.851409367254917 ], [ -98.308865047891885, 19.851444084596174 ], [ -98.308524256862725, 19.851431371518402 ], [ -98.308236719493863, 19.8515225838707 ], [ -98.307964455044669, 19.851521528146943 ], [ -98.307593279289463, 19.851496678068585 ], [ -98.307271503758045, 19.851495428439112 ], [ -98.306850283446337, 19.851410462512604 ], [ -98.306557031429776, 19.851262846003323 ], [ -98.306376863165923, 19.851103461509783 ], [ -98.306248699013835, 19.850916277943178 ], [ -98.306206211431373, 19.850670931693504 ], [ -98.305989799097858, 19.850384225232009 ], [ -98.305714179177357, 19.85022743761899 ], [ -98.305495176223815, 19.850154134289706 ], [ -98.305212589010196, 19.850012784941878 ], [ -98.304687183394392, 19.849745045893471 ], [ -98.304012328114041, 19.849337271859021 ], [ -98.303656871264153, 19.849056336941494 ], [ -98.303421653927643, 19.848858480228838 ], [ -98.303149893435616, 19.848740366321245 ], [ -98.302853804515621, 19.848528520246365 ], [ -98.302730964127136, 19.848317350854682 ], [ -98.30246022865073, 19.84796513385125 ], [ -98.302238390893848, 19.847753576909064 ], [ -98.301966736022379, 19.847612052278368 ], [ -98.301745001293213, 19.847377077784202 ], [ -98.302017679329751, 19.847284509174479 ], [ -98.302413184162447, 19.847403110220913 ], [ -98.302883971109509, 19.847287897834775 ], [ -98.303256463914707, 19.847008429676215 ], [ -98.303361302269082, 19.846924026557893 ], [ -98.303486357699299, 19.84684591765663 ], [ -98.303555928001671, 19.846780695994894 ], [ -98.303667592450395, 19.846597742276263 ], [ -98.303778732843156, 19.846532676761658 ], [ -98.303876016277528, 19.846467562432128 ], [ -98.303945757911706, 19.846363042652836 ], [ -98.303973880201198, 19.846271457458208 ], [ -98.304001935832133, 19.846192976192064 ], [ -98.304057592213567, 19.846140790745039 ], [ -98.304154704514005, 19.846114975143649 ], [ -98.304307024787789, 19.8461417638797 ], [ -98.304445592480548, 19.846142304288065 ], [ -98.304570419002843, 19.846116596686695 ], [ -98.304750737757061, 19.846078000519025 ], [ -98.305069111728386, 19.846157838789207 ], [ -98.305304574200662, 19.846184950942462 ], [ -98.305332778844601, 19.846040408590451 ], [ -98.305292084889018, 19.845870525906005 ], [ -98.305028738457338, 19.845882597206831 ], [ -98.304529760489956, 19.845906853058491 ], [ -98.304337794042269, 19.845930512503795 ], [ -98.304049672634989, 19.845651614007579 ], [ -98.303677468783064, 19.845538273385824 ], [ -98.303426146022957, 19.845556492495934 ], [ -98.303227872465769, 19.845733671739875 ], [ -98.302977285060621, 19.846066001481621 ], [ -98.302797850886662, 19.84622008907515 ], [ -98.302543638343309, 19.84625378720893 ], [ -98.30236704052021, 19.846149735816962 ], [ -98.302198733727096, 19.84609051106542 ], [ -98.30202864903039, 19.846061786096143 ], [ -98.301835157236667, 19.846074618973095 ], [ -98.301682864263412, 19.846074407638724 ], [ -98.301527897100542, 19.845985742291681 ], [ -98.301384443328516, 19.845911739089683 ], [ -98.301221780328802, 19.845858419472965 ], [ -98.301056144554778, 19.845776821256948 ], [ -98.301000256612809, 19.845732335855423 ], [ -98.300641720174156, 19.84531546282761 ], [ -98.300563926868975, 19.845265717666123 ], [ -98.300304908857598, 19.845299453342204 ], [ -98.299587217142374, 19.845392926009307 ], [ -98.299470782608239, 19.845408089942577 ], [ -98.29918916033894, 19.84569925003052 ], [ -98.298949852351925, 19.845961697701171 ], [ -98.298731934870361, 19.846194551224027 ], [ -98.296444020509412, 19.846396122296284 ], [ -98.295999906021578, 19.847581025235513 ], [ -98.293282184998816, 19.848027238945328 ], [ -98.292285574081092, 19.848180880039045 ], [ -98.290360094135096, 19.848518691671721 ], [ -98.289333365890727, 19.84868113489599 ], [ -98.286749898448662, 19.849097613023581 ], [ -98.286583594072908, 19.848337259800807 ], [ -98.285016073915003, 19.848735355380974 ], [ -98.283769313692133, 19.847251199174444 ], [ -98.28358599861663, 19.847025893888105 ], [ -98.283540455377334, 19.846969161079514 ], [ -98.283495473463489, 19.846987613853099 ], [ -98.283069189894036, 19.847135500370808 ], [ -98.280694411226662, 19.847609501578756 ], [ -98.279732480806445, 19.847897334332888 ], [ -98.279679823157423, 19.847834997134402 ], [ -98.279380673753408, 19.847853665349266 ], [ -98.279291350721593, 19.84791245958246 ], [ -98.27902238823593, 19.848125395327923 ], [ -98.278852198034627, 19.84821119218747 ], [ -98.278680020325652, 19.848246429771809 ], [ -98.278460921161354, 19.848166064952366 ], [ -98.27817969552207, 19.848218358528495 ], [ -98.27795516661115, 19.848125892811858 ], [ -98.277471643540721, 19.848162050931961 ], [ -98.277220158317888, 19.848064903385644 ], [ -98.276538205537463, 19.847726265417975 ], [ -98.276236525290884, 19.847566233644621 ], [ -98.276167793069177, 19.847251841067699 ], [ -98.27607809616272, 19.846981657876508 ], [ -98.275948099727486, 19.846834659539411 ], [ -98.275765151577744, 19.846832598908719 ], [ -98.275484728271806, 19.846936532598971 ], [ -98.275159067533892, 19.846814554341943 ], [ -98.274471726749056, 19.846558288347758 ], [ -98.273890093598141, 19.846402009389756 ], [ -98.27342919055603, 19.846249405342771 ], [ -98.27329129504642, 19.846203747786262 ], [ -98.272985509552299, 19.846137359092783 ], [ -98.272741383355537, 19.84613559085464 ], [ -98.272685765022132, 19.84610620451538 ], [ -98.272136814387082, 19.846071937454145 ], [ -98.272063529439947, 19.846077442709934 ], [ -98.271313155347315, 19.846256545638965 ], [ -98.271212048142274, 19.846280677978012 ], [ -98.271080091917696, 19.84630874882567 ], [ -98.270318061681763, 19.845717483368656 ], [ -98.270224717562243, 19.845645056238514 ], [ -98.26924550635178, 19.844957799566586 ], [ -98.269229776606437, 19.844946759346328 ], [ -98.268642288253744, 19.844490424697078 ], [ -98.267149107306537, 19.843336005553567 ], [ -98.266974123500859, 19.842894121777288 ], [ -98.266903577914775, 19.842652697680766 ], [ -98.266550414427329, 19.841693918102152 ], [ -98.266401469718133, 19.841282145697082 ], [ -98.266253742312486, 19.840873735441779 ], [ -98.265907064129479, 19.839839070937519 ], [ -98.265587826564698, 19.838847048877621 ], [ -98.26538884077668, 19.838392578631243 ], [ -98.265501773364079, 19.838155868965409 ], [ -98.26551029373924, 19.837727452561918 ], [ -98.265458648025032, 19.837571737756139 ], [ -98.265466764204021, 19.837408071537205 ], [ -98.265534751665427, 19.837300497227297 ], [ -98.265529539561214, 19.837095533985899 ], [ -98.265650661586022, 19.836911631612004 ], [ -98.265619717754078, 19.836608995998954 ], [ -98.265656967300984, 19.836504687249946 ], [ -98.265698883734345, 19.836103350032456 ], [ -98.265709195746709, 19.836004611968029 ], [ -98.265731980422046, 19.835786455505573 ], [ -98.265835581236985, 19.835544669966296 ], [ -98.266021741921634, 19.835110201553114 ], [ -98.266150508397914, 19.834857123857503 ], [ -98.266210528138245, 19.834739160973395 ], [ -98.266208026320072, 19.834716215946688 ], [ -98.266154598635438, 19.834226241745572 ], [ -98.266153085197203, 19.834170061410379 ], [ -98.266138479674154, 19.833628074547811 ], [ -98.266132298128923, 19.833398667999251 ], [ -98.265681203926718, 19.832707389977685 ], [ -98.265610244469428, 19.832330049162859 ], [ -98.265580463907085, 19.832171687012433 ], [ -98.265494670162539, 19.832055680000131 ], [ -98.265485894287522, 19.83204381441201 ], [ -98.265477727454609, 19.832015460062284 ], [ -98.265434139522696, 19.831864118221329 ], [ -98.265388185014658, 19.831704562286049 ], [ -98.265365690708705, 19.831384356917823 ], [ -98.265350478680176, 19.831167811017117 ], [ -98.265343127772908, 19.831076361392455 ], [ -98.265323704825335, 19.830834749408314 ], [ -98.26531977058093, 19.830785808512914 ], [ -98.265320295374465, 19.830607654023943 ], [ -98.265320640245449, 19.830490411745828 ], [ -98.26534372007886, 19.83020557971032 ], [ -98.265276104334774, 19.829914380479352 ], [ -98.265321432950699, 19.829712158692196 ], [ -98.265361609717274, 19.829383181322235 ], [ -98.265349529551628, 19.829201047899126 ], [ -98.265201080785801, 19.828982875846329 ], [ -98.265124862598967, 19.828763848362311 ], [ -98.265155040414939, 19.828545327254741 ], [ -98.26520247558885, 19.828226738637994 ], [ -98.265173998033006, 19.827671805237063 ], [ -98.265127069241956, 19.827232927842118 ], [ -98.265128933725592, 19.826897957577515 ], [ -98.265125322758607, 19.826677468827139 ], [ -98.265095011845531, 19.826516128555824 ], [ -98.265033435180101, 19.826367657930543 ], [ -98.264956156060194, 19.826284768692588 ], [ -98.26482188887789, 19.826183420536374 ], [ -98.264708673795297, 19.82608728249777 ], [ -98.264672210455757, 19.825904052522013 ], [ -98.264659383330851, 19.82568547565122 ], [ -98.264620408498274, 19.825512704201646 ], [ -98.264647872029826, 19.825426444605032 ], [ -98.264730303792959, 19.825390798146799 ], [ -98.264919079331705, 19.825367095822138 ], [ -98.264991419402975, 19.825281842698491 ], [ -98.265028609947876, 19.825121766721409 ], [ -98.265016101977338, 19.824942675416505 ], [ -98.265017111047655, 19.824723097960419 ], [ -98.264944956740351, 19.824432479116496 ], [ -98.264713178472434, 19.824179086419623 ], [ -98.264685088171149, 19.823811434055806 ], [ -98.264701796064656, 19.823437323502006 ], [ -98.264582188369786, 19.82299929443181 ], [ -98.264331531926857, 19.822736062627769 ], [ -98.264220446582755, 19.822561464654989 ], [ -98.263222508919242, 19.821282985886317 ], [ -98.263066865884753, 19.821192481966335 ], [ -98.262883372076303, 19.821139051927311 ], [ -98.262486072074921, 19.821023365725242 ], [ -98.261873182149344, 19.820851748985628 ], [ -98.261590645619449, 19.820649575477606 ], [ -98.26130493240305, 19.820524341055009 ], [ -98.261023999592638, 19.820256403892589 ], [ -98.260566102474243, 19.820121123319286 ], [ -98.26010670299712, 19.82008286554748 ], [ -98.259624241113485, 19.820150653944559 ], [ -98.25922226865876, 19.820204485742529 ], [ -98.2589084845402, 19.820423865328099 ], [ -98.258627907295676, 19.820508589172338 ], [ -98.25837701858002, 19.820434656524004 ], [ -98.258145380317842, 19.820273528152569 ], [ -98.257882178197647, 19.820166243491595 ], [ -98.257555836482879, 19.820136855802158 ], [ -98.256964245508087, 19.82021153206718 ], [ -98.256652394513608, 19.820263418120064 ], [ -98.256308871867674, 19.820122861739023 ], [ -98.255974616340538, 19.819954769777805 ], [ -98.25561290940125, 19.819637091823267 ], [ -98.254883877962158, 19.819186195123734 ], [ -98.25422140582846, 19.818639713381881 ], [ -98.253729875265805, 19.818181276547445 ], [ -98.253738142162206, 19.818009883469415 ], [ -98.253362033370564, 19.817219426382735 ], [ -98.253107858838334, 19.816649244344802 ], [ -98.252972275395564, 19.816345090817848 ], [ -98.252542906222473, 19.815562703419523 ], [ -98.252172803160079, 19.815268866737373 ], [ -98.252036514032667, 19.815040373760347 ], [ -98.251738699646893, 19.814581794882098 ], [ -98.251608599894837, 19.814381463243596 ], [ -98.251412893673844, 19.813702181159879 ], [ -98.251153753241411, 19.813296721071982 ], [ -98.251094056398728, 19.813203315902879 ], [ -98.250939608933692, 19.812911886007456 ], [ -98.250858048963309, 19.812757987870587 ], [ -98.251118848842026, 19.812581982672608 ], [ -98.251282672922912, 19.812475368969558 ], [ -98.251476690255402, 19.812334915728062 ], [ -98.251728398894258, 19.812223560710443 ], [ -98.251957806606441, 19.812125485081559 ], [ -98.25217038120563, 19.812086639899455 ], [ -98.252337585961996, 19.812043670111873 ], [ -98.252654524048396, 19.81198870451313 ], [ -98.252839185311132, 19.811914756579924 ], [ -98.252973635993186, 19.811855276749601 ], [ -98.253175752375213, 19.811750359825126 ], [ -98.253096703316245, 19.811607084462928 ], [ -98.252953021707114, 19.811399400920124 ], [ -98.252905418996946, 19.811319712882849 ], [ -98.252660136344829, 19.810981035441664 ], [ -98.251753662892042, 19.809642391866358 ], [ -98.251434766747522, 19.809232942015637 ], [ -98.251258526730709, 19.808782405543145 ], [ -98.251263946581744, 19.808525789944632 ], [ -98.25136448024756, 19.808263553613397 ], [ -98.25137081340641, 19.808034280876278 ], [ -98.25130158671044, 19.807838432953204 ], [ -98.251084172266914, 19.807603622865024 ], [ -98.250997767614706, 19.807354408693417 ], [ -98.250872606134607, 19.80715718104889 ], [ -98.250857855304076, 19.807015627686198 ], [ -98.250716976902169, 19.806712117994469 ], [ -98.250465680962861, 19.806352929003708 ], [ -98.250228648034181, 19.806152933071065 ], [ -98.249932268494263, 19.806075002923421 ], [ -98.249708523365243, 19.80606946435498 ], [ -98.249688553589721, 19.803507449044353 ], [ -98.249708916921719, 19.801648510393559 ], [ -98.249718959616942, 19.79990224965815 ], [ -98.249721245018705, 19.798761902742754 ], [ -98.250126715343697, 19.798638624494778 ], [ -98.250278391427642, 19.798545115511452 ], [ -98.250479130385301, 19.798350694015809 ], [ -98.250543736713695, 19.79824530295215 ], [ -98.250578049348519, 19.798119713976387 ], [ -98.250566742215995, 19.797861325319424 ], [ -98.250566018223651, 19.797652343015226 ], [ -98.250620510997337, 19.797561497670426 ], [ -98.2506117658059, 19.797407631147216 ], [ -98.250557868090084, 19.797006806704459 ], [ -98.250479692729499, 19.796543913727202 ], [ -98.250525433267754, 19.796299206523514 ], [ -98.250653382749505, 19.796136429889078 ], [ -98.250800067148901, 19.795819083445824 ], [ -98.250752933069393, 19.795643027450193 ], [ -98.25086377849388, 19.795468319087416 ], [ -98.250973319535888, 19.795289741373349 ], [ -98.251027479168911, 19.795064469554433 ], [ -98.250984658374733, 19.795003301258145 ], [ -98.250939426913064, 19.794938688694899 ], [ -98.250785165165297, 19.794835520767922 ], [ -98.250510349507522, 19.794732512312663 ], [ -98.250163201049318, 19.794753688274593 ], [ -98.249912012043652, 19.794718674448628 ], [ -98.249685442910703, 19.79454794650491 ], [ -98.249458939368608, 19.794354587581267 ], [ -98.249196157947793, 19.794251603594617 ], [ -98.248838239845455, 19.79401240364891 ], [ -98.248444439258151, 19.793761747034363 ], [ -98.247954787756157, 19.793544623110286 ], [ -98.247668449683189, 19.793351009945127 ], [ -98.247200757305322, 19.792927145890665 ], [ -98.246824476543551, 19.792750999449041 ], [ -98.246782684922337, 19.792869958860933 ], [ -98.245827348647396, 19.792352977205912 ], [ -98.244698636072485, 19.791924165495804 ], [ -98.244562162493935, 19.791639804096555 ], [ -98.244494754711937, 19.791267377599219 ], [ -98.244241611808903, 19.790633179355606 ], [ -98.243728103263237, 19.790249061783268 ], [ -98.243529207004769, 19.789906206059534 ], [ -98.243549313230844, 19.789463332266834 ], [ -98.243338387161671, 19.78921799020107 ], [ -98.243311244686737, 19.789157801737446 ], [ -98.242908757976309, 19.788872692051811 ], [ -98.242872297603824, 19.788892509585462 ], [ -98.242911745480754, 19.788646602117709 ], [ -98.24295666343356, 19.788498864433709 ], [ -98.242842716658771, 19.788388487863898 ], [ -98.242689519336196, 19.788045668859105 ], [ -98.242294302597898, 19.787747337570547 ], [ -98.241782307899257, 19.787464937693382 ], [ -98.241635137515374, 19.78714282598532 ], [ -98.241426770578002, 19.786791834503489 ], [ -98.24029764982977, 19.785967208651822 ], [ -98.239817803375061, 19.784446951645634 ], [ -98.239787799308431, 19.784421897422849 ], [ -98.239289608078579, 19.783918463613436 ], [ -98.238878685566519, 19.783638196593909 ], [ -98.238556789962857, 19.783219083632094 ], [ -98.238553522924448, 19.783215668550692 ] ] ] ] } },
{ "type": "Feature", "properties": { "region": "Centro", "Nombre": "Remanentes del complejo lacustre de la Cuenca de México", "hectareas": 3020.0 }, "geometry": { "type": "MultiPolygon", "coordinates": [ [ [ [ -98.979156494140639, 19.865444183349599 ], [ -98.952239990234389, 19.814210891723629 ], [ -98.948178921479226, 19.802429077268425 ], [ -98.948253374582748, 19.802180537613079 ], [ -98.948375409311637, 19.801853750640291 ], [ -98.948499535434493, 19.801351609704987 ], [ -98.948758528989515, 19.800510883213285 ], [ -98.949517261798235, 19.799972305749993 ], [ -98.950042393064962, 19.799641299165746 ], [ -98.950651657298522, 19.799599964990708 ], [ -98.951151896514403, 19.799686648536966 ], [ -98.951684635537191, 19.799768874914289 ], [ -98.95236661012396, 19.800013646770211 ], [ -98.953015654775072, 19.800161167409705 ], [ -98.953424420087373, 19.799240125753151 ], [ -98.954051910834423, 19.798573509272668 ], [ -98.954826377057117, 19.798683640091859 ], [ -98.955399444104685, 19.798830317679514 ], [ -98.954683042275533, 19.800543097338998 ], [ -98.955059914168899, 19.800746926312467 ], [ -98.955187142548368, 19.800793430150875 ], [ -98.955330671579716, 19.800793464345126 ], [ -98.955500406149596, 19.800818201401825 ], [ -98.955617896080241, 19.800904652082583 ], [ -98.955709262072389, 19.801040484413903 ], [ -98.955839813424902, 19.801102243147493 ], [ -98.956241938697701, 19.801143433966317 ], [ -98.956688498200208, 19.801213565543939 ], [ -98.957145470718984, 19.801312447378773 ], [ -98.957471836712372, 19.801522410671282 ], [ -98.957667599398945, 19.801663426086339 ], [ -98.957947796703721, 19.801797023782196 ], [ -98.958529341433362, 19.802028847209204 ], [ -98.958751295689382, 19.802102976296592 ], [ -98.958839029739622, 19.802281979140382 ], [ -98.958841740971835, 19.802287511060747 ], [ -98.958946928061735, 19.802502118916181 ], [ -98.95914692268272, 19.802768173715087 ], [ -98.959402347726282, 19.802858611998214 ], [ -98.959729055588667, 19.802939120956342 ], [ -98.959964852810742, 19.802839885124019 ], [ -98.960274776265024, 19.802989057031432 ], [ -98.960508317276719, 19.803113304630656 ], [ -98.960640292369376, 19.803259404379151 ], [ -98.960721880940724, 19.803467721173682 ], [ -98.960721509521193, 19.803732137013782 ], [ -98.961028724293072, 19.803861154427761 ], [ -98.961359118185072, 19.803908087322853 ], [ -98.960917053710446, 19.805094367397437 ], [ -98.962587696880007, 19.805743863578808 ], [ -98.963843793509525, 19.806232181105347 ], [ -98.963844260713856, 19.806232362716763 ], [ -98.964161118464631, 19.806355542082638 ], [ -98.964468212978787, 19.806474666806057 ], [ -98.9644899517547, 19.806483099227556 ], [ -98.965737382477485, 19.806966975416376 ], [ -98.967738219290268, 19.807743070505882 ], [ -98.970194828168601, 19.808695904506603 ], [ -98.970198433030376, 19.80869730381826 ], [ -98.970205354137306, 19.808699986974656 ], [ -98.970363712839259, 19.808761407353465 ], [ -98.974985525970965, 19.811987164193241 ], [ -98.976331445114496, 19.812965043595433 ], [ -98.976399324600877, 19.813048267597424 ], [ -98.977594692402164, 19.813948865111996 ], [ -98.977608795060277, 19.814261557059968 ], [ -98.97763145579826, 19.814273845372927 ], [ -98.978295810964568, 19.814634079949496 ], [ -98.978382023026796, 19.814680827201407 ], [ -98.978473373300417, 19.814728612459042 ], [ -98.979233162457504, 19.815126046459536 ], [ -98.980214975532306, 19.815556901485785 ], [ -98.981155321627156, 19.815993984486688 ], [ -98.982095675693287, 19.816431061882632 ], [ -98.983036035815601, 19.816868133635129 ], [ -98.984105882994399, 19.81736508622161 ], [ -98.985175737995078, 19.817862032060745 ], [ -98.986068699679407, 19.818302627903861 ], [ -98.986961667201641, 19.81874321686751 ], [ -98.98810374718424, 19.81925304011007 ], [ -98.989245835786591, 19.819762853193801 ], [ -98.989482126830495, 19.819908954967307 ], [ -98.990590462859259, 19.820433492715004 ], [ -98.991698806805559, 19.820958021992201 ], [ -98.991705631267635, 19.820961251928246 ], [ -98.992807162573172, 19.821482542876058 ], [ -98.993331766527774, 19.821725196408359 ], [ -98.99501648346849, 19.82249549466038 ], [ -98.995716204136031, 19.822844109322219 ], [ -98.996688428191902, 19.82333210988239 ], [ -98.997660659198971, 19.823820106256459 ], [ -99.000200100576563, 19.824950575180253 ], [ -99.008200723128411, 19.828402059260583 ], [ -99.008287970235941, 19.828530809244075 ], [ -99.002170926059122, 19.832137057340589 ], [ -99.002109400608603, 19.83218954123317 ], [ -99.002019121832191, 19.832498420694357 ], [ -99.000054689391078, 19.833332420382678 ], [ -99.000151711673979, 19.834179182886832 ], [ -99.001004487893113, 19.835446699925157 ], [ -99.001205371611178, 19.83575279631339 ], [ -99.001311471359145, 19.835000262649753 ], [ -99.008323923118084, 19.846935046830936 ], [ -99.009644772668523, 19.849186272550117 ], [ -99.010308209739051, 19.8503227252668 ], [ -99.010471745990188, 19.850385411985229 ], [ -99.010445403523505, 19.850557733401381 ], [ -99.010672666137737, 19.850947020319659 ], [ -99.011344298230853, 19.852092659798828 ], [ -99.011941364838506, 19.853065973101316 ], [ -99.012305560570496, 19.853732542969418 ], [ -99.01561794560287, 19.859386346698372 ], [ -99.017031789619139, 19.859703310026273 ], [ -99.016830487898105, 19.861452562859363 ], [ -99.018674808963965, 19.86186337746182 ], [ -99.018416719733622, 19.863680220466659 ], [ -99.020391208739454, 19.864106764451368 ], [ -99.02017378564571, 19.865862562121791 ], [ -99.020042297907324, 19.866803398800336 ], [ -99.020581157865251, 19.867682656564998 ], [ -99.006119027470049, 19.874024152325958 ], [ -99.000166018969693, 19.876662827496457 ], [ -98.998838799660533, 19.87726942467453 ], [ -98.993391278119645, 19.879638458995053 ], [ -98.991254089762151, 19.880580094351931 ], [ -98.98922473985246, 19.881443516682634 ], [ -98.98801288020195, 19.881979044962822 ], [ -98.979156494140639, 19.865444183349599 ] ] ] ] } }
]
}
